code,product_name,brands,categories_tags,countries_tags,packaging_tags,stores,purchase_places,nutriscore_grade,nova_group,ecoscore_grade,ingredients_text,nutriments.sugars_100g,nutriments.energy-kcal_100g
0024622511676,"Pepe's, Fantastico Chicharrones",Rudolph Foods Company  Inc.,,united-states,,,,unknown,,unknown,"Pork fat with attached skin, salt.",,571.0
0035266007265,"Tastee, White Pretzel Wonder Fantasy",Tastee Apple  Inc.,"plant-based-foods-and-beverages, plant-based-foods, fruits-and-vegetables-based-foods",united-states,,,,d,4.0,unknown,"Apple, caramel (corn syrup, sugar, condensed milk (milk, sucrose), hydrogenated palm oil, evaporated milk (disodium phosphate, carrageenan), soy flour, lecithin, monodiglyceride, vanillin and salt), chocolate coating (sugar, partially hydrogenated vegetable oil [palm kernel and or palm and/or cottonseed], skim milk powder, cocoa, vanilla, sorbitan tristearate [an emulsifier], soy lecithin [an emulsifier] and salt), pretzels (wheat flour, vital wheat gluten, salt, corn syrup, vegetable oil [may contain one or more of the following: corn, canola, cottonseed, soybean), sodium bicarbonate, yeast).",28.57,232.0
0041321016141,Fantastico light cheese dressing,Bernstein's,"condiments, sauces, salad-dressings, groceries",united-states,,,,d,4.0,,"Water, distilled vinegar, soybean oil, salt, maltodextrin, parmesan cheese (pasteurized part skim milk, cheese cultures, salt, enzymes), romano cheese (pasteurized part skim milk, salt, cheese cultures, enzymes), contains less than 2% of sugar, food starch-modified, onion*, cheese* (cultured pasteurized milk, salt, enzymes), granular and provolone cheese (pasteurized milk, cheese cultures, salt, enzymes), malted barley extract and corn grits, spices, garlic*, natural flavors (includes soybean), buttermilk solids, sorbic acid, sodium benzoate (a preservative), carrot*, pectin, lactic acid, xanthan gum, monosodium glutamate, milk solids, disodium phosphate, paprika, disodium inosinate and disodium guanylate, whey, calcium disodium edta added to protect flavor.",3.23,80.65
0041497131815,Oriental Fantasy Mix,"Weis,  Weis Markets  Inc.",undefined,united-states,,,,d,3.0,,"ROASTED & SALTED (ALMONDS, SPANISH PEANUTS, CASHEWS, SOY NUTS), ROASTED NO SALT (PUMPKIN SEEDS SHELLED), CORN NUTS, FRIED & SALTED PEAS (SALT, GREEN PEAS), SOYBEANS, CORN, GLUTINOUS RICE, SOY SAUCE (WATER, SOY BEAN, WHEAT, SEA SALT), SUGAR, STARCH, CHILI,",12.7,1950.0
0049000014235,Orange Soda,Fanta,"beverages-and-beverages-preparations, plant-based-foods-and-beverages, beverages, plant-based-beverages, carbonated-drinks, fruit-based-beverages, sodas, fruit-sodas, orange-soft-drinks, sweetened-beverages, refrescos","france, spain, united-states","60-ca-sodium-55mg-total-carb-44g-total-sugars-43g-incl-43g-added-sugars-86-protein-og-smartlobel-please-recycle-2-16-ⓒ2021-the-coca-cola-company-www-fanta-com-water, atlanta, ga-30313-by-a-member-of-the-coca-cola-bottlers-association, ga-30327, high-fruct-citric-acid, scan-here-for-more-food-information-or-call-1-800-438-2653-155-0003-03131oow-63153-10uboate-sahasonda70d-shorts-tunive-lo-00067, sodium-benzoate-t-carbonated-not-a-significant-source-of-sat-fat, cholest, fiber, iron-and-potas-canned-under-authority-of-the-coca-cola-compa-atlanta, trans-fat, vit-d-calcium",,,e,4.0,,"CARBONATED WATER, HIGH FRUCTOSE CORN SYRUP, CITRIC ACID, NATURAL FLAVORS, SODIUM BENZOATE, MODIFIED FOOD STARCH, GLYCEROL ESTER OF ROSIN, YELLOW 6, RED 40.",,
0049000014242,Fanta grape,Fanta,"beverages-and-beverages-preparations, plant-based-foods-and-beverages, beverages, plant-based-beverages, carbonated-drinks, fruit-based-beverages, sodas, fruit-sodas, sweetened-beverages","france, germany, spain",,,,e,4.0,,"CARBONATED WATER, HIGH FRUCTOSE CORN SYRUP, NATURAL FLAVORS, TARTARIC ACID, POTASSIUM SORBATE AND SODIUM BENZOATE (TO PROTECT TASTE), CITRIC ACID, RED 40, BLUE 1.",,
0049000014266,Fanta Strawberry,Fanta,"beverages-and-beverages-preparations, plant-based-foods-and-beverages, beverages, plant-based-beverages, carbonated-drinks, fruit-based-beverages, sodas, fruit-sodas, sweetened-beverages","france, germany, switzerland",,,,e,4.0,,"CARBONATED WATER, HIGH FRUCTOSE CORN SYRUP, NATURAL FLAVORS, CITRIC ACID, SODIUM BENZOATE (TO PROTECT TASTE), RED 40.",,
0049000014273,Fanta Pineapple,Fanta,"beverages-and-beverages-preparations, plant-based-foods-and-beverages, beverages, plant-based-beverages, carbonated-drinks, fruit-based-beverages, sodas, fruit-sodas, sweetened-beverages","france, spain",,,,e,4.0,,"CARBONATED WATER, HIGH FRUCTOSE CORN SYRUP, LESS THAN 2%, CITRE AC. FLAYORS, MODIFIED FOOD STARCH, POTASSIUM SORBATE AND SODIUM BENZDATE CTO PROTECT TASTE), SODIUM CITRATE, MEDIUM CHAIN TRIGLYCEDIDES, SALT, SODIUM ALGINATE, MONOAMMONIUM POISPHATE, YELLOW 5",,
0049000019162,Fanta orange,Fanta,"beverages-and-beverages-preparations, plant-based-foods-and-beverages, beverages, plant-based-beverages, carbonated-drinks, fruit-based-beverages, sodas, fruit-sodas, orange-soft-drinks",france,,,,e,4.0,,"CARBONATED WATER, HIGH FRUCTOSE CORN SYRUP, CITRIC ACID, NATURAL FLAVORS, SODIUM BENZOATE, MODIFIED FOOD STARCH, GLYCEROL ESTER OF ROSIN, YELLOW 6, RED 40",,
0049000028898,Fanta Apple,Fanta,"plant-based-foods-and-beverages, beverages, plant-based-beverages, carbonated-drinks, fruit-based-beverages, sodas, fruit-sodas",france,,,,e,4.0,,"Eau gazeifiée, isoglicose, arôines naturels, régulateurs d'acice E330-E296-E331, colorant E150, conservateurs E202-E211 Contient des OGM. Déciaration nutrilionnelle (pour 100nl): énergie",,
0049000033755,Fruit Punch,Fanta,"beverages-and-beverages-preparations, plant-based-foods-and-beverages, beverages, plant-based-beverages, carbonated-drinks, fruit-based-beverages, sodas, fruit-sodas, orange-soft-drinks",france,,,,e,4.0,,"carbonated water, fructose corn syrup, citric acid, natural flavor, potassium sorbate and sodium benzoate, acacia gum, red 40",,
0049000033939,Fanta Peach,Fanta,"beverages, carbonated-drinks, sodas",france,,,,e,4.0,,"Carbonated water, high fructose corn syrup, citric acid, natural flavors, sodium benzoate (to protect taste), yellow 6, red 40",,
0049000048674,Fanta Toronja Grapefruit,Fanta,"beverages, carbonated-drinks, sodas","france, spain",,,,e,,,,,
0049000050240,Fanta Grape Flavored Soda,Fanta,,france,,,,unknown,,,,,
0049000064810,Fanta Cherry,Fanta,beverages,france,,,,e,,,,,
0049000066975,Fanta Mangue,Fanta,beverages,france,,,,e,4.0,,"CARBONATED WATER, HIGH FRUCTOSE CORN SYRUP, NATURAL FLAVORS, CITRIC ACID, POTASSIUM SORBATE (TO PROTECT TASTE), MALIC ACID, ACACIA SODIUM BENZOATE (TO PROTECT TASTE), YELLOW 6. CAUNED UNDER AUTHORITY OF THE COCA-COLA COMPANY. ATLANTA, GA 30313 BY A OF THE COCA-COLA BOTTUERS' ASSOCIATION. ATLANTA, GA 30327. tow SODIUM",,
0049000067729,Fanta Berry,Fanta,"beverages-and-beverages-preparations, beverages, carbonated-drinks, sodas, sweetened-beverages","bolivia, france, norway, spain, united-states",lata,Funso,"Lille,France",e,4.0,,"CARBONATED WATER, HIGH FRUCTOSE CORN SYRUP, NATURAL FLAVORS, CITRIC ACID, SODIUM CITRATE, MALIC ACID, POTASSIUM SORBATE, SODIUM BENZOATE (TO PROTECT TASTE), BLUE 1.",,
0068932401296,Mélasse qualité fantaisie,Grandma,"sweeteners, syrups, simple-syrups, molasses",canada,,,,d,,,"MÉLASSE QUALITÉ FANTAISIE, LA MÉLASSE DE QUALITÉ FANTAISIE EST FABRIQUÉE DE CANNE À SUCRE À 100 %, IMPORTED BY/IMPORTÉ PAR LES PRODUITS ALIMENTAIRES GRANDMA LTÉE C,P,/PO BOX 2240, SAINT JOHN, NB CANADA E2L 3V4 40129 wwww",,
00621151,Guimauves fantaisie roses et blanches,M&S,"snacks, sweet-snacks, confectioneries, candies, marshmallows","france, united-kingdom",,Marks & Spencer,,e,4.0,,"Sirop de fructose-glucose • : Sucre Eau • Gélatine de porc • Fécule de . maïs • Arôme vanille Colorant : Rouge de betterave. CONSERVATION À consommer : de préférence avant fin : voir au dos de : l'emballage. Conserver dans un endroit frais et sec, à l'abri de la lumière et des odeurs.",,
0088009150612,Fanta saveur orange,"BRASSERIE DE TAHITI (sous license), COCA COLA INTERNATIONAL","plant-based-foods-and-beverages, beverages, plant-based-beverages, carbonated-drinks, fruit-based-beverages, sodas, fruit-sodas, orange-soft-drinks, sweetened-beverages",france,bouteille-plastique,HYPER U,"polynésie francaise,arue,papeete",e,4.0,,"Eau gazéifiée, sucre, acidifiant : (E330, E331), conservateur : (E202), antioxydant : (E300), colorants.",,
0088009150636,Fanta saveur orange,Fanta,,france,,,,unknown,,,,,
0088009290639,Framboise,Fanta,"beverages, carbonated-drinks, sodas, sweetened-beverages, sodas-a-la-framboise",france,,,,unknown,4.0,,"Eau gazéifiée, sucre, acidifiant (E330) arôme, conservateur (E211), colorant (E122)",,
0088009900040,Fanta pasteque,Fanta,"beverages, sweetened-beverages",france,,,,e,,,"SEBOURÈSFRA/S RAFRAICHISSANTE À LA : EAU GAZÉIFIÉE. SUCRE. ACIDIFIANT CONSERVATEUR (E202). COLORANTS EIE). PRODUIT PAR BRASSERIE OE TAHITI S.A.. B.P. 597, PAPEETE, TAHITI 40.46.76.00) AVEC CAUTORISATION PROPRIÉTAIRE OE LA MARQUE DÉPOSÉE TANIA'. OE PREFÉRERCE LE : IA À CHALEUR. UN SEC ODEUR. NE PAS AGITER. COCA.COtA COMPANY",,
0481290024608,"Truffle Fantaisie Cacao Powdered Truffles, Plain",Alaus Mathez Chocolatier,,united-states,,,,unknown,4.0,unknown,"Vegetable fats (coconut, palm kernel), sugar, fat reduced cocoa powder, whey powder, cocoa powder, emulsifier: soya lecithins.",42.5,575.0
0651433632001,Fantasy Sour Belts,D.S.D. Merchandisers  Inc.,"snacks, sweet-snacks, confectioneries",united-states,plastic-bowl,,,d,4.0,unknown,"Glucose syrup, sugar, wheat flour, modified corn starch, malic acid, lactose, palm fat, citric acid, lactic acid, sodium lactate, trisodium citrate, salt, mono and diglycerides, artificial flavor, glycerin, color: fd&c blue no. 1, fd&c yellow no.5, fd&c red no. 40, titanium dioxide.",46.88,344.0
06743309,Fanta orange,Fanta,,france,,,,unknown,,,,,
0691355880067,Fantastic Classic Lollipops,Hammond's,"snacks, sweet-snacks, confectioneries",united-states,,,,e,4.0,unknown,"Sugar, corn syrup, citric acid, natural & artificial flavor, artificial colors (blue 1, red 3, red 40, yellow 5)",66.67,333.0
2000000003786,Fanta Orange,"Fanta, Mcdonald's, The Coca Cola Company","plant-based-foods-and-beverages, beverages, plant-based-beverages, carbonated-drinks, fruit-based-beverages, sodas, sweetened-beverages",france,"cardboard, tumbler",McDonald's,"Paris,France",e,,,,,
2000000035422,Chocolat noir fourrage à la truffe fantaisie et aux éclats de fèves de cacao torréfiés et caramélisés,Casino,tablette-de-chocolat,,cartonnage,"Vival, Casino",85220 l'Aiguillon sur vie  France,e,4.0,unknown,"Chocolat noir 52% (sucre - pâte de cacao - beurre de cacao - matière grasse de lait anhydre - émulsifiant : llécithine de tournesol - arôme naturel de vanille) - fourrage 48% [ graisses végétales de palme et palmiste - sucre - cacao maigre en poudre - éclat de fèves de cacao  torréfiés caramélisés 5% ( éclats de fèves de cacao - sucre ) - pâte de noisettes - lactosérum en poudre - pâte de cacao - beurre de cacao - arômes - matière grasse de lait anhydre - émulsifiant : lécithine de tournesol] * Exprimé sur le fourrage
Traces d'autres fruits à coque, gluten et oeufs 
Cacao 49 % minimum dans le chocolat",35.0,574.0
2000000045034,Vahiné multi déco fantasy,Vahiné,"snacks, sweet-snacks, confectioneries",france,jar,Simply market,Paris,unknown,4.0,,"Sucre
Colorants
Concentres
Huile
CacaoE621
Lait
Farine.
E921.E471.
Aromes",,
20081478,Belgix Fantasia Wafels   Gaufres Fantasia,Lidl,,france,,LIDL,,unknown,4.0,,"35,7% farine de blé, 16% nappage Energie/E cacao (sucre, graisses végétales (palme, coco), 14,1% cacao maigre en poudre, stabilisant: tristéarate de sorbitane; émulsifiant: lecithines (soja), arôme naturel de vanille), sucre, préparation de graisses végétales (graisse de palme, huile de colza, eau, émulsifiants: lecithines (soja), mono - et diglycerides d'acides gras*; sel, correcteur d'acidité: acide citrique; arômes naturels, colorant: caroténoïdes), huile de colza, cuf**, sirop de sucre inverti, farine de soja, humectant: glycérol; stabilisant sorbitols; poudre à lever: carbonates d'ammonium; sel, émulsifiant: lécithines (soja), arôme. *d'origine végétale. **issu de poules élevées au sol. Peut contenir des traces de lait.",,
20284299,Fantail Prawns,"OceanSea,Tesco","seafood, crustaceans, shrimps, prawns",united-kingdom,"tray, plastic-tray, sleeve-board","Lidl,Tesco","Barnet,London,UK",c,3.0,,"Prawns 95% (_crustaceans_), salt, lactic acid, acetic acid",,
20431525,Truffes fantaisie,Favorina,"snacks, sweet-snacks, cocoa-and-its-products, confectioneries, chocolate-candies, bonbons, chocolate-truffles",france,"plastic, cardboard, boite-carton-a-recycler, point-vert, sachet-plastique-a-jeter, triman",LIDL,"Lyon,France",e,4.0,,"Graisses végétales (palmiste, palme), sucre, cacao maigre en poudre 14 %, _lactosérum_ en poudre, beurre de cacao, arôme.",,
20519346,Fantastic mix,,,france,,,,unknown,,,,,
20681630,Truffes fantaisie,Favorina,,france,,Lidl,,unknown,,,Truffes fantaisie a',,
2080750160054,Sucette Guimauve Fantaisie,Disneyland,"snacks, sweet-snacks, confectioneries, specific-products, candies, licensed-products, lollipops, marshmallows",france,,,,e,4.0,,"Sirop de glucose-fructose, sucre, gélatine, eau, humectant : E420, arôme amidon, colorants : E120, E133.",,
2080750170015,Guimauve fantaisie,Disneyland Paris,"snacks, sweet-snacks, confectioneries, candies, marshmallows",france,,,,e,4.0,,"Sirop de glucose, sucre, noix de coco séchée (20%), eau, stabilisant (sorbitol), gélatine, arôme, colorant : carmins.",,
20840655,Truffes fantaisies,favorina,"snacks, sweet-snacks, cocoa-and-its-products, confectioneries, chocolate-candies, bonbons, chocolate-truffles","france, spain",,,,e,4.0,,"graisses végétales non hydrogénées (palme/palmiste), sucre, cacao maigre, lactosérum, éclats de fèves de cacao grillés (5%), poudre de cacao (1%), émulsifiant :lécithine de soja, arôme naturel de vanille. Peut contenir des traces éventuelles de blé, d'arachides et de fruits à coque.",,
20840754,Truffes fantaisie aux éclats de caramel Dupont d'Isigny,Favorina,"snacks, sweet-snacks, cocoa-and-its-products, confectioneries, chocolate-candies, bonbons, chocolate-truffles",france,"plastic, cardboard",,,e,4.0,,"Graisses végétales (palmiste, palme), sucre, cacao maigre en poudre 13 %, _lactosérum_ en poudre, éclats de caramel 3,9 % (sucre, sirop de glucose, _crème_ fraîche, _lait_ écrémé en poudre, sel, dextrose, arôme naturel de vanille), arômes, beurre de cacao.",,
20929084,Truffes fantaisie bio,Favorina,"snacks, sweet-snacks, cocoa-and-its-products, confectioneries, chocolate-candies, bonbons, chocolate-truffles",france,,Lidl,,e,4.0,,"Masse de cacao, graisse végétale (coprah), sucre de cacao, 1 % poudre de cacao, émulsifiant : lécithines (soja).",,
2600687021329,Guinauve fantaisie et caramel,Grand Frais,,france,,,,unknown,,,,,
2600687042973,Guimauve fantaisie et caramel,Cricks,,france,,,,unknown,4.0,,"CRICKS - Guimauve fantaisie et caramel enrobés de chocolat au lait aux céréales croustillantes. Ingrédients: caramel 23,8 % (sirop de glucose, graisse végétale (palme), LAIT entier concentré sucré, sucre, dextrose, émulsifiants: lécithine de tournesol - E471, sel) sirop de glucose-fructose, sucre, beurre de cacao, céréales croustillantes 6% (riz, AVOINE, farine de BLE, sirop de malt d’ORGE et/ou de BLÉ, sucré, LACTOSÉRUM, sel, dextrose), poudre de LAIT entier 4,5%, pâte de cacao. graisses végétales (palma, palmiste, karité), LACTOSERUM, gélatine, cacao maigre en poudre. émulsifiant : lécithine de tournesol, arôme. Chocolat au lait : cacao : 25% minimum. Traces possibles de soja",,
2600687043888,Guimauve fantaisie,Cricks,,france,,,,unknown,4.0,,"caramel 23,8% (sirop de glucose, graisse végétale (palme), _LAIT_ entier concentre sucré, sucre, dextrose, émulsifiants: lécithine de tournesol - E471, sel) sirop de glucose-fructose sucre, beurre de cacao, céréales croustillantes (riz, _AVOINE_, farine de _BLE_, sirop de malt d'_orge_ sucre, _LACTOSERUM_, sel, poudre de _LAIT_ entier 4,5%, pâte de cacao, graisses végétales (palme, palmiste, karité), _LACTOSERUM_, gélatine, cacao maigre en poudre, émulsifiant'. lécithine de tournesol. arômes. 

Chocolat au lait : cacao : 25% minimum",,
2608104013384,Guimauve fantaisie enrobée de chocolat au lait,Epiceries d’ici et d’ailleurs,,france,,,,unknown,4.0,,"sirop de glucose-fructose au lait 30% (sucre, beurre de cacao, pâte de cacao, LAIT entier en poudre, émulsifiant: lécithines de SOJA, arôme), sirop de glucose, sucre, gélatine, arôme, 25% minimum Chocolat au lait . cacao Trace possible de gluten. Fabriqué en France.",,
26019468,Farfalles fantaisie à la spiruline betterave et paprika,,,france,,,,unknown,,,,,
26034157,Oursons guimauves fantaisies,Petit Furet,"snacks, sweet-snacks, cocoa-and-its-products, confectioneries, chocolate-candies, marshmallows-coated-with-chocolate",france,,,,e,4.0,,"sirop de glucose-fructose, sucre, eau, beurre de cacao, poudre de lait entier, pâte de cacao, gélatine de porc, lactosérum en poudre, émulsifiant:lécithine de tournesol, arômes",,
26034546,assortiment de chocolat et de confiserie fantaisie,,,france,,,,unknown,,,,,
26038605,Fantastick' Bille goût Caramel,Petit Furet,"snacks, sweet-snacks, confectioneries, candies",france,"plastic, bag",,,e,4.0,,"Sucre, sirop de glucose, _lait_ entier concentré sucré, graisse végétale totalement hydrogénée (coprah), sel, dextrose, arôme, stabilisant : gomme arabique, émulsifiant: mono - et glycérides d'acide gras (palme, palmiste, colza).",,
26039237,Flocons Meringues Fantaisie,"Confiserie Gida, Gida","snacks, sweet-snacks, confectioneries, candies, candy-meringues",france,"plastic, bag",,France,e,,,,,
26039374,Fermettes Meringuettes Fantaisie,"Confiserie Gida, Gida","snacks, sweet-snacks, confectioneries, candies, candy-meringues",france,"plastic, bag",,France,e,4.0,,"Sucre, sirop de glucose, gélifiant: gélatine (porc ou bœuf), acidifiant: acide citrique, arômes naturels, colorants : E141, E162.",,
26040769,Truffes fantaisie,ISAURA,"snacks, sweet-snacks, cocoa-and-its-products, confectioneries, chocolate-candies, bonbons, chocolate-truffles, chocolat-truffes",france,cardboard,ALDI,France,e,4.0,,"graisses végétales (palmiste, palme), sucre, cacao maigre en poudre, lactosérum en poudre, éclats de caramel 3,9% (sucre, sirop de glucose, crème fraîche, poudre de lait écrémé, sel, dextrose, arôme), arômes, beurre de cacao",,
27033111,Fantaisie au Cacao Maigre,Moreno,"beverages, sweetened-beverages","belgium, france",,,,e,4.0,,"sucre, dextrose 20,506 cacao fortement dégraissé en poudre 20%, émulsifiant: lécithines (tournesol), sel, Peut contenir des traces de lait et de soja, Boisson de cacao délicieuse, idéale pour toute la famille,",,
27068755,Fantasia,,,france,,,,unknown,,,,,
29051083,Holzofen Pizza Original Italiana Fantasia,"Mama Mancini, Roncadin","meals, pizzas-pies-and-quiches, pizzas",germany,"cardboard, paperboard","Aldi,Aldi Nord","Nordrhein Westfalen,Deutschland",c,4.0,,"_Weizenmehl_, geräucherter Provolone (15%) (_Kuhmilch_, Salz, Lab, Rauch), Tomatenpüree, Wasser, Mozarella (7,5%) (_Kuhmilch_, Salz, Lab, Starterkulturen), gegrillte Auberginenscheiben (7,5%), gegrillte (7,5%), gegrillte Zucchini (6,2%), Broccoli (3,7%), Spargel (2%), Olivenöl, Salz, Dextrose, _Weizenmalzmehl_, Hefe, Oregano",,
3015496414344,Truffes fantaisie,Jacquot,fats,france,,,,e,4.0,,". North 4442 - New Zealand. FR - Truffes fantaisie aromatisées au : %iedvents : graisses végétales (palme, palmiste, coprah), sucre, cacao maigre poudre (1696), lactose, poudre de lait entier, arôme naturel de café, émulsifiant : lécithine de tournesol. Peut contenir des traces de gluten et de fruits à coque. A conserver à l'abri de l'humidité et de la chaleur (18 C à 200C). PT - Trufas fantasia",,
3015497056161,Tender Heart truffes fantaisie,Jacquot,,france,,,,unknown,,,"EN - FANCY TRUFFLES : fats (palm,palm kernei, Iowfatcocoa Informatirnsnutlitionnel)es powder 17 h, lactoset emulsifier : sunflower lecithin, vanilla flavouring. May contain traces of gluten and Inergìe nuts. Keep in a cool and dry place (18 C to 2000. / Matières grasses Imported by UNIVERSAL CAN DY, Unit 8, 22 Beaumont Road,MtKuring-GaiNSW2080, AUSTRALIA. Imported OfWhich saturates/",,
3038350259882,Pâtes panzani fantaisies farfalle 500g x 2 offre economique,Panzani,,france,,,,unknown,,,100 0% semoule de blé dur de qualité supérieure. Sile numéro de lot contient la lettre N : peut contenir de l'œuf. DLASTIQUE,,
3038350263889,Pâtes panzani fantaisies penne 500g x 2 offre economique,Panzani,,france,,,,unknown,,,,,
3038356859802,Fantaisie farfalle,Panzani,,france,,,,unknown,,,100 0% semoule de blé dur de qualité supérieure. si le numéro de lot contient ta lettre N . peut contenir de l'œuf. FILM PLASTIQUE FNSEMBLE,,
3102621001491,Nougat fantaisie pistache,Le Roy René,"snacks, sweet-snacks, confectioneries, nougats",france,,,,e,,,,,
3102621001637,Nougat Fantaisie du Roy René Framboise,Confiserie du Roy René,"snacks, sweet-snacks, confectioneries, nougats",france,"plastic, cardboard",,"Aix-en-Provence,France",e,4.0,,"Sucre, sirop de glucose, _amandes_ (20 %), pâte à la framboise 11 % (purée concentré de framboise (57 %), sirop de fructose-glucose, humectant : glycérol, sirop de glucose, purée concentrée de pomme, sucre, matière grasse végétale (huile de palme), jus concentré de sureau, régulateur d'acidité : acide malique, arôme, émulsifiant : lécithine de tournesol), pépites à la framboise (9 %) (purée de framboise 35 %, sucre, pomme, fibres d'ananas, colorant E163, correcteur d'acidité E330, gélifiant E401, stabilisant E341, arôme), blanc d'_œuf_, pain azyme (fécule de pomme de terre, huile de tournesol), miel de lavande maritime, colorant : E120.",,
3102621001644,Nougat Fantaisie du Roy René Pistache,Confiserie du Roy René,"snacks, sweet-snacks, confectioneries, nougats",france,"plastic, box, cardboard",,"Aix-en-Provence,France",d,4.0,,"Sucre, sirop de glucose, _amandes_ (19 %), miel de lavande maritime (12 %), _pistaches_ (11 %), blanc d'_œuf_, pain azyme (fécule de pomme de terre, huile de tournesol), colorant : denrée alimentaire colorante (concentré de carthame et d'algues), arôme _pistache_.",,
3102621006052,Nougat blanc et fantaisie,Le Roy René,,france,,,,unknown,,,,,
3103220006009,Chamallows au goût fraîcheur - Confiserie guimauve fantaisie,Haribo,"snacks, sweet-snacks, confectioneries, candies, marshmallows",france,"plastic, bag",,,e,4.0,,"Sirop de glucose ; sucre ; eau ; gélatine ; humectant : sirop de sorbitol ; maltodextrine ; amidon ; acidifiant : acide citrique ; arôme, colorants : curcumine, carmins.",,
3103220006023,Chamallow l'original - Confiserie guimauve fantaisie,Haribo,"snacks, sweet-snacks, confectioneries, candies, marshmallows",france,,,,e,4.0,,"sirop de glucose, sucre, eau, gélatine, humectant: sirop de sorbitol, maltodextrine, amidon, acidifiant: acide F citrique, arome, colorant: carmins,",,
3103220009413,Coccodri - Confiserie gélifiée fantaisie,Haribo,"snacks, sweet-snacks, confectioneries, candies, gummi-candies, gummy-crocodiles","france, saint-pierre-and-miquelon",sachet-cellophane,,,unknown,4.0,,"Sirop de glucose, sucre, dextrose, gélatine, acidifiant : acide citrique, concentrés de fruits et de plantes (pomme, kiwi, épinard, ortie), extrait de fruit (caroube), sirop de sucre inverti, arômes, colorants : carmins, lutéine, agents d'enrobage : cire d'abeille, cire de carnauba.",,
3103220009512,Chamallows confiserie guimauve fantaisie,Haribo,"snacks, sweet-snacks, confectioneries, candies, marshmallows",france,"plastic, bag, pack, sachet-plastique","Super U,Magasins U","Marseille 5°,France",e,4.0,,"sirop de glucose, sucre, eau, gélatine, humectant : sirop de sorbitol, maltodextrine, amidon, acidifiant : acide citrique, arôme, colorant : carmins.",,
3103220024126,Confiserie fantaisie au goût pomme,Haribo,"snacks, sweet-snacks, confectioneries, candies, gummi-candies",france,"plastic, box",,France,e,4.0,,"Sucre, sirop de glucose, amidon de maïs, dextrose, humectant : sirop de sorbitol, farine de blé, acidifiants : acide citrique, acide malique, agent d'enrobage : cire de carnauba, émulsifiants : mono - et diglycérides d'acides gras, arômes, colorants : curcumine, complexes cuivre-chlorophyllines",,
3103220025291,Chamallows - Viva Samba ! - Confiserie guimauve fantaisie,Haribo,"snacks, sweet-snacks, confectioneries, candies, marshmallows",france,plastic,,France,e,4.0,,"sucre, sirop de glucose, gélatine, humectant : sirop de sorbitol, maltodextrine, amidon, acidifiants : acide citrique, acide malique, correcteurs d'acidité : citrates de calcium, malates de sodium, agent d'enrobage : cire de carnauba, arôme, concentré de fruits et plantes : carthame, citron, sirop de sucre inverti, colorants : curcumine, bleu patenté V.",,
3103220031544,Safari Mix - Confiserie gélifiée fantaisie,Haribo,"snacks, sweet-snacks, confectioneries, candies, gummi-candies",france,"plastic, bag",LIDL,France,e,4.0,,"Sirop de glucose; sucre; dextrose; gélatine; acidifiant: acide citrique; concentrés de fruits et de plantes: carthame, spiruline, pomme; sirop de sucre inverti; arôme; colorants: carmins, lutéine; agents d'enrobage: cire d'abeille blanche et jaune, cire de carnauba.",,
3103220039472,Happy Cola - Confiserie gélifiée fantaisie,Haribo,"snacks, sweet-snacks, confectioneries, candies, gummi-candies",france,"plastic, bag",,,e,4.0,,"Sirop de glucose; sucre; dextrose; gélatine; acidifiant : acide citrique; arôme; correcteur d'acidité: citrate trisodique; sirop de caramel; stabilisant: carraghénane; agents d'enrobage: cire d'abeille blanche et jaune, cire de carnauba.",,
3103220039670,Miami Pik Confiserie fantaisie acidifiée,Haribo,"snacks, sweet-snacks, confectioneries, candies, gummi-candies, acid-gummy-candies",france,plastic,,,e,4.0,,"Sucre, sirop de glucose ; amidon de maïs ; humectant : sirop de sorbitol ; farine de blé ; eau ; acidifiants : acide citrique, acide malique ; correcteurs d'acidité : citrate tricalcique, malate acide de sodium ; agent d'enrobage : cire de carnauba ; émulsifiant : mono - et diglycérides d'acides gras ; arôme ; concentrés de fruit et de planges : cassis, baie de sureau, aronie ; extrait de baie de sureau; colorants : curcumine bleu patenté V.",,
3162140000030,Cornet Meringues Fantaisie Noël,Lidl,"snacks, sweet-snacks, confectioneries, candies, candy-meringues",france,"plastic, bag",Lidl,,e,4.0,,"Sucre, sirop de glucose, eau, gélatine, arômes, colorants naturels : E100,E120, E150a(ii),",,
3173286510345,MACADAMIA Truffes fantaisie,Jacquot,,france,,,,unknown,,,,,
3173286630050,Truffes fantaisie,"Cémoi, DIPA, Jacquot","snacks, sweet-snacks, cocoa-and-its-products, confectioneries, chocolate-candies, bonbons, chocolate-truffles",france,"box, cardboard",Cora,"Courrières,France",e,4.0,,"Graisses végétales (palme, palmiste, coprah), sucre, cacao maigre en poudre, lactose, émulsifiants : lécithine, arôme.",,
3173286630135,Truffes fantaisie,Jacquot,"snacks, sweet-snacks, cocoa-and-its-products, confectioneries, chocolate-candies, bonbons, chocolate-truffles",france,,,,e,4.0,,"graisses végétales (palme, palmiste), sucre, cacao maigre en poudre, lactose, émulsifiant lécithine, arôme, Peut contenir des traces de gluten et de fruits à coque,",,
3173287173488,Truffes fantaisie,Cemoi,"snacks, sweet-snacks, cocoa-and-its-products, confectioneries, chocolate-candies, bonbons, chocolate-truffles","france, morocco",,,,e,,,"Truffe', fantaisie aux écorces d'orange : (palme, (Oi)tah), sucre, cacao re en d'orange, sucre, dextrose huile essenttelie d$ovanqe, bea:re de tlact%",,
3173287288083,Truffes fantaisie ,Cemoi,,france,,,,unknown,,,,,
3173287289806,Trufles Fantaisie CocoA,Cemoi,"snacks, sweet-snacks, cocoa-and-its-products, confectioneries, chocolate-candies, bonbons, chocolate-truffles","france, morocco",,Magasin Cemoi,,e,4.0,,"Vegetable fats (palm, palm kernel, ES - coconut), sugar, low fat cocoa powder (14%), whey powder, cocoa butter, palmis flavouring. May contain traces of gluten and nuts. Keep in a cool and suero dry place (18°C to 20°C). Imported by UNIVERSAL CANDY, Unit 8, 22 trazas Beaumont Road, Mt Kuring-Gai NSW 2080, AUSTRALIA. Imported by DKSH del cale New Zealand Limited - 97 Walkers Road, Longburn, Private Bag 11047 - Palmerston North 4442 - New Zealand. FR - TRUFFES FANTAISIE - Ingrédients: graisses végétales (palme, palmiste, coprah), sucre, cacao maigre en poudre (14%), lactosérum en poudre, beurre de cacao, arôme. Peut contenir des traces et de fruits à coque.",,
3173287427345,Cœur guimauve fantaisie enrobées de chocolat au lait,Cémoi,"snacks, sweet-snacks, cocoa-and-its-products, confectioneries, chocolate-candies, bonbons",france,"metal, box, cardboard",,,e,4.0,,"Sirop de glucose-fructose, sucre, eau, beurre de cacao, poudre de _lait_ entier, pâte de cacao, gélatine, _lactosérum_ en poudre, émulsifiant : lécithine de tournesol, arômes.",,
3173289200823,Guimauves fantaisies,DIPA,"snacks, sweet-snacks, cocoa-and-its-products, confectioneries, chocolate-candies, marshmallows-coated-with-chocolate",france,,,,e,,,,,
3179142054527,Multi-Déco fantasy,Vahiné,"sweeteners, food-decorations, sugars, decorations-alimentaires","belgium, france",,"Magasins U,Delhaize,carrefour.fr",,e,4.0,,"lles de confiserle cl e. colorants: rouge d okza, agents denrobage de: Sucre, farine dHa e rouge concentré, co e, amidon de blé et de ts: carmins, carmin di dre d'abelle blanche./ nt: gomme adragante 0oghagels: Suiker, ma etenrood, karmijn, papr abische gom. Kan tarwe",,
3179148905984,Multi-deco fantasy,"McCormick, Vahiné","snacks, sweet-snacks, confectioneries, food-decorations",france,"glass, vial",Leclerc,"France,Nantes",e,4.0,,"Décor de confiserie coloré : Sucre, colorant : dioxyde de titane, agent d'enrobage : shellac, concentrés de fruits et légumes (pomme, cassis, radis), sirop de sucre inverti, huile de noix de coco.
Papillons de confiserie : Sucre, farine de riz, beurre de cacao, épaississant : gomme adragante, jus de betterave rouge concentré, colorant : anthocyanes, arôme.
Perles de confiserie 3 couleurs : Sucre, amidon de _blé_ et de maïs, sirop de glucose, jus de betterave rouge concentré, colorants : carmins, carmin d'indigo, huile de noix de coco, agent d'enrobage : cire d'abeille.
Cœurs de confiserie: Sucre, farine de riz, beurre de cacao, épaississant : gomme adragante, colorant naturel : carmins, arôme.",,
3217662910029,Guimauve fantaisie,Arnaud Soubeyran,"snacks, sweet-snacks, confectioneries, candies, marshmallows",france,,,,e,4.0,,"sucre, sirop de glucose, sucre inverti, amidon de mais, gélatine, sucre glace, fécule de manioc, arôme naturel, colorant d'origine naturel : betterave rouge, extrait de baies de vigne, acide citrique.",,
3217662990014,Guimauve fantaisie,,"snacks, sweet-snacks, confectioneries, candies",france,,,,e,,,,,
3217662990038,Guimauve fantaisie cola,,"snacks, sweet-snacks, confectioneries, candies, marshmallows",france,,,,e,,,,,
3217662990045,Guimauve fantaisie,,,france,,,,unknown,,,,,
3217662990052,Guimauve fantaisie Fraise,Nougat Soubeyran,"snacks, sweet-snacks, confectioneries, candies, marshmallows",france,,,,e,4.0,,"GUIMAUVE AROMATISÉE : sucre, sirop de glucose, sucre inverti, amidon de maïs, gélatine, sucre glace, fécule de manioc, colorant d'origine naturel : betterave rouge, arôme naturel, acide citrique, Poids net : 32gr - Net weight: 1.13 OZ",,
3217662990076,Guimauve fantaisie,Arnaud Soubeyran,"snacks, sweet-snacks, confectioneries, candies, marshmallows",france,,,,e,4.0,,"Sucre, sirop de glucose, sucre inverti, amidon de maïs, gélatine, sucre glace, fécule de manioc, colorant d’origine naturel : lutéine, acide citrique, arôme naturel.",,
3245412954467,Truffes Fantaisie Éclats de fèves de cacao caramélisés,"Carrefour, Esprit de fete","snacks, frozen-foods, sweet-snacks, cocoa-and-its-products, confectioneries, chocolate-candies, bonbons, chocolate-truffles","france, italy, spain",,,,e,4.0,,"Graisses végétales (palmiste, palme), sucre, cacao maigre en poudre 13,5%, éclats de fèves de cacao caramélisés 5% (éclats de fèves de cacao torréfiés 3,5%, sucre), _lactosérum_ en poudre, arôme naturel de vanille, beurre de cacao. Peut contenir des traces de céréales contenant du gluten et de fruits à coque.",,
3245414009622,Truffes Fantaisie Saveur éclats de caramel,"Carrefour, Esprit de fete","snacks, sweet-snacks, cocoa-and-its-products, confectioneries, chocolate-candies, bonbons, chocolate-truffles","france, italy, spain",,,,e,4.0,,"Graisses végétales (palmiste, palme), sucre, cacao maigre en poudre 13,6%, _lactosérum_ en poudre, éclats de caramel 3,9% [sucre, sirop de glucose, crème fraîche (contient _lait_), _lait_ écrémé en poudre, sel, dextrose, arôme naturel de vanille], arôme, arôme naturel de vanille, beurre de cacao. Peut contenir des traces de céréales contenant du gluten et de fruits à coque.",,
3254950008044,Fantachoc,Serebis,"snacks, desserts, sweet-snacks, biscuits-and-cakes, cakes, pastries, waffles",france,plastic,Magasins U,France,e,4.0,,"farine de blé (44,8%), mélange de margarine (huiles de palme et colza, graisse de palme, eau, sel, émulsifiants : lécithine de soja et mono - et diglycérides d'acides gras, acidifiants : acide citrique, acide lactique, colorant : béta-carotène, arômes, vitamine A, vitamine D3), nappage parfum cacao 15.4% (sucre, graisses végétales (coco-palme) hydrogénées, cacao maigre en poudre, lactosérum en poudre, stabilisant : E492, émulsifiant : lécithine de soja, arôme : vaniline, sucre (20,2%), oeufs (5,1%), farine de soja, sucre inverti, stabilisant : sorbitol, poudre à lever : carbonate acide d'ammonium, sel, émulsifiant : lécithine de soja, arôme : vanilline (contient du lactose)",,
3256220174343,"Chocolat noir fourré à la truffe fantaisie, éclats de fèves de cacao caramélisés Tablette de 150g",U,"snacks, sweet-snacks, cocoa-and-its-products, chocolates, dark-chocolates, filled-chocolates, dark-chocolates-with-cocoa-nibs, filled-dark-chocolates",france,"cardboard, tray",,,e,4.0,,"Sucre, pate de cacao* (cote d'ivoire), beurre de cacao, matiere grasse de LAIT anhydre, LAIT entier en poudre, cacao maigre en poudre, eclats de feves de cacao caramelises 2.4% (cacao, sucre), LACTOSERUM en poudre, émulsifiant : lecithines, arome naturel de vanille. Cacao : 49% minimum dans le chocolat noir. * feves de cacao provenant du programme transparence cacao. traces eventuelles de fruits a coque, de cereales contenant du gluten.",,
3256220496162,Chocolat lait fourré Truffe Fantaisie Crêpe Dentelle,U,"snacks, sweet-snacks, cocoa-and-its-products, chocolates, milk-chocolates",france,"metal, recyclable-metals, aluminium, cardboard, sheet, sleeve","U Express, Magasins U","Lyon,France",e,4.0,,"Chocolat au lait 55% (sucre, beurre de cacao, _lait_ entier en poudre, pâte de cacao, _lait_ écrémé en poudre, émulsifiant : lécithines de tournesol, arôme naturel de vanille), graisses végétales de palme et de palmiste, sucre, cacao maigre en poudre, brisures de crêpe dentelle 3% (farine de froment, sucre, huile de tournesol, _lait_ écrémé en poudre, malt d’_orge_, sel), pâte de _noisettes_, _Lactosérum_ en poudre, arôme, émulsifiant: lécithines de tournesol.",,
3256224759836,Truffes chocolats fantaisie nature étui 250g,U,"snacks, sweet-snacks, cocoa-and-its-products, confectioneries, chocolate-candies, bonbons, chocolates, chocolate-truffles",france,"plastic, box, cardboard, sleeve",,,e,4.0,,"Graisse de coprah, sucre, cacao maigre en poudre, LACTOSERUM en poudre, pâte de cacao, cacao en poudre, émulsifiant : lécithines de SOJA. traces éventuelles de céréales contenant du gluten, fruits à coque et oeuf.",,
3256224759843,Truffes fantaisie aux brisures de crêpe dentelle,U,"snacks, sweet-snacks, cocoa-and-its-products, confectioneries, chocolate-candies, bonbons, chocolate-truffles",france,"plastic, bag","Super U, Magasins U","France,Carquefou",e,4.0,,"Sucre, graisse de coprah, pâte de cacao, beurre de cacao, cacao maigre en poudre, brisures de crêpe dentelle (France) 5% (farine de _blé_, sucre, _beurre_ pâtissier, _lait_ écrémé en poudre, malt d'_orge_, sel), _lactosérum_ en poudre, cacao en poudre, émulsifiant : lécithines de _soja_.",,
3257980191526,Truffes Fantaisie,Auteuil,"snacks, sweet-snacks, cocoa-and-its-products, confectioneries, chocolate-candies, bonbons, chocolate-truffles",france,,,,e,4.0,,Graisse de noix de coco - sucre - cacao maigre en poudre - lactosérum en poudre - cacao en poudre - émulsifiant : lécithines (soja) - arôme naturel de vanille.,,
3257981083202,Chocolat noir 48% fourre truffe fantaisie et aux eclats de fe...,Cora,"snacks, sweet-snacks, cocoa-and-its-products, chocolates, dark-chocolates, filled-chocolates, filled-dark-chocolates",france,,Cora,,e,4.0,,"Sucre - pâte de cacao - graisses végétales (palme - palmiste) - cacao maigre en poudre 6,7% - beurre de cacao - éclats de fèves de cacao torréfiés et caramélisés 2,4% (éclats de fèves de cacao - sucre) - pâte de _noisettes_ - matière grasse de lait anhydre - _lactosérum_ en poudre - émulsifiant : lécithine de tournesol - arômes.",,
3257981663336,Soucoupes - Confiserie fantaisie acidulée et aromatisée,Cora,"snacks, sweet-snacks, confectioneries, candies, soucoupes-acidulees",france,"plastic, box",Cora,,e,4.0,,"sucre - amidon - dextrose - acidifiant : E34 - correcteur d'acidité : E500 - arômes - colorants : E100, E132, E162.",,
3257984467276,Truffes fantaisies,Auteuil,"snacks, sweet-snacks, cocoa-and-its-products, confectioneries, chocolate-candies, bonbons, chocolate-truffles",france,,,,e,4.0,,"graisses végétales (palme, palmiste) - sucre - cacao maigre en poudre - lactosérum - éclats de fèves de cacao grillés 5% - cacao en poudre - émulsifiant : lécithine de soja - arôme naturel de vanille.",,
3258561070759,Tubo Mix Confiserie Asst Fantaisies 500G B.france,Belle france,"snacks, sweet-snacks, confectioneries, candies",france,"plastic, box",,,e,,,,,
3258590005395,Truffes fantaisies chocolat noir,Dardenne,,france,,,,unknown,,,"Truffes fantaisie au chocolat NOIR : masse de cacao noisette* , sucre de canne *2, huile de tournesol* , beurre de cacao* naturelle en poudre*. ingrédients issus de l'agriculture biologique 2 issu du commerce équitable. Traces possibles de lait et autres fruits à coques. Service consommateur : 1)125 Salles et Prat,üel, 31110 LUCHON Valeurs nuü?iüonnelles our 100 VALEUR ENERGE IQUE",,
3258590005401,Truffes Fantaisies Chocolat Noir,,,france,,,,unknown,,,,,
3258590005418,Echiquier de truffes fantaisies 100% végétal,Dardenne,"fats, frozen-foods",france,,,,e,2.0,,"Truffe fantaisie au chocolat NOIR :
Masse de cacao*, noisette*, sucre de canne&quot;?, huile de tournesol*, beurre de cacao, chocolat : cacao 37% minimum.
Truffe fantaisie au chocolat au LAIT VEGETAL :
Noisette*, sucre de canne&quot;', beurre de cacao*, huile de tournesol, masse de cacao*3, amande délipidée*, inuline d'agave*. Chocolat : cacao 28% minimum.
* issu de l'agriculture biologique.",,
3263851863515,Truffe fantaisie noir,Franprix,,france,,Franprix,,unknown,,,,,
3263852211124,Noir Fourré Truffe Fantaisie,Leader Price,"snacks, sweet-snacks, cocoa-and-its-products, chocolates, dark-chocolates, filled-chocolates, filled-dark-chocolates",france,"metal, cardboard, tray",Leader Price,France,e,4.0,,"Chocolat noir 52 % (sucre - pâte de cacao - beurre de cacao - _beurre_ concentré - émulsifiant : lécithines de tournesol - arôme naturel de vanille) - graisses végétales de palme et palmiste - sucre - cacao maigre en poudre - pâte de _noisettes_ - éclats de fèves de cacao torréfiés 1,5 % - _lactosérum_ en poudre - pâte de cacao - beurre de cacao - arômes - _beurre_ concentré - émulsifiant: lécithines de tournesol.",,
3263852322615,"Ourson guimauve fantaisie, chocolat au lait",Leader Price,"snacks, sweet-snacks, cocoa-and-its-products, confectioneries, chocolate-candies, marshmallows-coated-with-chocolate",france,"plastic, bag",Leader Price,"France,Trignac",e,4.0,,Chocolat au lait 33% (sucre - beurre de cacao - poudre de _lait_ entier - pâte de cacao - poudre de _lait_ écrémé - émulsifiant : lécithine de _soja_ - sirop de glucose-fructose - sucre - eau - gélatine de porc - stabilisant : sorbitol - arôme. Cacao : 30% mini dans le chocolat.,,
3263853571517,Truffes fantaisie,Trocadéro,"snacks, sweet-snacks, cocoa-and-its-products, confectioneries, chocolate-candies, bonbons",france,,,,e,4.0,,"Graisses végétales de palmiste et palme - sucre - cacao maigre en poudre 14% - lactose et protéines de lait - beurre de cacao - arôme. Traces de gluten, amandes et noisettes. Les informations en gras sont destinées aux personnes allergiques ou intolérantes.",,
3263853571715,Truffes fantaisie,Trocadéro,,france,,,,unknown,4.0,,Truffes fantaisie aux éclats de caramel Ingrédients Graisses végétales non hydrogénées (palme / palmiste sucre - cacao maigre - lactoserum - eclats de caramel % (sucre) - poudre de cacao - émulsifiant : lécithine de soja - arôme caramel - arôme naturel de vanille,,
3270190179214,Truffes fantaisie nature,"Carrefour, Esprit de fete","snacks, sweet-snacks, cocoa-and-its-products, confectioneries, chocolate-candies, bonbons, chocolate-truffles","france, italy, spain",,,,e,4.0,,"Sucre, graisses végétales (palmiste, palme, coco, karité), cacao maigre en poudre 17,6%, _lactosérum_ en poudre, cacao en poudre 0,5%, émulsifiant : lécithines (_soja_, tournesol), arômes.
Peut contenir des traces d'arachides, de fruits à coque et de céréales contenant du gluten.",,
3278732201331,Fanta Orange,Fanta,"beverages-and-beverages-preparations, plant-based-foods-and-beverages, beverages, plant-based-beverages, carbonated-drinks, fruit-based-beverages, artificially-sweetened-beverages, sodas, fruit-sodas, orange-soft-drinks, sweetened-beverages","france, reunion","plastic, bottle",,,unknown,4.0,,"Eau gazéifiée, sucre, acidifiants : acide citrique - citrate de sodium, édulcorants : cyclamate de sodium, acésulfame-K et stévia, émulsifiants : E414, E444, E445, conservateurs : sorbate de potassium - benzoate de sodium, arômes, colorants : jaune orangé S, azorubine, antioxydant : acide ascorbique.",,
3278732202635,Fanta passion,Coca-Cola,,"france, reunion",,,,unknown,,,012. auroats THE UNE N.ASOUE D90sfiE,,
3290041000122,Truffes fantaisie,Guyaux,,france,,,,unknown,,,,,
3290041000306,Confiserie de luxe fantaisie,,,switzerland,,,,unknown,4.0,,"graisses végétales (coprah, palmiste), sucre, cacao fortement dégraissé, graisses végétales hydrogénées (coprah, palmiste), petit-lait en poudre, cacao en poudre, émulsifiant: lécithine de soja, arôme naturel de vanille. Cacao: 12% min",,
3290041000542,Truffes fantaisie,Guyaux Chocolatier,,france,,,,unknown,4.0,,"TRUFFES FANTAISIE Graisse végétaie (coprah, palmiste)/ sucre, poudre de cacao maigre, lactosérurr (lait), poudre - de cacaos arôme naturel de vanille, émulsifiant : lécithine de EQj2, Ce produit peut contenir des traces d'arachides, de fruits a coque, de gluten, de sulfites, de graines de sésame et d'oeuf.",,
3290041001082,Truffes fantaisie ,Truffes fantaisie,,china,,,,unknown,,unknown,,,
3290047000164,Truffes fantaisie,,,france,,,,unknown,,,,,
3290047000188,Truffes fantaisie,,,france,,,,unknown,,,,,
3290047000195,Truffes fantaisie aux eclats de caramle au beyrre sale et au sel de guerande,Chocolatier Jacques Guy,,france,,,,unknown,4.0,,"Graisse végétale (noix de coco et palmiste), sucre poudre de cacao maigre, lactosérurr en poudre lait), éclats de caramel 7 % (sucre, sirop de glucose, lai entier en poudre reconstitué, crème fraîche d'Isigny AOP beurre salé d'Isigny AOP sel de Guérande, émulsifiant : lécithine de colza), poudre de cacao, émulsifiant': lécithine dè soie , arômes naturels de vanille et de cararfiel. Peut contenir des traces d'arachides, de fruits à coques de sulfites, doeufs, de graines de sésame et de gluten.",,
3290270201307,Meringue fantaisie,Calimouss,"snacks, sweet-snacks, confectioneries, candies, candy-meringues",france,"plastic, bag",,France,e,4.0,,"Sucre, sirop gélifiant : acidifiant : acide citrique, arômes naturels, colorants.",,
3290270202304,Meringues Fantasie,Calimouss,"snacks, sweet-snacks, confectioneries, candies, candy-meringues",france,"plastic, bag",,France,e,4.0,,"Sucre, sirop de glucose, gélifiant : gélatine, acidifiant : acide citrique, arômes naturels, colorants naturels.",,
3290270204209,Meringues Fantaisie,P'tit Bout,"snacks, sweet-snacks, confectioneries, candies, candy-meringues",france,"plastic, bag",,,e,,,,,
3290270204308,Meringue Doucinelle fantaisie,Doucinelle,"snacks, sweet-snacks, confectioneries, biscuits-and-cakes, pastries, meringues",france,,,,e,4.0,,"MERINGUES FANTAISIE lnùFédients : Sucre, sirop de glucose, gélifiant* 'latine, acidifiant : acide citrique, arômes,na relsjsQlorants naturels : voir* gr.ulents: Suga ycose5irup, gelling agent: relatin, acidifi uitric acid, natural flavours, natural colours: see*",,
3290270205503,Meringues fantaisie,,"snacks, sweet-snacks, confectioneries, candies, candy-meringues",france,"plastic, bag",,France,e,4.0,,"Sucre, sirop de glucose, gélifiant : gélatine, acidifiant : acide citrique, arômes naturels, colorants E141, E162.",,
3290270206500,Calimouss - Meringues Fantaisie,"Confiserie Gida, Gida","snacks, sweet-snacks, confectioneries, candies, candy-meringues",france,"plastic, bag",,France,unknown,4.0,,"Sucre, sirop de glucose, gélifiant : gélatine, acidifiant : acide citrique, arômes naturels, colorants naturels : E141, E162.",,
3290270209259,Ptit' Bout - Meringues Fantaisie,"Confiserie GIDA, Gida","snacks, sweet-snacks, confectioneries, candies, candy-meringues",france,"plastic, bag",,France,e,4.0,,"Sucre, sirop de glucose, gélifiant : gélatine, acidifiant : acide citrique, arômes naturels, colorants : E141, E162.",,
3290270210507,Doucinelle meringue fantaisie,Doucinelle,"snacks, sweet-snacks, cocoa-and-its-products, confectioneries, chocolate-candies, bonbons, candies, candy-meringues",france,"plastic, bag",,France,e,4.0,,"Sucre, sirop de glucose, gélatine, acidifiant : acide citrique, arômes naturels, colorants naturels.",,
3290270213256,P'tites meringues fantaisie,P'tit Bout,"snacks, sweet-snacks, confectioneries, candies",france,"plastic, bag",,France,unknown,4.0,,"Sucre, sirop de glucose, sucre inverti, gélatine, arômes naturels, E141, E162, concentré de carthame.",,
3291030000802,Fantasia - 9 Gaufres nappées au parfum coco,TENDR'EPIS,"snacks, frozen-foods, sweet-snacks, biscuits-and-cakes, pastries, waffles, cocoa-glaze-coated-waffles",france,,,,e,4.0,,"Farine de froment, margarine (huiles et graisses végétales (palme et colza; en proportions variables), eau, émulsifiants: lécithine de soja, mono et diglycerides d'acides gras, sel, acidifiant: acide citrique, arômes naturels, colorant: caroténoïdes), sucre, nappage cacao (15.4%), (sucre, graisses,, stabilisant : E492, émulsifiant : lécithine de soja, arôme naturel de vanille), œufs, farine de soja, sucre inverti, stabilisant (sorbitol), humidifiant (glycerol), poudre a lever : carbonate acide d'ammonium, sel,. lécithine de soja, arôme",,
3291030040808,Fantasia,Tendrepis,,france,,,,unknown,,,,,
3292090000078,Saveur orange,Fanta,"plant-based-foods-and-beverages, beverages, plant-based-beverages, carbonated-drinks, fruit-based-beverages, sodas, fruit-sodas, sweetened-beverages","belgium, france",,,,d,4.0,,"EAU GAZÉIFIÉE, SUCRE, ARÔMES, ACIDIFIANT: ACIDE CITRIQUE, COLORANTs: ACIDE CARMINIQUE ET BÊTA-CAROTÊNES MÉLANGES CONSERVATEUR: SORBATE DE POTASSIUM, ÉDULCORANT.? GLYCOSIDES STÉVlOHEXTR41T DE REBAUDIANA), ANTIOXYDANT.'",,
3292090000085,Arome orange,Fanta,"beverages-and-beverages-preparations, plant-based-foods-and-beverages, beverages, plant-based-beverages, carbonated-drinks, fruit-based-beverages, artificially-sweetened-beverages, sodas, fruit-sodas, orange-soft-drinks, sweetened-beverages","france, martinique","plastic, bottle",,,e,4.0,,"Eau gazéifiée, sucre, arômes, acidifiant : acide citrique, colorants: acide carminique et bêta-carotènes mélangés, conservateur : sorbate de potassium, édulcorant : glucosides de stéviol (extrait de stévia rebaudiana), antioxydant : acide ascorbique",,
3292090001303,Fanta Kampane,Fanta,"beverages, carbonated-drinks, artificially-sweetened-beverages, sodas, unsweetened-beverages, sweetened-beverages",france,bottle,,,e,4.0,,"Eau gazéifiée, sucre, arômes, colorant : E150d, stabilisant : E452in acidifiant : acide citrique, conservateur : sorbate de potassium, édulcorant : glycosides de stéviol (extraits de stevia rebaudiana).",,
3292090001501,Fanta Exotique,Fanta,"plant-based-foods-and-beverages, beverages, plant-based-beverages, carbonated-drinks, fruit-based-beverages, artificially-sweetened-beverages, sodas, fruit-sodas, sweetened-beverages",france,,,,e,4.0,,"EAU GAZÉIFIÉE, SUCRE, ARÔMES, ACIDIFIANT: ACIDE CITRIQUE, COLORANT: ACIDE CARMINIQUE, CONSERVATEUR'. SORBATE DE POTASSIUM, STABILISANT: E452i, ÉDULCORANT: GLYCOSIDES DE STÉVIOL (EXTRAITS DE STÉVIA REBAUDIANA), ANTIOXYDANT: ACIDE ASCORBIQUE",,
3292090135374,Guaraná,Fanta,,france,,,,unknown,,,,,
3292090135442,Fanta Manzana,Fanta,"beverages, artificially-sweetened-beverages",france,,,,e,4.0,,"EAU GAZEIFIEE; SUCRE; JUS DE FRUITS A BASE DE CONCENTRÉ 3% (CITRON 2.8%, POMME 0,1%, CERISE 0.1%); ACIDIFIANTS: ACIDE CITRIQUE, ACIDE MALIQUE; CONCENTRÉ DE FRUITS ET LÉGUMES (ARONIA, CAROTTE, SUREAU, CARTHAME, CITRON, CASSIS); CORRECTEUR D'ACIDITÉ: GLUCONATE DE SODIUM; CONSERVATEUR: SORBATE DE POTASSIUM; ÉDULCORANT: GLYCOSIDES DE STÉVIOL; ANTIOXYDANT: ACIDE ASCORBIQUE; AROMES NATURELS,",,
3292090136371,Guarana,Fanta,"beverages-and-beverages-preparations, plant-based-foods-and-beverages, beverages, plant-based-beverages, carbonated-drinks, fruit-based-beverages, sodas, fruit-sodas, sweetened-beverages",france,"plastic, bottle",,,e,4.0,,"Eau gazéifiée, sucre, acidifiants : acide citrique et citrate de sodium, arômes et extrait de guarana, stabilisant : E452i, conservateur : sorbate de potassium, colorant : E150d, édulcorant : glycosides de stéviol (extraits de stevia rebaudiana).",,
3292090136449,Fanta manzana,Fanta,"beverages, artificially-sweetened-beverages",france,,,,e,4.0,,"EAU GAZÉIFIÉE; SUCRE; JUS DE FRUITS À BASE DE CONCENTRÉ 3% (CITRON 2,8%, POMME 0,1%, CERISE 0,1%, ACIDIFIANTS: ACIDE CITRIQUE, ACIDE MALIQUE; CONCENTRE DE FRUITS (ARONIA, CAROTTE, SUREAU, CARTHAME, CITRON, CASSIS); CORRECTEUR D'ACIDITE : GLUCONATE DE SODIUM; CONSERVATEUR : SORBATE DE POTASSIUM; EDULCORANT: GLYCOSIDES DE STEVIOL; ANTIOXYDANT: ACIDE ASCORBIQUE; AROMES NATURELS.",,
3292090141320,Fanta Exotique,Coca-Cola,"beverages, frozen-foods, carbonated-drinks, sodas, sweetened-beverages",france,,,,e,4.0,,"EAU GAZEIRIFIEE, SUCRE, ARÔMES

ACIDIFIANT: CITRIQUE

COLORANT: ACIDE CARMINIQUE 

CONSERVATEUR: SORBATE DE POTASSIUM

 ÉDULCORANT: ACESULFAME K ET SUCRALOSE 

ANTIOXYDANT: ACIDE ASCORBIQUE

STABILISANT: E452i",,
3292090141573,Fanta arôme orange,Fanta,,france,,,,unknown,,,,,
3348630003037,Fanta orange saveur,Fanta,,france,,,,unknown,,,,,
3350031650246,Oursons guimauve fantaisie,Monoprix,"snacks, sweet-snacks, cocoa-and-its-products, confectioneries, chocolate-candies, candies, marshmallows-coated-with-chocolate",france,"plastic, bag",Monoprix,France,e,4.0,,Chocolat au LAIT 33% (sucre - beurre de cacao - poudre de LAIT entier - pâte de cacao - poudre de LAIT ÉCRÉMÉ - émulsifiant : lécithines de SOJA) - sirop de glucose - fructose - sucre - eau - gélatine de porc - stabilisant : sorbitol - arôme naturel de vanille. Cacao : 30% minimum dans le chocolat.,,
3352750600113,Guimauve Fantaisie Aromatisée à la banane,Auzier Chabernac,"snacks, sweet-snacks, confectioneries, candies, marshmallows",france,"plastic, pot",,France,e,4.0,,"sirop de glucose de _blé_, sucre, sirop de sucre inverti, gélatine, amidon de _blé_, eau, amidon, arôme naturel de banane et autres arômes naturels.",,
3352750700035,22 lanieres guimauve fantaisie,,,france,,,,unknown,,,,,
33545615,Fanta citron,Fanta,,france,,,,unknown,,,,,
3395328129319,Fantaisie panache AAH200g,Valrhona,,france,,,,unknown,,,"sucre fèves cacao, AMANDES, LAIT en poudre dlenrobage (m gomme shellac), SOJA), ekdra%naturel de vanille. Présence Possible cie protéine gluten et arachide. Conserver dans un endroit sec entre BOC Assorted chocolate candies. Inctredients. sugar* HAZELNUTS butter, cocoa beans, ALMON* whole MILK powder, glazing' agents (SOYA natural vanilla This produc4 contain egg proteins, gluten and peanut. Keep in place betWî",,
3395328129388,Fantaisie Amande Gianduja Sucre,Valrhona,,france,,,,unknown,4.0,,"sucre AMANDEd 25,4%, beurre de cacao, LAIT entier en poudre, NOISETTES, fèves de cacao, emulsfiant (lécithine de SOJA), extrait naturel de vanille. Présence possible de gluten.",,
3395328129395,Fantaisie amande Gianduja cacao,Valrhona,"snacks, sweet-snacks, cocoa-and-its-products, confectioneries, chocolate-candies, bonbons, chocolate-covered-nuts, chocolate-covered-almonds",france,,,,e,4.0,,"Sucre, AMANDES 25, 6%, NOISETTES, beurre de cacao LAIT entier en poudre, fèves de cacao, poudre de cacao 3,2%, émulsifiant (lécithine de SOJA), extrait naturel de vanille.",,
3395328134078,Fantaisie Avelina Dulcey,Valrhona,"snacks, sweet-snacks, cocoa-and-its-products, confectioneries, chocolate-candies, bonbons, bonbons-de-chocolat-blanc",france,plastic,,France,unknown,4.0,,"noisettes 37%, beurre de cacao, sure, lait entier en poudre, lait écrémé en poudre, lactosérum (lait), agents d'enrobage : maltodextrine, gomme shellac, émulsifiant : lécithine de soja, extrait naturel de vanille.",,
3395328134092,Fantaisie perles de grue,,,france,,,,unknown,,,,,
3395502825969,Confiserie fantaisie,,,france,,,,unknown,,,,,
3415306290944,Gaufres Fantasia,Les Renardises,"snacks, sweet-snacks, biscuits-and-cakes, pastries, waffles",france,"plastic, tray",,,e,4.0,,"Farine de _froment_, margarine [huile de palme et colza, graisse de palme, eau, sel, émulsifiants (lécithine de _soja_ E322, mono et diglycérides d'acides gras E471), acidifiants (acide citrique E330, acide lactique E270), colorant (bêta-carotène E160), arôme, vitamine A, vitamine D3], sucre, nappage parfum cacao (15,4 %) [sucre, graisses végétales (coco, palme), cacao maigre en poudre, stabilisant (E492), émulsifiant (lécithine de _soja_ E322), arôme naturel (vanille)], _œufs_, farine de _soja_, sucre inverti, stabilisant (sorbitol), humectant (glycérol), poudre à lever (carbonate acide d'ammonium), sel, émulsifiant (lécithine de _soja_), arôme naturel.",,
3415306291040,Gaufres fantasia,Les Renardises,"snacks, sweet-snacks, biscuits-and-cakes, pastries, waffles",france,"plastic, tray",,,e,4.0,,"Farine de _froment_, margarine [huile de palme et colza, graisse de palme, eau, sel, émulsifiants (lécithine de _soja_ E322, mono et diglycérides d'acides gras E471), acidifiants (acide citrique E330, acide lactique E270), colorant (bêta-carotène E160), arôme, vitamine A, vitamine D3], sucre, nappage parfum cacao (15,4 %) [sucre, graisses végétales (coco, palme), cacao maigre en poudre, stabilisant (E492), émulsifiant (lécithine de _soja_ E322), arôme naturel (vanille)], _œufs_, farine de _soja_, sucre inverti, stabilisant (sorbitol), humectant (glycérol), poudre à lever (carbonate acide d'ammonium), sel, émulsifiant (lécithine de _soja_), arôme naturel.",,
3417960019176,100G Melange Fantaisie,Cook,,france,,,,unknown,,,,,
3421370000648,Truffes Fantaisies,Palais d'Ébène,"snacks, sweet-snacks, cocoa-and-its-products, confectioneries, chocolate-candies, bonbons, chocolate-truffles",france,"plastic, box, cardboard",Bio14,"Caen,France",e,3.0,,"Pâte de cacao, huile de coco, sucre de canne roux, beurre de cacao, poudre de cacao, poudre de _lait_ entier, vanille en poudre.",,
3421371505852,Truffes fantaisies,Chevaliers D'Argouges,"snacks, sweet-snacks, cocoa-and-its-products, confectioneries, chocolate-candies, bonbons, chocolate-truffles",france,box,,Gujan-Mestras - France,e,3.0,,"Pâte de cacao, huile de coco, sucre de canne,  beurre de cacao, poudre de cacao, poudre de _lait_ entier, vanille en poudre (67,49%), chocolat noir (47,34%).",,
3421372516321,Truffes fantaisies,PALAIS D'ÉBÈNE,"snacks, sweet-snacks, cocoa-and-its-products, confectioneries, chocolate-candies, bonbons, chocolate-truffles",france,,,,e,3.0,,"Pâte de cacao*, huile de coco*, sucre de canne*, beurre de cacao*, poudre de cacao*, poudre de _lait_ entier*, vanille en poudre*. Traces éventuelles de soja, de gluten et de fruits à coque. Chocolat noir 47,34% (cacao : 72% minimum). * lssus de l'agriculture biologique",,
3450180096503,Truffes fantaisie aux éclats de caramel,,"snacks, sweet-snacks, cocoa-and-its-products, confectioneries, chocolate-candies, bonbons, chocolate-truffles",france,,,,e,,,,,
3472710005106,meringue fantaisie,Chocmod,"snacks, sweet-snacks, confectioneries, candies, candy-meringues, aliments-et-boissons-de-paques",france,"plastic, bag",,France,e,4.0,,"Sucre, sirop de glucose, eau, dextrose, gélatine, arômes, colorants naturels (E100, E120, E160a(ii).",,
3472710005151,Joyeux Noël - Meringues fantaisie,Chocmod,"snacks, sweet-snacks, confectioneries, festive-foods, frozen-foods, biscuits-and-cakes, christmas-foods-and-drinks, christmas-sweets, pastries, meringues",france,"plastic, bag",,France,e,4.0,,"sucre, sirop de glucose, eau, dextrose, gélatine, arômes, colorants naturels E100, E120, E160a(ii)",,
3472710011190,Truffes Fantaisie Arôme Orange,Chocmod,"snacks, sweet-snacks, cocoa-and-its-products, confectioneries, chocolate-candies, bonbons, chocolate-truffles",france,"box, cardboard",,France,e,4.0,,"Graisses végétales non hydrogénées (palme/palmiste), sucre, cacao maigre, _lactosérum_, poudre de cacao (1 %), émulsifiant : lécithine de _soja_, arôme naturel d'orange amère et arôme naturel de vanille.",,
3472710013378,Truffes Nature Fantaisie En Boite Fer 250g,Truffettes De France,"plant-based-foods-and-beverages, plant-based-foods, fruits-and-vegetables-based-foods, snacks, sweet-snacks, vegetables-based-foods, cocoa-and-its-products, confectioneries, chocolate-candies, mushrooms-and-their-products, bonbons, mushrooms, truffles, chocolate-truffles",france,,,,e,4.0,,"Graisses végétales non h g), re, cacao maigre, lactosérum, poudre de cacao (1 1%1, Ide .nille. Peut cqnteoir des traces éventuelles d'arac ides de gluten et de , Éour une dégustation parfaite de nos truffes",,
3472710014474,"Bte Truffes 500G,",Truffes Fantaisie,,france,,,,unknown,4.0,,"Graisses végétales non hydrogénées (palme/palmiste), sucre, cacao maigre, _lactosérum_, poudre de cacao (1 %), émulsifiant : lécithine de _soja_, arôme naturel de vanille",,
3472710014481,Truffes fantaisie nature,Chocmod,"snacks, sweet-snacks, cocoa-and-its-products, confectioneries, chocolate-candies, bonbons, chocolate-truffles",france,"cardboard, sachet-plastique",Intermarché,France,e,4.0,,"Graisses végétales non hydrogénées (palme/palmiste), sucre, cacao maigre, _lactosérum_, émulsifiant : lécithine de _soja_, arôme naturel de vanille.",,
3472710015204,Truffes Fantaisie,Truffettes de France,"plant-based-foods-and-beverages, plant-based-foods, fruits-and-vegetables-based-foods, snacks, sweet-snacks, vegetables-based-foods, cocoa-and-its-products, confectioneries, chocolate-candies, mushrooms-and-their-products, bonbons, mushrooms, truffles, chocolate-truffles",france,,,,e,4.0,,"Graisses végétales non hydrogénées (palme/palmiste), sucre, cacao maigre, lactosérum, poudre de cacao (1%), émulsifiant : lécithine de soja, arôme naturel de vanille. Peut contenir des traces éventuelles d'arachides, de gluten et de fruits à coque.",,
3472710015235,Truffes fantaisie nature,Truffettes De France,"snacks, sweet-snacks, cocoa-and-its-products, confectioneries, chocolate-candies, bonbons, chocolate-truffles",france,,,,e,4.0,,"Graisses végétales (noix de coco), sucre, cacao maigre en poudre, lactosérum en poudre (lait), cacao en poudre 1%, émulsifiant : lécithine (soja), arôme naturel de vanille.",,
3472710015242,Truffes fantaisie saveur cappuccino,,,france,,,,unknown,,,,,
3472710016683,Truffes fantaisie nature,Truffettes De France,,france,,,,unknown,,,,,
3472710017574,truffes fantaisie,Truffettes De France,,france,,,,unknown,,,,,
3472710017642,Guimauves fantaisie enrobées de chocolat au lait,Chocmod,"snacks, sweet-snacks, cocoa-and-its-products, confectioneries, chocolate-candies, marshmallows-coated-with-chocolate",france,"plastic, bag",Cora,"Courrières,France",e,4.0,,"Sirop de glucose, chocolat au lati 25% (sucre, beurre de cacao, poudre de _lait_ entier, pâte de cacao, _lactosérum_, lécithine de _soja_, arôme naturel de vanille), sucre, eau, dextrose, sucre glace, gélatine, arôme vanille, protéines de _lait_.",,
3472710018625,Truffes fantaisies nature,Truffettes de France,"snacks, sweet-snacks, cocoa-and-its-products, confectioneries, chocolate-candies, bonbons, chocolate-truffles",france,,,,e,4.0,,"Non hydrogenated vegetable fats (palm/palm kernel), sugar, low fat cocoa, whey powder, cocoa powder, Emulsifier. soya lecithin, natural flavour vanilla. May contain traces of peanuts, Wheat and tree nuts.",,
3472710019226,Truffes fantaisie,Truffkettes De France,"snacks, sweet-snacks, cocoa-and-its-products, confectioneries, chocolate-candies, bonbons, chocolate-truffles",france,,,,e,4.0,,"graisse végétale (noix de coco), sucre, cacao maigre en poudre, lactosérum en poudre (lait), cacao en poudre 1%, émulsifiant : lécithine (soja), arôme naturel de vanille",,
3472710021519,Truffes Fantaisie Nature,Chocmod,"snacks, sweet-snacks, cocoa-and-its-products, confectioneries, chocolate-candies, bonbons, chocolate-truffles",france,"cardboard, sachet-plastique",,,e,4.0,,"Graisses végétales non hydrogénées (palme / palmiste), sucre, cacao maigre, lactosérum, poudre de cacao (1%), émulsifiant : lécithine de soja, arôme naturel de vanille.",,
3472710021953,Truffes Fantaisie,Truflettes De France,,france,,,,unknown,4.0,,"graisse végétale (coprah), sucre, cacao maigre en poudre, lactosérum en poudre (lait), éclats de caramel au beurre salé 5% (sucre, sirop de glucose, lait entier en poudre reconstitué, crème fraîche, beurre salé 0,18%, sel 0,06%, émulsifiant : lécithine de colza), cacao en poudre 1%, émulsifiant :lécithine de soja, sel 0,35%, arôme caramel, arôme naturel de vanille. Peut contenir des traces éventuelles de gluten (dont blé), d'arachides, de fruits à coque et d'œuf.",,
3472710022073,Truffes fantaisie caramel beurre salé,Truffettes De France,"snacks, sweet-snacks, cocoa-and-its-products, confectioneries, chocolate-candies, bonbons, chocolate-truffles",france,,,,e,4.0,,"Graisses végétales non hydrogénées (palme/ palmiste), sucre, cacao maigre, lactosérum, éclats de caramel au beurre salé et sel de Guérande (5%) (Sucre, sirop de glucose , lait entier en poudre reconstitué, crème fraîche dlsigny AOP, beurre poudre de cacao, émulsifiants : lécithine de colza, sel de Guérande, arôme caramel, arôme naturel de vanille. Peut contenir des traces éventuelles de blé, fruits à coque.",,
3472710023414,Truffes Fantaisie - Nature,Truffettes de France,"snacks, sweet-snacks, cocoa-and-its-products, confectioneries, festive-foods, chocolate-candies, christmas-foods-and-drinks, bonbons, christmas-sweets, chocolate-truffles",france,"plastic, bag, box, cardboard",Biscuits du Mistral,France,e,4.0,,"Graisses végétales non hydrogénées (palme/palmiste), sucre, cacao maigre, _lactosérum_, poudre de cacao (1%), émulsifiant : lécithine de _soja_, arôme naturel de vanille.",,
3472710023674,Truffes Fantaisie Nature,Truffettes De France,,france,,,,unknown,4.0,,"graisses végétales non hydrogénées (palme/palmiste), sucre, cacao maigre, lactosérum, poudre de cacao (1%), émulsifiant : lécithine de soja, arôme naturel de vanille. Peut contenir des traces éventuelles d'arachides, de blé et de fruits à coque. A conserver dans un endroit frais et sec.",,
3472710023681,Truffes fantaisie éclats de caramel,Truffettes De France,"snacks, sweet-snacks, cocoa-and-its-products, confectioneries, chocolate-candies, bonbons, chocolate-truffles",france,bag,,,e,4.0,,"Graisses végétales non hydrogénées (palme/palmiste), sucre, cacao maigre, lactosérum, éclats de caramel 5%) (Saccharose, sirop de glucose, agent fevant E500ii), poudre de cacao (1%), émulsifiant : lécithine de soja, arôme caramel, arôme naturel de vanille. Peut contenir des traces éventuelles de blé, d'arachides et de fruits à coque.",,
3472710025029,Truffes fantaisie,Truffettes De France,,france,,,,unknown,4.0,,"Graisses vegetales non hydrogénées (palme) sucre, cacao maigre, lactosérum, poudre de cacao (1%), emulsifiant : lecithine de soja, arôme naturel de vanille. Peut contenir des traces eventuelles d'arachides, de gluten et de fruits tens un endroit frais et sec.",,
3472710025548,Truffes fantaisies BIO,Truffettes De France,"snacks, sweet-snacks, cocoa-and-its-products, confectioneries, chocolate-candies, bonbons, chocolate-truffles",france,,,,e,4.0,,"Masse de cacao*, graisse végétale* (coprah), sucre*, beurre de cacao*, poudre de cacao (1%)*, émulsifiant : lécithine de soja",,
3472710025623,Truffes fantaisie,Truffettes De France,"snacks, sweet-snacks, cocoa-and-its-products, confectioneries, chocolate-candies, bonbons, chocolate-truffles",france,,,,e,4.0,,"Graisses végétales non hydrogénées (palme/ palmiste), sucre, cacao maigre, _lactosérum_, poudre de cacao (1%), émulsifiant : lécithine de _soja_, arôme naturel de vanille.",,
3472710025647,Truffes fantaisie saveur noisette,Truffettes De France,"snacks, sweet-snacks, cocoa-and-its-products, confectioneries, chocolate-candies, bonbons, chocolate-truffles",france,,,,e,4.0,,"Graisses végétales non hydrogénées (palme/palmiste), sucre, cacao maigre, lactosérum, poudre de cacao (1%), arôme noisette, émulsifiant : lécithine de soja, arôme naturel de vanille.",,
3472710025685,Truffes Fantaisie saveur myrtille,Truffettes De France,"snacks, sweet-snacks, cocoa-and-its-products, confectioneries, chocolate-candies, bonbons, chocolate-truffles",france,,,,e,,,,,
3472710025739,Truffes Fantaisie,Truffettes De France,,france,,,,unknown,,,,,
3472710043115,Truffes fantaisie,Truffettes De France,"snacks, sweet-snacks, cocoa-and-its-products, confectioneries, chocolate-candies, bonbons, chocolate-truffles",france,,,,e,,,,,
3477690005252,Gauffre chocolat fantasia,"Antoinette Pâtisserie,SARL Sevy","snacks, sweet-snacks, biscuits-and-cakes, biscuits-and-crackers, biscuits, pastries, chocolate-biscuits, waffles, cocoa-glaze-coated-waffles",france,"plastic, bag",,,e,4.0,,"Farine de _blé_, margarine (huile de palme et de colza, graisse de palme, eau, sel, émulsifiants : lécithine de _soja_ E322, mono et diglycérides d'acides gras E471; .acidifiant acide citrique E330, acide lactique E270, colorant : bêta-carotène E160, arôme, vitamine A, vitamine D3), sucre, nappage cacao (sucre, matière grasse vegétale (palme, coco) cacao maigre en poudre, stabilisant : E492, émulsifiant : lécithine de _soja_, arôme naturel : vanille), _œufs_, farine de _soja_, sucre inverti, stabilisant : sorbitol, humectant : glycérol, agent levant : bicarbonate d'ammonium, sel, émulsifiant : lécithine de _soja_ arôme.",,
3481290003266,Truffe Fantaisie Nature,La Vie Claire,"snacks, sweet-snacks, cocoa-and-its-products, confectioneries, chocolate-candies, bonbons, chocolate-truffles",france,"box, cardboard",La Vie Claire,"France,Paris",e,3.0,,"Chocolat noir 69 % (sucre, pâte de cacao, beurre de cacao), graisse végétale (coprah), cacao en poudre. Cacao: 48% minimum.",,
3481290003334,Truffe fantaisie,Mathez,,france,,,,unknown,,,,,
3481290007134,Truffes Fantaisie nature,Alaüs Mathez,"snacks, sweet-snacks, cocoa-and-its-products, confectioneries, chocolate-candies, bonbons, chocolate-truffles",french-polynesia,cardboard,,,e,4.0,unknown,"graisses végétales (coprah, palmiste), sucre, cacao maigre en poudre, lactosérum en poudre, cacao en poudre, lécithines de soja",39.0,
3481290007172,Truffes fantaisies,Mathez,,france,,,,unknown,4.0,,"graisses végétales (coprah, palmiste), sucre, cacao maigre en poudre, lactosérum en poudre, éclats de caramel au beurre salé 5% (sucre, sirop de glunose, crème fraîche, salé 0,2%, lait écrémé en poudre, sel de Guérande), cacao en poudre, émulsifiant : lécmines de soja, arôme naturel.",,
3481290007387,Truffes fantaisie biologiques,Kadodis,"snacks, sweet-snacks, cocoa-and-its-products, confectioneries, chocolate-candies, bonbons, chocolate-truffles",france,cardboard,Kadodis,France,e,3.0,,"Chocolat noir 69% (sucre, pâte de cacao, beurre de cacao), graisse végétale (coprah), cacao en poudre. Cacao :48% minimum.",,
3481290013470,Truffes Fantaisie - Caramel au beurre salé,Mathez,"snacks, sweet-snacks, cocoa-and-its-products, confectioneries, chocolate-candies, bonbons, chocolate-truffles",france,cardboard,,,e,4.0,,"graisses végétales (coprah, palmiste), sucre, cacao maigre en poudre, _lactosérum_ en poudre, éclats de caramel au beurre salé 5 % (sucre, sirop de glucose, _crème_ fraîche, _beurre_ salé 0,2 %, _lait_ écrémé en poudre, sel de Guérande), cacao en poudre, émulsifiant : lécithines de _soja_, arôme naturel.",,
3481290013500,"Schokoladentrüffel Mit Himbeeren 250G Truffes Fantaisie, Creation Mathez",Mathez,"snacks, sweet-snacks, cocoa-and-its-products, confectioneries, chocolate-candies, bonbons, chocolate-truffles",france,,,,e,4.0,,"Truffe fantaisie aux pépites de framboise Inarédients : graisses végétales (coprah, palmiste), sucre, cacao maigre en poudre, lactosérum en poudre, pépites de framboise 5% (purée de framboise, sucre, pomme, fibres d'ananas, arôme naturel, cort ecteur d'acidité : acide citrique, gélifiant . algina'e de sodium, stabilisant . phosphates de calciurn, colorants . anthocyanes), cacao en poudre, émulsifiant : lécithines de soja, arôme naturel. Traces éventuelles de gluten, amandes, noisetteà, œufs et pistaches. Produit à la ct aleur, à conserver dans un endroit sec et",,
3481290013739,Truffes Fantaisie,,,france,,,,unknown,,,,,
3481290016969,Truffes Fantaisie Macarons,Offrande Gourmande,"snacks, sweet-snacks, cocoa-and-its-products, confectioneries, biscuits-and-cakes, chocolate-candies, biscuits, bonbons, chocolate-truffles",france,cardboard,Action,France,e,4.0,,"Matières grasses végétales partiellement hydrogénées (coprah, palmiste), sucre, cacao maigre en poudre, pâte de cacao, lactosérum en poudre, brisures de macaron 5% (sucre, amidon de blé, farine de blé, farine d'amande, albumine d'oeuf, arômes naturels, poudre à lever : carbonates de sodium), cacao en poudre, émulsifiant : lécithine de soja, arôme naturel de vanille.",,
3481290020553,Truffes fantaisie 'Les Parisiennes',Mathez,"snacks, sweet-snacks, cocoa-and-its-products, confectioneries, chocolate-candies, bonbons, chocolate-truffles",france,,,,e,4.0,,"Truffe fantaisie nature : graisses végétales (coprah, palmiste), sucre, cacao maigre en poudre, lactosérum en poudre, cacao en poudre, émulsifiant : lécithine de soja. Traces éventuelles de gluten, amandes, noisettes, œufs et pistaches.",,
3481290021253,Truffes fantaisie,,,france,,,,unknown,,,,,
3481290022519,Truffes fantaisie,Chocolat Mathez,,france,,,,unknown,4.0,,"graisses végétales (coprah, palmiste), sucre, cacao maigre en poudre, lactosérum en poudre, brisures de macaron 5% (sucre, amidon de blé, farine de blé, farine d'amande, albumine d'œuf, arômes naturels, poudre à lever . carbonates de sodium), cacao en poudre, émulsifiant : lécithines de soja, arôme naturel de framboise et autres arômes naturels.",,
3481290024339,Truffes Fantaisies,Mathez,,france,,,,unknown,4.0,,"graisses végétales (coprah, palmiste), sucre, cacao maigre en poudre, lactosérum en poudre, cacao en poudre, émulsifiant : lécithines de soja. Traces éventuelles de gluten, amandes, noisettes, oeufs et pistache.",,
3481290024346,Truffes fantaisie,Mathez,"snacks, sweet-snacks, cocoa-and-its-products, confectioneries, chocolate-candies, bonbons, chocolate-truffles",france,,,,e,4.0,,"graisses végétales (coprah, palmiste), sucre, cacao maigre en poudre, lactosérum en poudre, cacao en poudre, émulsifiant : lécithines de soja.",,
3481290024889,Truffe Fantaisie Caramel au Beurre Salé,Mathez,"snacks, sweet-snacks, cocoa-and-its-products, confectioneries, chocolate-candies, bonbons, chocolate-truffles",france,,,,e,4.0,,"graisses végétales (coprah, palmiste), sucre, cacao lactosérum en crème fraiche, beurre salé 0,2%, lait écrémé en poudre, émulsifiant : lécithines de soja, arôme naturel. maigre en poudre, éclats de caramel au beurre salé 5% (sucre, sirop de glucose, сасао en poudre, sel de Guérande), Traces éventuelles de gluten, amandes, noisettes, ceufs et pistaches.",,
3481290025220,Truffes fantaisie,Paniers Terdis,"plant-based-foods-and-beverages, plant-based-foods, fruits-and-vegetables-based-foods, snacks, sweet-snacks, vegetables-based-foods, cocoa-and-its-products, confectioneries, chocolate-candies, mushrooms-and-their-products, bonbons, mushrooms, cocoa-and-chocolate-powders, cocoa-powders, truffles, chocolate-truffles",france,"emballage-carton, sachet-plastique","Auchan,Leclerc",France,unknown,4.0,,"Graisses végétales (coprah, palmiste), sucre, cacao maigre en poudre, lactosérum en poudre, éclats de caramel au beurre salé 5% (sucre, sirop de glucose, crème fraîche, beurre salé 0,2%, lait écrémé en poudre, sel de Guérande), cacao en poudre, émulsifiant lécithines de soja, arôme naturel. Traces éventuelles de gluten, amandes, noisettes, œufs et pistaches.",,
3481290025299,Truffes fantaisies,Mathez,"snacks, sweet-snacks, cocoa-and-its-products, confectioneries, chocolate-candies, bonbons, chocolate-truffles",france,,,,e,,,,,
3481290025541,Truffe fantaisie bio,Biomonde,"snacks, sweet-snacks, cocoa-and-its-products, confectioneries, chocolate-candies, bonbons, chocolate-truffles",france,,,,e,3.0,,"Chocolat noir 69% (sucre * , pâte de cacao * , beurre de cacao *),  graisse végétale (coprah *), cacao en poudre *. Cacao 48% minimum. *Produits issus de l'agriculture biologique. Ingrédients conformes aux du commerce équitable certifiés Fairtrade / Max Havelaar : sucre de canne, pâte de cacao, beurre de cacao, cacao en poudre, (70% du poids total)Traces éventuelles de gluten, amandes, lait, noisettes, œufs, pistaches et soja.",,
3481290025572,J'adore truffe fantaisie Bio max,Mathez,"snacks, sweet-snacks, cocoa-and-its-products, confectioneries, chocolate-candies, bonbons, chocolate-truffles",france,cardboard,,France,e,3.0,,"Chocolat noir 65,5% (sucre, pâte de cacao, beurre de cacao), graisse végétale (coprah), pépites de chocolat 5% (sucre, pâte de cacao, beurre de cacao), cacao en poudre.",,
3481290026012,Truffes fantaisie,Mathez,"snacks, sweet-snacks, cocoa-and-its-products, confectioneries, chocolate-candies, bonbons, chocolate-truffles",france,,,,e,4.0,,"matières grasses végétales (coprah, palmiste), sucre, cacao maigre en poudre, lactosérum en poudre, cacao en poudre, émulsifiant : lécithines de soja. Traces éventuelles d'amandes, noisettes, pistache, oeufs et gluten.",,
3481290027118,Truffes Fantaisie Crêpe Dentelle,"Alaüs Mathez, Mathez","snacks, sweet-snacks, cocoa-and-its-products, confectioneries, chocolate-candies, bonbons, chocolate-truffles",france,"plastic, box, cardboard",,France,e,4.0,,"Graisses végétales (coprah, palmiste), sucre, cacao maigre en poudre, _lactosérum_ en poudre, brisures de crêpe dentelle 5 % (farine de _blé_, sucre, _beurre_ pâtissier, _lait_ en poudre, malt d'_orge_, sel), cacao en poudre, émulsifiant : lécithines de _soja_.",,
3481290027248,Truffes fantaisie Noisette,Mathez,,france,,,,unknown,4.0,,"graisses végétales (coprah, palmiste), sucre, cacao maigre en poudre, lactosérum en poudre, éclats de noisettes caramélisées 6% (noisettes, sucre), cacao en poudre, émulsifiant : lécithines de soja, arôme Traces éventuelles de gluten, amandes, oeufs et pistaches.",,
3481290027538,Truffe Fantaisie Chocolat Caramel Beurre Salé 200 Grammes,Tuffes Fantaisie,,france,,,,unknown,,,,,
3481290030194,Truffes fantaisies praliné,Mathez,"snacks, sweet-snacks, cocoa-and-its-products, confectioneries, chocolate-candies, bonbons, chocolate-truffles",france,,,,e,,,,,
3481290030583,Truffes fantaisie,Mathez,"snacks, sweet-snacks, cocoa-and-its-products, confectioneries, chocolate-candies, bonbons, chocolate-truffles",france,,,,e,4.0,,"graisses végétales (coprah, palmiste), sucre, cacao maigre en poudre, lactosérum en poudre, éclats de caramel au beurre salé 5% (sucre, sirop de glucose, crème fraiche, beurre salé 0,2%, lalt écrémé en poudre, sel de Guérande), cacao en poudre, émulsifiant lécithines de soja, arôme naturel. Traces éventuelles de gluten, amandes, noisettes, ceufs et pistaches.",,
3481290031290,Truffes fantaisie,Mathez,"snacks, sweet-snacks, cocoa-and-its-products, confectioneries, chocolate-candies, bonbons, chocolate-truffles",france,,,,e,4.0,,"Ingredlents : graisses végétales (coprah, palmiste), sucre, cacao maigre en poudre, lactosérum en poudre, cacao en poudre, émulsifiant : lécithines desoia",,
3481290031313,Truffe fantaisie nature,Mathez,"snacks, sweet-snacks, cocoa-and-its-products, confectioneries, chocolate-candies, bonbons, chocolate-truffles",france,,,,e,4.0,,"graisses végétales (coprah, palmiste), sucre, cacao maigre en poudre, lactosérum en poudre, cacao en poudre, émulsifiant : lécithines de soja.",,
3481290031320,Truffes fantaisie,Mathez,,france,,,,unknown,4.0,,"graisses végétales (coprah, palmiste) sucre, cacao maigre en poudre, lactosérum en poudre, cacao en poudre, émulsifiant : lécithines soja. Traces éventuelles de gluten, amandes, noisettes, œufs et pistaches.",,
3481290036264,Truffes fantaisistes,,,france,,,,unknown,,,,,
3481290036837,Truffes fantaisie,,,france,,,,unknown,,,,,
3481290036981,Truffes fantaisie,Mathez,"snacks, sweet-snacks, cocoa-and-its-products, confectioneries, chocolate-candies, bonbons, chocolate-truffles","france, spain",,,,e,,,,,
3481290036998,Truffes Fantaisies,"Alaüs Mathez, Mathez","snacks, sweet-snacks, cocoa-and-its-products, confectioneries, chocolate-candies, bonbons, chocolate-truffles",france,"metal, box",,France,e,4.0,,"Graisses végétales (coprah, palmiste), sucre, cacao maigre en poudre, _lactosérum_ en poudre, cacao en poudre. émulsifiant lécithines de _soja_.",,
3481290037452,Truffes fantaisies,Mathez,"snacks, sweet-snacks, cocoa-and-its-products, confectioneries, chocolate-candies, bonbons, chocolate-truffles",france,,,,e,,,,,
3481290037933,Truffes fantaisie,Mathez,,france,,,,unknown,,,,,
3481290038947,Chocolat lait fourré truffe fantaisie nature,Mathez,,france,,,,unknown,4.0,,"chocolat au lait 70% (sucre, beurre de cacao, pâte de cacao, lait entier en poudre, lactosérum en poudre, beurre pâtissier, émulsifiant : lécithines de soja, arôme naturel de vanille), graisses végétales (coprah, palmiste), sucre, cacao maigre en poudre, lactosérum en poudre, émulsifiant : lécithines de soja . cacao : 30% minimum dans le chocolat au lait. Traces éventuelles de gluten, amandes, noisettes, œufs et sésame. À consommer quelques jours après ouverture. De brusques changements de température peuvent faire apparaître un léger voile blanc à la surface de la tablette, ce qui n'altère en rien la qualité et le goût. Convient aux végétariens. Produit sensible à la chaleur, à conserver dans un endroit sec et frais,",,
3481290039685,La Tablette by Mathez Truffes Fantaisie caramel,Mathez,"snacks, sweet-snacks, cocoa-and-its-products, chocolates, milk-chocolates, filled-chocolates, filled-milk-chocolates",france,tray,,,e,4.0,,"Chocolat au lait 70% (sucre, beurre de cacao, pâte de cacao, lait entier en poudre, lactoserum en poudre, beurre pâtissier, émulsifiant : lécithines de soja, arôme naturel de vanille), graisses végétales (coprah, palmiste), sucre, cacao maigre en poudre, éclats de caramel 2,7% (sucre, sirop de glucose), lactoserum en poudre, arôme naturel, émulsifiant : lécithines de soja. Cacao : 30% minimum dans le chocolat au lait. Traces éventuelles de gluten, Jmandes, noisettes, oeufs et sésame. A consommer quelques jours après uverture. De brusques changements de température peuvent faire apparaître un léger voile blanc à la urface de la tablette, ce qui n'altère en rien la qualité et le goût. Convient aux végétariens. Produit sensible à la chaleur,",,
3481290040131,Truffes Fantaisie Biologiques,,,france,,,,unknown,,,,,
3481290040155,Truffes fantaisie,,,france,,,,unknown,,,,,
3481290040162,Truffes Fantaisie,So Delice,"snacks, sweet-snacks, cocoa-and-its-products, confectioneries, chocolate-candies, bonbons, chocolate-truffles",france,"box, cardboard",,France,e,4.0,,"Graisses végétales (coprah, palmiste), sucre, cacao maigre en poudre, _lactosérum_ en poudre, sucre pétillant 5 % (sucre, _lactose_, contient du beurre de cacao et/ou du sirop de glucose, dioxyde de carbone), cacao en poudre, émulsifiant . lécithines de _soja_.",,
3481290040322,Truffes fantaisie biologiques,Mathez,"snacks, sweet-snacks, cocoa-and-its-products, confectioneries, chocolate-candies, bonbons, chocolate-truffles",france,,,,unknown,,,,,
3481290040414,Truffe fantaisie aux brisures de macaron framboise,Chocolat Mathez,,france,,,,unknown,4.0,,"graisses végétales (coprah, palmiste), sucre, cacao poudre, lactosérum en poudre, brisures de macaron 5% (sucre, blé, farine de blé, farine d'amande, albumine d'œuf, arômes nati à lever : carbonates de sodium), cacao en poudre, émulsifiant : lé soja, arôme naturel de framboise et autres arômes naturels. Traces éventuelles de noisettes et pistaches.",,
3481290040445,Truffe fantaisie,Esprit Gourmet,"snacks, sweet-snacks, cocoa-and-its-products, confectioneries, chocolate-candies, bonbons, chocolate-truffles",france,,,,e,4.0,,"Graisses végétales (coprah, palmiste), sucre, cacao maigre en poudre, lactosérum en poudre, brisures de crêpe dentelle 5% (farine de blé, sucre, beurre pâtissier, lait écrémé en poudre, malt d'orge, sel), cacao en poudre, sel de Guérande 0,5%, émulsifiant : lécithine de soja.",,
3481290040452,Truffes fantaisie,Esprit Gourmet,,france,,,,unknown,4.0,,"graisses végétales (coprah, palmiste), sucre, cacao maigre en poudre, lactosérum en poudre, brisures de crêpe dentelle 5% (farine de blé, sucre, beurre pâtissier, lait écrémé en poudre, malt d'orge, sel), cacao en poudre, sel de Guérande 0,5%, émulsifiant : lécithines de soja. Traces éventuelles de noisettes, amandes, pistaches et œufs.",,
3481290040551,Truffes Fantaisie,Cacao Désir,"snacks, sweet-snacks, cocoa-and-its-products, confectioneries, chocolate-candies, bonbons, chocolate-truffles",france,,,,e,,,,,
3481290040568,Truffes fantaisies,Cacao Desir,,france,,,,unknown,4.0,,"graisses végétales (coprah, palmiste), g sucre, cacao maigre en poudre, lactosérum en poudre, éclats de caramel au beurre salé 5% UJ (sucre, sirop de glucose, crème fraîche, beurre",,
3481290040773,Truffes fantaisie,Mathez,"snacks, sweet-snacks, cocoa-and-its-products, confectioneries, chocolate-candies, bonbons, chocolate-truffles",france,,,,e,,,,,
3481290040797,Truffes Fantaisie biologique nature,Mathez,"snacks, sweet-snacks, cocoa-and-its-products, confectioneries, chocolate-candies, bonbons, chocolate-truffles",france,,,,e,,,,,
3481290040834,Truffe fantaisie crepe dentelle,,,france,,,,unknown,,,,,
3481291008413,Truffes Fantaisie,Mathez,"snacks, sweet-snacks, cocoa-and-its-products, confectioneries, chocolate-candies, bonbons, chocolate-truffles",france,,,,e,4.0,,"ingredlents graisses végétales (coprah, palmiste), sucre, caca maigre en poudre, Cookies 9% (pépites de chocolat 6% (pé'zce cacao, sucre, émulsifiant : lécithine de soja, arôme naturelde vanille), brisures de crêpe dentelle 3% (farine de blé, sucre, beurre concentré, lait écrémé en poudre, malt d'orge, sel)). lactosérum en poudre, cacao en poudre, émulsifiant : de soja",,
3486726024020,Gilauve fantaisie aromatisée,,,france,,,,unknown,,,,,
3487491000141,Lassos cola Confiserie Fantaisie,,,france,,,,unknown,,,,,
3519900000005,Truffes fantaisies chocolat noir,Réauté Chocolat,"snacks, sweet-snacks, cocoa-and-its-products, confectioneries, chocolate-candies, bonbons, chocolate-truffles",france,,,,e,,,,,
3520200000008,Truffe fantaisies cointreau,,,france,,,,unknown,,,,,
3538280837629,Twist Fraise Fantasy,Hollywood,,france,,,,unknown,,,,,
3558380000730,Fantasy,,,france,,,,unknown,,,,,
3560070981519,Truffes fantaisie Eclats de crêpe croustillante,"Carrefour, Esprit De Fete","snacks, sweet-snacks, biscuits-and-cakes, biscuits-and-crackers, cocoa-and-its-products, confectioneries, biscuits, chocolate-candies, bonbons, chocolate-truffles, crepes-dentelle","france, italy, spain",,,,e,4.0,,"Sucre, graisse végétale (noix de coco), pâte de cacao, beurre de cacao, composant de _lactosérum (lait_), cacao maigre en poudre, cacao en poudre, farine de _blé_ 1,8% (_gluten_), _beurre_ concentré 0,2% (_lait_), _lait_ écrémé en poudre, extrait de malt d'_orge_ (_gluten_), sel, émulsifiant : lécithines.
Peut contenir des traces de fruits à coque, de soja, de graines de sésame et d'œufs.",,
3560070981540,Truffes fantaisie saveur éclats de macaron,"Carrefour, Esprit De Fête","snacks, sweet-snacks, cocoa-and-its-products, confectioneries, chocolate-candies, bonbons, chocolate-truffles","france, italy, spain",,Carrefour,,e,4.0,,"Graisses végétales (coprah, palmiste), sucre, cacao maigre en poudre, _lactosérum_ en poudre, éclats de macaron 4% (sucre, blancs d'_œufs_, poudre d'_amandes_, poudre d'_amandes_ amères), cacao en poudre, émulsifiant : lécithines de _soja_, arôme naturel, arôme naturel de vanille.
Peut contenir des traces de fruits à coque, de graines de sésame et de gluten.",,
3560071071349,Fantaisie Biscuitée,,,france,,,,unknown,,,,,
3564700401910,Truffes Fantaisie aux éclats de fève de cacao,"Marque Repère, Equador","snacks, sweet-snacks, cocoa-and-its-products, confectioneries, chocolate-candies, bonbons, chocolate-truffles",france,,Leclerc,,e,4.0,,"Graisses végétales (noix de palmiste) ; sucre ; cacao maipwen poudre ; pâte de cacao ; lactosérum en poudre ; éclats de de cacao 7% ; cacao en p 'Ae; émulsifiant : lécithines (soja) ; arôme naturel de vanille. Traces d'arachides, deg tén, de fruits à coque, de sulfites, d'oeufs et de sésame.",,
3564884013329,Guimauve Fantaisie,Maison Taillefer,"snacks, sweet-snacks, cocoa-and-its-products, confectioneries, chocolate-candies, marshmallows-coated-with-chocolate",france,"plastic, bag, blister, cardboard, protective-gas, cornet","Leclerc,E.Leclerc",,e,4.0,,"Sirop de glucose, chocolat au lait 25% (sucre, beurre de cacao, poudre de _lait_ entier, pâte de cacao, lactosérum (_lait_), lécithine de _soja_, arôme naturel de vanille), sucre, eau, dextrose, sucre glace, gélatine, arôme vanille, protéines de _lait_.",,
3564884014982,Guimauve fantaisie,,,france,,,,unknown,,,,,
3580280512037,Thé à la menthe,Fantasia,,france,,,,unknown,,,,,
3580280804101,Arome De Rose,Fantasia,beverages,france,,,,b,1.0,,"Eau, arôme rose.",,
3580280805108,Fleur D'oranger Naturel,fantasia,eau-du-fleur,france,glass,,,b,4.0,,"Eau, arôme naturel, arôme naturel fleur d'oranger.",,
3580280805153,Arôme fleur d'oranger,Fantasia,"food-additives, flavors, aromes-patisserie, arome-de-fleurs-d-oranger",france,,,,not-applicable,4.0,,"Eau, arôme naturel, arôme naturel fleur d'oranger",,
3580280806020,Sirop de glucose,Fantasia,sirops-de-glucose,france,,,,e,,,,,
3580281040287,Semoule couscous,fantasia,,france,,,,unknown,,,Couscous fi/ seu10uIe glui en ' {le@reférence avant voir étiquette.,,
3580281040584,Couscous moyen,Fantasia,"plant-based-foods-and-beverages, plant-based-foods, cereals-and-potatoes, cereals-and-their-products, cereal-semolinas, wheat-semolinas, durum-wheat-semolinas, durum-wheat-semolinas-for-couscous",france,,,,a,1.0,,"semoule de _blé_ dur, eau",,
3580281042403,Semoule de blé dur extra-fine,Fantasia,"plant-based-foods-and-beverages, plant-based-foods, cereals-and-potatoes, cereals-and-their-products, cereal-semolinas, wheat-semolinas, durum-wheat-semolinas",france,,,,a,1.0,,_Blé_ dur (Triticum durum),,
3580281042502,Semoule de blé dur moyenne,Fantasia,"plant-based-foods-and-beverages, plant-based-foods, cereals-and-potatoes, cereals-and-their-products, cereal-semolinas, wheat-semolinas, durum-wheat-semolinas",france,,,,a,1.0,,Blé dur (Triticum durum). Contient du gluten.,,
3580281205068,"Abricots secs entiers, N°4 Coffret Kilo",Fantasia,"plant-based-foods-and-beverages, plant-based-foods, fruits-and-vegetables-based-foods, fruits-based-foods, dried-products, dried-plant-based-foods, dried-fruits, dried-apricots",france,,,,d,3.0,,"Abricots secs, calibre 5, conservateur : _anhydride sulfureux_",,
3580281210260,Amandes décortiquées,Fantasia,"plant-based-foods-and-beverages, plant-based-foods, nuts-and-their-products, nuts, almonds, shelled-nuts, shelled-almonds, unsalted-almonds",france,,,,a,1.0,,_Amande_,,
3580281210277,Amandes décortiquées,Fantasia,"plant-based-foods-and-beverages, plant-based-foods, nuts-and-their-products, nuts, shelled-nuts, almonds, shelled-almonds",france,,,,a,1.0,,_Amandes_,,
3580281210376,Amandes effilées,Fantasia,"plant-based-foods-and-beverages, plant-based-foods, nuts-and-their-products, nuts, almonds, almond-flakes",france,,,,a,1.0,,_Amandes_,,
3580281215036,Arachides coques grillées,Fantasia Agidra,"plant-based-foods-and-beverages, plant-based-foods, legumes-and-their-products, legumes, nuts-and-their-products, nuts, peanuts, cacahuetes-non-decortiquees",france,,,,a,,,"ARAQHIOES OQUES GRILLtES 9 Ingrédient arachide Peut contenir des traces de fruits à coques. oids net: 500 g rachides d'importation, grillées en Espagne consommer de préférence avant fin'. 01 - 20'18 ot•. L704a-745 conserver à l'abri de la chaleur, e la lumière et de 10h11 m id ité",,
3580281215456,Arachide Décortiquée Blanche Crue Fantasia,,,france,,,,unknown,,,,,
3580281223659,Pâte de dattes,Fantasia,"plant-based-foods-and-beverages, plant-based-foods, fruits-and-vegetables-based-foods, snacks, sweet-snacks, confectioneries, fruits-based-foods, dried-products, fruits, dried-plant-based-foods, dried-fruits, fruit-pastes, dates, pates-de-dattes",france,cardboard,Carrefour,"Lyon,France",d,4.0,,"Dattes, sirop de glucose, huile de tournesol.",,
3580281540039,Graines de Tournesol Grillées Salées,Fantasia,"plant-based-foods-and-beverages, plant-based-foods, seeds, sunflower-seeds-and-their-products, sunflower-seeds",france,,,,b,,,,,
3580281550137,Maïs grillé salé,Fantasia,mais-grille,france,,,,d,3.0,,"Maïs, huile de palme, sel",,
3580281760093,Harissa berbère,Fantasia,"condiments, sauces, harissa-sauces, groceries",france,"glass, pot",Carrefour,"Vénissieux,France",d,3.0,,"Piments rouges 95 %, sel, ail 1 %, coriandre, carvi.",,
3580282051077,Miel de Fleurs,"Agidra, Fantasia","breakfasts, spreads, sweet-spreads, bee-products, farming-products, sweeteners, honeys, flower-honeys, liquid-honeys",france,"glass, jar",,France,e,2.0,,Miel de fleurs,,
3580282290155,Salade mechouia douce,Fantasia,"canned-foods, meals, canned-meals, salades-mechouia",france,"glass, jar",Carrefour,"Vénissieux,France",c,3.0,,"Piment doux 58,5%. tomate 21%, huile de tournesol, sel, ail 0,8%, huile d'olive, coriandre, carvi, conservateur : sorbate de potassium.",,
3580282290162,Salade mechouia douce,Fantasia,"meals, salades-mechouia",france,"glass, jar",Carrefour,"Vénissieux,France",c,3.0,,"Piments forts, tomates, huile de tournesol, huile d'olive, ail, coriandre, carvi, sel.",,
3580282290179,Chakchouka légèrement piquante,Fantasia,"plant-based-foods-and-beverages, plant-based-foods, meals, prepared-vegetables, chakchoukas",france,"glass, jar",Carrefour,"Vénissieux,France",c,3.0,,"Tomate 36 %, piment doux 21,5 %, oignon 21,5 %, huile de tournesol, huile d'olive, piment rouge séché 1,3 %, sel, ail 0,8 %, coriandre, carvi.",,
3580284320102,Feuilles de Brick (10 feuilles),Fantasia,"brick-sheets, brick",france,"plastic, bag, ldpe-bag",,France,e,4.0,,"Farine de _blé_, eau, sel, huile de tournesol, conservateurs : E282-E200, émulsifiant lécithine de _soja_.",,
3588400258445,Truffes Fantaisie Nature,Valdélice,"snacks, sweet-snacks, cocoa-and-its-products, confectioneries, chocolate-candies, bonbons, chocolate-truffles",france,cardboard,,,e,4.0,,"Graisses végétales non hydrogénées (palme/palmiste), sucre, cacao maigre, _lactosérum_, poudre de cacao (1 %), émulsifiant : lécithine de _soja_, arôme naturel de vanille",,
3588400258452,Truffes fantaisie,Valdélice,,france,,,,unknown,,,,,
3588400258926,Happy mix fantaisie,,,france,,,,unknown,,,,,
3588400260370,Meringue fantaisie,Valdélice,"snacks, sweet-snacks, confectioneries, candies, candy-meringues",france,"plastic, bag",,,e,4.0,,"Sucre, sirop de glucose, eau, dextrose, gélatine, arômes, colorants naturels (E100, E120, E160a(ii)).",,
3588400260554,Meringues fantaisies,Valdélice,"snacks, sweet-snacks, confectioneries, candies, candy-meringues",france,"plastic, bag",,,e,4.0,,"Sucre, sirop de glucose, eau, dextrose, gélatine, arômes, colorants naturels (E100, E120, E160a(ii)).",,
3596710397587,Les truffes fantaisie chocolat - intense,Vendome,"snacks, sweet-snacks, cocoa-and-its-products, confectioneries, chocolate-candies, bonbons, chocolate-truffles","france, world",,Auchan,,e,4.0,,"Chocolat 74% (masse de cacao, sucre, beurre de cacao), graisse végétale (coprah), poudre de cacao, émulsifiant : lécithines (SOJA) , arôme naturel de vanille. Cacao dans le chocolat : 50% minimum Traces éventuelles de lait, de céréales contenant du gluten, d'arachides, de fruits à coque et d'oeufs.",,
3596710397617,Truffes fantaisie chocolat - éclats de fèves de cacao,Vendôme,"snacks, sweet-snacks, cocoa-and-its-products, confectioneries, chocolate-candies, bonbons, chocolate-truffles","france, world","boite-carton, sachet-plastique",Auchan,,e,4.0,,"Chocolat 70% (masse de cacao, sucre, beurre de cacao), graisse végétale (coprah), éclats de fèves de cacao 5%, poudre de cacao, émulsifiant : lécithines (SOJA), arôme naturel de vanille. Cacao dans le chocolat : 50% minimum Traces éventuelles de lait, de céréales contenant du gluten, d'arachides, de fruits à coque et d'oeufs.",,
3700133600012,Jus de pomme 100% pur jus,Domaine de Fantarbe,"plant-based-foods-and-beverages, beverages, plant-based-beverages, fruit-based-beverages, juices-and-nectars, fruit-juices, unsweetened-beverages, apple-juices, squeezed-juices, squeezed-apple-juices",france,,,,unknown,1.0,,100% Jus de Pomme,,
3700345902775,Guimauves fantaisies,Les Gourmandises De Sophie,"snacks, sweet-snacks, confectioneries, candies, marshmallows",france,jar,,,e,4.0,,"Sirop de glucose-fructose, sucre, eau, gélatine, humectant : E420, acidifiant : E296, acide citrique, correcte/d'acidité: E350, protéine de LAIT, arômes, amidon de maïs, colorants : E100, E101(i), E120, E133",,
3700345909538,Confiserie fantaisie,Les Gourmandises De Sophie,"snacks, sweet-snacks, confectioneries, candies, marshmallows",france,,,,e,4.0,,"Sucre 48,5%, sirop de glucose-fructose 37%, eau 12,1%, gélatine 2,4%, arômes 0,05%, ingrédients avec pouvoir colorant: concentré de carthane, extrait de carthame, concentré de spiruline, colorant: E120, acidifiant: acide citrique, amidon de MAÏS.",,
3700411906249,Gauffres fantaisie nappées parfum cacao,"Entrepôt de Produits Frais,Tendr'épis","snacks, sweet-snacks, biscuits-and-cakes, pastries, waffles, cocoa-glaze-coated-waffles","belgium, france","plastic, bag",,"France,Belgique",e,4.0,,"Farine de _blé_, Sucre, _œufs_ entiers 18 %, nappage parfum cacao (13.2 %) (sucre, matière grasse végétale (noix de coco, palmiste, palme, tournesol, karité, colza), cacao maigre en poudre, _lactosérum_ en poudre (_lait_), poudre de _lait_ écrémé, stabilisant : tristéarate sorbitane, émulsifiant: lécithine de _soja_, arôme), huile de colza, sirop de sucre inverti, huiles et matières grasses végétales (palme.colza) oligofructose, _lait_ écrémé en poudre (équivalent à 10 % de _lait_ écrémé), amidon de riz, sel, émulsifiant: lécithine de _soja_, poudres à lever (diphosphate disodique, bicarbonate de sodium, amidon de blé), arôme.",,
3700411906256,9 Gaufres Fantasia Nappées Parfum Cacao,FANTASIA,"snacks, sweet-snacks, biscuits-and-cakes, pastries, waffles, cocoa-glaze-coated-waffles",france,plastic,,"France,Belgique",e,4.0,,"Farine de _blé_, sucre, _œufs_ entiers 18 %, nappage parfum cacao (13,2 %) [sucre, graisse végétale (noix de coco, palmiste, palme, tournesol, karité, colza), cacao maigre en poudre, lactosérum en poudre (_lait_), poudre de _lait_ écrémé, stabilisant: tristéarate sorbitane, émulsifiant: lécithine de _soja_, arôme), huile de colza, sirop de sucre inverti, huiles et matières grasses végétales (palme, colza), oligofructose, _lait_ écrémé en poudre (équivalent à 10% de _lait_ écrémé), amidon de riz, sel, émulsifiant: lécithine de _soja_, poudres à lever (diphosphate disodique, bicarbonate de sodium, amidon de _blé_, arôme.",,
3700531213364,Guimauve fantaisie enrobée de chocolat,"Belledone, Belledonne, Brlledone","snacks, sweet-snacks, cocoa-and-its-products, confectioneries, chocolates, guimauve-vrac",france,sachet-plastique,"Magasins Bio, Boutiques Belledonne",,e,4.0,,"Chocolat au _lait_* (48%) (Sucre de canne blond*①, beurre de cacao*①, _lait_ entier en poudre*, pâte de cacao*①, vanille*①), sucre de canne roux*①, sirop de maïs*, eau, gélatine de porc*, _lait_ écrémé en poudre*, jus de citron concentré*, dextrose* (sucre issu de l'amidon de maïs*).",,
3701175700203,Truffe fantaisie piment,,,france,,,,unknown,,,,,
3701175701552,Truffes fantaisie nature,Mathez,"snacks, sweet-snacks, cocoa-and-its-products, confectioneries, chocolate-candies, bonbons, chocolate-truffles",france,,,,e,4.0,,"graisses végétales (coprah, palmiste), sucre, cacao maigre en poudre, lactosérum en poudre, cacao en poudre, émulsifiant : lécithines de soja. Traces éventuelles de gluten amandes, noisettes, oeufs et pistaches.",,
3760036351114,Pâte d'amande fantaisie,,,france,,,,unknown,,,,,
3760070240450,Guimauves fantaisies,Max et ses gourmandises,,france,,,,unknown,,,,,
3800500099941,Brochette de confiserie fantaisie,,,france,,,,unknown,,,,,
4001686391068,Haribo fantasia,Haribo,,france,,,,unknown,,,,,
4001686735824,Happy Holiday ! - Confiserie gélifiée fantaisie en partie aromatisé de cola,Haribo,"snacks, sweet-snacks, confectioneries, candies, gummi-candies",france,"plastic, bag",Action,"Courrières,France",d,4.0,,"Sirop de glucose, sucre, gélatine, dextrose, amidon, acidifiants : acide citrique, acide malique, humectant : sirop de sorbitol, farine de _blé_, jus de fruits à base de concentrés : pomme, fraise, framboise, orange, citron, ananas, concentrés de fruits et de plantes : carthame, pomme, spiruline, citron, radis, cassis, carotte, baie de sureau, patate douce, myrtille, orange, hibiscus, kiwi, mangue, fruit de la passion, aronie, raisin, arôme, sirop de caramel, agents d'enrobage : cire d'abeille blanche et jaune, cire de carnauba ; extrait de baie de sureau, colorant : indigotine, sirop de sucre inverti.",,
4001686849163,Calendrier de l’Avent - Confiserie gélifiée fantaisie,Haribo,"snacks, sweet-snacks, cocoa-and-its-products, confectioneries, festive-foods, christmas-foods-and-drinks, chocolates, candies, advent-calendars","france, switzerland","plastic, cardboard",,"France,Suisse",d,4.0,,"Sucre; sirop de glucose; sirop de sucre mélassé; farine de blé; gélatine; amidon; dextrose; acidifiants: acide citrique, acide malique; extrait de réglisse; maltodextrine; sel; graisse de palme; lactose; protéines du lait; humectant: sirop de sorbitol; correcteurs d'acidité: citrate tricalcique, malate acide de sodium, citrate monosodique, carbonate acide de sodium; concentrés de fruits et de plantes: citron, orange, pomme, kiwi, baie de sureau, cassis, aronie, raisin, épinard, ortie, fruit de la passion, mangue, carthame, spiruline, hibiscus, radis, patate douce, cerise; arome; émulsifiant: mono - et diglycérides d'acides gras; jus de fruits concentrés: pomme, orange, citron, fraise, framboise, ananas, cerise; colorants: curcumine, carmins, bleu patenté V, charbon végétal, carotènes végétaux, extrait de paprika, lutéine, anthocyanes; agents d'enrobage: cire d'abeille blanche et jaune, cire de carnauba; sirop de caramel;",,
4002971842708,Almighurt Fantasie - Vanilla-Himbeere,"Almighurt,Ehrmann","dairies, fermented-foods, fermented-milk-products, desserts, dairy-desserts, fermented-dairy-desserts, yogurts, flavoured-fermented-dairy-desserts, flavoured-yogurts",germany,"glass, de:mehrwegpfand","Edeka,Netto MD,Rewe,Globus,Wolt,Kaufland,Hit",,c,4.0,,"Joghurt mild, Zucker, Wasser, Himbeeren 3,4 %, modifizierte Stärke, Verdickungsmittel (Pektine, Guarkernmehl), Aroma, Vanillesamen, Farbstoffe (E 120, Carotin).",,
4009233003105,Steinofen  Fantastica,"Nestlé,Original Wagner","frozen-foods, meals, pizzas-pies-and-quiches, pizzas, frozen-pizzas-and-pies, frozen-pizzas",germany,"plastic, cardboard, paperboard",,,c,4.0,,"_Weizenmehl_, zerkleinerte Schältomaten (24%), _Käse_ (14%) (schnittfester _Mozzarella_, _Edamer_), Tomatenpaprika (10%) (Paprika, Wasser, Branntweinessig, Zucker, Speisesalz, Stabilisator: Calciumchlorid), Wasser, Salami (5%) [Schweinefleisch, Speck, Speisesalz, Konservierungsstoff: Natriumnitrit, Gewürze (enthält _Senf_), Dextrose, Maltodextrin, Gewürzextrakte, Antioxidationsmittel: Ascorbinsäure, Rauch], Peperoniwurst (2%) [Schweinefleisch, Speck, Speisesalz, Konservierungsstoff: Natriumnitrit, Gewürze (enthält _Senf_), Dextrose, Zucker, Gewürzextrakte, Antioxidationsmittel: Ascorbinsäure, Rauch], pflanzliches Öl (Raps), Hefe, _Vollmilchpulver_, Speisesalz, Zucker, Knoblauch, Kräuter und Gewürze, Emulgator: _Sojalecithine_, Dextrose",,
40212938,fanta,"Coca-Cola Company, fanta","beverages, carbonated-drinks, sodas, sweetened-beverages",france,bouteille-plastique,distributeur,"Toulouse,France",unknown,,,,,
40228938,,Fanta,,france,,,,unknown,,,,,
40822419,Fanta Orange European,Fanta,"beverages-and-beverages-preparations, plant-based-foods-and-beverages, beverages, plant-based-beverages, carbonated-drinks, fruit-based-beverages, sodas, fruit-sodas, orange-soft-drinks","bulgaria, france",,,,d,,,"въглероден диоксид,  вода, фруктозо-глюкозен сироп, сок от портокал от концентрат, ароматизанти с други естествени ароматизанти, антиоксидант ( киселина), стабилизатор (гума сорбат).",,
40822938,"Fanta 0,5",Fanta,"beverages-and-beverages-preparations, plant-based-foods-and-beverages, beverages, plant-based-beverages, carbonated-drinks, fruit-based-beverages, artificially-sweetened-beverages, sodas, fruit-sodas, orange-soft-drinks, sweetened-beverages","austria, belgium, bulgaria, france, georgia, germany, hungary, italy, nigeria, romania, spain, switzerland, tunisia, united-kingdom","plastic, bouchon-plastique, bouteille-plastique, pet-bottle, it:bottiglia-pet",,,c,4.0,,"Apǎ, zahăr, sirop de fructoză-glucoză, suc de portocale minimum 5%, dioxid de carbon, acidifiant acid citric conform reţetei, arome naturale de portocale cu alte arome naturale, antioxidant acid ascorbic, coloranți beta-caroten, stabilizator gumă de guar",,
40901152,Fanta orange,Fanta,"beverages-and-beverages-preparations, plant-based-foods-and-beverages, beverages, plant-based-beverages, carbonated-drinks, fruit-based-beverages, sodas, fruit-sodas, carbonated-fruit-soft-drink, orange-soft-drinks, carbonated-fruit-soft-drink-with-sugar",france,,,,d,,,,,
42094395,Fanta Exotic,Fanta,"plant-based-foods-and-beverages, beverages, plant-based-beverages, carbonated-drinks, fruit-based-beverages, sodas, fruit-sodas, sweetened-beverages",denmark,,,,unknown,4.0,,"Vand, sukker, appelsinsaft (3%), kuldioxid, aromaer, syre (E330), frugt - og vegetabilsk ekstrakt, konserverinsmiddel (E202), stabilisator (E445).",,
42099635,Fanta apple cherry,Fanta,,france,,,,unknown,,,,,
42115670,Fanta Free Orange,Fanta,"beverages-and-beverages-preparations, plant-based-foods-and-beverages, beverages, plant-based-beverages, carbonated-drinks, fruit-based-beverages, sodas, fruit-sodas, orange-soft-drinks, sweetened-beverages",denmark,,,,unknown,4.0,,"Vand, appelsinsaft (3%), kuldioxid, surhedsregulerende middel (E330, E331), aromaer, sødestof (aspartam, saccharin), konserverinsmiddel (E202), antioxidant (E300), stabilisator (E445, E412), farvestof (E160a, E160e). Indeholder en phenylananinkilde.",,
42115687,Fanta Free Pineapple Grapefruit,Fanta,"plant-based-foods-and-beverages, beverages, plant-based-beverages, carbonated-drinks, fruit-based-beverages, sodas, fruit-sodas, sweetened-beverages",denmark,,,,unknown,4.0,,"Vand, juice 5% (ananasjuice 3%, grapefrugtjuice 2%), sukker, kuldioxid, surhedsregulerende middel (E330, E331), aromaer, sødestof (aspartam, acesulfamkalium), konserverinsmiddel (E202), antioxidant (E300), stabilisator (E445, E412), farvestof (E160a). Ind",,
42116776,Fanta orange,Fanta,"beverages-and-beverages-preparations, plant-based-foods-and-beverages, beverages, plant-based-beverages, carbonated-drinks, fruit-based-beverages, sodas, fruit-sodas, orange-soft-drinks, sweetened-beverages","belgium, france",bouteille-plastique,Carrefour,Marche en Famenne,e,4.0,,"eau gazéifiée, sucre,jus d'orange à base de concentré 6%, acidifiants: acide citrique et citrate de sodium, arômes naturels d'orange avec autres arômes naturels, stabilisant : gomme de guar",,
4260012452044,Fantastic Apple,Tea Time,"plant-based-foods-and-beverages, beverages, hot-beverages, plant-based-beverages, herbal-teas, fruit-teas, herbal-tea-blends",switzerland,,,,unknown,,a,,,
4316268433372,Big Choc - Mandel,"Ice Fantasy, Netto MD, Ice Fantasy Netto MD","desserts, frozen-foods, frozen-desserts, ice-creams-and-sorbets, ice-creams, ice-cream-bars, ice-cream-bars-coated-with-chocolate, vanilla-ice-cream-bars-coated-with-milk-chocolate-and-almonds",germany,"cardboard, paperboard",Netto MD,,e,4.0,,"63% Bourbon-Vanilleeis (entrahmte _Milch_, _Molkenerzeugnis_, Glukose-Fruktose-Sirup, Kokosfett, Zucker, Wasser, Magermilchpulver, Emulgator: Mono - und Diglyceride von Speisefettsäuren, färbendes Lebensmittel: Karottenkonzentrat, Stabilisator: Johannisbrotkernmehl, Guarkernmehl, Bourbon-Vanilleextrakt, gemahlene extrahierte Vanilleschoten), 30% Vollmilchschokolade (Zucker, Kakaobutter, _Magermilchpulver_, _Butterreinfett_, _Molkenerzeugnis_, Kakaomasse, Emulgator: Lecithine, Polyglycerin-Polyricinoleat, Vanilleextrakt), 7% blanchierte geröstete Mandelstifte.",,
4792229019609,Fanta orange flavoured,Fanta,,france,,,,unknown,,,,,
4820042650737,Fantasy,KLIM,frozen-foods,france,,,,e,4.0,,"Sucre, sirop de glucose, gélifiant pectine, correcteur d’acidité E330, arôme, colorants: E141, E163, E160a, E100",,
4890008120307,Orange,Fanta,"beverages, carbonated-drinks, sodas, sweetened-beverages",hong-kong,"metal, recyclable-metals, aluminium, can",,Hong Kong,e,4.0,not-applicable,"CARBONATED WATER, SUGAR, ACIDITY REGULATOR (E330), FLAVOURINGS, PRESERVATIVE (E211), COLOUR (E110)",12.9,52.0
4902102034463,Grape - Fanta - 350 ML,Fanta,"beverages, carbonated-drinks","france, japan","metal, can, drink-can",,"Tokyo,Japon",unknown,,,,,
4902102123310,,Fanta,"beverages, carbonated-drinks, unsweetened-beverages",japan,"plastic, bottle",,"Aizu-Wakamatsu,Japon",unknown,,unknown,,,
5000112264951,Fanta,Fanta,,france,,,,unknown,,,,,
5000112530438,Fanta Orange,"Coca-Cola Compagny, Fanta","plant-based-foods-and-beverages, beverages, plant-based-beverages, carbonated-drinks, fruit-based-beverages, sodas, fruit-sodas, orange-soft-drinks, sweetened-beverages",france,"bouteille-bouchon-plastique, etiquette-film-plastique","Cora,Super U","Courrières,Marseille 5°,France",e,4.0,,eau gazéifiée ; jus d'orange à base de jus concentré (10%) ; sucre ; jus de citron à base de concentré (2%) ; arômes naturels d'orange avec autres arômes naturels ; conservateur : sorbate de potassium ; stabilisant : gomme de guar ; extraits de miel ; colorant : caroténoïdes,,
5000112530520,Fanta Orange (Offre Economique),Fanta,"plant-based-foods-and-beverages, beverages, plant-based-beverages, carbonated-drinks, fruit-based-beverages, sodas, fruit-sodas, orange-soft-drinks, sweetened-beverages",france,"plastic, bottle",,France,e,4.0,,"Eau gazéifiée, jus d'orange à base de concentré (10 %), sucre, jus de citron à base de concentré (2 %), arômes naturels d'orange avec autres arômes naturels, conservateur : sorbate de potassium, stabilisant : gomme de guar, extraits de miel, colorant : caroténoïdes.",,
5000112532289,Fanta citron frappé,Fanta,"beverages, carbonated-drinks, artificially-sweetened-beverages, sodas, sweetened-beverages",france,,,,e,4.0,,"12x330mle Boisson rafraîchissante avec jus de citron, avec sucre et édulcorant. eau gazéifiée ; sucre ; jus de citron à base de concentré 5% ; anticrydant : acide ascorbique ; acidifiants : acide citrique, citrate de sodium ; wtgrqateur : sorbate de potassium ; stabilisants : gomme arabique ; esters glycériques de résine de boit édulcorant : glycosides de stéviol ; arômes de citron avec autres arômes naturels ; colorant : caroténoïdes. À warnmer de préférence avant te : voir fond boîtes. Conserver dans un endroit ter#ré, sec et sans odeur. Ne pas agiter. EMB : Coca-Cola European Partners Frace, 9 chemin de Bretagne, CS 80050, 92784 Issy-les-Moulineaux, Cedex 9. Cdfionné avec l'autorisation de The Coca-Cola Company. 02017 The Coca-Cola Company. NO Cristal 09 39 29 00",,
5000112532326,"Fanta Orange, 12 Fois 33 Centilitres",Fanta,,france,,,,unknown,,,,,
5000112545333,Fanta Orange,Fanta,"plant-based-foods-and-beverages, beverages, plant-based-beverages, carbonated-drinks, fruit-based-beverages, artificially-sweetened-beverages, sodas, fruit-sodas, orange-soft-drinks, sweetened-beverages","belgium, denmark, france",,,Denmark,e,4.0,,"Eau gazéifiée, jus d'orange à base de jus concentré (10%), sucren jus de citron à base de concentré (2%), conservateur : sorbate de potassium, arômes naturels d'orange avec autres arômes naturels, édulcorants : acésulfame-K, sucralose, stabilisant : gomme de guar, colorant : caroténoïdes",,
5000112546514,Fanta Orange,"Fanta,Coca-Cola Company","beverages-and-beverages-preparations, plant-based-foods-and-beverages, beverages, plant-based-beverages, carbonated-drinks, fruit-based-beverages, sodas, fruit-sodas, sweetened-beverages",germany,de:produkt,"Lidl,Rewe,Edeka,Netto MD,Aldi",,d,4.0,,"Wasser, Zucker, Orangensaft aus Orangensaftkonzentrat (3%), Kohlensäure, Säuerungsmittel (Citronensäure, Äpfelsäure), Citrusextrakt, Säureregulator Natriumgluconat, Stabilisatoren (E414, E412 und E445), Aroma, Antioxidationsmittel Ascorbinsäure, Farbstoff Carotin.",,
5000112546538,Fanta Lemon,Fanta,,france,,,,unknown,,,,,
5000112546545,Fanta Lemon,Fanta,,"france, germany",,,,unknown,,,,,
5000112547498,ALDI Coca-Cola Fanta orange 1.49€ plus 0.25€ Pfand 1l 0.75€,"Fanta, Coca-Cola","beverages-and-beverages-preparations, plant-based-foods-and-beverages, beverages, plant-based-beverages, carbonated-drinks, fruit-based-beverages, sodas, fruit-sodas, orange-soft-drinks, beverages-with-orange, sweetened-beverages","france, germany",,,,d,4.0,,"Wasser, Zucker, Orangensaft aus Orangensaftkonzentrat, Kohlensäure, Saverungsmittel Citronensäure, Citrusextrakt, natürliches Orangenaroma mit anderen natürlichen Aromen, Antioxidationsmittel Ascorbinsäure, Farbstoff Carotin, Stabilisatoren E 412, E 414 und E 445",,
5000112548082,Fanta Orange,"Coca-Cola, Fanta, Orange","beverages-and-beverages-preparations, plant-based-foods-and-beverages, beverages, plant-based-beverages, carbonated-drinks, fruit-based-beverages, sodas, fruit-sodas, orange-soft-drinks, sweetened-beverages","france, germany, switzerland","plastic, pet-polyethylene-terephthalate, bottle, de:einwegpfand",,,d,4.0,,"Wasser, Zucker, Orangensaft aus Orangensaftkonzentrat, Kohlensäure, Säuerungsmittel Citronensäure, Citrusextrakt, natürliches Orangenaroma mit anderen natürlichen Aromen, Antioxidationsmittel Ascorbinsäure, Farbstoff Carotin, Stabilisator Guarkernmehl.",,
5000112548365,Fanta Orange,Fanta,"beverages-and-beverages-preparations, plant-based-foods-and-beverages, beverages, plant-based-beverages, carbonated-drinks, fruit-based-beverages, sodas, fruit-sodas, lemonade, sweetened-beverages, de:orangenlimonade",germany,"plastic, bottle",Rossmann,"Erfurt,Thüringen,Deutschland",b,4.0,,"Wasser, Zucker, Orangensaft aus Orangensaftkonzentrat (3%), Kohlensäure, Säuerungsmittel (Citronensäure, Apfelsäure), Citrusextrakt, Säureregulator Natriumgluconat, Stabilisatoren (E414, E412 und E445), Aroma, Antioxidationsmittel Ascorbinsäure, Farbstoff Carotin.",,
5000112557688,Fanta,Fanta,"beverages-and-beverages-preparations, plant-based-foods-and-beverages, beverages, plant-based-beverages, carbonated-drinks, fruit-based-beverages, sodas, fruit-sodas, non-alcoholic-beverages, sweetened-beverages","france, italy, spain, switzerland","metal, recyclable-metals, aluminium",,,e,4.0,,"acqua, succo di arancia (12%), zucchero, anidride carbonica, acidificante acido citrico, aromi naturali di agrumi, stabilizzante gomma d'acacia, antiossidante acido ascorbico",,
5000112564044,Fanta lemon,Fanta,"plant-based-foods-and-beverages, beverages, plant-based-beverages, carbonated-drinks, fruit-based-beverages, sodas, fruit-sodas, lemon-soft-drinks, sweetened-beverages","france, italy, switzerland","metal, recyclable-metals, aluminium",,,e,,,,,
5000112575064,Fanta Fruit Twist,Fanta,,france,,,,unknown,,,,,
5000112579390,Fanta Exotic,"Fanta, The Coca-Cola Company","plant-based-foods-and-beverages, beverages, plant-based-beverages, carbonated-drinks, fruit-based-beverages, sodas, fruit-sodas, sodas-with-exotic-fruits, sweetened-beverages",sweden,"metal, recyclable-metals, aluminium",,Sweden,e,4.0,,"Kolsyrat vatten, socker, juice från koncentrat 3% (apelsin 2.6%, passionsfrukt 0.2%, persika 0.2%), citrusextrakt, surhetsreglerande medel (E330), frukt - och växtkoncentrat (svartvinbär, morot, aronia, fläderbär, citron, färgtistel), naturliga aromer, stabiliseringsmedel (E445, E414).",,
5000112583618,"Fanta, Mango",Fanta,,"france, germany",de:flasche-n,,,unknown,,,,,
5000112583632,Fanta Erdbeere / Kiwi,Fanta,,"france, germany",,,,unknown,4.0,,"Wasser, Zucker, Zitronensaft aus Zitronensaftkonzentrat (3%), Kohlensäure, natürliches Kiwiaroma mit anderen natürlichen Aromen, färbendes Lebensmittel (Konzentrat aus Karotte und Distel), Säuerungsmittel Citronensäure",,
5000112587340,Kiwi und Strawberry Limo,Fanta,"beverages-and-beverages-preparations, plant-based-foods-and-beverages, beverages, plant-based-beverages, carbonated-drinks, fruit-based-beverages, sodas, fruit-sodas, sweetened-beverages","france, germany","plastic, pet-polyethylene-terephthalate, de:einwegflasche, de:flasche-n",Lidl,,e,4.0,,"Wasser, Zucker, Zitronensaft aus Zitronensaftkonzentrat (3%), Kohlensäure, naturliches Kiwiaroma mit anderen natürlichen Aromen, färbendes Lebensmittel (Konzentrat aus Karotte und Distel), Säuerungsmittel Citronensaure",,
5000112588606,FANTA 250ml Proddota in Italia,Fanta,,france,,,,unknown,,,,,
5000112595598,Fanta Exotic,Fanta,"plant-based-foods-and-beverages, beverages, plant-based-beverages, carbonated-drinks, fruit-based-beverages, sodas, fruit-sodas",norway,,,,unknown,,not-applicable,,,
5000112597370,"Fanta Sitron 1,5l",COCA-COLA EUROPEAN PARTNERS NORGE A,"beverages-and-beverages-preparations, plant-based-foods-and-beverages, beverages, plant-based-beverages, carbonated-drinks, fruit-based-beverages, artificially-sweetened-beverages, sodas, fruit-sodas, lemon-soft-drinks",norway,,,,e,4.0,,"Kullsyreholdig vann, sukker, sitronjuice fra konsentrat (6%), surhetsregulerende middel (E330), stabilisator (E414, E445), antioksidant (E300), naturlige citrus aromaer.",11.6,48.0
5000112606041,Fanta Wildbeeries,Fanta,,france,,,,unknown,,,,,
5000112618815,Fanta Shokata,"Coca-Cola Company, Fanta","beverages, carbonated-drinks, sodas, sweetened-beverages",france,,,,d,,,,,
5000112618822,Fanta orange,Fanta,"beverages, carbonated-drinks, sodas, sweetened-beverages","france, serbia","plastic, pet-polyethylene-terephthalate",,Serbia,e,4.0,,"Voda, visoko fruktozni sirup, sok od narandže (3%), ugljen-dioksid (min. 2g/L), kiselina: limunska kiselina, ekstrakt citrusa (1%), prirodne arome, konzervans: kalijum-sorbat, antioksidans: askorbinska kiselina, boja: karoteni, stabilizator: guar guma.",,
5000112621716,Orange,Fanta,"plant-based-foods-and-beverages, beverages, plant-based-beverages, carbonated-drinks, fruit-based-beverages, artificially-sweetened-beverages, sodas, fruit-sodas, orange-soft-drinks, sweetened-beverages",france,"plastic, bottle",,,e,4.0,,"Eau gazéifiée, jus d'orange à base de concentré (10 %), sucre, jus de citron à base de concentré (2 %), conservateur : sorbate de potassium, arômes naturels d'orange avec autres arômes naturels, édulcorants : acésulfame-K, sucralose, stabilisant : gomme de guar, colorant : caroténoïdes.",,
5000112622751,Fanta Zero Pink Grapefruit 50 CL å,"Fanta, Fanta-light",,france,,,,unknown,,,,,
5000112626063,Fanta mucho,Fanta,"beverages, carbonated-drinks, sodas, sweetened-beverages",serbia,"plastic, pet-polyethylene-terephthalate",,Serbia,e,4.0,,"voda, visoko fruktozni sirup, ugljen-dioksid (min. 2g/l), voćni sokovi od koncentrisanog voćnog soka (narandže 2.8%, marakuje 0.1%, limuna 0.1%), kiseline (limunska, jabučna), aroma, konzervans (kalijum-sorbat), emulgatori (akacija guma, glicerolski estri smole drveta, guar guma), zaslađivač (steviol glikozidi), antioksidans (askorbinska kiselina).",,
5000112628937,Fanta orange,Fanta,,france,,,,unknown,,,,,
5000112631692,Fanta citron frappé,fanta,"beverages, carbonated-drinks, sodas, lemonade, sweetened-beverages",france,bottle,,,d,4.0,,"Boisson rafraichissante au jus de citron, avec arômes naturels, avec sucre et édulcorant. Ingrédients: gazéifiée",,
5000112631708,Fanta orange,Fanta,"plant-based-foods-and-beverages, beverages, plant-based-beverages, carbonated-drinks, fruit-based-beverages, sodas, fruit-sodas, orange-soft-drinks, sweetened-beverages",france,,,,unknown,,,,,
5000112631722,Fanta orange,Fanta,"plant-based-foods-and-beverages, beverages, plant-based-beverages, carbonated-drinks, fruit-based-beverages, sodas, fruit-sodas, orange-soft-drinks, sweetened-beverages",france,,,,d,,,,,
5000112631777,Fanta orange,Fanta,,france,,,,unknown,,,,,
5000112633160,Fanta,Fanta,,france,,,,unknown,,,,,
5000112634051,Dragonata,Fanta,"plant-based-foods-and-beverages, beverages, plant-based-beverages, carbonated-drinks, fruit-based-beverages, sodas, fruit-sodas, sweetened-beverages",serbia,"metal, recyclable-metals, aluminium, can",,Serbia,e,4.0,not-applicable,"voda, visoko fruktozni sirup, ugljen dioksid (min. 2 g/l), voćni sokovi od koncentrisanog voćnog soka: narandža 2.7%, mango 0.1%, limun 0.1%, kiseline: limunska kiselina i jabučna kiselina, voćni pire od pitaje 0.1%, arome, boja: karoteni, antioksidans: askorbinska kiselina, konzervans: kalijum-sorbat, zaslađivač: steviol glikozidi, stabilizator: guar guma.",6.4,
5000112637236,Fanta pamplemousse,Fanta,,france,,,,unknown,,,,,
5012035912673,Haribo Fantastics 75GR,Haribo,,france,,,,unknown,4.0,,"luglijde, egen warmte en vol @ (ONFISERIE GÉLIFIÉE FANTAISIE, EN PARIIE AU GOUI cowlngrédients: Sirop de glucose; sucre; gélatine, dextrose acidifiants acide citrique, acide fumarique; Sirop de carat)lel, concentrés de fruits et de plantes: pomme, drome, cassis, baie de sureau, raisin, hibiscus, kiwi, citron, mangue orange, fruit de la passion, carthame, spiruljne; aròme; extrait de baie de sureau.",,
50112166,Jus fanta,Fanta,"plant-based-foods-and-beverages, beverages, plant-based-beverages, fruit-based-beverages, sweetened-beverages","belgium, france",,Delhaize,,e,4.0,,"eau; sucre; jus de fruits à base de concentré (6%): orange (3.5%), citron (2.5%); acidifiant: acide citrique; concentré de carotte et de potiron; stabilisants: cettutose, gomme de guar; arômes naturels d'orange avec autres arômes naturets; antioxydant: acide ascorbique; extraits de miel.",,
50112753,Fanta Cassis Pet,Fanta,beverages,france,plastic,,,e,,,VOEDINGSWAARDE/,,
5030119631722,Fanta orange,Fanta,,france,,,,unknown,,,,,
5400113579052,Gaufres moelleuses au beurre avec fantaisie au cacao,Delhaize,"snacks, sweet-snacks, biscuits-and-cakes, pastries, waffles, cocoa-glaze-coated-waffles",belgium,,Delhaize,"Schaerbeek,Belgique",e,4.0,,"Farine de _blé_, sucre, fantaisie au cacao 19,4% (sucre, matières grasses végétales non hydrogénées (coco, palmiste, palme, karité), poudre de cacao maigre, stabilisant (tristéarate de sorbitane), émulsifiant (lécithine de _soja_), arôme naturel de vanille), _œufs_, _beurre_ concentré 10,6% (matière grasse du _lait_, colorant (bêta-carotène)), margarine (graisse de palme non hydrogénée, eau, sel, jus de citron, arômes naturels, colorant (bêta-carotène)), _lait_ entier, sel",,
54007833,,"Fanta, Fanta-light","beverages-and-beverages-preparations, beverages, carbonated-drinks, artificially-sweetened-beverages, sodas, diet-beverages, diet-sodas","france, germany",de:5400-7833-recycle-mich-ohne-20-lem-fa,,,c,4.0,,"Wasser, Zitronensaft aus Zitronensaftkonzentrat (1%), Kohlensäure, Säuerungsmittel Citronensäure, Säureregulator Natriumcitrate, Süßungsmittel (Acesulfam K, Natrium - cyclamat, Aspartam), Antioxidationsmittel Ascorbinsäure Stabilisatoren E 414 und E 445, natürliches Zitronenaroma Sa mit anderen natürlichen Aromen, Farbstoff Carotin. Enthält eine Phenylalaninquelle. Mit Genehmigung von THE COCA-COLA COMPANY Coca-Cola European Partners DE, Postfach 67 01 56, 10207 Berlin 030/209 11 209/www.fanta.de PETO ଝ Bre Refe",,
54008298,Strawberry & Kiwi,Fanta,,france,,,,unknown,,,,,
5410606000017,Langues fantaisie fourrées,L.M.R Biscuits Nv,"snacks, sweet-snacks, biscuits-and-cakes, biscuits, chocolate-biscuits",france,"plastic, bag, tray",,,e,4.0,,"farine de _blé_, fantaisie de cacao 16% [sucre, huiles végétales totalement hydrogénées (noix de coco, palmiste) en proportion variable, cacao maigre en poudre, stabilisant : E492, émulsifiant : lécithine de _soja_, arôme], sucre, margarine [huiles végétales (palme, colza, noix de coco) en proportion variable, eau, émulsifiants : E471 et E475, acidifiants : acide lactique et lactosérum (contient _lait_), sucre, dextrose, graisse végétale (palme), arôme], dextrose, poudres à lever : E50, E500 et E503, farine de _soja_, sel, amidon de _blé_, _lait_ écrémé en poudre, maltodextrine, stabilisant : E450, émulsifiants : E471, E472b et E477, arôme : vanilline.",,
5411178817324,Mini fantasy mallows,Van Damme Confiserie N V,,france,,,,unknown,4.0,,",dieots I Sirop de glucose-fi sucre, eau, dextrose, gélatine de porc, arôme, colorantsF120 E100 17104i201",,
5411423150022,Gaufres Fantasia,Thijs,"snacks, sweet-snacks, biscuits-and-cakes, pastries, waffles, cocoa-glaze-coated-waffles",france,,,,e,4.0,,"Farine de blé, margarine (huile de palme et colza, graisse de palme, eau, sel, émulsifiants: lécithine de soja, mono et diglycérides d'acides gras, acidifiant: acide citrique et acide lactique, colorant bêta-carotène, arôme, Vitamine A, Vitamine D3), sucre, nappage cacao (15,4%) (sucre, graisses végétales (cocos, palme), cacao maigre en poudre, stabilisant: E492, émulsifiant: lécithine de soja, arôme naturel de vanille), œufs, farine de soja, sucre inverti, stabilisant: sorbitol, humectant: lycérol, poudre à lever: carbonate acide d'ammonium, sel, émulsifiant lécithine de soja, arôme. Peut contenir des traces de lait.",,
5413121361687,Truffle Fantasy Filling,Belgian,,france,,,,unknown,4.0,,"Sucre, beurre de cacao, graisse végétale (palme), poudre de LAIT entier, pâte de cacao, agent de masse: carbonate de calcium; LACTOSE, lactosérum en poudre (LAIT), poudre de cacao maigre, émulsifiant: lécithines (SOJA); arôme: arôme naturel de vanille; NOISETTES. Peut contenir des traces de: gluten et autres noix. Chocolat au lait: cacao: 31.4% minimum.",,
5413128336640,Confiserie fantaisie,,"snacks, sweet-snacks, confectioneries, candies",france,,,,e,,,,,
5413128349749,Petites Meringues Fantaisie,Calella,"snacks, sweet-snacks, confectioneries, candies, candy-meringues",france,"plastic, bag",,France,e,4.0,,"Sucre, sirop de glucose, dextrose, gélatine, humectants (E420), arômes, colorants (E100, E120).",,
5414730335007,Sucette fantaisie,,,france,,,,unknown,,,,,
5425026051396,Confiserie enrobée de fantaisie au cacao,Sucake,,belgium,,,,unknown,,,,,
5449000000088,Fanta lemon 1l pet,The Coca Cola Company,"beverages-and-beverages-preparations, plant-based-foods-and-beverages, beverages, plant-based-beverages, carbonated-drinks, fruit-based-beverages, artificially-sweetened-beverages, sodas, fruit-sodas, non-alcoholic-beverages, sweetened-beverages","france, morocco, spain",plastique,,,d,4.0,,"eau gazeuse ,sucre , acidifiants: E330; E331; E300. conservateur:  E202. E414 . E 950. E955 . colorant : E104",,
5449000000712,Fanta orange slim 25cl,"Fanta, Fanta orange","beverages-and-beverages-preparations, beverages, carbonated-drinks, non-alcoholic-beverages, sodas","belgium, france, morocco",,,,e,,,"ماء, سكر, ثاني أكسيد الكربون, مركز عصير البرتقال, حمض الستريك, نكهات طبيعية, بنزوات الصوديوم, سوربات البوتاسيوم, صمغ الغوار, صمغ الزانثان, أسيسولفام البوتاسيوم, سوكرالوز, لون الكاروتين",,
5449000000859,Fanta citrus 330 ml can,Fanta,"beverages, unsweetened-beverages, sweetened-beverages",france,,,,e,4.0,,"eau pétillante, sucre, jus d*agrumes à base de concentré (5%), orange (2%), mandarine (0,5%), pamplemousse (1%), citron (0,5%), citron vert (0,5%), acidifiants : acide citrique, citrate de sodium, extraits d'agrumes, conservateur : sorbate de potassium, arômes naturels d'agrumes, stabilisant : gomme de guar.",,
5449000001320,Fanta Citron frappé,fanta,"plant-based-foods-and-beverages, beverages, plant-based-beverages, carbonated-drinks, fruit-based-beverages, sodas, fruit-sodas, sweetened-beverages","belgium, france",bouteille-plastique,,Belgique,d,4.0,,eau pétillante;sucre;jus de citron à base de concentré 5%;acide citrique;citrate de sodium;antioxydant;acide ascorbique;sorbate de potassium;gomme arabique;esters glycériques de résine de bois;édulcorant;glycosides de stéviol;arômes naturels d'agrumes,,
5449000003102,Fanta 330 kutu,Fanta,"beverages-and-beverages-preparations, beverages, carbonated-drinks, sodas","france, turkey",,,,d,4.0,,"Su, şeker veya fruktoz-glikoz şurubu, karbondioksit, portakal suyu konsantresi (meyve oranı en az 3%), asitliği düzenleyiciler (sitrik asit, malik asit, sodyum sitrat), C vitamini, koruyucu (potasyum sorbat), aroma vericiler, tatlandırıcılar**(sodyum siklamat, sakkarin), renklendirici (beta karoten), kıvam artırıcı (keçi boynuzu gamı)",,
5449000003201,Fanta piña,Fanta,"plant-based-foods-and-beverages, beverages, plant-based-beverages, carbonated-drinks, fruit-based-beverages, sodas, fruit-sodas, sodas-with-exotic-fruits, sweetened-beverages","portugal, senegal, spain","metal, recyclable-metals, aluminium, can","Carrefour,Alcampo","Zaragoza,Spain,Portugal,Lisboa",c,4.0,,"Agua carbonatada, 7% zumo de piña a partir de concentrado, acidulantes: ácido cítrico y ácido málico, corrector de acidez gluconato sódico, almidón modificado, edulcorantes: E-950 y sacralosa, conservador E-202, aromas naturales, estabilizantes: E-444 y E-445, antioxidante ácido ascórbico y colorante E-161b.",,
5449000003751,REFRESCO PIñA FANTA,Fanta,"beverages-and-beverages-preparations, beverages, carbonated-drinks, sodas, sweetened-beverages",france,,,,e,,,,,
5449000003768,FANTA Pineapple Tlavoured drink 2 litre,Fanta,"beverages-and-beverages-preparations, beverages, sweetened-beverages",france,,,,e,,,,,
5449000003775,"Fanta Citron Frappé,",Fanta,,"belgium, france",,Delhaize,,unknown,,,,,
5449000004840,Fanta Naranja,"Fanta, Coca-Cola","beverages-and-beverages-preparations, plant-based-foods-and-beverages, beverages, plant-based-beverages, carbonated-drinks, fruit-based-beverages, artificially-sweetened-beverages, sodas, fruit-sodas, carbonated-fruit-soft-drink, orange-soft-drinks, carbonated-fruit-soft-drink-with-less-than-10-of-fruit-juice, sweetened-beverages, Boisson gazeuse aux fruits avec moins de 20 % de jus non sucrée avec édulcorants","bulgaria, czech-republic, france, georgia, germany, kazakhstan, romania, spain, united-kingdom","bouchon-en-plastique, bouteille-en-plastique, pet-bottle",,,d,4.0,,"Agua carbonatada, 8% zumo de naranja a partir de concentrado, azúcar, acidulantes: ácido cítrico y ácido málico, estabilizantes: E-414, E-444 y E,445, edulcorantes: E-950, aspartamo y E-959, conservador E-202, corrector de acidez: citratos de sodio, aromas naturales de naranja y otros aromas naturales, antioxidante ácido ascórbico y colorante carotenos, Contiene una fuente de fenilalanina,",,
5449000005090,Fanta,fanta,"plant-based-foods-and-beverages, beverages, plant-based-beverages, carbonated-drinks, fruit-based-beverages, sodas, fruit-sodas, sweetened-beverages","italy, switzerland","plastic, pet-polyethylene-terephthalate, bottle, it:bottiglia-pet",,,e,4.0,,"water, orange juice (12%), sugar, carbon dioxide, acidifying: citric acid, natural citrus aromas, stabilizer: acacia gum, antioxidant: ascorbic acid,",,
5449000005991,FANTA can 25 cl,Fanta,"beverages-and-beverages-preparations, beverages, carbonated-drinks, sodas, sweetened-beverages","france, morocco, spain",,,,e,4.0,,ماء غازي، سکر، عصير الليمون، محمضات : E330 300، مادة حافظة: E202 ، مستحلب: E414، محليات: E950 E955 ، نكهات الليمون الطبيعية ملون: E104. معبا من طرف (لا) أنظر الرب أسفل العلبة و عنوان الشركة المعبئة المطابق له الموضح سله، بموجب ترخيص من شرك کوکاکولا صاحبة العلامة التابة المسجلة فانتا 2018 © مدة العرض: من 1 مارس إلى ماي 2018 المنطقة: المغرب فرص الفوز بالمشاركة في هذه اللعبة متكافئة. ارسل الكود إلى الرقم 5018 للفوز برحلة لتشجيع المغرب في روسيا، تبلغ قيمتها حوالي 45.000 در هم. قواعد اللعبة متوفرة مجانا عند الطلب عند السيد عبد الكريم حدوي، موثق بالدار البيضاء: 5 ممر السوق الكبير، أواعد المنظمين اللذين يرد عنوانهم أسفله. سعر الرسائل القصيرة هو 1 درهم باحتساب الرسوم تحفظ في مكان نظيف، جاف وبارد . تاريخ الإنتاج: (P)، رقم الحص ويحبذ الإستهلاك قبل نهاية: (E) أنظر أسفل العلبة. : كوبومي، تكنوبول مطار محمد الخامس م. ص. النواصر الدار البيضاء، لصالح الشركة المركزية للمشروبات ال : شركة تعبئة أطلس شم. 8، التوسعة الأولى - اللوجستية المنطقة الحرة بطن - الغازية أرسل الا الله (الدارالبيضاء )، 7.7.14 .AUT.SVONSSA n: BG jRGA : EA. 34.45. 16 الاحتيا,,
5449000006004,Fanta Limón,"Fanta, Coca-Cola, The Coca-Cola Company","beverages-and-beverages-preparations, plant-based-foods-and-beverages, beverages, plant-based-foods, fruits-and-vegetables-based-foods, plant-based-beverages, carbonated-drinks, fruit-based-beverages, artificially-sweetened-beverages, sodas, fruit-sodas, lemon-soft-drinks, sweetened-beverages","belgium, france, spain, united-kingdom","metal, can, drink-can, aluminium-can, aluminium-tin, green-dot",,,d,4.0,,"carbonated water, lemon juice from concentrate 6%, sugar, acidulants (malic acid, citric acid), sweeteners (acesulfame k, aspartame, neohesperidin dc), antioxidant (ascorbic acid), acidity corrector (sodium citrate), preservative (potassium sorbate), stabilizers (gum arabic, glyceride esters of wood rosin), natural lemon aromas, natural aromas, coloring (beta-carotene),",,
5449000006011,Fanta Lemon 2ltr,"Fanta, Coca-Cola","beverages-and-beverages-preparations, plant-based-foods-and-beverages, beverages, plant-based-beverages, carbonated-drinks, fruit-based-beverages, non-alcoholic-beverages, sodas, fruit-sodas, lemon-soft-drinks, sweetened-beverages","france, spain, united-kingdom","plastic, bottle",,,d,4.0,,"Carbonated Water, Lemon Juice from   Concentrate (5%), Sugar, Acidity Regulator (Sodium Gluconate), Acids (Citric Acid, Malic Acid), Sweeteners (Acesulfame K, Aspartame), Preservative (Potassium Sorbate), Stabilisers (Acacia Gum, Glycerol Esters Of Wood Rosins), Antioxidant (Ascorbic Acid), Natural CAP ON Contains a Source of Phenylalanine.",,
5449000006271,Fanta orange,Fanta,"beverages-and-beverages-preparations, plant-based-foods-and-beverages, beverages, plant-based-beverages, carbonated-drinks, fruit-based-beverages, sodas, fruit-sodas, orange-soft-drinks, sweetened-beverages","austria, azerbaijan, belgium, france, germany, kazakhstan, morocco, tunisia","label, bouteille-plastique, pet-bottle",,,e,4.0,,"Eau pétillante , sucre , jus d'orange à base de concentré (6%) , acidifiants , acide citrique, citrate de sodium , conservateur : sorbate de potassium , arômes naturels d'orange avec autres arômes naturels , antioxydant : acide ascorbique , concentré de carottes , stabilisant : gomme de guar,",,
5449000006721,"Fanta, Cassis",Fanta,,france,,,,unknown,,,,,
5449000008763,Fanta Laranja,Fanta,"beverages-and-beverages-preparations, plant-based-foods-and-beverages, beverages, plant-based-beverages, carbonated-drinks, fruit-based-beverages, sodas, fruit-sodas, orange-soft-drinks","france, portugal",,,,c,,,,,
5449000010070,Grape,Fanta,"beverages-and-beverages-preparations, beverages, carbonated-drinks, sodas, sweetened-beverages","germany, romania",,,,d,,,,,
5449000010940,Фанта лимон,Fanta,"beverages-and-beverages-preparations, plant-based-foods-and-beverages, beverages, fruit-based-foods-and-beverages, non-alcoholic-beverages, plant-based-beverages, carbonated-drinks, fruit-based-beverages, soft-drinks, sodas, fruit-sodas, lemon-soft-drinks, sweetened-beverages","bulgaria, france",,,,d,4.0,,"Вода, фруктозо-глюкозен сироп, лимонов сок от концентрат 6%, въглероден диоксид, киселина (ябълчена киселина, лимонена киселина), подсладител (ацесулфам К, аспартам, неохесперидин дихидрохалкон), антиоксидант (аскорбинова киселина), регулатор на киселинността (натриев цитрат), консервант (калиев сорбат), стабилизатор (акациева гума, глицеролов естер на дървесна смола), натурални лимонови аромати и други натурални аромати, оцветител (каротини).",,
5449000011527,fanta Orange,"Fanta, Coca-Cola, The Coca-Cola Company","beverages-and-beverages-preparations, plant-based-foods-and-beverages, beverages, plant-based-beverages, carbonated-drinks, fruit-based-beverages, artificially-sweetened-beverages, sodas, fruit-sodas, orange-soft-drinks","benin, bulgaria, democratic-republic-of-the-congo, france, germany, senegal, spain, united-kingdom",aluminium-can,,,c,4.0,,"carbonated water: concentrated orange juice (10%): sugar: concentrated lemon juice (2%): natural orange aromas with other natural aromas: preservative: potassium sorbate: stabilizing guar gum: honey extracts coloring: carotenoids,",,
5449000011688,Orange,Fanta,"plant-based-foods-and-beverages, beverages, plant-based-beverages, carbonated-drinks, fruit-based-beverages, juices-and-nectars, sodas, fruit-juices, fruit-sodas, orange-soft-drinks, sweetened-beverages",france,,,,d,,,,,
5449000015594,Fanta Exotic,Fanta,"plant-based-foods-and-beverages, beverages, plant-based-beverages, carbonated-drinks, fruit-based-beverages, sodas, fruit-sodas, sodas-with-exotic-fruits, sweetened-beverages","albania, belgium, serbia, sweden",,ICA,Serbia,e,4.0,,"kolsyrat vatten, socker, juice från koncentrat 3% (apelsin 2.6%, passionsfrukt 0.2%, persika 0.2%), citrusextrakt, syra (E330), frukt - och vegetabiliskt koncentrat (svartvinbär, morot, aronia, fläderbär, citron, safflor), naturliga aromer, stabiliseringsmedel (E445, E414).",,
5449000016669,FANTA 2.5 L,Fanta,"beverages-and-beverages-preparations, plant-based-foods-and-beverages, beverages, plant-based-beverages, carbonated-drinks, fruit-based-beverages, sodas, fruit-sodas, sweetened-beverages","france, romania",,,,d,4.0,,"contents: water, sugar (s)* or fructose-glucose syrup (f)*, carbon dioxide, orange juice concentrate fruit ratio at least 3%), acidity regulators (citric acid, malic acid, sodium citrate), vitamin c, preservative (potassium sorbate), flavorings, sweeteners** (sodium cyclalamate, sucrose), coloring (beta carotene), consistency enhancer (goat horn gami), kallanilan sugar or fructose-glucose surubu are encoded on the package, energy eat nutrient oäelari",,
5449000017918,Fanta Orange Mehrweg Pet 1L X1 1 l,"Fanta, Coca Cola","beverages-and-beverages-preparations, plant-based-foods-and-beverages, beverages, plant-based-beverages, carbonated-drinks, fruit-based-beverages, sodas, fruit-sodas, lemonade, orange-soft-drinks, sweetened-beverages",germany,"flasche, kunststoff, mehrwegpfand",,,d,4.0,,"Wasser, Zucker, Orangensaft aus Orangensaftkonzentrat (3%), Kohlensäure, Säuerungsmittel (Citronensäure, Äpfelsäure), Citrusextrakt, Säureregulator Natriumgluconat, Stabilisatoren (E414, E412 und E445), Aroma, Antioxidationsmittel Ascorbinsäure, Farbstoff Carotin.",,
5449000019837,Orange,Fanta,"plant-based-foods-and-beverages, beverages, plant-based-beverages, carbonated-drinks, fruit-based-beverages, sodas, fruit-sodas, orange-soft-drinks, sweetened-beverages",france,,,,unknown,,,,,
5449000021205,Fanta Lemon,Fanta,"beverages-and-beverages-preparations, plant-based-foods-and-beverages, beverages, plant-based-beverages, carbonated-drinks, fruit-based-beverages, sodas, fruit-sodas, lemon-soft-drinks, sweetened-beverages",germany,"plastic, de:mehrwegpfand",,,e,4.0,,"Wasser, Zucker, Zitronensaft aus Zitronensaftkonzentrat (2,5%), Kohlensäure, Säuerungsmittel Citronensäure, Antioxidationsmittel Ascorbinsäure, Stabilisierungsmittel Gummi Arabicum und Glycerinester aus Wurzelharz, natürliches Citrusaroma mit anderen natürlichen Aromen, Farbstoff Carotin",,
5449000021830,Fanta ananas,Fanta,"plant-based-foods-and-beverages, beverages, plant-based-beverages, carbonated-drinks, fruit-based-beverages, sodas, fruit-sodas, sweetened-beverages",france,,,,e,,,,,
5449000022509,Fanta Lemon,"Fanta, The Coca-Cola Company","plant-based-foods-and-beverages, beverages, plant-based-beverages, carbonated-drinks, fruit-based-beverages, sodas, fruit-sodas, sweetened-beverages",sweden,"plastic, pet-polyethylene-terephthalate, sv:02-pe-hd",Coop Konsum,Sweden,e,4.0,,"Kolsyrat vatten, socker, citronjuice från koncentrat 6%, surhetsreglerande medel (E330), stabiliseringsmedel (E414, E445), antioxidant (E300), naturliga citrus aromer.",,
5449000022646,фанта грозде,Fanta,"beverages, sweetened-beverages",portugal,,,,b,4.0,,"Água, açúcar. 7% sumo de uva proveniente de concentrado, dióxido de Uva carbono, corante antocianinas, acidificante ácido cítrico, extracto de maçã e hibisco, conservante: sorbato de potássio e aromas.",,
5449000022653,Fanta Pomme,Fanta,"beverages, carbonated-drinks, sodas",france,"plastic, bottle",,France,e,4.0,,"eau gazéifiée, sucre, acidifiants: E330, E331, conservateur: E202, arôme, colorant: E110.",,
5449000022745,Cassis,Fanta,"plant-based-foods-and-beverages, beverages, plant-based-beverages, carbonated-drinks, fruit-based-beverages, sodas, fruit-sodas, sweetened-beverages",france,"plastic, bottle","Carrefour Market, Magasins U","Rouvroy,France",e,4.0,,Eau gazéifiée; sucre; jus de cassis à base de concentré (5%); acidifiant : acide citrique; conservateur : sorbate de potassium; arômes naturels de cassis; colorant : anthocyanes,,
5449000023827,Soda orange Fanta,Fanta,"beverages-and-beverages-preparations, plant-based-foods-and-beverages, beverages, plant-based-beverages, carbonated-drinks, fruit-based-beverages, artificially-sweetened-beverages, sodas, fruit-sodas, orange-soft-drinks",france,,,,e,4.0,,"2x330mte oiseaon rafraichissante au jus deorange avec sucre et édulcorants, lgrédicnts : eau gazéifiée (lot) ; sucre de (tron à basc de concer±i ; : de potassium ; arômes aturcts d'orange avec : edzlcorants : acésulfame-K. ucratosc : stabiliqant : a : tèrctknoides. consommer de pretérence Ic : Conserver dans un endroit ?mpéré. sec et sans odeur. pas EYB : Coca-Cola European Partners rance. 9 chemin de CS 92784 issy-les-Moulineaux. Cedex 9 onditionné avec l'autorisaon de The Coca-Cola Company. The Coca-Cola Cfipary.",,
5449000028938,Fanta,Fanta,"beverages-and-beverages-preparations, plant-based-foods-and-beverages, beverages, plant-based-beverages, carbonated-drinks, fruit-based-beverages, sodas, fruit-sodas, orange-soft-drinks, sweetened-beverages","france, romania",,,,e,4.0,,"water, fructose-glucose syrup, orange juice concentrate (5% 1 of carbon dioxide, edible acid: citric acid and malic acid, savanyiságot regulator: sodium gluconate, natural flavourings, tisa, we ntrium-cyclamate and sodium-saccharin, antioxidant: ascorbic acid, stabilizer: run, sine name: beta-carotene, quality of preserves (day/month/year): see the bottle neck, not a verb of taking in sunlight! a cool,  dry place to store it! the occurring especially in natural moti also does not affect the quality of the product, ©2019 the coca-cola company, nutrition content per 100 ml 121kj/",,
5449000029973,Fanta lămâie,Fanta,"plant-based-foods-and-beverages, beverages, plant-based-beverages, carbonated-drinks, fruit-based-beverages, sodas, fruit-sodas, sweetened-beverages",romania,,,,unknown,4.0,not-applicable,"apă, zahăr, dioxid de carbon, suc de lămâie din concentrat (2%), acidifiant acid citric, stabilizatori: gumă arabică și E 445, arome naturale de lămâie și alte arome naturale, antioxidant acid ascorbic",11.1,
5449000031037,Fanta Mandarine,Fanta,"plant-based-foods-and-beverages, beverages, plant-based-beverages, carbonated-drinks, fruit-based-beverages, sodas, fruit-sodas, sweetened-beverages",france,bouteille-plastique,,,e,,,,,
5449000042101,Fanta fruit twist,Fanta,"beverages-and-beverages-preparations, beverages, carbonated-drinks, sodas, sweetened-beverages","albania, belgium, france, germany, united-kingdom","can, aluminium-can",,,c,3.0,,eau pétillante,,
5449000042156,Fanta Fruit Twist 2ltr,Fanta,"beverages-and-beverages-preparations, plant-based-foods-and-beverages, beverages, plant-based-beverages, carbonated-drinks, fruit-based-beverages, artificially-sweetened-beverages, sodas, fruit-sodas, sweetened-beverages","france, united-kingdom",mixed-plastic-bottle,,,unknown,4.0,,"carbonated water, sugar, fruit juices from concentrate 4,4% (orange 3,4%, peach 0,5%, apple 0,47%, passion fruit 0,1%), vegetable and plant concentrates (carrot, safflower), citric acid, malic acid, sweeteners (acesulfame k, aspartame), preservative (potassium sorbate), natural flavouring, stabilisers (glycerol esters of wood rosins, guar gum),",,
5449000050809,Fanta Original,"Fanta, The Coca-Cola Company","plant-based-foods-and-beverages, beverages, plant-based-beverages, carbonated-drinks, fruit-based-beverages, sodas, fruit-sodas, orange-soft-drinks, sweetened-beverages, it:bevanda-artificialmente-zuccherata","belgium, france, italy",it:lattina-in-alluminio-alu41,"Colruyt,Aldi,Coop,Esselunga,Tigros,Bennet,Iper,Despar","Belgique,France",e,4.0,,"Acqua, succo di arancia da concentrato (12%), zucchero, anidride carbonica, acido citrico, aromi naturali di agrumi, gomma d'acacia, acido ascorbico",,
5449000051332,Fanta pomme,Fanta,,france,,,,unknown,,,,,
5449000052179,Boisson rafraîchissante au jus d'orange avec sucre et édulcorants,Fanta,"plant-based-foods-and-beverages, beverages, plant-based-beverages, carbonated-drinks, fruit-based-beverages, artificially-sweetened-beverages, sodas, fruit-sodas, orange-soft-drinks, sweetened-beverages","belgium, france","plastic, bottle, bouchon-en-plastique, bouteille-en-plastique, bouteille-et-son-bouchon-plastique-a-recycler, pensez-au-tri, point-vert","Intermarché,Magasins U","Amplepuis,France",e,4.0,,"Eau gazéifiée , jus d'orange à base de concentré 10%, sucre , jus de citron à base de concentré 2%, conservateur : sorbate de potassium , arômes naturels d'orange avec autres arômes naturels , édulcorants : acésulfame-K, sucralose , stabilisant : gomme de guar , colorant : caroténoïdes,",,
5449000052186,Fanta Citron frappé,Fanta,"beverages-and-beverages-preparations, plant-based-foods-and-beverages, beverages, plant-based-beverages, carbonated-drinks, fruit-based-beverages, artificially-sweetened-beverages, sodas, fruit-sodas, sweetened-beverages",france,"plastic, bottle, bouchon-en-plastique, bouteille-en-plastique","Magasins U,Auchan, carrefour.fr","France,Cherbourg-en-Cotentin",e,4.0,,"Eau gazéifiée, sucre, jus de citron à base de concentré 5%, antioxydant : acide ascorbique, acidifiants : acide citrique, citrate de sodium, conservateur : sorbate de potassium, stabilisants : gomme arabique, esters glycériques de résine de bois, édulcorant , glycosides de stéviol, arômes naturels de citron avec autres arômes naturels, colorant : caroténoïdes.",,
5449000052926,Fanta orange 1.5l,Fanta,"beverages-and-beverages-preparations, plant-based-foods-and-beverages, beverages, fruit-based-foods-and-beverages, non-alcoholic-beverages, plant-based-beverages, carbonated-drinks, fruit-based-beverages, soft-drinks, sodas, fruit-sodas, orange-soft-drinks, sweetened-beverages","austria, belgium, bulgaria, cote-d-ivoire, france, germany, morocco, reunion, sweden, switzerland, tunisia","ldpe-sleeve, pet-bottle, bouteille-plastique",,,e,3.0,,"water, sugar, concentrated orange juice (3%), carbonic acid, citric acid acid, citrus extract (1%), natural orange flavor with other natural flavors, antioxidant ascorbic acid, carotene dye, stabilizer flour of guar seeds,",,
5449000053527,"Fanta Orange 1.5 l, 6 Bouteilles",Fanta,,france,,,,unknown,,,,,
5449000054074,Frisimo Orange,Fanta,"beverages, artificially-sweetened-beverages",france,,,,e,4.0,,"DES Contémaçücarese ggcorantes. 0% sumo de laranja Ingredientes: âgua, proveniente de concentrado, açücar, diéxido de carbono, acidificantes: écido citrico e acido mélico, estabilizadores: E-414, E-444 e E-4451 conservante E-202, edulcorantes: E-950 aspartame, antioxidante écido ascérbico aromas naturais de laranja e outros aromae naturais e corante E-160a, Contém uma fonte de fenilatanina.",,
5449000056689,Orange - Boisson rafraîchissante,Fanta,"plant-based-foods-and-beverages, beverages, plant-based-beverages, carbonated-drinks, fruit-based-beverages, sodas, fruit-sodas, orange-soft-drinks, sweetened-beverages","belgium, france","can, drink-can","Simply Market,Magasins U,Delhaize","Harnes,France",e,4.0,,"Eau gazéifiée, jus d'orange à base de concentré (10%), sucre, jus de citron à base de concentré (2%), arômes naturels d'orange avec autres arômes naturels, conservateur: sorbate de potassium, stabilisant: gomme de guar, extraits de miel, colorant: caroténoïdes,",,
5449000058362,Fanta,Fanta,"plant-based-foods-and-beverages, beverages, plant-based-beverages, carbonated-drinks, fruit-based-beverages, sodas, fruit-sodas, orange-soft-drinks, sweetened-beverages",france,"plastic, bottle",,,e,4.0,,"Eau pétillante; sucre; jus d'orange à base de concentré (6%); acidifiants : acide citrique, citrate de sodium; conservateur : sorbate de potassium; arômes naturels d'orange avec autres arômes naturels; antioxydant : acide ascorbique; concentré de carottes; stabilisant : gomme de guar.",,
5449000059390,Fanta naranja,Fanta,"beverages-and-beverages-preparations, plant-based-foods-and-beverages, beverages, plant-based-beverages, carbonated-drinks, fruit-based-beverages, artificially-sweetened-beverages, sodas, fruit-sodas, orange-soft-drinks, sweetened-beverages","france, spain",green-dot,Mercadona,,d,4.0,,"Agua carbonatada, zumo de naranja a partir de concentrado 8%, azúcar, acidulantes (ácido cítrico, ácido málico), estabilizantes (E414, E444, E445), edulcorantes (E950, aspartamo, E959), conservador (E202), corrector de acidez (citrato sódico), aromas naturales de naranja y otros aromas naturales, antioxidante (ácido ascórbico), colorante (E160a).",,
5449000061164,Fanta strawberry 330 ml,Fanta,"plant-based-foods-and-beverages, beverages, plant-based-beverages, carbonated-drinks, fruit-based-beverages, sodas, fruit-sodas",spain,"metal, recyclable-metals, aluminium, can",,,e,4.0,,"agua carbonatada, azúcar, zumo de fresa a partir de concentrado, correctores de acidez: ácido cítrico y citrato sódico, aromas naturales, colorante E-120, extractos vegetales, estabilizantes: E-414 y E445 y conservador E-202.",,
5449000069016,"Fanta, saveur fruits rouges",Fanta,"plant-based-foods-and-beverages, beverages, plant-based-beverages, carbonated-drinks, fruit-based-beverages, sodas, fruit-sodas, sweetened-beverages",france,"plastic, bottle",Auchan,"Caluire-et-Cuire,Rhône,Rhône-Alpes,France",e,4.0,,"Eau gazéifiée ; sucre , jus de fruits à base de concentré (2,1%) : pomme (1,5%), mûre (0,5%), framboise (0,1%) ; acidifiant : acide citrique ; arômes ; conservateur : sorbate de potassium ; antioxydant : acide ascorbique ; colorant : anthocyanes.",,
5449000069429,Безалкохолна газирана напитка с вкус на грозде,Fanta,"beverages, sweetened-beverages","bulgaria, france, romania",,,,d,4.0,,"Вода, фруктозо-глюкозен сироп, въглероден диоксид, ароматизанти, екстракти от плодове и зеленчуци (морков, ябълка), киселини: лимонена киселина и ябълчена киселина, сок от грозде от концентрат (0.1%), регулатор на киселинността: натриев глюконат, консервант: калиев сорбат, подсладители: сукралоза и захарини.",,
5449000081711,Fanta Mango-Geschmack,"Cola-Cola, Fanta","beverages-and-beverages-preparations, beverages, carbonated-drinks, sodas, non-alcoholic-beverages, sweetened-beverages",germany,plastic,,Deutschland,e,4.0,,"Wasser, Zucker, Orangensaft aus Orangensaftkonzentrat, Kohlensäure, Citrusextrat, Säuerungsmittel Citronensäure, natürliches Mangoaroma mit anderen natürlichen Aromen, Antioxidatinsmittel Ascorbinsäure, Farbstoff Carotine, Stabilisator Johannisbrotkernmehl",,
5449000083142,Fanta tropical exotic,Fanta,"plant-based-foods-and-beverages, beverages, plant-based-beverages, carbonated-drinks, fruit-based-beverages, sodas, fruit-sodas, sodas-with-exotic-fruits, sweetened-beverages","bulgaria, france, morocco","plastic, bottle",Super U,"Aimargues,Gard,France",e,4.0,,"Eau gazéifiée , sucre , jus à base de concentré (3,4%) : orange (3%), pêche (0,2%), fruit de la passion (0,2%) , extrait d'orange (0,7%) , acidifiant : acide citrique , conservateur : sorbate de potassium , arômes naturels , colorant : carotènes,",,
5449000085474,"Fanta Passion 1, 5L",Fanta,"plant-based-foods-and-beverages, beverages, plant-based-beverages, carbonated-drinks, fruit-based-beverages, sodas, fruit-sodas, sweetened-beverages","france, reunion",,,,unknown,4.0,,"Eau gazéifiée, sucre, acidifiant ( acide citrique ), émulsifiants (E1450, E444, E455), arômes, conservateurs (benzoate de sodium) , édulcorants ( acésulfame-K sucralose), colorants (caramel, jaune oranges ).",,
5449000085832,"Fanta Goût Orange Frigo Pack, 10 Boîtes De",Fanta,,france,,,,unknown,,,,,
5449000088277,"Soda Fanta orange 4x1,5L",Fanta,"beverages, artificially-sweetened-beverages",france,,,,e,4.0,,"eau gazéifiée ; jus d'orange à base de concentré (10 %) ; sucre ; jus de citron à base de concentré (2%) ; conservateur : sorbate de potassium ; arômes naturels d'orange avec autres arômes naturels , édulcorants : acésulfame-K, sucralose ; stabilisant : gomme de guar ; colorant : caroténoïdes.",,
5449000090874,Maracuya,Fanta,,france,,,,unknown,,,,,
5449000091178,Fanta Saveur Pomme & Cerise,"Fanta, The Coca Cola Company","plant-based-foods-and-beverages, beverages, plant-based-beverages, carbonated-drinks, fruit-based-beverages, sodas, fruit-sodas, sweetened-beverages","bulgaria, france",bouteille-et-bouchon-plastique-a-recycler,Banque alimentaire,"Villers Bocage 80260,France",d,4.0,,"Eau gazéifiée ; sucre ; jus de fruits à base de concentré 3% (citron 2.8%, pomme 0.1%, cerise 0.1%) ; acidifiants : acide citrique, acide malique ; concentré de fruits et légumes (aronia, carotte, sureau, carthame, citron, cassis) ; correcteur d'acidité : gluconate de sodium ; conservateur : sorbate de potassium ; édulcorant : glycosides de stéviol ; antioxydant : acide ascorbique ; arômes naturels.",,
5449000092038,,Fanta,"beverages-and-beverages-preparations, beverages, carbonated-drinks, sodas, de:boissons-avec-sucre-ajouté",france,,,,e,,,,,
5449000092144,Fanta pomme,Fanta,"plant-based-foods-and-beverages, beverages, plant-based-beverages, carbonated-drinks, fruit-based-beverages, sodas, fruit-sodas, apple-soft-drinks, sweetened-beverages",france,,,,e,,,,,
5449000096944,Fanta Apple And Sour Cherry,Fanta,beverages,france,,,,c,4.0,,"Pomme & Cerise rafraichissante saveur pomme•cerise, sucre et édulcorant. Ingrédiehts : eau gazéifiée de fruits base de concentré 3% (citron 2:8010 0.1%, cerise 0.1%) ; acidifiants : acide citrique malique ; concentré de.fruits et : gluconate de sodium ; : ; édulcorant : glycosides . arômes : acide ascorbique Coca-Cola European partners 'France, Bretagne, CS 80050, 92184 Consommer de préférence avan,t le bouteille. Conditionne The Coca-Cola Compand!bit tempere du soleil, dans un ep 0 2016 The coca-cola c'ompany,",,
5449000096968,Apple & Sour Cherry,Fanta,"plant-based-foods-and-beverages, beverages, plant-based-beverages, carbonated-drinks, fruit-based-beverages, artificially-sweetened-beverages, sodas, fruit-sodas, sweetened-beverages","france, united-kingdom","plastic, bottle",,,d,,,,,
5449000097422,Fanta Mango 1.5L Pet,Fanta,,"france, switzerland",,,,unknown,4.0,,"Eau, sucre, jus d'orange à partir de concentré (3%), acide carbonique, acidifiant acide citrique, arôme, antioxydant acide ascorbique, colorant caroténoïdes, stabilisateur, farine de graines de caroube.",,
5449000099655,Gusto limone e fiori di sambuco bottiglia dIGPlastica da,Fanta,"beverages-and-beverages-preparations, beverages, carbonated-drinks, sodas, sweetened-beverages, boissons-avec-sucre-ajoute","france, serbia, switzerland","plastic, pet-polyethylene-terephthalate, bottle",,Serbia,d,4.0,,"eau, sucre, jus de citron à partir de concentré (3%), acide carbonique, acidifiant acide citrique, correcteur d'acidité citrates de sodium, arômes, conservateur sorbate de potassium, stabilisateurs E 414 et E 445, antioxydant acide ascorbique.",,
5449000103789,Fanta zéro orange,The coca cola company,"beverages-and-beverages-preparations, beverages, artificially-sweetened-beverages",italy,it:bottiglia-pet,,,c,4.0,,"Acqua, succo di arancia (12%), anidride carbonica, acidificante acido citrico, aromi naturali di agrumi, correttore di acidità citrato trisodico, edulcoranti ciclammato di sodio, acesulfame K e sucralosio, stabilizzante gomma d'acacia, antiossidante acido ascorbico",,
5449000111494,Fanta Apple Slim Drink,Fanta,,france,,,,unknown,,,,,
5449000112965,Băutură răcoritoare cu aroma de struguri,Fanta,"plant-based-foods-and-beverages, beverages, plant-based-beverages, carbonated-drinks, fruit-based-beverages, sodas","france, romania",,,,d,4.0,,"carbonated soft drink with grape juice, sugars and sweeteners, ingredients: water, fructose-glucose syrup, carbon dioxide, natural flavours, fruit and vegetable extract (carrots, apples), acidifiants citric acid and malic acid, concentrated grape juice (0,1%), sodium gluconate acidity corrector, potassium sorbate preservative, sucralose sweetener and sodium sugar ,",,
5449000119056,Fanta Shokata,Fanta,"plant-based-foods-and-beverages, beverages, plant-based-beverages, carbonated-drinks, fruit-based-beverages, sodas, fruit-sodas, sweetened-beverages","czech-republic, france, hungary, slovakia, united-kingdom",,,,e,4.0,,"Voda, fruktózo-gluktzový sirup, citronová štáva z koncentrátu (3%), oxíd uhličitý, kyseliny yelina citronová a kyselina jablečná, regulátor kyselosti: glukonan sodný, aromata včetně aromatu bezoveho květu, stabilizátory: arabská guma a glycerolestery dřevných pryskyříc, konzervant: sartn draselný, sladidla: acesulfam K a sukralosa, antioxidant: kyselina askorbová.",,
5449000120960,Fanta zero sugar,Fanta zero sugar,"beverages-and-beverages-preparations, plant-based-foods-and-beverages, beverages, plant-based-beverages, carbonated-drinks, fruit-based-beverages, artificially-sweetened-beverages, sodas, diet-beverages, fruit-sodas, diet-sodas, orange-soft-drinks, light-fruit-sodas, light-orange-soft-drinks, sweetened-beverages","belgium, france, spain, united-kingdom","aluminium-can, canette-metal, green-dot",,,c,4.0,,"sparkling water, orange juice based on concentrate (6%), acidifiers: citric acid, sodium citrate, sweeteners: aspartame, sodium saccharin, preservative: potassium sorbate, antioxidant: ascorbic acid, natural orange aromas with other natural aromas, carrot concentrate, stabilizer: guar gum",,
5449000120977,Fanta Zero,"Fanta, Fanta-light","plant-based-foods-and-beverages, beverages, plant-based-beverages, carbonated-drinks, fruit-based-beverages, artificially-sweetened-beverages, sodas, fruit-sodas, orange-soft-drinks","belgium, france",,Delhaize,,b,,,,,
5449000120984,Fanta Orange Zero 2Ltr,"Fanta, Coca-Cola","beverages-and-beverages-preparations, plant-based-foods-and-beverages, beverages, plant-based-beverages, carbonated-drinks, fruit-based-beverages, artificially-sweetened-beverages, sodas, fruit-sodas, orange-soft-drinks, sweetened-beverages","france, spain, united-kingdom","pet-bottle, pet-lid",,,c,4.0,,"carbonated water, orange juice from concentrate (4%), acids (citric acid, malic acid), sweeteners (acesulfame k, aspartame), preservative (potassium sorbate), natural flavourings, vegetable concentrates (carrot, pumpkin), antioxidant (ascorbic acid), stabiliser (guar gum),",,
5449000120991,Fanta limón zero azúcares,"Fanta,Coca-Cola","beverages-and-beverages-preparations, plant-based-foods-and-beverages, beverages, plant-based-beverages, carbonated-drinks, fruit-based-beverages, artificially-sweetened-beverages, sodas, fruit-sodas, unsweetened-beverages, lemon-soft-drinks, sweetened-beverages","belgium, france, spain",green-dot,Mercadona,,c,4.0,,"Agua carbonatada, zumo de limón a partir de concentrado 1%, correctores de acidez (E330, E331), edulcorantes (E950, E952, aspartamo), antioxidante (ácido ascórbico), conservador (E202), estabilizantes (E414, E445), aromas naturales de limón, aromas naturales, colorante (betacaroteno).",,
5449000121011,Zero Lemon,"Fanta, Fanta-light","beverages, artificially-sweetened-beverages","france, spain",,,,c,4.0,,"agua carbonatada, 1% zumo de limón a partir de concentrado, correctores de acidez: E-330 y E-331, edulcorantes: E-950, E-952 y aspartamo, zero Limón ascórbico, antioxidante ácido VE-445, aromas naturales de limón y otros aromas naturales conservador E-202, estabilizantes: E-414 y colorante betacaroteno, Contiene una fuente de fenilalanina,",,
5449000132499,Fanta Orange 1.75,"Fanta, Coca-Cola","beverages-and-beverages-preparations, plant-based-foods-and-beverages, beverages, plant-based-beverages, carbonated-drinks, fruit-based-beverages, non-alcoholic-beverages, sodas, fruit-sodas, orange-soft-drinks, sweetened-beverages","france, germany, hungary, italy","plastic, pet-1-polyethylene-terephthalate, it:bottiglia-pet",,,e,4.0,,"water, fructose glucose syrup, orange juice from concentrate (5 %), carbon dioxide, dietary acid: citric acid and malic acid, acidity regulator: sodium gluconate, natural aromas, sweeteners: sodium cyclamate and sodium saccharine, antioxidant: ascorbic acid, stabilizer: guargumi, dye: beta-carotene",,
5449000138026,Fanta Orange sans sucres,Fanta,"beverages-and-beverages-preparations, plant-based-foods-and-beverages, beverages, plant-based-beverages, carbonated-drinks, fruit-based-beverages, artificially-sweetened-beverages, sodas, diet-beverages, fruit-sodas, unsweetened-beverages, diet-sodas, orange-soft-drinks, light-fruit-sodas, light-orange-soft-drinks, sweetened-beverages, Sodas aux concentrés de  jus de fruit","belgium, bulgaria, france, sweden, switzerland","bouchon-en-plastique, bouteille-bouchon-plastique, bouteille-en-plastique, etiquette-film-plastique",,,c,4.0,,"Eau gazéifiée; jus d'orange à base de concentré (4%); acidifiants: acide citrique, acíde malique; édulcorants: acésulfame-K, aspartame; conservateur: sorbate de potassium; arôme naturel d'orange avec autres arômes naturels; concentrés de carotte et citrouille; antioxydant: acide ascorbique; stabilisant: gomme de guar. Contient une source de Phénylalanine.",,
5449000138040,Fanta zéro citron frappé,"Fanta, Fanta-light, the Coca-Cola company","beverages, carbonated-drinks, artificially-sweetened-beverages, sodas, diet-beverages, colas, diet-sodas",france,,,,unknown,,,,,
5449000138170,Fanta Orange Zero,"Fanta, Coca-Cola","beverages-and-beverages-preparations, plant-based-foods-and-beverages, beverages, plant-based-beverages, carbonated-drinks, fruit-based-beverages, artificially-sweetened-beverages, sodas, diet-beverages, fruit-sodas, diet-sodas, orange-soft-drinks, light-fruit-sodas, light-orange-soft-drinks","germany, poland","flasche, kunststoff, mehrwegpfand",,,c,4.0,,"Wasser, Orangensaft aus Orangensaftkonzentrat, Kohlensäure, Säuerungsmittel Citronensäure, Citrusextrakt, Süßungsmittel (Natriumcyclamat, Aspartam, Acesulfam K), natürliches Orangenaroma mit anderen natürlichen Aromen, Antioxidationsmittel Ascorbinsäure, Farbstoff Carotin, Stabilisator Guarkernmehl",,
5449000146274,Fanta saveur Fraise & Kiwi,Fanta,"beverages-and-beverages-preparations, plant-based-foods-and-beverages, beverages, plant-based-beverages, carbonated-drinks, fruit-based-beverages, sodas, fruit-sodas, sweetened-beverages",france,"plastic, bottle",Intermarche,Villecresnes,e,4.0,,"Eau gazéifiée, sucre, jus de citron à base de concentré 3%, acidifiant : acide citrique, arômes naturels de kiwi avec d'autres arômes naturels, dioxyde de titane (E171) et le sulfate d’aluminium (E520), concentré de carottes et carthame, stabilisants : gomme arabique et esters glycériques de résine de bois, conservateur : sorbate de potassium, colorant E129",,
5449000155306,Fanta Orange,"Fanta, Fanta-light","beverages-and-beverages-preparations, plant-based-foods-and-beverages, beverages, plant-based-beverages, carbonated-drinks, fruit-based-beverages, artificially-sweetened-beverages, sodas, fruit-sodas, orange-soft-drinks, Fruit drink with sweetners","france, ireland",plastic-pet,,,c,4.0,,"Carbonated Water, Orange Juice from Concentrate (7%) Citrus Extract (1%), Citric Acid, Sweeteners (Acesulfame K, Aspartame, Sodium Saccharin), Preservative (Potassium Sorbate). Natural Orange Flavouring with other Hatural Flavourings. Antioxidant (Ascorbic Acid), Stabiliser (Guar Gum), Colour (Carotenes), Fruit and Vegetable Concentrates (Blackcurrant and Blackcarrot). Contains a Source of Phenylalanine.",,
5449000181220,"Fanta, Erdbeere",Fanta,,france,,,,unknown,,,,,
5449000181435,Fanta,"Fanta, The Coca-Cola Company","plant-based-foods-and-beverages, beverages, plant-based-beverages, carbonated-drinks, fruit-based-beverages, sodas, fruit-sodas, sweetened-beverages",sweden,"metal, recyclable-metals, aluminium",Willys,Sweden,e,4.0,,"Kolsyrat vatten, socker, citronjuice från koncentrat 3%, naturlig kiwiarom med andra naturliga aromer, morot och färgtistel koncentrat, surhetsreglerande medel (citronsyra), stabiliseringsmedel (E414, E445).",,
5449000186492,Jus de fruits mangue-passion,Fanta,"plant-based-foods-and-beverages, beverages, plant-based-beverages, fruit-based-beverages, juices-and-nectars, fruit-juices",belgium,canette-alu,Cora,Belgique,e,4.0,,"eau pétillante, sucre, jus d'orange à base de concentré 2% , acidifiant : acide citrique, conservateur : sorbate de potassium, antioxydant : acide ascorbique, stabilisants : farine de graines de caroube, gomme arabique, esters glycériques de résine de bois, arômes naturels, colorant : caroténoides.",,
5449000186508,passionfruit,fanta,,belgium,,,,unknown,,,,,
5449000188526,Fanta,"Fanta, The Coca-Cola Company","plant-based-foods-and-beverages, beverages, plant-based-beverages, carbonated-drinks, fruit-based-beverages, sodas, fruit-sodas, sodas-with-exotic-fruits, sweetened-beverages",france,,carrefour.fr,,e,4.0,,"Eau gazéifiée, sucre, jus d'orange à base de concentré, conservateur : sorbate de potassium, acidifiant : acide citrique, antioxydant (acide ascorbique), stabilisants (gomme arabique, esters glycériques de résine de bois, farine de graines de caroube), arômes naturels, colorant (caroténoïdes)",,
5449000194954,Fanta Peche Abricot btlle 1.5L pet,Fanta,"beverages, sweetened-beverages",france,,,,e,4.0,,"eau gazéifiée ; sucre ; jus de fruits base de concentré 3% (orange 2.8%, péche 0.1%, abricot 0.1%) ; acidifiant : acide citrique ; conservateur : sorbate de potassium ; stabilisants . gomme d'acacia, esters glycériques de résine de bois ; antioxidant : acide ascorbique ; arômes naturels colorant : caroténoïdes.",,
5449000203205,Boisson rafraîchissante saveur Framboise Fruit de la Passion,Fanta,"plant-based-foods-and-beverages, beverages, plant-based-beverages, carbonated-drinks, fruit-based-beverages, artificially-sweetened-beverages, sodas, fruit-sodas, sweetened-beverages",france,"plastic, bottle",,,e,4.0,,"jus de fruits à base de concentré (orange 2.8%, 0.1%, fruit de la passion 0.1%) ; acidifiants : acide citrique, acide ; correcteur d'acidité : gluconate de sodium ; conservateur : sorbate de potassium ; concentré de cassis et de carotte ; stabilisants : ;gomme arabique, esters glycériques de résine de bois ; édulcorant : glycosides de stéviol ; antioxydant : acide ascorbique ; arômes naturels.",,
5449000205162,Fanta Madness,Fanta,,france,,,,unknown,,,,,
5449000207678,Mezzo Mix Orange & Cola,Fanta,"plant-based-foods-and-beverages, beverages, plant-based-beverages, carbonated-drinks, fruit-based-beverages, sodas, fruit-sodas, orange-soft-drinks, sweetened-beverages",france,,,,e,,,,,
5449000213716,Fanta sitrus,Fanta,"plant-based-foods-and-beverages, beverages, plant-based-beverages, carbonated-drinks, fruit-based-beverages, sodas, fruit-sodas, sweetened-beverages",france,,,,e,,,,,
5449000214058,Fanta ananas citron,Fanta,"beverages, artificially-sweetened-beverages, sweetened-beverages",france,,,,d,4.0,,"eau gazéifiée ; secre ; jus de fruits a base de concentré (citron anenas ; ecidifiûfit : acide citrique ; arômes naturels de citron vert avec autres arènes naturels , stabilisants : gomme arabique, esters glyceriques de résine de bois'yconservatéur : sorbite de potassium ; correcteur d'acidité : gluconate de sodium ; antioxy±nt : acid? ascorbique ; édulcorant : glycosides de stevicl ; cclcrant : carotenoîdes.",,
5449000214805,BTE 33CL SLIM FANTA ORANGE,Fanta,"beverages-and-beverages-preparations, plant-based-foods-and-beverages, beverages, plant-based-beverages, carbonated-drinks, fruit-based-beverages, artificially-sweetened-beverages, sodas, fruit-sodas, orange-soft-drinks, sweetened-beverages","france, hungary",metal-a-recycler,,,e,4.0,,"Eau gazéifiée, jus d'orange à base de jus concentré (10%), sucre, jus de citron à base de concentré (2%), conservateur : sorbate de potassium, arômes naturels d'orange avec autres arômes naturels, édulcorants : acésulfame-K, sucralose, stabilisant : gomme de guar, colorant : caroténoïdes,",,
5449000214829,Fanta citron 33cl,Fanta,"beverages-and-beverages-preparations, plant-based-foods-and-beverages, beverages, plant-based-beverages, carbonated-drinks, fruit-based-beverages, artificially-sweetened-beverages, sodas, fruit-sodas, lemon-soft-drinks, sweetened-beverages","belgium, france, greece","metal, can, drink-can",,,e,4.0,,"Eau gazéifiée , sucre , jus de citron à base de concentré 5% , antioxydant : acide ascorbique , acidifiants : acide citrique, citrate de sodium , conservateur : sorbate de potassium , stabilisants : gomme arabique , esters glycériques de résine de bois , édulcorant : glycosides de stéviol , arômes naturels de citron avec autres arômes naturels , colorant : caroténoïdes",,
5449000215734,Fanta lemon,Fanta,,france,pet-bottle,,,unknown,,,,,
5449000223319,,Fanta,"beverages-and-beverages-preparations, plant-based-foods-and-beverages, beverages, fruit-based-foods-and-beverages, frozen-foods, non-alcoholic-beverages, plant-based-beverages, carbonated-drinks, fruit-based-beverages, soft-drinks, sodas, fruit-sodas, sweetened-beverages",france,,,,e,4.0,,"Eau gazéifiée ; sucre ; jus d'orange ,conservateur : sorbate de potassium ; acidifiant : acide citrique ; antioxydant: acide ascorbique, stabilisant:  gomme arabique, esters glycériques de résine de bois, farine de graines de caroube, arôme naturel, colorant: carotenoïdes",,
5449000227461,Fanta Pomme & Cerise,Fanta,"beverages, artificially-sweetened-beverages",france,,,,d,,,,,
5449000229540,Fanta zero pink pomelo,"Fanta, Fanta-light","beverages, artificially-sweetened-beverages, sweetened-beverages",france,,,,b,1.0,,"Eau pétillante, jus de pomelo à base de concentre (3,4%): acidifiant acide citrique citrate de sodium colorant anthocyanes carotenoides arôme naturel de pamplemousse avec autres arômes naturels édulcorant aspartame acesulfame-k conservateur sorbate de potassium phenylalanine",,
5449000229762,Fanta,Fanta,,france,,,,unknown,,,,,
5449000234360,Fanta raisin blanc,Fanta,,france,,,,unknown,,,,,
5449000239716,Mini,Fanta,,france,,,,unknown,,,,,
5449000240972,Fanta Saveur Agrumes,Fanta,"plant-based-foods-and-beverages, beverages, plant-based-beverages, carbonated-drinks, fruit-based-beverages, artificially-sweetened-beverages, sodas, fruit-sodas, sweetened-beverages",france,"can, drink-can",,,b,,,,,
5449000240996,Fanta agrumes,Fanta,,france,,,,unknown,4.0,,"eau gazéifiée: jus de pamplemousse à base de concentré (3.4%) ; acidifiants: acide citrique, citrate de sodium ; édulcorants: aspartame, acesutra colorants: anthocyanes, caroténoides; conservateur : sorbate de potassium; aromes naturels de pamplemousse avec autres arômes naturels Contient une source de phénylalanine. 2017 The Coca-Cola Company. se boit",,
5449000241122,Fanta agrumes,Fanta,,france,,,,unknown,,,,,
5449000241160,Fanta Lemon,Fanta,"plant-based-foods-and-beverages, beverages, plant-based-beverages, carbonated-drinks, fruit-based-beverages, sodas, fruit-sodas, lemon-soft-drinks, sweetened-beverages",france,bouteille-plastique,,,unknown,,,,,
5449000241399,Fanta citron fleur de sureau,Fanta,"plant-based-foods-and-beverages, beverages, plant-based-beverages, carbonated-drinks, fruit-based-beverages, sodas, fruit-sodas, sweetened-beverages",france,,,,d,,,,,
5449000248107,Fanta Mucho,"Fanta,Coca-cola","beverages-and-beverages-preparations, plant-based-foods-and-beverages, beverages, plant-based-beverages, carbonated-drinks, sodas, sweetened-beverages",croatia,,,,e,4.0,not-applicable,"Voda, fruktozno-glukozni sirup, ugljikov dioksid, voćni soka (naranča 2,8 %, marakuja 0,1%), kiseline: limunska kiseline i jabučna kiselina, arome, konzervans: kalijev sorbat, stabilizatori: E414, E445 i E412, sladilo: steviol glikozidi, antioksidans: askorbinska kiselina.",6.5,27.0
54490895,Fanta (Italien),Fanta,,france,,,,unknown,,,,,
54492394,Fanta Laranja,Fanta,"plant-based-foods-and-beverages, beverages, plant-based-beverages, carbonated-drinks, fruit-based-beverages, sodas, fruit-sodas, orange-soft-drinks, sweetened-beverages",portugal,"glass, bottle",,"Barcelos,Braga,Portugal",e,4.0,,"água, 8% sumo de laranja proveniente de concentrado, açúcar e/ou xarope de glucose-fructose, dióxido de carbono, acidificantes (ácido cítrico, ácido málico), estabilizadores (E414, E444, E445), conservante (E202), edulcorantes (E950, aspartame), antioxidante (ácido ascórbico), aromas naturais de laranja, outros aromas naturais, corante (beta-caroteno).",,
54492493,Fanta lemon 500ml,Fanta,"beverages-and-beverages-preparations, plant-based-foods-and-beverages, beverages, plant-based-beverages, carbonated-drinks, fruit-based-beverages, artificially-sweetened-beverages, sodas, fruit-sodas, lemon-soft-drinks, sweetened-beverages","belgium, bulgaria, france, germany, switzerland, united-kingdom","plastic, bottle, pet-bottle, bouchon-en-plastique, bouteille-en-plastique",,,d,4.0,,"Carbonated Water, Lemon Juice From Concentrate (52). Sugar, Acidity Regulator (Sodium Gluconate), Acids (Citric Acid, Malic Acid), Sweeteners (Acesulfame K. Aspartame). Carbohydrate of which sugars. Salt: 19 Fat Saturates, Protein - (8400 kJ/",,
54492578,Fanta Orange Mini Can,Fanta,"beverages-and-beverages-preparations, plant-based-foods-and-beverages, beverages, plant-based-beverages, carbonated-drinks, fruit-based-beverages, artificially-sweetened-beverages, sodas, fruit-sodas, non-alcoholic-beverages, orange-soft-drinks, sweetened-beverages","belgium, france, united-kingdom",,,,unknown,4.0,,"Eau gazéifiée ; jus d'orange à base de concentré (10%) ; sucre, jus de citron à base de concentré (2%) ; conservateur : sorbate de potassium ; arômes naturels d'orange avec d'autres arômes naturels ; édulcorants : acésulfame-K sucralose ;  stabilisant : gomme de gaar ; colorant : caroténoïdes",,
54493186,Fanta Strawbery -,Fanta,"beverages, sweetened-beverages",france,,,,e,4.0,,"EAU, SUCRE, C02, RÉGULATEUR ARÔMES, SIN 330 NATURELS ET IDENTIQUES AUX NATURELS P 211, COLORANTS : SIN 122, SIN 110.",,
54493353,Fanta passion,Fanta,"beverages-and-beverages-preparations, beverages, carbonated-drinks, sodas",france,,,,e,4.0,,"CARBONATED WATER, SUGAR, ACIDULANT: CITRIC ACID (E330), STABILISERS: MODIFIED FOOD STARCH (E1450), SUCROSE ACETATE ISOBUTYRATE (E444) AND GLYCEROL ESTER OF WOOD ROSIN (E445), FLAVOURING, PRESERVATIVE SODIUM BENZOATE (E211), PERMITTED SWEETENING SUBSTANCES: ACESULFAME-K (E950) AND SUCRALOSE (E955), COLOURANTS: CARAMEL (E150d) AND SUNSET YELLOW FCF (E10). THIS FOOD CONTAINS ACESULFAME-K (E950) AND SUCRALOSE (E955) AS PERMITTED SWEETENING SUBSTANCES",,
54493933,Fanta,Fanta,"beverages-and-beverages-preparations, plant-based-foods-and-beverages, beverages, plant-based-beverages, carbonated-drinks, fruit-based-beverages, sodas, fruit-sodas, erfrischungsgetranke, fruchtgetranke, getranke, gezuckerte-getranke, kohlensaurehaltige-getranke, pflanzliche-getranke, pflanzliche-lebensmittel-und-getranke","france, germany",flasche,,,d,,,,,
54493957,Fanta Fruit Twist 500 Ml,Fanta,"beverages-and-beverages-preparations, plant-based-foods-and-beverages, beverages, plant-based-beverages, carbonated-drinks, fruit-based-beverages, artificially-sweetened-beverages, sodas, fruit-sodas, sweetened-beverages","france, united-kingdom",pet-bottle,,London,d,4.0,,"carbonated water, sugar, fruit juices from concentrate 4,4% (orange 3,4% peach 0,5%, apple 0,4z passion fruit 0,12), vegetable and plant concentrates (carrot, safflower), citric acid, malie acid, sweeteners (acesulfame k, aspartamel, preservative (potassium sorbate), natural flavouring, stabilisers (glycerol esters of wood rosins guar gum) contains a source of phenylalanine,",,
57045375,Fanta Zero,Fanta,,denmark,,,,unknown,,,,,
57045382,Fanta Orange,Fanta,"beverages-and-beverages-preparations, plant-based-foods-and-beverages, beverages, plant-based-beverages, carbonated-drinks, fruit-based-beverages, sodas, fruit-sodas, orange-soft-drinks",denmark,,,,unknown,,,,,
57045443,Fanta Exotic,Fanta,"beverages, carbonated-drinks, sodas",denmark,,,,e,,,,13.2,53.0
5740600994921,Fanta Lemon,Fanta,"beverages-and-beverages-preparations, beverages, carbonated-drinks, sodas, sweetened-beverages",denmark,,,,unknown,,,,,
5740600997632,Fanta Orange,Fanta,"beverages, sweetened-beverages",denmark,,,,unknown,,,,,
5740700987168,Fanta Framboises & Passion,Fanta,"plant-based-foods-and-beverages, beverages, plant-based-beverages, carbonated-drinks, fruit-based-beverages, artificially-sweetened-beverages, sodas, sweetened-beverages","denmark, france, spain",,,,e,4.0,,"Vand, sukker, juice fra koncentrat 3% (appelsin 2.8%, hindbær 0,1%, passionsfrugt 0,1%), kuldioxid, surhedsregulerende middel (E330, E296. E576), konserveringsmiddel (E202), frugtog vegetabilsk koncentrat (solbær, gulerod), stabilisator (E414, E445), sødestof (steviolglycosider), antioxidant (E300), naturlige aromaer.",,
5740700989032,Fanta Peach,Fanta,"plant-based-foods-and-beverages, beverages, plant-based-beverages, carbonated-drinks, fruit-based-beverages, sodas, fruit-sodas","france, switzerland",,,,unknown,,,,,
5740700994203,Fanta Lemon,Fanta,"plant-based-foods-and-beverages, beverages, plant-based-beverages, carbonated-drinks, fruit-based-beverages, sodas, fruit-sodas, lemon-soft-drinks, sweetened-beverages","belgium, france","can, drink-can",,"paris,france",e,,,,,
5740700996153,Fanta - Exotic,"Fanta, Fanta - The Coca Cola Company","beverages-and-beverages-preparations, plant-based-foods-and-beverages, beverages, plant-based-beverages, carbonated-drinks, fruit-based-beverages, sodas, fruit-sodas, sodas-with-exotic-fruits, sweetened-beverages","denmark, france, germany",,,Denmark,e,4.0,,"FANTA 330ml Carbonated soft drink with tropical flavour, Ingredients: Wate dad E2300, fruit and vegetable concentrate (blackcurrant carrot ar elderber centrate orange 2,6% passionfruit 0,7% peach 0,20, carbonficide c Water: Vand, sukker, juice fra koncentrat 3 (appelsin 2,6% passionsfrugters thod, natural flavours, stabiliser (E445, E414), Læskedrik med tropisk fragtsmy kid crusekstrakt, syre (E330), frugt - og vegetabilsk ekstrakt (sobe p bibber chron, safor), naturlige aromaer stabilisatorer (E445, E414) NUTRITIONAL VALUE/NEERINGSINDHOLD 100ml 330ml 227kJ/53kcal 749kJ/175kcal which saturates/heraf mættede fedtsyrer: Og hydrate Kalhydrat: which sugars/heraf sukkerarter: Og 13,2g 13,2g Og take of an average adult (8400kJ/2000kcal),/Referenceindtagr en gennemsnitsperson (8400kJ/2000kcal), 09 concentrate orange 2,6% passionfruit 0,2% peach 0,20Jjuice fra koncent (appelsin 2,6% passionsfrugt fersken 20 Alu Serveres afkolet Best before: See bottom of ca Bedst før: Se dåsens bund, To be kept in a dry place and not above room temperature Opbevares tart og ikke over aoral stuetemperatur, Carlsberg Danmark AS DK-1799 Kabenhave Y 33 27 33 77 ©2024 The Coca-Cola Compa",,
5740800880796,Fanta Exotic,Fanta,"beverages-and-beverages-preparations, plant-based-foods-and-beverages, beverages, plant-based-beverages, carbonated-drinks, fruit-based-beverages, sodas, fruit-sodas, sodas-with-exotic-fruits, sweetened-beverages","denmark, france",,Magik Dépôt,France,e,,,,,
59034643,Fantasia,Danone,"dairies, fermented-foods, fermented-milk-products, desserts, dairy-desserts, fermented-dairy-desserts, yogurts","france, poland",,,,c,,,,,
59160755,Fantasy mix,Nutty Frutty,,france,,,,unknown,4.0,,"fruits secs en proportion variable: raisins (raisins noirs et raisins blancs, huile de tournesol, conserva - teur:DlOXlDE DE SOUFRE) noix cie coco (noix de coco, amidon de BLE, sirop de glucose-fructose, sucre, dextrose gélatine sel), chips de banane (banane, huile de noix de raffinée, sucre, miel, arôme), canneberges (canneberges, sucre, huile de tournesol).",,
6111242611016,Fish Fantasy,,,france,,,,unknown,,,,,
6278814367808,Fanta,Fanta,,india,,,,unknown,,unknown,,,
6415600502177,Fanta Appelsiini,Fanta,"plant-based-foods-and-beverages, beverages, plant-based-beverages, carbonated-drinks, fruit-based-beverages, sodas, fruit-sodas, sweetened-beverages","finland, france",,,,e,4.0,,"Vatten, socker, 4.5 % juice av apelsin, koldioxid, surhetsreglerande medel (E330, E331), naturlig apelsinarom med andra naturliga aromer, stabiliseringsmedel (E414, E445, E412), antioxidationsmedel (E300), frukt - och grönsakskoncentrat (morot, svartvinbär), färgämne (E160a).",,
6901939661246,,"芬达, Fanta, 可口可乐",,china,,,,unknown,,,,,
6938295497370,FANTASTIC 翻篇儿,龙精酿,"beverages, alcoholic-beverages, beers",china,zh:瓶,,中国,not-applicable,,d,,,
7350037960031,Truffes fantaisie,La Praline Gothenburg,,france,,,,unknown,4.0,,"GB Ingredtents: Veg. fat non hyd eogenated (coconut, certified palrnkernel). sugar, fat IEduced cocoa powder, whey powder (milk)e flavour (ginger), emulsifier (soya lecithin), flavour (vaniilin), Cocoa powder for coa ling - May contajn traces of tree nuts and thejr by-products, sesame, eggs, peanuts and gluten.",,
7392022002104,Ekologisk Kalvfond,Fantasty,,sweden,,,,unknown,,,,,
7392022002128,Ekologisk Kycklingfond,Fantasty,"broths, groceries",sweden,,,,c,4.0,,"Vatten, havssalt, rörsocker, grönsaker (lök, selleri), kycklingkött 2%, kycklingfett 1.5%, jästextrakt, majsstärkelse, kryddor (vitlök, gurkmeja, peppar) naturligt smakämne, rosmarin,surhetsreglerande medel (E330), förtjockningsmedel (E412, E415).",,
7392022002142,Ekologisk Grönsaksfond,Fantasty,,sweden,,,,unknown,4.0,,"Vatten, havssalt, oraffinerat rörsocker, grönsaker 7.5%(_selleri_, lök, morot, tomat), jästextrakt, kryddor (vitlök, peppar, gurkmeja), majsstärkelse, naturligt _sellerismakämne_, naturliga smakämnen, surhetsreglerande medel (E330), förtjockningsmedel (E412, E415).",,
7392022002166,Ekologisk Oxfond,Fantasty,,sweden,,,,unknown,4.0,,"Vatten, havssalt, hydroliserat vegetabiliskt protein (vatten, hydroliserat vegetabiliskt protein, jodsalt), maltodextrin, tomat, rörsocker, biffkött 2%, karamelliserat socker, majsstärkelse, lök, surhetsreglerande medel (citronsyra), kryddor (peppar, muskotblomma, libbstickablad), förtjockningsmedel (guargummi, xanthangummi), naturligt smakämne (vit champinjon).",,
7392022002180,Ekologisk Svampfond,Fantasty,,sweden,,,,unknown,4.0,,"Vatten, havssalt, naturligt smakämne, hydroliserat vegetabiliskt protein (vatten, hydroliserat vegetabiliskt protein, jodsalt), maltodextrin, rörsocker, tomater, karamelliserat socker, majsstärkelse, lök, svamp 0.6% (vit champinjon, shiitake), kryddor (vitlök, peppar), surhetsreglerande medel (citronsyra), förtjockningsmedel (guargummi, xanthangummi).",,
7441003560161,,Fanta,,costa-rica,,,,unknown,,,,,
7542600120960,Fanta orange zero,"Fanta, Fanta-light",,france,,,,unknown,,,,,
7613269301851,Fantastic Orange,TEA-TIME,"beverages-and-beverages-preparations, beverages","france, germany, switzerland",,,,b,3.0,,"de sucre, sachet de sucre vanillé, d'eau, d'infusion Fantastic Orange, de jus de citron",,
7613269301875,Fantastic Cherry,Tea Time,"plant-based-foods-and-beverages, beverages, hot-beverages, plant-based-beverages, herbal-teas, fruit-teas, herbal-teas-in-tea-bags, herbal-fruit-teas-in-tea-bags, red-fruit-teas","france, switzerland",,,,b,4.0,,"Hibiscus, composants de pommes, cynorrhodons, écorce d’orange, arôme (cerises), feuilles douces de mûrier, granulé de jus de cerises 0,1% (maltodextrine, jus de cerises concentré)",,
7613269301899,Fantastic Apple,Tea Time,"beverages-and-beverages-preparations, plant-based-foods-and-beverages, beverages, hot-beverages, plant-based-beverages, beverage-preparations, teas, herbal-teas, herbal-tea-blends","germany, switzerland",,,,unknown,4.0,,"Composants de pommes, feuilles de mûrier douces, acidifiant: acide malique, hibiscus, racines de chichorée grillées, arôme, concentré de jus de pomme déshydraté (correspond à 0.80% jus de pomme).",,
7613269301912,Fantastic Berries - Aromatisierte Früchteteenmischung mit Waldfruchtgeschmack,Tea-Time,"beverages-and-beverages-preparations, plant-based-foods-and-beverages, beverages, hot-beverages, plant-based-beverages, beverage-preparations, herbal-teas, fruit-teas","france, germany, switzerland",,,,unknown,4.0,,"hibiscus, composants de pommes, feuilles de mûrier douces, acidifiant: acide citrique, arôme, écorces de cynorrhodon, composants de groseilles rouges, composants de fraises, jus de cassis concentré déshydratée (correspond à 0.25 %, jus de cassis), jus de fraises concentré déshydratée (correspond à 0.36 % jus de fraises)",,
7616500645226,skai chewing gum fantastic berry,skai,"snacks, sweet-snacks, confectioneries, chewing-gum, sugar-free-chewing-gum",switzerland,,,,not-applicable,4.0,,"édulcorants: sorbitol, maltitol, sirop de maltitol, isomalt, xylitol, aspartame et acésulfame K, gomme base (avec antioxygène: E 306), humectants: E 1518 et E 422, épaississant: gomme arabique, acidifiants: acide malique et acide citrique, framboise en poudre, colorant: E 171, arômes, agents d'enrobage: E 903 et E 553b.",,
7616500913493,Fantastic Berry,Skai,"snacks, sweet-snacks, confectioneries, chewing-gum",switzerland,,,,not-applicable,4.0,,"édulcorants: sorbitol, maltitol, sirop de maltitol, isomalt, xylitol, aspartame et acésulfame K, gomme base (avec antioxygène: E 306), humectants: E 1518 et E 422, épaississant: gomme arabique, acidifiants: acide malique et acide citrique, framboise en poudre, colorant: E 171, arômes, agents d'enrobage: E 903 et E 553b.",,
7617014146230,Tea Fruit Fantasy fruitée et harmonieuse,Delizio,"plant-based-foods-and-beverages, beverages, hot-beverages, plant-based-beverages, teas, herbal-teas, capsules, fruit-teas, red-fruit-teas, tea-capsules",switzerland,,Migros,,unknown,4.0,,"Ibiscus (Nigeria, Soudan), écorces de cynorrhodon, feuilles de mûrier, arômes",,
7640135440949,Pocão Mágica boisson énergétique citron,Fanta,,switzerland,,,,unknown,4.0,,"Wasser, Zucker, Apfelsaft (5.5%), Kohlensäure, Säuerungsmittel Citronensäure, Taurin (400 mg/100 ml), Guavenmark (0.5%), Papayamark (0.5%), Aroma, Limettensaft (0.5%), Assai-Extrakt (0.05%), Säureregulator Trinatriumcitrat, Koffein (32 mg/100 ml), Stabilisatoren Pektin und Johannisbrotkermehl; Guaranaextrakt, färbendéshydraté Konzentrat aus Saflor, Vitamine (Niacin, Pantothensäure, B6 und B12) Farbstoff E131",,
7640154880221,Noix de pécan salées,"First Select,Fruit Fantaisie","plant-based-foods-and-beverages, plant-based-foods, nuts-and-their-products, nuts, shelled-nuts, pecan-nuts, salted-pecan-nut",switzerland,,,,unknown,3.0,e,"_Noix_ de pécan, amidon de maïs, jus de limettes, sel",,
7894900050011,fanta raisin,Fanta,"beverages-and-beverages-preparations, beverages, carbonated-drinks, sodas","brazil, france",,,,e,,,,,
8000253000088,Fantasie Di Forme 500 G Marabotto,,,france,,,,unknown,,,,,
8001420007589,Fantasie di cereali,Gallo,"plant-based-foods-and-beverages, plant-based-foods, cereals-and-potatoes, cereals-and-their-products",france,,,,a,1.0,,"Riso integrale parboiled 65%, avena precotta 20%, grano perlato precotto 15%",,
8001590947913,Fantasie al salmone,Philadelphia,"dairies, fermented-foods, fermented-milk-products, cheeses, industrial-cheese",france,,,,d,4.0,,"Specialità di formaggio fresco al salmone affumicato, Ingredienti: FORMAGGIO fresco [LATTE pastorizzato, crema di LATTE, addensanti (alginato di sodio, carragenina), sale], SALMONE affumicato (2,5%), sale, aromi (contiene PESCE, SEDANO), correttore di acidità (acido lattico), esaltatori di sapidità (glutammato monosodico, guanilato disodico, inosinato disodico), destrosio affumicato, colorante (estratto di paprica), aromatizzanti di affumicatura, SENZA GLUTINE, 20147 Milano Via Nizzoli, 3 Mondelez Italia International Mondelez",,
8001590947920,Fantasie alle Erbe,"Philadelphia, mondelez",dairies,italy,,,,d,4.0,,"FORMAGGIO fresco [LATTE pastorizzato, crema di LATTE, sale, addensanti (alginato di sodio, farina di semi di carrube, caragenina), siero di LATTE, cipolla, piante aromatiche, sale, pepe nero. SENZA GLUTINE. Senza conservanti. Adatto ai vegetariani.",,
8002960536379,Germogli fantasia bio,Menù,,"france, italy",,,,unknown,,,,,
8005121214246,Fantasie del mattino ottimini al cacao,Divella,"snacks, sweet-snacks, biscuits-and-cakes, biscuits, chocolate-biscuits","france, italy",bag,,"France,Italie",e,,,"ut:nvavves BISCUITS SABLÉS AU CACAO - Farine de blé, sucre, huile de exclusivement à partir de pur cacao cacao, beurre de cacao emulsifiant: léci hinc arômes), œufs frais 7,4 0%, cacao en poudre ( — acide de sodium, carbonate acide pvrophosphate acide de sodium), amidon de du lait, arômes, sel. Traces possibles de fruits à coque et ses",,
8005121214253,Ottimini Integrali,"Divella, Fantasie del Mattino, Ottimini","snacks, sweet-snacks, biscuits-and-cakes, biscuits-and-crackers, biscuits, dry-biscuits","bolivia, france, italy","plastic, pp-polypropylene",,Italia,d,4.0,,"Farina integrale di grano tenero 63%, zucchero, olio di semi di girasole, uova fresche 9%, amido di frumento, agenti lievitanti (carbonato acido di sodio, carbonato acido di ammonio), aromi, sale.",,
8005121214369,Fantasie del mattino ottimini biscotti al limone,Divella,"snacks, sweet-snacks, biscuits-and-cakes, biscuits, dry-biscuits","france, italy",plastic,,Italy,d,4.0,,"Farina di frumento, zucchero, olio di semi di girasole, uova fresche, burro, proteine del latte, amido di frumento scorza d limone candito 2% (scorza di limone macinato, sciroppo di glucosio-fruttosio, saccarosio, correttore di acidita acdo cica succo di limone 1%, aromi, agenti lievitanti (carbonato acido di ammonio, carbonato acido di sodio), sale.",,
8005121214437,Fantasia del mattino cà cao frollini al cacao,Divella,"snacks, sweet-snacks, biscuits-and-cakes, biscuits-and-crackers, biscuits","france, italy",plastic,,Lecce,e,4.0,,"Farina di _frumento_ , zucchero, olio di palma, cacao in polvere 5,2%, _uova_ fresche 4,1%, _burro_ , proteine del _latte_ , sciroppo di glucosio, crema al cacao 1,1% (zucchero, olio vegetale di palma, cacao magro in polvere, _nocciole_ , emulsionante&lt;.lecitina di _soia_ , aromi), amido di _frumento_ , agenti lievitanti (carbonato acido di ammonio, carbonato acido di sodio), sale, aromi, albume d' _uovo_ , amido di mais pregelatinizzato, zuccheri in cristalli di copertura.",,
8005125926862,Puzzle 1000 fantasy collection ,Lassen,,france,,,,unknown,,,,,
8007290332325,Granoro Spirali Fantasia 232 Gli Speciali,Granoro,,france,,,,unknown,,,,,
8010494000297,"La romagna, stringozzi fantasia",La Romagna,"plant-based-foods-and-beverages, plant-based-foods, cereals-and-potatoes, cereals-and-their-products, pastas, fresh-pasta, it:stringozzi",united-states,,,,unknown,,unknown,"Durum wheat semolina, water, red with chili dehydrates 1.5%, tomato dehydrates 1%, red beets dehydrates 0.5%, egg white. green: with basil dehydrates 3%, spinach 1%, egg white. to be kept in a cool and dry place.",,347.0
8011019008262,Fantaisie de la mer,Bluver,,france,,,,unknown,,,,,
8011019010081,Fantaisies de la mer des Puglia,Bluver,"meals, fresh-foods, meals-with-fish, fresh-meals",france,"barquette-plastique, etiquette-papier, opercule-film-plastique",Super U,"Marseille 5°,France",d,4.0,,"_Encornets_ (Dosidicus Giga/Illex Argentinus/Notarus Sicani péché en Fao 87/41/81), _Calamars_ (Loligo Duvauceli/Loligo Gahi - péché en Fao 51/57/41), Petits _poulpes_ ( Eledone moschata/Octopus Aegina - péché en Fao 34/51/57), _Seiches_ (Sépia Pharaonis/Sepiella inermis - péché en Fao 51/57), _Surimi_ saveur _crabe_ composé de : (chair de _poisson_ 50%, stabilisant : E420, E452, eau, amidon, sucre, huile de palme raffinée, sorbitol, blanc d'__oeuf_, extrat de _crabe_ 0.70% - arôme _crabe_ 0.50%, amidon de riz, exhausteur de goût : E621, colorant naturel : E170, _Crevettes_ (Penaeus Vannamel produit de aquaculture Equateur) (stabilisateur : E450-E451-E452), huile de tournesol, _vinaigre de vin_, sel, persil, acidifiant : acide citrique (E330), antioxydant : acide ascorbique (E300), conservateur : ascorbate de potassium (E220), citron.",,
8021241005014,Fantasia muticolore,Sapori Antichi,,france,,,,unknown,,,,,
8021241007094,Specialita Pasta Fantasia,Sapori Antichi,,france,,,,unknown,,,,,
8026396010364,Fantasia,Mioorto,"plant-based-foods-and-beverages, plant-based-foods, fruits-and-vegetables-based-foods, vegetable-based-foods-and-beverages, vegetables-based-foods, fresh-foods, vegetables, fresh-plant-based-foods, leaf-vegetables, fresh-vegetables, lettuces","italy, serbia",plastic,,,a,,,"Endivija (čipkasta), crveni radič, matovilac.",,
8028639000439,Fantasia,Barbagallo,,italy,,,,unknown,,,,,
8032727110306,Fantasy,,"plant-based-foods-and-beverages, plant-based-foods, pastas",france,,,,a,,,,,
8055118487139,Gazpacho,"Euroverde, Fantasie dell'Orto","plant-based-foods-and-beverages, plant-based-foods, fruits-and-vegetables-based-foods, meals, soups, vegetable-soups, cold-soups, gazpacho","france, italy",,,,c,,,,,
8055118489348,Zuppa alla toscana,"EuroVerde, Fantasie dell'Orto","plant-based-foods-and-beverages, plant-based-foods, meals, soups","france, italy",cardboard,,,c,3.0,,"Eau, haricots blancs 27 %, légumes frais 13 % (carottes 7 %, cou noir 3 %, poireau, _céleri_), pulpe de tomates, oignon, pommes de terre, huile d'olive extra vierge, sel, ail, romarin, sauge, thym, sucre.",,
8055118489386,Minestrone Classique,"Euroverde, Fantasie dell'Orto, Sette Giorni","plant-based-foods-and-beverages, plant-based-foods, meals, soups, minestrone-soups","france, italy",,,,unknown,,,,,
8410100094199,Fantasmikos,Nestlé,helados,"france, spain",container,,,d,4.0,,"water, glucose syrup, fruit juices from concentrates and fruit puree (12,5%) (lemon, pineapple and orange juices from concentrates, strawberry puree), vegetable fats and oils (rapeseed, coconut, shea), invert sugar syrup, sugar, emulsifiers (monoglycerides and diglycerides of fatty acids, sunflower lecithin), stabilizers (locust bean gum, pectins, guar gum),  whey powder, skimmed milk powder, acidulants (citric acid, maltodextrin),  natural flavourings, natural lemon flavourings, natural orange flavourings, natural strawberry flavouring with other natural flavourings, natural lime flavouring, concentrated fruit juice powder (orange, strawberry, lemon, raspberry), colourings (beet red, curcumin, lutein, carotenes, paprika extract,  chlorophylls), glucose and fructose syrup, spirulina concentrate, safflower concentrate, may contain nuts, gluten-free",,
8410100189499,Pirulo Fantasmikos,Nestlé,"desserts, frozen-foods, frozen-desserts, ice-creams-and-sorbets, ice-creams","france, spain",,,,d,,,,,
8410442380806,Brochette guimauve fantaisie,Gerio,"snacks, sweet-snacks, confectioneries, candies, marshmallows",france,,Auchan,,e,,,,,
8423915010308,Tarte fantaisie pie,Mandul,"frozen-foods, pies, sweet-pies",france,,,,d,4.0,,"Farine de BLÉ (GLUTEN), huile de tournesol, OEUF pasteurise, sucre, humectant (glycérine, sorbitol), sirop de glucose et de fructose poudres a lever (pyrophosphate acide de sodium, bicarbonate de sodium). conservateur (acide sorbique), acidifiant (acide lactique), sel, arôme Nappage à la crème de cacao (27%) [sucre, huile végétale (tournesol). cacao en poudre dégraissé (18%), graisses végétales totalement hydrogénées (palmiste, palme), LAIT écrémé en poudre, pâte de NOISETTE (3%), émulsifiant (lécithine de tournesol), saveur]. Dragées au chocolat au ait (4%) [sucre, pâte de cacao, beurre de cacao, lait entier en poudre, amidon. émulsifiant (lécithine), agents d'enrobage (gomme arabique, cire de carnauba, cire d'abeille, gomme laque), jus concentrés (raisin, radis, cassis) citron et betterave rouge), extraits (carthamus, malt d'ORGE, concentré d'algues).",,
8442664011527,Fanta,Coca,,france,,,,unknown,,,,,
8446426052179,Fanta orange,Fanta,,france,,,,unknown,,,,,
8480017032171,Fantaisies Multicolore,Dia,,france,,Dia,,unknown,,,,,
85975934,Truffe fantaisie noir,Casino,"snacks, sweet-snacks, cocoa-and-its-products, chocolates, dark-chocolates, filled-chocolates, filled-dark-chocolates",france,,Casino,,e,,,,,
8606006088305,Fantasy schwarzwald,Frikom,"desserts, frozen-foods, frozen-desserts, ice-creams-and-sorbets, ice-creams, ice-cream-tubs",serbia,"plastic, box",,Serbia,c,4.0,b,"voda, preliv višnje 12% (kaša višnje, šećer, glukozni sirup, dekstroza, limunska kiselina), šećer, kokosovo ulje, dekstroza, _obrano mleko u prahu_, komadići polukandirane višnje 4.5% (višnja 80%, voda, šećer, limunska kiselina), _surutka u prahu_, glukozni sirup, čokolada 1.2%, kakao, emulgatori (mono - i digliceridi masnih kiselina), stabilizatori (guma iz semena rogača, guar guma, karagenan), arome.",13.1,
8606017430094,Fantasy choco-banana,Frikom,"desserts, frozen-foods, frozen-desserts, ice-creams-and-sorbets, ice-creams, ice-cream-tubs",serbia,"plastic, box",,,c,4.0,,"voda, preliv ukusa mlečne čokolade 7.6% (šećer, suncokretovo ulje, kakao, _pasta lešnika_, _surutka u prahu_, _laktoza_, _obrano mleko u prahu_, kakao maslac, emulgator (_sojin lecitin_), _mlečni protein_, arome), šećer, kokosovo ulje, _obrano mleko u prahu_, dekstroza, _surutka u prahu_, glukozni sirup, mleveni keks 3.5% (_pšenično brašno_, šećer, hidrogenizovana palmina mast, glukozni sirup, _sojino brašno_, so emulgator (_sojin lecitin_),aroma), pasta banane 2.6% (pire banane, šećer, voda, aroma, limunska kiselina), komadići keksa 0.6% (_pšenično brašno_, _pšenični skrob_, _pšenični gluten_), emulgatori (mono - digliceridi masnih kiselina), stabilizatori (guma iz semena rogača, guar guma, karagenan), boje (E160a, E150d), arome.",,
8710466283429,Regenboog fantasie,Dr. Oetker,,netherlands,,,,unknown,,,"Dr. Oetker Regen boogfa ntasie, decoratiestrooisel; feestelijk decoreren van cupcakes, taarten, koekjesof andergebak (te gebruiken na het bakken) ofijs.",,
8711000054765,Cacao Fantasy,Douwe Egberts,,france,,,,unknown,,,,,
8711000059319,Cacao Fantasy - Chocolat instantané dosette individuelle,Douwe egberts,"beverages, instant-beverages",france,,,,unknown,4.0,,"sucre, lait écrémé en poudre, cacao maigre en poudre (15%), lactosérum en poudre (lait), sirop de glucose, graisse végétale totalement hydrogénée (noix de coco), anti-agglomérant (E341), stabilisant (E340), sel, protéines de lait.",,
8713189020234,12 mini-choux fantaisie,Toupargel,"snacks, sweet-snacks, biscuits-and-cakes, pastries, cream-puff, chou-pastry-filled-with-custard",france,,Toupargel,,e,4.0,,"MINI-CHOUX FAÇON FORÊT NOIRE 33,4% [préparation à base de crème pasteurisée 31% (lait écrémé pasteurisé, crème liquide pasteurisée, huile végétale de palme, œufs entiers liquides pasteurisés, amidon de maïs, émulsifiant: mono - et diglycérides d'acides gras d'origine végétale, stabilisant: carraghénanes), chocolat de couverture 26% (sucre, pâte de cacao, beurre de cacao, matière grasse laitière anhydre, émulsifiant: lécithine de soja, arôme naturel de vanille), sauce à la griotte 13% (purée de griottes 55%, sucre, sirop de sucre inverti, sirop de glucose de maïs, épaississant : farine de graines de caroube, acidifiant: acide citrique, denrée alimentaire colorante: concentré de jus de carotte noire, arôme naturel de cerise avec autres arômes naturels), œufs entiers liquides pasteurisés, farine de blé, préparation stabilisante (sucre, sirop de glucose de maïs, émulsifiant: mono - et diglycérides d'acides gras d'origine végétale, gélifiant : carraghénanes, extrait de vanille bourbon), huile végétale de palme, émulsifiant: mono - et diglycérides d'acides gras d'origine végétale, nappage blanc (sucre, matière grasse végétale de noix de coco, palmiste, tournesol et navette, lait entier en poudre, émulsifiant: lécithine de soja, arome naturel de vanille), colorant cochenille.] 

MINI-CHOUX FAÇON LATTE MACCHIATO 33,3% [préparation à base de lait et crème sucrée pasteurisée 35% (lait écrémé pasteurisé 38%, crème liquide pasteurisée 35%, huile végétale de palme, sucre, œufs entiers liquides pasteurisés, amidon de maïs, émulsifiant: mono - et diglycérides d'acides gras d'origine végétale, stabilisant: carraghénanes, arôme naturel de vanille Bourbon), nappage blanc (sucre, matière grasse végétale de noix de coco, palmiste, tournesol et navette, lait entier en poudre, émulsifiant : lécithine de soja, arome naturel de vanille), sauce au caramel (lait écrémé concentré sucré pasteurisé, sucre, eau, sirop de glucose de blé, beurre salé, sel, stabilisant: carraghénanes, conservateur: sorbate de potassium), œufs entiers liquides pasteurisés, farine de blé, huile végétale de palme, émulsifiant: mono - et diglycérides d'acides gras d'origine végétale, préparation à base de chocolat blanc et café 2% (sucre, beurre de cacao, lait entier en poudre, café en poudre 2,5%, épices), eau, café en poudre 0,8%, colorant : dioxyde de titane.]

MINI-CHOUX PRALINÉ ET NOISETTES 33,3% [préparation à base de crème et de vanille 42% (lait écrémé pasteurisé, crème pasteurisée, eau, sucre, dextrose de blé, amidon transformé de maïs, huile végétale de noix de coco, amidon de maïs, gélifiant: carraghénanes, émulsifiant; mono - et diglycérides d'acides gras d'origine végétale, arôme naturel de vanille, colorant : caroténoïdes), nappage à base de cacao (sucre, matière grasse végétale de noix de coco, palmiste, tournesol et colza, lait entier en poudre, cacao dégraissé en poudre, beurre de cacao, émulsifiant : lécithine de soja, arôme naturel de vanille), œufs entiers liquides pasteurisés, sauce à base de praliné 7% (noisettes 50%, sucre, émulsifiant: lécithine de soja), farine de blé, huile végétale de palme, émulsifiant : mono - et diglycérides d'acides gras d'origine végétale, noisettes 3%.]

Traces éventuelles d'autres fruits à coques.",,
8713305806933," Fantaisie au cacao fourré de crème (noisette, caramel) Chocolat de Noël",Becky's,"snacks, sweet-snacks, cocoa-and-its-products, confectioneries, chocolates",belgium,boite-plastique,cora,Belgique,e,4.0,," sucre, huile de palme totalement hydrogéné, Lactosérum en poudre (lait), sirop de glucose, Lait écrémé en poudre, poudre de cacao,  noisette, lait entier  en poudre, émulsifiant (lécithine de soja), humectant (E 420), sel, arômes,",,
8713800122781,Snoep mix fantasy,Red Band,"snacks, sweet-snacks, confectioneries, candies",france,,,,e,,,,,
8714065108459,fantasiawafels,mandemakers banket,,france,,,,unknown,,,,,
8717399037013,Anta Flu Eucalyptus Menthol,Fanta,"snacks, sweet-snacks, confectioneries, candies",france,,,,e,,,,,
87126860,Fanta Orange,Fanta,"beverages-and-beverages-preparations, plant-based-foods-and-beverages, beverages, plant-based-beverages, carbonated-drinks, fruit-based-beverages, sodas, fruit-sodas, sweetened-beverages",germany,"glass, de:mehrwegpfand",,,d,4.0,,"Wasser, Zucker, Orangensaft aus Orangensaftkonzentrat, Kohlensäure, Säuerungsmittel (Citronensäure, Äpfelsäure), Citrusextrakt, Säureregulator Natriumgluconat, Aroma, Antioxidationsmittel Ascorbinsäure, Stabilisatoren (E 440, E 414, E 445 und E 412), Farbstoff Carotin.",,
87303773,Fanta pamplemousse,Fanta,"plant-based-foods-and-beverages, beverages, plant-based-beverages, carbonated-drinks, fruit-based-beverages, sodas, fruit-sodas, sweetened-beverages",france,,,,b,,,,,
8847100560094,Fanta Orange,Fanta,"plant-based-foods-and-beverages, beverages, plant-based-beverages, carbonated-drinks, fruit-based-beverages, sodas, fruit-sodas, sweetened-beverages",cambodia,can,,Phnom Penh,e,4.0,,"Carbonated water, sugar, flavorings, citric acid, emulsifiers, preservative and colorings.",13.0,54.0
8847100561725,Fanta lemon,Fanta,,france,,,,unknown,,,,,
8851959132166,Fanta - 325 ML,"Fanta, แฟนต้า","beverages, carbonated-drinks, sweetened-beverages","france, thailand","can, th:กระป๋อง",,,e,4.0,,"น้ำตาล 13% สารควบคุมความเป็นกรด (INS 330) แต่งกลิ่นเลียน ธรรมชาติ ใช้วัตถุกันเสีย (INS 211) สีสังเคราะห์ (INS 110, INS 122)",,
8851959132173,แฟนต้ากลิ่นสตรอเบอร์รี,"Fanta, แฟนต้า","beverages-and-beverages-preparations, beverages, carbonated-drinks, non-alcoholic-beverages, sweetened-beverages","germany, thailand","can, th:กระป๋อง",,"Bangkok,Thailand",e,,,น้ำตาล 14 % กลิ่นสตรอเบอร์รี 0.08% แต่งรสธรรมชาติ และกลิ่นเลียนธรรมชาติ ใช้วัตถุกันเสีย เจือสีสังเคราะห์,,
8851959132180,น้ำเขียว,"Fanta,แฟนต้า","beverages-and-beverages-preparations, beverages, carbonated-drinks, sweetened-beverages",thailand,"can, th:กระป๋อง",,,unknown,,,,,
8851959133163,กลิ่นส้ม,"แฟนต้า,Fanta","beverages, carbonated-drinks, sweetened-beverages",thailand,"can, th:กระป๋อง",,,e,4.0,unknown,"น้ำตาล 13% สารควบคุมความเป็นกรด (INS 330) แต่งกลิ่นเลียน ธรรมชาติ ใช้วัตถุกันเสีย (INS 211) สีสังเคราะห์ (INS 110, INS 122)",11.7,54.2
8851959144169,Fanta Orange flavor,"Fanta,แฟนต้า","beverages-and-beverages-preparations, plant-based-foods-and-beverages, beverages, plant-based-beverages, carbonated-drinks, fruit-based-beverages, sodas, fruit-sodas, sweetened-beverages",thailand,bottle,,,c,4.0,,"น้ำตาล 4.5% สารให้ก๊าซคาร์บอนไดออกไซด์ (INS290) สารควบคุมความเป็นกรด (INS330) วัตถุกันเสีย (NS211) สารให้ความหวาน (ซูคราโลสและแอชีซัลเฟมโพแทสเซียม) สีสังเคราะห์ (NS110, INS129) แต่งกลิ่นสังเคราะห์",4.5,17.5
8855199132184,Fanta Ananas orange,Fanta,,france,,,,unknown,,,,,
8901725132859,Dark Fantasy,Sunfeast,"snacks, sweet-snacks, biscuits-and-cakes, biscuits-and-crackers, biscuits",india,cardboard,,,unknown,4.0,c,"choco _creme_ (38%) [sugar, refined palm oil, refined palmolein, cocoa solids, antioxidant (ins 322(i)). contains added flavour(s) (nature identical flavouring substances chocolate and artificial flavouring substances ethyl vanillin)], _wheat_ flour, hydrogenated vegetable oil, sugar, invert syrup, liquid glucose, raising agents (ins 503(0),ins 500(ii), ins 450(i), cocoa solids (0.7%), _butter_, _milk_ solids, edible common salt and emulsifiers (ins 3220), ins 471) contains permitted natural colour(s) (ins 150c, ins 150d) and added flavour(s) (nature identical flavouring substances-chocolate and artificial flavouring substances vanilla, _milk_)",37.6,504.0
8901725132873,dark fantasy Choc Fills,Sunfeast,"snacks, sweet-snacks, biscuits-and-cakes, biscuits-and-crackers, biscuits, chocolate-biscuits",india,,,,e,4.0,,"choco crème (38%) [sugar, refined palm oil, refined palmolein, cocoa solids, antioxidant (ins 3220)) ,contains added flavour(s) (nature identical flavouring substances - chocolate and artificial flavouring substances ethyl vanillin)], wheat flour, hydrogenated vegetable oil, sugar, invert syrup, liquid glucose, raising agents (ins 503(i), ins 500(i), ins 450()), cocoa solids (0,7%), butter, milk solids, edible common salt and emulsifiers (ins 322(0),  ins 471), contains permitted natural colour(s) (ins 150c, ins 150d) and added flavour(s) (nature identical flavouring substances-chocolate and mal artificial flavouring substances-vanilla, milk) do y da",,
8901764022807,Fanta,Coca Cola,,india,,,,unknown,,unknown,,,
8906023413501,Fantasia Ice Cream Sandwich,Cream Bell,"desserts, frozen-foods, frozen-desserts, ice-creams-and-sorbets, ice-creams, ice-cream-sandwiches",india,box,,India,d,4.0,,"Inner Layer (59%): Water, Milk Solids, Sugar, Maltodextrin, Permitted Emulsifying Agents (433, 471) & Stabilizing Agents (407,412) Outer Layer (41%): Choco Biscuit: Wheat Flour, Sugar, Edible Vegetable Oil (Refined Palm Kernel Oil), Cocoa Powder, Milk Solids, Salt, Raising Agents [500 (ii), 503 (ii)], Emulsifier (322) & Antioxidant (INS 319) CONTAINS PERMITTED NATURAL FOOD COLOUR (150c) AND ADDED NATURE IDENTICAL AND ARTIFICIAL (VANILLA) FLAVOURING SUBSTANCES",22.6,292.0
8935000900086,Nougat fantaisie,,"snacks, sweet-snacks, confectioneries, nougats",france,,,,unknown,,,,,
90331701,,Fanta,"beverages-and-beverages-preparations, plant-based-foods-and-beverages, beverages, plant-based-beverages, carbonated-drinks, fruit-based-beverages, sodas, fruit-sodas, sweetened-beverages","france, germany, hungary, poland, switzerland","plastic, butelka",,,d,4.0,,"Wasser, Zucker, Zitronensaft aus Zitronensaftkonzentrat (3%), Kohlensäure, Säuerungsmittel Citronensäure, Säureregulator
Natriumcitrate, Aromen, Konservierungsstoff Kaliumsorbat,
Stabilisatoren E 414 und E 445, Antioxidationsmittel Ascorbinsäure.",,
90357138,Fanta ananas,Fanta,,france,,,,unknown,,,,,
90377884,Fanta Orange Flavoured Drink,Fanta,"beverages, carbonated-drinks, sodas",france,,,,e,,,,,
90399695,Fanta cocktail,Fanta,,france,,,,unknown,,,,,
90418938,Fanta,Fanta,"beverages-and-beverages-preparations, plant-based-foods-and-beverages, beverages, plant-based-beverages, carbonated-drinks, fruit-based-beverages, sodas, fruit-sodas, orange-soft-drinks, sweetened-beverages",switzerland,"plastic, hdpe-high-density-polyethylene, pet-polyethylene-terephthalate",,Schweiz,e,3.0,,"Wasser, Zucker, Orangensaft aus Orangensaftionent are Saveruingsmittel: Citronensäure, natürliches Orangenaroma mit Honer, Antioxidationsmittel: Ascorbinsăure, Stabilisator: Guarkernmelhl",,
90494055,Fanta Mango,"Coca-Cola, Fanta","plant-based-foods-and-beverages, beverages, plant-based-beverages, carbonated-drinks, fruit-based-beverages, sodas, fruit-sodas, sodas-with-exotic-fruits, sweetened-beverages","france, switzerland","plastic, pet-polyethylene-terephthalate, de:pet-flasche",,,e,4.0,,"Wasser, Zucker, Orangensaft aus Orangensaftkonzentrat 3%, Kohlensäure, Citrus-Extrakt, Säuerungsmittel: Citronensäure, natürliches Mangoaroma mit anderen natürlichen Aromen, Stabilisatoren (E 410, E414, E 445), Antioxidationsmittel: Ascorbinsäure, Farbstoff: Carotine",,
90495069,Fanta Cassis,Fanta,"beverages, carbonated-drinks, sodas",france,,,,e,4.0,,"Eau pétillante, sucre jus de cassis à base de concentré (5%), acidifiant: acide citrique, colorant: anthocyanes, arômes naturels de cassis, conservateur: sorbate de potassium, VOEDINGSWAARDE/",,
90495090,"Fanta 0,2",Coca-Cola,"beverages-and-beverages-preparations, plant-based-foods-and-beverages, beverages, plant-based-beverages, carbonated-drinks, fruit-based-beverages, sodas, fruit-sodas, orange-soft-drinks, sweetened-beverages","belgium, france, germany",,,,unknown,4.0,,"Wasser, Zucker, Orangensaft aus Orangensaftkonzentrat, Kohlensäure, Säuerungsmittel (Citronensäure, Apfelsäure), Citrusextrakt, Säureregulator Natriumgluconat, Stabilisatoren (E 414, E 412 und E445), Aroma, Antioxidationsmittel Ascorbinsäure, Farbstoff Carotin,",,
9120018533756,Shokata,Fanta,"beverages-and-beverages-preparations, plant-based-foods-and-beverages, beverages, plant-based-beverages, carbonated-drinks, fruit-based-beverages, sodas, fruit-sodas, sweetened-beverages",germany,,,,e,4.0,,"Wasser, Zucker, Zitronensaft (3%), Kohlensäure (min 2g/L), Zitronensäure, Holunderblütenaroma, Säureregulator Natriumcitrat, Konservierungsstoff Kaliumsorbat Stabilisatoren E414 und E445, Ascorbinsäure.",,
9310155003254,Delites Crinkle Cut Snacks Sour Cream & Chives Flavour,Fantastic,"snacks, salty-snacks, appetizers, biscuits-and-crackers, crackers-appetizers","australia, new-zealand","box, cardboard",,,d,4.0,,"Rice Flour (55%), Maize Starch, Vegetable Oi (Antioxidant (E320)), Seasoning (Sugar, Flavours (Milk), Salt, Onion Powder, Cheese (Milk), Flavour Enhancers (E621, E635), Spice, Garlic Powder, Chives, Anticaking Agent (E551), Food Acid (E330), Colours (E160c, E100)), Potato Starch, Potato Flakes (Preservative (E222)), Tapioca Starch, Bamboo Fibre, Sugar Salt Sodium Contains: Milk, Sulphites. May contain traces of: Soy, Sesame.",,
9310155006538,Fantastic R / CRK Sesame,Fantastic,,france,,,,unknown,,,"Rice flour, maize flour, sesame seeds (5.6%), poppy seeds (5.3%), sunflower seeds (4.2%), mustard seeds (4.2%), Sunflower oil (antioxidant (320)), salt, garlic powder, onion powder.",,
9310155365055,Pancetta,Fantastic,,france,,,,unknown,,,,,
9310155530101,Rice Crackers Original Flavour,Fantastic,"snacks, salty-snacks, appetizers, biscuits-and-crackers, crackers-appetizers, rice-crackers","australia, new-zealand",,,,d,4.0,,"Rice Flour (91%), Sugar, Vegetable Oil (Antioxidant (307b)), Salt, Gluten Free Soy Sauce Powder (Hydrolysed Wheat), Flavour Enhancers (627, 631)",,
9310155540100,Rice Crackers Seaweed Flavour,Fantastic,"snacks, salty-snacks, appetizers, biscuits-and-crackers, crackers-appetizers, rice-crackers","australia, new-zealand",,,,d,4.0,,"rice (91%), gluten free soy sauce (hydrolysed wheat), sugar, seaweed strips (1%), flavour, flavour enhancers (627, 631). contains: soy may contain traces of: egg, sesame, milk.",,
9310155754064,Fantastic RCRKR Slt &vin 100G,Fantastic,"snacks, salty-snacks, appetizers, biscuits-and-crackers, crackers-appetizers",france,,,,e,4.0,,"Rice flour (86%), seasoning powder: (salt, flavo(trt acidity regulators (E262* E330), sugar, maize maltodextrin, lactose (contains milk), flavour enhancers (E621 E627, E631)t anti caking agent (E551 vegetable oil (contain soy antioxidants (E306, E330) '(E621 E627 'E631) E330) and egg.",,
9555589205519,Fanta lychee,Fanta,"beverages, carbonated-drinks, sodas","australia, france, malaysia",,,,e,3.0,,"carbonated water, sucrose, flavouring citric acid, potassium sorbate, acesulfame potassium sodium citrate, sucralose and sodium benzoate contains deretter fas noni animal origin",,
3564700475362,Truffe fantaisie,,,france,,,,unknown,,,,,
5449000081735,FANTA Mango,The Coca-Cola Company,,switzerland,bouteille-pet-2l,,,unknown,4.0,,"Wasser, Zucker, Orangensaft aus Orangensaftkonzentrat (3%) Kolensäure, Citrus-Extrakt, Säuerungsmittel Citronensäure, natürliches angoaroma mit anderen natürlichen Aromen. Stabilisatoren: E 410, E 414 nd 445, Antioxidationsmittel Ascorbinsäure, Farbstoff Carotine. eau, sucre, jus d'orange à partir de concentré [390), acide cathonique, extrait des agrumes, acidifiant acide citrique, aróme nature de avec autres arómes naturels, stabilisants: E 410, E 414 et 4 anti acide ascorbique, colorant caroténoides NÄHRWERTDEKLARATION |",,
0088009160611,Fanta raisin,"Boissons sucrées, Sodas",,france,,,,unknown,4.0,,"Eau gazéifiée, sucre, acidifiant (E330) arôme, conservateur (E202), colorant (E122, E102, E142)",,
15370729,,Fanta,,france,,,,unknown,,,,,
0049000041194,Fanta zero sugar orange,Fanta,"beverages-and-beverages-preparations, beverages, carbonated-drinks, artificially-sweetened-beverages, sodas, diet-beverages, diet-sodas",united-states,,,,c,4.0,,"carbonated water, citric acid, potassium citrate, aspartame, natural flavors, modified food starch, potassium benzoate, acesulfame potassium, glycerol ester of rosin, yellow 6, medium chain triglycerides, sucrose acetate isobutyrate, red 40",,
5740700987984,Fanta - Straberry & Kiwi,"Fanta, Fanta - The Coca Cola Company","beverages-and-beverages-preparations, plant-based-foods-and-beverages, beverages, fruit-based-foods-and-beverages, non-alcoholic-beverages, plant-based-beverages, carbonated-drinks, fruit-based-beverages, soft-drinks, sodas, fruit-sodas, sweetened-beverages","belgium, france, germany, morocco, spain","can, drink-can",,,e,4.0,,"agua, azúcar, zumo de limón concentrado, dióxido de carbono, aroma a Kiwi, aromas natures, vegetales (zanahoria, cartao), regulador de acidez E330, estabilizadores (E414, E445)",,
3481290032907,TRUFFES FANTAISIE FRAMBOISE,Mathez,,saint-pierre-and-miquelon,,,,unknown,,unknown,,,
0260025003947,baguette fantaisie,intermarché,"plant-based-foods-and-beverages, plant-based-foods, cereals-and-potatoes, breads, baguettes",france,,intermarché,France,unknown,4.0,,"Farine de BLE, eau, levure, sel, emulsiFiant: E471, antioxydant: acide ascorbique",,
0069052011358,Petits Pois (fantaisie),le sieur,"plant-based-foods-and-beverages, plant-based-foods, fruits-and-vegetables-based-foods, legumes-and-their-products, legumes, vegetables-based-foods, vegetables, green-peas",canada,boite-conserve,provigo,Canada,b,3.0,,"POIS,EAU, SUCRE SEL. GROSSEURS ASSORTIES. Visit Visitez www.everydaycelebrations.a www.celebrerlequotidien.ca",,
5449000240675,Fanta Lemon,The Coca-Cola Company,"beverages-and-beverages-preparations, beverages, carbonated-drinks, artificially-sweetened-beverages, sodas, lemonade, sweetened-beverages",austria,"plastic, bottle",Billa,,c,4.0,,"Wasser, Zitronensaft aus Zitronensaftkonzentrat 3 %, Kohlensäure, Säuerungsmittel: Citronensäure und Apfelsäure, Süßungsmittel: Cyclamat, Acesulfam K, Sucralose, Steviolglycoside und Neohesperidin DC; Säureregulator: Natriumcitate, Konservierungsstoff: Kaliumsorbat; Stabilisatoren: E414 und E 445; Antioxidationsmittel: Ascorbinsäure, natürliches Zitronenaroma mit anderen natürlichen Aromen, Farbstoff: Karotine.",,
5449000126665,fanta tops pomme 1.5l,TOPS,"beverages-and-beverages-preparations, beverages, carbonated-drinks, artificially-sweetened-beverages, sodas, carbonated-soft-drinks-without-fruit-juice, carbonated-soft-drinks-without-fruit-juice-with-sugar-and-artificial-sweeteners",morocco,plastic,Epicier,Maroc,c,4.0,,"Arômes de pomme avec édulcorants. Sucré à l'acésulfame K et au sucre d'amande. Ingrédients : eau gazeuse, niveaux d'acidité : 330, E331, arômes naturels, édulcorants : E955, E950 : colorant : E150d, conservateur : E211.",0.0,0.7
5449000037947,,Fanta,"beverages-and-beverages-preparations, beverages, carbonated-drinks, sodas, sweetened-beverages","france, morocco",,,,e,4.0,,"فحة المستهلكين ) SERVICE CONSOMMATE INGREDIENTS EAU, SUCRE, CO2, RÉGULATEURS DE L'ACIDITÉ: SIN 330. SIN 331; AROME IDENTIQUE AU NATUREL, COLORANT: SIN 1500 CONSERVATEUR: SIN 211. LES ADDITIFS UTILISES SONT ALIMENTAIRES MISE EN BOUTEILLE PAR SKIKDA BOTTLING COMPANY, ZONE DE DEPOT HAMROUCHE HAMOUDI HAMADI KROUMA SKIKDA BP N°397 ALGERIE AUTORISEE PAR THE COCA-COLA COMPANY PROPRIETAIRE DES MARQUES DÉPOSÉES FANTA ET LA BOUTEILLE FANTA SPLASH 2012",,
5449000241375,Fanta original,Fanta,"plant-based-foods-and-beverages, beverages, plant-based-beverages, carbonated-drinks, fruit-based-beverages, sodas, fruit-sodas, orange-soft-drinks",italy,bottiglia-pet,,,unknown,4.0,,"acqua, succo di arancia da concentrato (12%), zucchero, anidride carbonica, acidificante acido citrico, aromi naturali di agrumi, stabilizzante gomma d'acacia, antiossidante acido ascorbico.",,
3173287290048,Truffes fantaisie,Cémoi,"snacks, sweet-snacks, cocoa-and-its-products, confectioneries, chocolate-candies, bonbons, chocolate-truffles","france, morocco",,,,e,4.0,,"graisses végétales (palmiste, palme), sucre, cacao maigre en poudre, éclats de noisettes caramélisés 5% (noisettes, sucre), lactosérum en poudre, beurre de cacao, arômes, Peut contenir des traces de gluten et d'autres fruits à coque,",,
4002971040708,"Almighurt Fantasie, Limette",Ehrmann,,germany,,,,unknown,,,,,
3481290010530,Truffes fantaisie nature,,"snacks, sweet-snacks, cocoa-and-its-products, confectioneries, chocolate-candies, bonbons, chocolate-truffles",france,,,,e,,,,,
8008660160739,Confiture de fraise,"Fantasy, Menz & Gasser","plant-based-foods-and-beverages, plant-based-foods, fruits-and-vegetables-based-foods, breakfasts, spreads, fruits-based-foods, plant-based-spreads, sweet-spreads, fruit-and-vegetable-preserves, jams, berry-jams, strawberry-jams",france,,,,d,,,,,
3760133675762,Guimauves Fantaisie,Les Saveurs du Clavon,"snacks, sweet-snacks, confectioneries, candies, marshmallows",france,,,,e,,,,,
5449000065247,Fanta strawberry,,"beverages, carbonated-drinks, sodas",france,plastic,,,e,4.0,,"NGRÉDIENTS: EAU, SUCRE, GAZ CO2, RÉGULATEUR D'ACIDITÉ: SIN 330, AROMES NATURELS ET IDENTIQUES AUX NATURELS, CONSERVATEUR: SIN 211, EDULCORANT: SIN 955, COLORANTS: SIN 122, SIN 110, S ADDITIFS UTILISES SONT ALIMENTAIRES, DÉCONSEILLÉ AUX DOISSON GAZEUSE AUX ARÔMES DE FRAISE, PRODUIT SUCRE PARTIELLEMENT ÉDULCORÉ,",,
3331941801546,Orgeat fantaisie,,,france,,,,unknown,,,,,
3481291007935,Truffes fantaisie,Mathez,"snacks, sweet-snacks, cocoa-and-its-products, confectioneries, chocolate-candies, bonbons, chocolate-truffles",france,,,,e,,,,,
3395328134054,Fantaisie amanda dulcey,,,france,,,,unknown,,,,,
5000112636093,Fanta Blood Orange zero sugar,"Fanta, The Coca-Cola Company","plant-based-foods-and-beverages, beverages, festive-foods, plant-based-beverages, carbonated-drinks, fruit-based-beverages, artificially-sweetened-beverages, sodas, fruit-sodas, halloween-foods-and-drinks, sweetened-beverages",sweden,"metal, recyclable-metals, aluminium",,Sweden,c,4.0,,"Kolsyrat vatten, juice från koncentrat (apelsin 2%, blodapelsin 1%), surhetsreglerande medel (citronsyra, äppelsyra), frukt - och grönsakskoncentrat (aronia, fläderbär, morot, färgtistel, citron, svartavinbär), konserveringsmedel (kaliumsorbat), sötningsmedel (acesulfame-K, aspartam), naturlig apelsinarom med andra naturliga aromer, stabiliseringsmedel (akaciagummi, guarkärnmjöl, glycerolestrar av trähartser).",,
5000112628944,Fanta Fruit Twist,Fanta,,united-kingdom,pet-bottle,,,unknown,,,,,
3290041001365,Truffes fantaisie,Guyaux,"snacks, sweet-snacks, cocoa-and-its-products, confectioneries, chocolate-candies, bonbons, chocolate-truffles",france,,,,e,,,,,
3173287294343,Cemoi Truffes Fantaisie - Fancy Chocolate Truffles,,,france,,,,unknown,,,,,
8410442383609,Guimauve fantaisie,,,france,,,,unknown,,,,,
5292705000064,Fanta,Fanta,,france,,,,unknown,,,,,
0654542667025,Belgian fantasy cocoa truffles with speculoos taste,,cocoa-truffles,france,,,,e,,,,,
5449000229106,Fanta DrAnGo,Fanta,,france,,,,unknown,,,,,
87303117,Fanta zero orange sanguine,Fanta,,france,,,,unknown,,,,,
8004030024014,Fantasia di riso e tonno,Rio Mare,"canned-foods, meals, prepared-salads",france,,,,d,,,,,
5449000054104,Fanta mandarine,Fanta,"beverages, carbonated-drinks, sodas",france,,,,e,,,,,
5000112547849,Fanta Orange,"Fanta, The Coca Cola Company","beverages-and-beverages-preparations, plant-based-foods-and-beverages, beverages, plant-based-beverages, carbonated-drinks, fruit-based-beverages, sodas, fruit-sodas, sweetened-beverages","france, germany",,,,d,4.0,,"Wasser, Zucker, Orangensaft aus Orangensaftkonzentrat, Kohlensäure, Säuerungsmittel (Citronensäure, Apfelsäure), Citrusextrakt, Säureregulator Natriumgluconat, Aroma, Antioxidationsmittel Ascorbinsäure, Stabilisatoren (E 440, E 414, E 445, E 412), Farbstoff Carotin",,
3760018360318,Kougelhopfs d'Alsace Truffes fantaisie,Chocolaterie BRUNTZ 68260 KINGERSHEIM,"snacks, sweet-snacks, biscuits-and-cakes, cocoa-and-its-products, confectioneries, chocolate-candies, bonbons, cakes, chocolate-truffles, kougelhopf",france,,,,e,,,,,
3580281164464,Graines de courge grillées salées,Fantasia,"plant-based-foods-and-beverages, plant-based-foods, seeds, pumpkin-and-squash-plant-products, cucurbitacea-seeds, pumpkin-seeds-and-their-products, pumpkin-seeds",france,,,,d,3.0,,"Graines de courge, sel, farine de riz",,
0201351007810,Pain fantaisie,,,france,,,,unknown,,,,,
3701175700159,Truffe fantaisie aux cristaux de menthe,,,france,,,,unknown,,,,,
3290041001358,Truffes Fantaisies,Guyaux,"snacks, sweet-snacks, cocoa-and-its-products, confectioneries, chocolate-candies",france,,,,e,,,,,
5449000255020,zero SUGAR Blood Orange,Fanta,,france,,,,unknown,,,,,
3800500099750,Brochettes de confiserie fantaisies,BROCHETTES  PÈRE NOËL,frozen-foods,france,,,,e,4.0,,"Sucre, sirop de glucose et fructose, eau, gélatine, jus de citron, (eau, jus de citron, acidifiants : E330, huile de citron, conservateurs : E202), blanc d’œufs, humectant: sorbitol (E420); arômes, amidon, concentrés (radis, pomme, cassis noir). colorants: extrait de spirulina, caroténoïdes (160a), betanine (E162), carmins (E120), Charbon végétal médicinal (E153).",,
3564706540057,Truffes fantaisie,"Marque Repère, Equador","snacks, sweet-snacks, cocoa-and-its-products, confectioneries, chocolate-candies, bonbons, chocolate-truffles",france,,Leclerc,,e,4.0,,"Graisses végétales (noix de coco, palmiste), sucre cacao maigre en poudre, lactosérum en poudre, poudre de cacao, émulsifiant : lécithines (soja), arôme naturel de vanille. Traces de gluten, fruits coque et oeufs.",,
5012035956257,Haribo Fantasy Mix,Haribo,,france,,,,unknown,,,,,
42357346,Fanta exotic,Fanta,,france,,,,unknown,,,,,
3395502974643,Guimauve fantaisie,Fizzy,"snacks, sweet-snacks, confectioneries",france,,,,e,,,,,
5000112637649,Fanta orange sanguine édition halloween,Fanta,"beverages-and-beverages-preparations, plant-based-foods-and-beverages, beverages, festive-foods, plant-based-beverages, carbonated-drinks, fruit-based-beverages, sodas, fruit-sodas, halloween-foods-and-drinks",france,,,,b,,,,,
3596710397600,Les truffes fantaisie chocolat - éclats de caramel au beurre salé,Vendome,"snacks, sweet-snacks, cocoa-and-its-products, confectioneries, chocolate-candies, bonbons, chocolate-truffles","france, world",,Auchan,,e,4.0,,"Chocolat 70% (masse de cacao, sucre, beurre de cacao), graisse végétale (coprah), éclats de caramel au beurre salé et sel 5% (sucre, sirop de glucose, LAIT entier en poudre reconstitué, crème fraîche (LAIT), beurre salé 0,18% (LAIT), sel de Guérande 0,06%, émulsifiant : lécithines (colza)), poudre de cacao, sel de Guérande, émulsifiant : lécithines (SOJA), arôme naturel de vanille, arôme caramel. Cacao dans le chocolat: 50% minimum. Traces éventuelles de céréales contenant du gluten, d'arachides, de fruits à coque et d'oeufs.",,
5449000114518,Fanta cocktail,Fanta,,france,,,,unknown,,,,,
0206023019290,Fantaisie gambas st jacques,,,france,,,,unknown,,,,,
3395503026259,Guimauve Fantaisie,,,france,,,,unknown,,,,,
3481290025558,Truffe fantaisie aux éclats de noisettes,,,france,,,,unknown,,,,,
3520300000007,Truffes fantaisies rhum,,,france,,,,unknown,,,,,
5414150636050,Fantaisie de cacao instantané,FrieslandCampina,,"belgium, france",,Delhaize,,unknown,4.0,,"sugar, skim milk powder, lean cocoa powder (13,1%), salt, anti-agglomerants (e341, e551), aroma, emulsifier: soy lecithin,",,
21700316,Farfalle Fantasia,Cucina,"plant-based-foods-and-beverages, plant-based-foods, cereals-and-potatoes, cereals-and-their-products, pastas, cereal-pastas, dry-pastas, durum-wheat-pasta",germany,bag,,,unknown,,,,,
0654542666776,Belgian fantasy cocoa truffles original,,cocoa-truffles,france,,,,unknown,,,,,
5449000244949,Fanta Citron Fleur De Sureau,Fanta,,france,,,,unknown,4.0,,"Gee sucre jus de citron a base de concentre (3%), acide carbonique regulateur d'acidite (acide citrique), correcteur d'acidite (citrate de sodium an conservateur (sorbate de potassium), stabilisateurs E414 et E445, antioxydant acide ascorbique) Les colorants peuvent influencer Fattention et factive des energie",,
3352750300150,Guimauve fantaisie blanche,,,france,,,,unknown,,,,,
0088009150728,Fanta Orange,Fanta,"beverages-and-beverages-preparations, plant-based-foods-and-beverages, beverages, plant-based-beverages, carbonated-drinks, fruit-based-beverages, sodas, fruit-sodas, orange-soft-drinks",france,,,,e,,,,,
5449000202048,fanta,Fanta,"beverages, carbonated-drinks, sodas, sweetened-beverages",south-africa,,,,unknown,,not-applicable,,0.0,
5000112567267,Fanta Lemon 1.5L,Fanta,"beverages-and-beverages-preparations, plant-based-foods-and-beverages, beverages, plant-based-beverages, carbonated-drinks, fruit-based-beverages, artificially-sweetened-beverages, sodas, fruit-sodas",netherlands,,,,unknown,4.0,not-applicable,"sprankelend water; citroensap uit sapconcentraat 16%) suren: citroenzuur, natriumcitraat; zoetstoffen: aspartaam, acesulfaan - sacharine; conserveermiddel: kaliumsorbaat; stabilisatoren: arabische gom, pycerolesters van houthars; antioxidant: ascorbinezuur; natuurlijke citroenaroma's t ander natuurlijk aroma.",0.2,2.0
5000112637045,Fanta wildberries,Fanta,,france,,,,unknown,,,,,
3481290007158,Truffes Fantaisie Cocoa Beans,Mathez,"snacks, sweet-snacks, cocoa-and-its-products, confectioneries, chocolate-candies, bonbons, chocolate-truffles",france,,,,e,4.0,,"Graisses végétales (coprah, palmiste), sucre, cacao maigre en poudre, lactosérum en poudre, éclats de fèves de cacao 6%, cacao en poudre, émulsifiant : lécithines de soja. Traces éventuelles de gluten, amandes, noisettes, œufs et pistaches.",,
3700125801519,Fantaisies de Nougats,Motta,"snacks, sweet-snacks, confectioneries, nougats",france,,,,e,,,,,
3472710016010,Truffes fantaisie,Truffettes de France,"snacks, sweet-snacks, cocoa-and-its-products, confectioneries, chocolate-candies, bonbons, chocolate-truffles",france,,,,e,4.0,,"graisses végétales non hydrogénées, sucre, cacao maigre, lactosérum, éclats de caramel (5%) (Saccharose, sirop de glucose, agent levant E500ii), poudre de cacao, émulsifiant : lécithine de soja, arôme caramel, arôme naturel vanille. Contient du lait, soja (lécithine). Peut contenir des traces éventuelles de blé, d'arachide et de fruits à coques.",,
9310155610506,NOODLES BEEF FLAVOUR,Fantastic,"plant-based-foods-and-beverages, plant-based-foods, cereals-and-potatoes, cereals-and-their-products, dried-products, dried-products-to-be-rehydrated, pastas, noodles, instant-noodles","australia, new-zealand",pottle,,,c,4.0,,"Noodles (Wheat flour, vegetable oil (contains antioxidant (319)), modified starch (1422), salt, imineral salt (501. 500, 451), vegetable gum (412)),
Flavour sachet (Flavour enhancers (621, 627, 631), flavours (contains soy and wheat), salt, maltodextrin, herbs and spices (parsley, marjoram, thyme, basil, rosemary, pepper, turmeric, garlic, chilli),)",,
3348630003013,Fanta saveur orange,Fanta,,france,,,,unknown,,,,,
3520400000006,Truffes fantaisies calvados,,,france,,,,unknown,,,,,
5449000014771,Fanta Pomme,fanta,"beverages-and-beverages-preparations, beverages, carbonated-drinks, sodas, sweetened-beverages, boisson-gazeuse-a-l-arome-de-pomme",algeria,"can, drink-can",,,unknown,4.0,not-applicable,"eau, sucre, CO2, régulateurs de l'acidité: SIN 330, SIN 331; arôme identique au naturel, Colorant: SIN 150d, conservateur: SIN 211, les additifs utilisés sont alimentaires.",,
3481291007362,Truffes fantaisie,,,france,,,,unknown,,,,,
3580281042458,Semoule de blé dur fine,Fantasia,,france,,,,unknown,,,,,
3437017052673,Pâte fantastique,Groupe partner,,france,,,,unknown,,,,,
20056452,Truffes fantaisie,lidl,"snacks, sweet-snacks, cocoa-and-its-products, confectioneries, chocolate-candies, bonbons, chocolate-truffles",france,,Lidl,,e,4.0,,"graisses végétales (palme, palmiste), sucre, cacao maigre en poudre, lactosérum (lait), éclats de biscuits (farine de blé, sucre, beurre (lait), poudre de lait écrémé, extrait de malt d'orge en poudre, sel), 1% cacao en poudre, émulsifiant: lécithines (soja); arôme naturel de vanille. Traces éventuelles de céréales contenant du gluten, de fruits à coque et d'arachides.",,
27028216,Farfalle fantasia,Pasta Mare,"plant-based-foods-and-beverages, plant-based-foods, cereals-and-potatoes, cereals-and-their-products, pastas, cereal-pastas, dry-pastas, durum-wheat-pasta, dry-durum-wheat-pasta","france, spain",,,,a,,,,,
8001364346010,Pilze Fantasia,"Ca' del Bosco, Novella","plant-based-foods-and-beverages, plant-based-foods, fruits-and-vegetables-based-foods, vegetables-based-foods","austria, france, italy",,,,unknown,,,,,
3481290032402,Truffes fantaisies,Mathez,"snacks, sweet-snacks, cocoa-and-its-products, confectioneries, chocolate-candies, bonbons, chocolate-truffles",france,,,,e,,,,,
3292590701215,Fantaisie des sous bois,Thiriet,,france,,Thiriet,,unknown,,,,,
3259920042752,CARCADET FANTASIA,Dammann Frères,,france,,,,unknown,,,,,
3481290025176,Truffes fantaisie,Mathez,"snacks, sweet-snacks, cocoa-and-its-products, confectioneries, chocolate-candies, bonbons, chocolate-truffles",france,,,,e,4.0,,"graisses végétales (coprah, palmiste), sucre, cacao maigre en poudre, lactosérum en poudre, éclats de caramel au beurre salé 5% (sucre, sirop de glucose, crème fraîche, beurre salé 0,2%, lait écrémé en poudre, sel de Guérande), cacao en poudre, émulsifiant lécithines de soja, arôme naturel. Traces éventuelles de gluten, amandes, noisettes, oeufs et pistaches.",,
3481291007393,Truffe fantaisie aux brisures de tarte et au citron,Mathez,"snacks, sweet-snacks, cocoa-and-its-products, confectioneries, chocolate-candies, bonbons, chocolate-truffles",france,,,,e,4.0,,"Ingrédients graisses végétales (coprah, palmiste), sucre, cacao maigre en poudre, lactosérum en poudre, brisure de tarte 4% (farine de blé, sucre, malt de blé, amidon de blé, poudre à lever carbonates de sodium, beurre de cacao, sel, arôme naturel de vanille), cacao en poudre, émulsifiant lécithines de soja, arôme naturel de citron. Traces éventuelles de noisettes, amandes, oeufs et pistaches.",,
3481290014156,Truffes fantaisies au sucre pétillant,Mathez,"snacks, sweet-snacks, cocoa-and-its-products, confectioneries, chocolate-candies, bonbons, chocolate-truffles",france,,,,e,4.0,,"graisses végétales (coprah, palmiste), sucre, cacao maigre en poudre, lactosérum en poudre, sucre pétillant 5% ( sucre, lactose, contient du beurre de cacao et/ou du sirop de glucose, dioxyde de carbone), cacao en poudre, émulsifiant lécithines de soja Traces éventuelles de gluten, amandes, noisettes, oeufs et pistaches.",,
3472710011206,Truffes fantaisie,,,france,,,,unknown,,,,,
3481291011734,Truffe fantaisie nature,Truffes d'Or,"snacks, sweet-snacks, cocoa-and-its-products, confectioneries, chocolate-candies, bonbons, chocolate-truffles",france,,,,e,4.0,,"graisses végétales (coprah, palmiste), sucre, cacao maigre en poudre, lactosérum en poudre, cacao en poudre, émulsifiant : lécithines de soja.",,
3481290039302,Truffes Fantaisie aux brisures de macaron franboise,Mathez,"snacks, sweet-snacks, cocoa-and-its-products, confectioneries, chocolate-candies, bonbons, chocolate-truffles",france,,,,e,4.0,,"graisses végétales (coprah, palmiste), sucre, cacao maigre en poudre, lactosérum en poud re, brisures de macaron 5% (sucre, amidon de blé, farine de blé, farine d'amande, albumine d'æuf, arômes naturels, poud re à lever carbonates de sodium), cacao en poudre, émulsifiant lécithines de soja, arôme naturel de framboise et autres arômes naturels. Traces éventuelles de noisettes et pistaches.",,
5449000665829,Fanta Portocale și fructul pasiunii,Fanta,"beverages-and-beverages-preparations, plant-based-foods-and-beverages, beverages, plant-based-beverages, carbonated-drinks, fruit-based-beverages, sodas, fruit-sodas, sweetened-beverages",romania,"plastic, pet-polyethylene-terephthalate",,"Constanta,Romania",d,4.0,not-applicable,"Apa, sirop de fructoza-glucoza, dioxid de carbon, suc de fructe concentrat (portocale 2,8%, fructul pasiunii 0,1%, lamaie 0,1%), acidifianti acid citric si acid malic, arome, conservant sorbat de potasiu, stabilizatori guma de acacia, E445 si guma de guar, indulcitor glicozide derivate din steviol, antioxidant acid ascorbic.",6.5,
9310155650274,2 minute noodles,Fantastic,"plant-based-foods-and-beverages, plant-based-foods, dried-products, pastas, dried-products-to-be-rehydrated, noodles, instant-noodles","france, new-zealand",,,,unknown,,,,,
3472710054395,Caco Truffes fantaisie nature,,"snacks, sweet-snacks, cocoa-and-its-products, confectioneries, chocolate-candies, bonbons, chocolate-truffles",france,,,,e,4.0,,"Graisses végétales (palme / palmiste), sucre, chocolat noir 25% (sucre - masse de cacao - beurre de cacao - émulsifiant : lécithine de soja), cacao maigre, lactosérum, éclats de poudre de cacao (3,6%) (poudre de cacão maigre, sucre), émulsifiant : lécithine de soja, arôme naturel de vanille. Peut contenir des traces de gluten (dont blé), d'arachides et de fruits à coque.",,
0088009290615,Fanta framboise,"Fanta,COCA COLA","beverages-and-beverages-preparations, beverages, carbonated-drinks, sodas, sweetened-beverages, sodas-a-la-framboise",french-polynesia,"plastic, bottle",carrefour,"arue,tahiti",e,4.0,,"Eau gazéifiée, sucre, arôme, acidifiant (E330), conservateur (E211), colorant (E122).",,
0088009150452,Fanta orange,"Brasserie de tahiti,coca-cola compagny","plant-based-foods-and-beverages, beverages, plant-based-beverages, carbonated-drinks, fruit-based-beverages, sodas, fruit-sodas, orange-soft-drinks, sweetened-beverages",french-polynesia,"plastic, glass, bottle, bottle-cap, wine-cork",,,e,4.0,not-applicable,"Eau gazéifiée, sucre, acidifiants (E330, E331), arôme, conservateur (E202), antioxydant (E300), colorants (E110, E122)",13.0,54.0
0088009160451,FANTA RAISIN,Fanta,,french-polynesia,"plastic, glass, bottle, bottle-cap, wine-cork",,,unknown,4.0,unknown,"Eau gazéifiée, sucre, acidifiant (E330) arôme, conservateur (E202), colorant (E122, E102, E142)",13.0,
3700112058360,The Noir Fantaisie De Fetes,,,france,,,,unknown,,,,,
3481290040384,Truffes fantaisie biologique,,,france,,,,unknown,,,,,
3481290025121,Truffes fantaisie,,"snacks, sweet-snacks, cocoa-and-its-products, confectioneries, chocolate-candies, bonbons",france,sachet-alu,,France,e,4.0,,"graisses végétales (coprah, palmiste), sucre, cacac maigre en poudre, lactosérum en poudre, brisures de macaron 5% (sucre, amidon de blé, farine de blé, farine d'amande albumine d'oeuf, arômes naturels, poudre à lever: carbonates de sodium), cacao en poudre, émulsifiant : lécithines de soja, arôme naturel de framboise et autres arômes naturels.",,
3443705041232,Fantaisie de Bloc de Foie Gras,Clos Saint Sozy,"fish-and-meat-and-eggs, foies-gras, foies-gras-from-ducks",france,,,,unknown,,,,,
3481291011512,Truffes fantaisie,Truffes d'or,"snacks, sweet-snacks, cocoa-and-its-products, confectioneries, chocolate-candies, bonbons, chocolate-truffles",france,,,,e,4.0,,"graisses végétales (coprah, palmiste), sucre, cacao maigre en poudre, lactosérum en poudre, éclats de caramel au beurre salé 5% (sucre, sirop de glucose crème fraîche, beurre salé 0,2%, lait écrémé en poudre, sel de Guérande). cacao en poudre, émulsifiant: lécithines de soja. arôme naturel",,
3481291007409,Truffe fantaisie tarte citron,Chocolat MATHEZ,"snacks, sweet-snacks, cocoa-and-its-products, confectioneries, chocolate-candies, bonbons, chocolate-truffles",france,ballotin,,,e,4.0,,"Truffe fantaisie aux brisures de tarte et au citron Ingredients graisses végétales (coprah, palmiste), sucre, cacao maigre en poudre, lactosérum en poudre, brisure de tarte 4% (farine de blé, sucre, malt de blé, amidon de blé, poudre à lever carbonates de sodium, beurre de cacao, sel, arôme naturel de vanille), cacao en poudre, émulsifiant : lécithines de soja, arôme naturel de citron. Traces éventuelles de noisettes, amandes, ceufs et pistaches.",,
3418321273657,Truffes Fantaisie,Hediard,,france,,,,unknown,,,,,
3481291010249,Truffes fantaisies,Mathez,"snacks, sweet-snacks, cocoa-and-its-products, confectioneries, chocolate-candies, bonbons, chocolate-truffles",france,,,,e,4.0,,"graisses végétales (coprah, palmiste), sucre cacao maigre en poudre, lactosérum en poudre, cacao en poudre, émulsifiant : lécithines de soja.",,
3472710055071,Truffes fantaisie,Truffettes De France,"snacks, sweet-snacks, cocoa-and-its-products, confectioneries, chocolate-candies, bonbons, chocolate-truffles, cacao-et-derives, confiseries-chocolatees, snacks-sucres",france,"boite-carton, sachet-plastique",,,e,4.0,,"Graisse végétale (noix de coco), sucre, cacao maigre en poudre, lactosérum en poudre (lait), cacao en poudre 1%, émulsifiant: lécithine de soja, arôme naturel de vanille. Peut contenir des traces de gluten (dont blé), d'ara - chides, de fruits à coque et d'eufs. A conserver dans un endroit frais et sec.",,
3760176531988,Truffes fantaisie fondantes,,,france,,,,unknown,,,,,
3481290037179,Truffes fantaisie sucre pétillant,Mathez,"snacks, sweet-snacks, cocoa-and-its-products, confectioneries, chocolate-candies, bonbons, chocolate-truffles",france,,,,e,4.0,,"graisses végétales (coprah, palmiste), sucre, cacao maigre en poudre, lactosérum en poudre, sucre pétillant 5% (sucre, sirop de glucose, beurre de cacao, lactose, dioxyde de carbone), cacao en poudre, émulsifiant lécithines de soja.",,
3395503022787,Guimauve fantaisie,,"snacks, sweet-snacks, confectioneries, candies, marshmallows",france,,,,e,,,,,
0260028003944,Baguette fantaisie polka,,,france,,,,unknown,,,,,
3472710011770,Truffes fantaisie,Truffettes de France,"snacks, sweet-snacks, cocoa-and-its-products, confectioneries, chocolate-candies, bonbons, chocolate-truffles",france,,,,e,4.0,,"Graisses végétales non hydrogénées (palme/palmiste), sucre, cacao maigre, lactosérum, écorces d'orange confites (5%) (Cubes d'orange, sucre, sirop de glucose-fructose, acidifiant : acide citrique E330), poudre de cacao (1%), émulsifiant: lécithine de soja, arôme naturel d'orange amère et arôme naturel de vanille. Peut contenir des traces éventuelles d'arachides, de gluten et de fruits à coque.",,
3481290009596,Truffe fantaisie nature,,,france,,,,unknown,,,,,
3472710054388,Truffe fantaisie arôme framboise,Truffettes De France,"snacks, sweet-snacks, cocoa-and-its-products, confectioneries, chocolate-candies, bonbons, chocolate-truffles",france,,,,e,4.0,,"Graisses vegétales (palme/palmiste), sucre, chocolat noir 25% (sucre-masse de cacao - beurre de cacao - émulsifiant: lécithine de soja), cacao maigre, lactosérum, éclats de framboise (3,7%) (sucre, framboise, amidon de tapioca, jus de framboise concentré), poudre de framboise (1%) (maltodextrine framboise), émulsifiant: lécithine de soja, arôme de framboise, arôme naturel de vanille. Peut contenir des traces de gluten (dont blé), d'arachides et de fruits à coque.",,
3472710054432,Truffes Fantaisies,Truffettes de France,"snacks, sweet-snacks, cocoa-and-its-products, confectioneries, chocolate-candies, bonbons, chocolate-truffles",france,,,,e,4.0,,"Graisses végétales non hydrogénées (palme/palmiste), sucre, cacao maigre, lactosérum, édats de feves de cacao grillés (59%), poudre de cacao (19%), émulsifiant: lécithine de soja, arome naturel de vanille. Peut contenir des traces éventuelles de gluten, d'arachides et de fruits à coque.",,
3481290034031,Truffes fantaisies,,"snacks, sweet-snacks, cocoa-and-its-products, confectioneries, chocolate-candies, bonbons, chocolate-truffles",france,,,,e,4.0,,"graisses végétales (coprah, palmiste), sucre, cacao maigre en poudre, lactosérum en poudre, brisures de crêpe dentelle 5% (farine de blé, sucre, beurre pâtissier, lait écrémé en poudre, malt d'orge, sel), cacao en poudre, émulsifiant lécithines de soja. Traces éventuelles de noisettes, amandes, pistaches et ceurs.",,
3472710054562,Trufettes fantaisies,Truffettes De France,,"france, macau",,,,unknown,,,,,
3481290016594,Truffe fantaisie crêpe dentelle,,,france,,,,unknown,,,,,
5413121365982,Truffes fantaisies,,,france,,,,unknown,,,,,
8855199143180,,"Fanta,แฟนต้า","beverages-and-beverages-preparations, beverages, carbonated-drinks",thailand,,,,e,,,"น้ำตาลประมาณ 4.5%, ก๊าซคาร์บอนไดออกไซด์ ทำให้น้ำอัดลมมีความซ่า, สารให้ความหวาน เช่น ซูคราโลส และแอซีซัลเฟมโพแทสเซียม, สีสังเคราะห์และแต่งกลิ่นเลียนธรรมชาติ เพื่อสร้างสีเขียวและรสผลไม้รวมเฉพาะตัว",10.5,40.0
3481290021741,Truffes fantaisie petillantes,,,france,,,,unknown,,,,,
3481290036240,Truffes fantaisies Cookies,Mathez,"snacks, sweet-snacks, cocoa-and-its-products, confectioneries, chocolate-candies, bonbons, chocolate-truffles",france,,,,e,,,,,
4250481913627,FANTA Cassis,Fanta,,denmark,,,,unknown,,,,11.0,45.0
3701115820046,Gourmandises fantaisies,,,france,,,,unknown,,,,,
3481290030606,Truffe Fantaisie,,,france,,,,unknown,,,,,
3481291010393,Truffes fantaisie,,,france,,,,unknown,,,,,
3481290032488,Truffes fantaisie aux éclats de praline,,,france,,,,unknown,,,,,
3290041001402,Truffes fantaisie,Guyaux,"snacks, sweet-snacks, cocoa-and-its-products, confectioneries, chocolate-candies, bonbons, chocolate-truffles",france,,,,e,4.0,,"Graisses végétales (coprah, palmiste), sucre, cacao maigre en poudre, lactosérum (lait) en poudre, cubes d'écorces d'orange confites 6,5% (écorces d'oranges, sucre, sirop de glucose, dextrose, auxiliaire de fabrication: anhydride sulfureux), poudre de cacao, émulsifiant: lécithine de soja, arômes naturels : vanille et orange",,
3481291007485,Truffes Fantaisie tarte citron,Mathez,"snacks, sweet-snacks, cocoa-and-its-products, confectioneries, chocolate-candies, bonbons, chocolate-truffles",france,,,,e,4.0,,"graisses végétales (coprah, palmiste), sucre, cacao maigre en poudre, lactosérum en poudre, brisure de tarte 4% (farine de blé, sucre, malt de blé, amidon de blé, poudre à lever : carbonates de sodium, beurre de cacao, sel, arôme naturel de vanille), cacao en poudre, émulsifiant : lécithines de soja, arôme naturel de citron. Traces éventuelles de noisettes, amandes, oeufs et pistaches.",,
3481291007492,truffes fantaisie,,,france,,,,unknown,,,,,
3481290037339,Truffes Fantaisie éclats de fèves de cacao,Mathez,"snacks, sweet-snacks, cocoa-and-its-products, confectioneries, chocolate-candies, bonbons, chocolate-truffles",france,,,,e,4.0,,"Ingrédients graisses végétales (coprah, palmiste), sucre, cacao maigre en poudre, lactosérum en poudre, éclats de fèves de cacao 6%, cacao en poudre, émulsifiant : lécithines de soja.",,
2608104021457,Guimauve fantaisie,,,france,,,,unknown,,,,,
3481290038091,Truffes fantaisies bio,,"snacks, sweet-snacks, cocoa-and-its-products, confectioneries, chocolate-candies, bonbons, chocolate-truffles",france,,,,e,,,,,
3472710011091,Truffes fantaisie,Truffettes De France,,france,,,,unknown,,,,,
3472710019066,Truffes fantaisie 70% chocolat,Truffettes de France,"snacks, sweet-snacks, cocoa-and-its-products, confectioneries, chocolate-candies, bonbons, chocolate-truffles",france,,,,e,4.0,,"masse de cacao - sucre - graisse végétale (coprah) - beurre de cacao - poudre de cacao (1%) - émulsifiant: lécithine de soja - arôme naturel de vanille. Cacao dans le chocolat: 50% minimum. Peut contenir des traces de lait, gluten, arachides et fruits à coques.",,
3520000000000,Truffes fantaisies caramel,,,france,,,,unknown,,,,,
3701175701224,Truffes fantaisie nature,,,france,,,,unknown,,,,,
3481290003136,Truffe fantaisie Bio,Mathez,,france,,,,unknown,,,,,
5449000257871,Fanta Melocotón y albaricoque,Fanta,"beverages-and-beverages-preparations, plant-based-foods-and-beverages, beverages, plant-based-beverages, carbonated-drinks, fruit-based-beverages, artificially-sweetened-beverages, sodas, fruit-sodas, lemonade, sweetened-beverages","netherlands, spain","metal, recyclable-metals, aluminium, can",Albert Heijn,"Niederlande,España",c,4.0,,"agua carbonatada, 3% zumo de frutas a partir de concentrado (naranja 2,8%, melocotón 0,1% y albaricoque 0,1%), acidulantes: ácido citrico y acido málico, corrector de acidez citrato sodico, edulcorantes: E-950 y aspartamo, conservador E-202, estabilizantes: E-414 y E-445, aromas naturales, antioxidante acido ascórbico y colorante E-160a.",,
5449000225511,FANTA raisin/raisin blanc,Fanta,,france,,,,unknown,,,,,
3481290038756,Truffes fantaisie nature,Mathez,"snacks, sweet-snacks, cocoa-and-its-products, confectioneries, chocolate-candies, bonbons, chocolate-truffles",france,,,,e,,,,,
5449000132277,fanta tops lemon 1.5l,,"beverages-and-beverages-preparations, beverages, carbonated-drinks, sodas, colas, cola-with-sugar","france, morocco, united-states",,,,c,4.0,,"ماء, سكر, عصير ليمون, ثاني أكسيد الكربون, نكهات طبيعية, حمض الستريك, بنزوات الصوديوم, صمغ عربي, استرات الجليسيرول, صبغة الكلوروفيل, صبغة الكاروتين",,
3481291012342,Truffes fantaisie,Mathez,"snacks, sweet-snacks, cocoa-and-its-products, confectioneries, chocolate-candies, bonbons, chocolate-truffles",france,,,,e,4.0,,"graisses végétales (coprah, palmiste), sucre, cacao maigre en poudre, lactosérum en poudre, cacao en poudre, sel de Guérande 0,5%, émulsifiant : lécithines de soja. Traces éventuelles de gluten, amandes, noisettes, œufs et pistaches.",,
3481290040582,Truffes fantaisie,,,france,,,,unknown,,,,,
3481290035533,Truffe fantaisie crêpe dentelle,,,france,,,,unknown,,,,,
3481290020829,Truffes fantaisie macaron framboise,Mathez,"snacks, sweet-snacks, cocoa-and-its-products, confectioneries, chocolate-candies, bonbons, chocolate-truffles",france,,,,e,,,,,
3481290040575,Truffes Fantaisie sel de guerande,Chocolat Mathez,"snacks, sweet-snacks, cocoa-and-its-products, confectioneries, chocolate-candies, bonbons, chocolate-truffles",france,boite-carton,,France,e,4.0,,"Graisses végétales (coprah, palmiste), sucre, cacao maigre en poudre, lactosérum en poudre, cacao en poudre, sel de Guérande 0,5%, émulsifiant : lécithines de soja.",,
7290004554903,Glace Fantasia Choco - Vanille,,,france,,,,unknown,,,,,
8712857974794,Cherry,Fanta,,france,,,,unknown,,,,,
5449000664761,Fanta Orange Zero Sugar,"Fanta, Fanta-light, The Coca-Cola Company","plant-based-foods-and-beverages, beverages, plant-based-beverages, carbonated-drinks, fruit-based-beverages, artificially-sweetened-beverages, sodas, diet-beverages, fruit-sodas, diet-sodas, orange-soft-drinks, light-fruit-sodas, light-orange-soft-drinks, sweetened-beverages","france, south-africa","plastic, bottle","Pick n' Pay,Woolworths",South Africa,c,4.0,,"carbonated water, orange fruit from concentrate (4%), citric acid, sweeteners (acesulfame k, aspartame), preservative (potassium sorbate), malic acid, natural orange flavouring with other natural flavourings, vegetable concentrates (carrot, pumpkin), antioxidant (ascorbic acid), stabiliser (guar gum),",,
42358534,Fanta Pêche Abricot,Fanta,,france,,,,unknown,,,,,
3481290013449,Nature 250G Truffes Fantaisie,,,france,,,,unknown,,,,,
3481290004058,TRUFFE FANTAISIE,Mathez,,france,,,,unknown,,,,,
9120018533749,Fanta Shokata,Coca-Cola,"beverages-and-beverages-preparations, beverages, carbonated-drinks, sodas, lemonade",germany,,,,unknown,,,,,
5000112580167,Fanta Orange,Fanta,"beverages-and-beverages-preparations, plant-based-foods-and-beverages, beverages, plant-based-beverages, carbonated-drinks, fruit-based-beverages, sodas, fruit-sodas, orange-soft-drinks",germany,can,,,e,,,,,
3472710006790,Meringue fantaisie,jacquot,"snacks, sweet-snacks, confectioneries, candies, candy-meringues",france,,,,e,,,,,
9310155003223,Crinkle Cut Snacks Sweet Chilli & Sour Cream Flavour,Fantastic,"snacks, salty-snacks, appetizers, biscuits-and-crackers, crackers-appetizers",australia,,,,d,4.0,,"rice flour (53%), maize starch, seasoning (sugar, maltodextrin, salt, flavour enhancers (e621, e635), flavour (soy, milk), hydrolysed vegetable protein, spices (paprika, chilli), vegetable powders (onion, garlic), tomato powders, cream powder (milk), yeast extract, anticaking agent (e551), vegetable oil, sour cream powder (milk). vegetable oil (antioxidant (e320)), potato starch, potato flakes (preservative (e222)), tapioca starch, bambo0 fibre, sugar, salt. contains: milk, soy, sulphites. may contain traces of: sesame.",,
3701175700012,Truffe fantaisie caramel au beurre salé,,,france,,,,unknown,,,,,
7501055303878,Fanta,Coca Cola,"beverages, carbonated-drinks, sodas, colas, sweetened-beverages, refrescos",mexico,botella-de-pet,"Walmart,Soriana,Sams Club,Oxxo,La Comer",Mexico,e,4.0,,"AGUA CARBONATADA, AZUCARES, CONCENTRADO FANTA NARANJA, SABORIZANTE NATURAL A NARANJA, BENZOATO DE SODIO AMARILLO 6, MEZCLA DE SUCRALOSA Y ACESULFAME POTASICO, AMARILLO 5, ROJ0 40.",,
3290041001341,Truffes fantaisies,Guyaux,"snacks, sweet-snacks, cocoa-and-its-products, confectioneries, chocolate-candies, bonbons, chocolate-truffles",france,,,,e,4.0,,"Graisses végétales (coprah, palmiste), sucre, cacao maigre en poudre, lactosérum (lait) en poudre, poudre de cacao, émulsifiant : lécithine de soja, arôme naturel de vanille. Ce produit peut contenir des traces d'arachides, de fruits à coque, de sulfites, d'œufs, de sésame et de gluten.",,
0255035005258,Mini pavé fantaisie,,,france,,,,unknown,,,,,
3481290025305,Truffes fantaisie,,,france,,,,unknown,,,,,
5000112579321,FANTA ORANGE,Fanta,,france,,,,unknown,,,,,
3380881167427,Truffes fantaisies,,,france,,,,unknown,,,,,
3481290036790,truffes fantaisie,Mathez,,france,,,,unknown,,,,,
3532090008743,Gaufres fantasia nappées saveur chocolat,,,france,,,,unknown,,,,,
5449000250759,fanta mangogo,Fanta,,france,,,,unknown,,,,,
3481290040032,Truffes fantaisie biologiques,,,france,,,,unknown,,,,,
5449000014412,Orange,Fanta,,switzerland,,,,unknown,,unknown,,,
3481290030934,Truffes Fantaisie,,,france,,,,unknown,,,,,
3481290007141,Truffes Fantaisie,Mathez,,france,,,,unknown,,,,,
3770007164049,Fantastique sauce tomate provençale,,"condiments, sauces, provencale-sauces",france,,,,c,,,,,
7894900030013,Refrigerante Laranja Fanta Lata 350ml,Fanta,"beverages-and-beverages-preparations, plant-based-foods-and-beverages, beverages, plant-based-beverages, carbonated-drinks, fruit-based-beverages, sodas, sweetened-beverages, pt:Porcarias líquidas",brazil,can,,,e,,,,,
7894900031515,Refrigerante Laranja Fanta Garrafa 2l,Fanta,"beverages-and-beverages-preparations, beverages, sweetened-beverages",brazil,,,,unknown,,,,,
78909052,Fanta Uva,Fanta,,brazil,,,,unknown,,,,,
8851959141182,,"Fanta,แฟนต้า","beverages-and-beverages-preparations, beverages, sweetened-beverages",thailand,bottle,,,e,,,andnouinin ustn Ingthnwd mywaas 214 md5 du 7 aisasiniatatuuls 330) 3niuaNS 211) 30ili INS 143) nOunauiaGsst uldomniuchnun,,
8888002085001,Fanta fraise,Fanta,,france,,,,unknown,,,,,
3481290040636,Truffes fantaisie bio,Mathez,"snacks, sweet-snacks, cocoa-and-its-products, confectioneries, chocolate-candies, bonbons, chocolate-truffles",france,,,,e,,,,,
3467661007521,Truffes fantaisie bio,,"snacks, sweet-snacks, cocoa-and-its-products, confectioneries, chocolate-candies, bonbons, chocolate-truffles",france,,,,e,4.0,,"Ingrédients pâte de cacao*, graisse végétale* (noix de coco*), sucre de canne*, beurre de cacao*, poudre de cacao*, émulsifiant : lécithine de soja*.",,
3481290030576,Truffes fantaisie macaron framboise,,"snacks, sweet-snacks, cocoa-and-its-products, confectioneries, chocolate-candies, bonbons, chocolate-truffles",france,,,,e,4.0,,"Truffe fantaisie aux brisures de macaron framboise Ingrédients graisses végétales (coprah, palmiste), sucre, cacao maigre en poudre, lactosérum en poudre, brisures de macaron 5% (sucre, amidon de blé, farine de blé, farine d'amande, albumine d'ceuf, arômes naturels, poudre à lever : carbonates de sodium), cacao en poudre, émulsifiant : lécithines de soja, arôme naturel de framboise et autres arômes naturels. Traces éventuelles de noisettes et pistaches.",,
0049000075144,Fanta Green Apple,Fanta,"beverages-and-beverages-preparations, beverages, carbonated-drinks, sodas, sweetened-beverages","france, germany",can,,,e,,,,,
3395503039112,Guimauve fantaisie,,"snacks, sweet-snacks, confectioneries, candies, marshmallows",france,,,,e,,,,,
3481290002528,Truffe fantaisie Nature,,,france,graisses,,France,unknown,4.0,,"graisses végétales (coprah ,palmiste),sucre,cacao maigre en poudre, lactosérum en poudre,cacao en poudre, émulsifiant :lecithines de soja",,
3850334133205,Fantazija mješavina - Mahunarke i žitarice,"K Plus,K-plus,konzum",,croatia,,,,unknown,,,"Mahunarke i žitarice u promjenjivim omjerima: ječmena kaša, leća zelena, leća tamnocrvena, grašak zeleni polovice, leća žuta, leća svijetlo crvena, grah crnobijeli, grah zeleni sitni.",3.0,351.0
5449000264275,Fanta raisin,Fanta,,madagascar,1-l,,,unknown,,unknown,,,
2000000010588,Guilauve Fantaisie,,,france,,,,unknown,,,,,
3760044310219,Pompons Guimauve Fantaisie,,,france,,,,unknown,,,,,
3217662910043,Lanières de guimauve fantaisie,,"snacks, sweet-snacks, confectioneries, candies, marshmallows",france,,,,e,,,,,
0206084017655,Fantaisie des Caraïbes,E.Leclerc,"seafood, fishes-and-their-products, fish-preparations, surimi",france,,,,unknown,,,,,
3800500099316,Brochette fantaisie,,,france,,,,unknown,,,,,
3481291007614,Truffes fantaisie,,,france,,,,unknown,,,,,
54490321,Fanta grenadine,Fanta,,france,,,,unknown,,,,,
3701115820206,Gourmandise fantaisie,,,france,,,,unknown,,,,,
5413121361137,Cocoa fantasy truffles,,cocoa-truffles,france,,,,unknown,,,,,
8055118487658,Vellutata di zucca,"Euroverde, Fantasie dell'Orto","plant-based-foods-and-beverages, plant-based-foods, meals, soups","france, italy",,,,c,,,,,
2080750160047,Guimauve fantaisie aromatisee,,,france,,,,unknown,,,,,
7640132139990,Fanta berry,FANTA,"beverages, carbonated-drinks, sodas",switzerland,,,,unknown,4.0,,"A eAL Te Fanta Berry/Beere Kohlensäurehaltiges Wasser mit Beerengeschmack. 7utaten: Kohlensäurehaltiges Wasser, Maissirup mit Phohem Fructosegehalt, natürliche Aromen, Säureregulatoren: E330; E296; E331, Konservierungsmitteln: E211; E202, Farbstoff: E131. Nährwert pro 100ml: Brennwert: 188.5kl/",,
5281013772107,fantasia,,,lebanon,,,,unknown,4.0,unknown,"ails
INGREDIENTS: NATURAL POTATOES,
VEGETABLE OIL, FLAVORINGS, SALT
MALTODEXTR0N, CITRIC ACID E330.
FLAVOUR ENHANCER E621, CORN FLOUR
ANTICAKING AGENTS E341, E551,
HYDROGENATED RAPESEED OIL
FREE FROM ALCOHOLIC",,
3760261380286,Fantastic miss mosaic,,,france,,,,unknown,,,,,
3481291011406,Truffes fantaisie,,,france,,,,unknown,,,,,
3481290020805,Truffes fantaisie pétillantes,Mathez,"snacks, sweet-snacks, cocoa-and-its-products, confectioneries, chocolate-candies, bonbons, chocolate-truffles",france,,,,e,,,,,
0260042006235,Pain fantaisie 400gr,,,france,,,,unknown,4.0,,"Farine de _blé_, eau, leure, sel, émulsifiant: E471, antioxydant: acide ascorbique",,
3701175700180,Truffe fantaisie noisette,,,france,,,,unknown,,,,,
5449000247872,Fanta mangue / fruit du dragon,Fanta,"beverages-and-beverages-preparations, plant-based-foods-and-beverages, beverages, plant-based-beverages, carbonated-drinks, fruit-based-beverages, sodas, fruit-sodas, sweetened-beverages, de:Softdrinks",france,le-tri-facile-bac-de-tri,,,d,4.0,,"Brischungsgetränk mit Mango - und Drachenfruchtgeschmack mit Zucker und Süßungsmittel. Zutaten: Wasser, Zucker, Orange salt aus Orangensaftkonzentrat (2,7%), Kohlensäure, Säuerungsmit Citronensäure, Apfelsäure), Antioxidationsmittel Ascorbins Mangosaft aus Mangosaftkonzentrat (0,1%), Drachenfruchtpu Zitronensaft aus Zitronensaftkonzentrat (0,1%), Aroma Sungsmittel Steviolglykoside, Stabilisatoren (E 414, E 412, E44 servierungsstoff Kaliumsorbat, Farbstoff Carotin.",,
5420018093835,Confiserie fantaisie _ gommes molles,,"snacks, sweet-snacks, confectioneries, candies",belgium,,,,e,,,,,
4823096801001,Black tea:earl grey fantasy,,,france,,,,unknown,,,,,
87126815,Fanta Fanta Grape Big Buddy 1Ea 500 ML,Fanta,"beverages, carbonated-drinks, sodas, sweetened-beverages",france,,,,d,4.0,,"Apă, sirop de fructoză-glucoză, dioxid de carbon, arome naturale, extract de fructe si legume (morcovi, mere), acidifianţi acid citric acid malic, suc de struguri din concentrat (0,1%), corector de aciditate gluconat de sodiu, conservant sorbat de potasiu, îndulcitori sucraloză şi zaharinat de sodiu, A se consuma de preferinţă inainte de: vezi pe ambalaj (primul rând), A se păstra la loc răcoros, ferit de soare, Ambalaj de unică folosintă,2021 The Coca-Cola Company S,C, COCA-COLA HBC ROMÂNIA S,R,L,, 40 Midice 023",,
3472710013446,Truffes fantaisie aux éclats de noix de pecan,Chocmod,,france,,,,unknown,,,,,
0049000026207,Fanta Strawberry,Fanta,"beverages-and-beverages-preparations, beverages, carbonated-drinks, sodas, sweetened-beverages",united-states,bottle,,,e,4.0,,"Carbonated water, high fructose corn syrup, artificial flavors, citric acid, sodium benzoate, red 40.",,
2608101020019,Crocodile - confiserie gélifiée fantaisie,,"snacks, sweet-snacks, confectioneries, candies, gummi-candies, gummy-crocodiles",france,,,,e,,,,,
3481291005603,Truffes Fantasie,,,france,,,,unknown,,,,,
90399534,Fanta Pomme,Fanta,,reunion,,,,unknown,,unknown,,22.0,90.0
4316268433358,Big Choc - Classic,"Ice Fantasy, Netto MD","desserts, frozen-foods, frozen-desserts, ice-creams-and-sorbets, ice-creams, ice-cream-bars, ice-cream-bars-coated-with-chocolate, vanilla-ice-cream-bars-coated-with-milk-chocolate",germany,"cardboard, paperboard",Netto MD,"Wiesbaden,Deutschland",e,4.0,,"69 % Bourbon-Vanilleeis (entrahmte _Milch_, _Molkenerzeugnis_, Glukose-Fruktose-Sirup, Kokosfett, Zucker, Wasser, _Magermilchpulver_, Emulgator: Mono - und Diglyceride von Speisefettsäuren; färbendes Lebensmittel: Karottenkonzentrat; Stabilisator: Johannisbrotkernmehl, Guarkernmehl; gemahlene extrahierte Vanilleschoten), 31 % Milchschokolade (Zucker, Kakaomasse, Kakaobutter, _Molkenerzeugnis_, _Milchfett_, Kokosfett, _Magermilchpulver_, Emulgator: Lecithine, Polyglycerin-Polyricinoleat; Vanilleextrakt).",,
3701175700166,Truffe fantaisie,,,france,,,,unknown,,,,,
91356840,Fanta zero cassis,"Fanta, Fanta-light",,france,,,,unknown,,,,,
5400101016873,Gaufre fantaisies cacao,Carrefour,"snacks, sweet-snacks, biscuits-and-cakes, pastries, waffles, cocoa-glaze-coated-waffles",belgium,,Carrefour,,e,,,,,
5449000229083,Fanta saveur Mangue Fruit du Dragon,Fanta,"beverages, carbonated-drinks, sodas, carbonated-fruit-soft-drink, carbonated-fruit-soft-drink-with-less-than-10-of-fruit-juice, carbonated-fruit-soft-drink-with-sugar-and-artificial-sweeteners-and-with-less-than-10-of-fruit-juice",france,plastic,,,d,,,,,
5449000062550,Fanta Fraise 2L 2 L,Fanta,,france,,,,unknown,,,,,
8000571810116,Fantasia 5 sapori,"Brezzo, L'antico Forno","plant-based-foods-and-beverages, plant-based-foods, pastas","france, italy",,,,a,,,,,
5449000245199,Fanta saveur mangue et fruit du dragon,Fanta,"beverages-and-beverages-preparations, plant-based-foods-and-beverages, beverages, plant-based-beverages, carbonated-drinks, fruit-based-beverages, artificially-sweetened-beverages, sodas, fruit-sodas, sweetened-beverages",france,,,,e,4.0,,"Eau gazéifiée ; sucre ; jus de fruits à base de concentré (orange 2,7%, mangue 0,1%, citron 0,1%) ; acidifiants : acide citrique, acide malique ; purée de fruit du dragon 0,1% ; arômes naturels ; colorants : caroténoïdes ; antioxydant : acide ascorbique ; conservateur : sorbate de potassium ; édulcorant : glycosides de steviol ; stabilisant : gomme guar.",,
5449000254313,Fanta cassis sans sucre ajouté,Fanta,"beverages-and-beverages-preparations, plant-based-foods-and-beverages, beverages, plant-based-beverages, carbonated-drinks, fruit-based-beverages, artificially-sweetened-beverages, sodas, diet-beverages, fruit-sodas, diet-sodas, light-fruit-sodas",france,,,,unknown,,,,,
5449000109231,,Fanta,,cote-d-ivoire,,,,unknown,,unknown,,,
5449000271013,Fanta Shokata,Fanta,"beverages, carbonated-drinks, artificially-sweetened-beverages, sodas, sweetened-beverages",switzerland,,,,e,4.0,,"Carbonated water, sugar, lemon juice from concentrate (3%), acidity regulators (E330, E296, E576), flavorings, preservatives (E202), stabilizers (E414, E445), sweeteners (acesulfame K, sucralose), antioxidants (E300), elderflower extract.",,
8000571816224,Farfalle fantaisia,"Brezzo, L'antico Forno","plant-based-foods-and-beverages, plant-based-foods, pastas",italy,,,,a,,,,,
0049000028201,Pineapple,Fanta,"beverages-and-beverages-preparations, plant-based-foods-and-beverages, beverages, plant-based-beverages, carbonated-drinks, fruit-based-beverages, sodas, fruit-sodas, sweetened-beverages",united-states,,,,e,4.0,,"CARBONATED WATER, HIGH FRUCTOSE CORN SYRUP, CITRIC ACID, SODIUM BENZOATE (TO PROTECT TASTE), NATURAL FLAVORS, MODIFIED FOOD STARCH, SODIUM POLYPHOSPHATES, GLYCEROL ESTER OF ROSIN, YELLOW 6, RED 40",,
5449000260697,Fanta Mango ohne Zucker,"Coca-Cola, Fanta","beverages-and-beverages-preparations, beverages, carbonated-drinks, sodas",germany,,,,c,4.0,,"Wasser, Orangensaft aus Orangensaftkonzentrat (3%), Kohlensäure, Citrusextrakt Sauerungsmittel (Citronensäure, Apfelsäure), Suißungsmittel (Natriumcyclamat, Acesulfam K, Sucralose, Steviolglykoside), Säureregulator Natriumcitrate, Antioxidationsmittel Ascorbinsäure,Stabilisatoren E 410, E 414 und E 445, natürliches Mangoaroma mit anderen naturlichen Aromen, Farbstoff Carotin. Enthält eine Phenylalaninquelle.",,
3395328160428,Fantaisie croustibille caramelia,,,france,,,,unknown,,,,,
0049000026276,Fanta grape,Fanta,,france,,,,unknown,,,,,
5060098300128,Rice Pasta fantasia,,,belgium,,,,unknown,,,,,
5449000270894,Fanta Mango,Fanta,"beverages-and-beverages-preparations, beverages, sweetened-beverages",switzerland,,,,unknown,,,,,
3481291013196,Truffe fantaisie saveur framboise au sucre pétillant,,,france,,,,unknown,,,,,
5449000256379,Fanta Orange Zero,"Fanta,Fanta-light","beverages-and-beverages-preparations, plant-based-foods-and-beverages, beverages, plant-based-beverages, carbonated-drinks, fruit-based-beverages, artificially-sweetened-beverages, sodas, diet-beverages, fruit-sodas, diet-sodas, orange-soft-drinks, light-fruit-sodas, sweetened-beverages",france,,,,b,,,,,
8446426097422,Fanta Mango,Fanta,,switzerland,,,,unknown,,,,,
5000112606058,,Fanta,,germany,,,,unknown,,,,,
3481290040780,Truffes fantaisies biologiques,,,france,,,,unknown,,,,,
8015104006546,TAGLIOLINI,"Mémé Hélène, Pastificio Fantasia","plant-based-foods-and-beverages, plant-based-foods, cereals-and-potatoes, cereals-and-their-products, meals, pasta-dishes, pastas, cereal-pastas, stuffed-pastas, durum-wheat-pasta, egg-pastas, fresh-pasta, it:tagliolini",france,"plastic, fresh",,,a,3.0,,"farine de _BLÉ_ TENDRE, semoule de _BLÉ_ DUR, _ŒUFS_ 20%.",,
4260012452013,Fantastic Berries,Tea Time,"plant-based-foods-and-beverages, beverages, hot-beverages, plant-based-beverages, herbal-teas, herbal-tea-blends",switzerland,,Migros,,unknown,4.0,,"fleurs d'hibiscus, composants de pommes, feuilles de mûrier, arôme, acidifiant: acide citrique, écorce de cynorrhodon, composants de groseilles, composants de fraises.",,
54492707,Fanta Grandine,Fanta,,france,,,,unknown,,,,,
5000112618419,Citron frappée,Fanta,,france,,,,unknown,,,,,
3481290027361,Truffes fantaisie,,,luxembourg,,,,unknown,,unknown,,32.0,639.0
0088009900736,Fanta,Fanta,,french-polynesia,,,,unknown,,unknown,,,
5449000005977,Fanta lemon,Fanta,,tunisia,"can, drink-can",,,unknown,,,,,
5449000272652,Fanta Lemon,Fanta,"beverages, carbonated-drinks, sodas, sweetened-beverages",switzerland,,,,e,,,,,
8851959132197,แฟนต้ากลิ่นองุ่น,"แฟนต้า,fanta","beverages, carbonated-drinks",thailand,canned,,,unknown,,unknown,"adlos ustn Insthiwed Thrio 214m50mausvao nana nsuin maldan mU The Coca-Cola Company riDewRSeVnunaMSATNONU Fanta wud duds.naunan thona 14% NOWnardwasT-1/ONTOnda HeadwRS AUsuSmsnWeelusInA Ins.o-2955-0888 di n,1800-2-95555",8.0,43.1
8851959158173,,"แฟนต้า,Fanta","beverages-and-beverages-preparations, beverages, carbonated-drinks, sweetened-beverages",thailand,bottle,,,e,4.0,unknown,"น้ำตาล 9% สารควบคุมความเป็นกรด (INS 330) วัตถุกันเสีย (LS211) วัตถุให้ความหวานแทนน้ำตาล (แอบซัลเฟมโพแทสเซียมและซูคราโลส) สีสังเคราะห์ (INS122, INS110) แต่งกลิ่นสังเคราะห์",9.5,40.0
4902102049870,Fanta-cream Soda -melon-500ml-fanta - Meron Sooda-japan,,,france,,,,unknown,,,,,
5449000664723,Sparkling grape flavoured drink,Fanta,,france,,,,unknown,,,,,
54011618,Fanta rasperry,Fanta,,belgium,,,,unknown,,,,,
5281013010209,Chips cheeseBalls Fantasia,Fantasia,,lebanon,,,,unknown,,unknown,,4.0,446.0
5000112638783,Fanta orange 33cl,Fanta,"beverages-and-beverages-preparations, plant-based-foods-and-beverages, beverages, plant-based-beverages, carbonated-drinks, fruit-based-beverages, sodas, fruit-sodas, carbonated-fruit-soft-drink, orange-soft-drinks, carbonated-fruit-soft-drink-with-less-than-10-of-fruit-juice, carbonated-fruit-soft-drink-with-sugar-and-less-than-10-of-fruit-juice, sweetened-beverages","belgium, germany","metal, recyclable-metals, aluminium, can, drink-can",,,e,4.0,,"eau pétillante, sucre, jus d'orange à base de conservateur (6%), acidifiants (acide citrique, citrate de sodium), conservateur (sorbate de potassium), arômes naturels d'orange avec autres arômes naturels, anti-oxydant (acide ascorbique), concentré de carottes, stabilisant (gomme de guar)",,
5449000045744,Fanta MALinna,Fanta,,france,,,,unknown,,,,,
5449000018298,Fanta Lemon 6X330ML - Fanta Zitrone,Fanta,,france,,,,unknown,,,,,
3421375513792,Truffes fantaisies,,,france,,,,unknown,,,,,
3452515920217,Cerise fantaisie,,,france,,,,unknown,,,,,
5000112637724,Fanta Peach Apricit,Fanta,,belgium,,,,unknown,,,,,
8034034671501,FantaStick Box,,,france,,,,unknown,,,,,
8008245001730,Fantasia di cacao,Nutkao,"breakfasts, spreads, sweet-spreads",france,,,,e,,,,,
54011601,Fanta ananas passion,Fanta,"beverages, carbonated-drinks, sodas",belgium,,,,d,,,,,
5449000664525,Fanta pomme,Fanta,,reunion,,,,unknown,,unknown,,11.5,47.0
2080750180212,Guimauves fantaisies aromatisées goût framboises,,,france,,,,unknown,,,,,
54011410,Fanta lemon,Fanta,,belgium,,,,unknown,,,,,
5449000273093,Fanta frutos del bosque,Fanta,"plant-based-foods-and-beverages, beverages, plant-based-beverages, carbonated-drinks, fruit-based-beverages, sodas, refrescos",spain,can,,,c,4.0,,"Agua carbonatada 2.1%, zumo de frutas a partir de concentrado (manzana 1.5%, mora 0,5% y frambuesa 0,1%), acidulantes: ácido citrico y ácido málico, corrector de acidez citrato sodico, extractos vegetales (zanahoria e hibisco), edulcorantes: E-950 y aspartamo, conservador E-202, antioxidante ácido ascórbico y aromas naturales.",,
5449000665928,Fanta Lemon ohne Zucker,"Fanta, Coca-Cola","beverages-and-beverages-preparations, plant-based-foods-and-beverages, beverages, fruit-based-foods-and-beverages, non-alcoholic-beverages, plant-based-beverages, carbonated-drinks, fruit-based-beverages, soft-drinks, artificially-sweetened-beverages, sodas, diet-beverages, fruit-sodas, diet-sodas","belgium, germany","de:1-deckel-aus-plastik, de:1-flasche-aus-kunststoff",,,c,4.0,,"Wasser, Zitronensaft aus Zitronensaftkonzentrat (1%), Kohlensäure, Säuerungsmittel Citronensäure, Säureregulator Natriumcitrate, Süßungsmittel (Acesulfam K, Natriumcyclamat, Aspartam), Antioxidationsmittel Ascorbinsäure, Stabilisatoren E 414 und E 445, natürliches Zitronenaroma mit anderen natürlichen Aromen, Farbstoff Carotin. Enthält eine Phenylalaninquelle.",,
5449000054531,Fanta,Fanta The Coca-Cola Company Coca-Cola,"beverages-and-beverages-preparations, plant-based-foods-and-beverages, beverages, plant-based-beverages, carbonated-drinks, fruit-based-beverages, sodas, fruit-sodas",france,,,,c,,,*w porównaniu z większością napojów gazowanych o smaku pomarańczowym na polskim rynku w tym kwasy nasycone Og Węglowodany w tym cukry Biadko sal 529 Op 0.02 g 5 449000 054531 95006682 fo Zawart powstawa Najlepiej sp **Referencyjna wartość spożycia dla przeciętnej pus osoby dorostej (8400 kJ/2000 kcal 12.568.209-72-14 16g 160 16g (172) Og (020) 0.07 g (12) Coca-Cola HBC promien sec wchodym atp subst Sp.20.0 odL witcai Rpuri 801 110 110 Ⓒ2022 The Coca-,,
8935049510239,Fanta Huong Xáxi,Fanta,,belgium,,,,unknown,,,,,
5449000663924,Fresa y kiwi,Fanta,"beverages, non-alcoholic-beverages",spain,can,,España,c,4.0,,"Agua carbonatada, 3% zumo de limón a partir de concentrado, extractos vegetales (zanahoria y  cártamo), edulcorantes: ciclamato sódico, E-950 y aspartamo, corrector de acidez citrato sódico, aromas naturales de kiwi y otros aromas naturales, conservador E-202.",,
5449000265173,Fanta Uva,Fanta,"beverages, carbonated-drinks, artificially-sweetened-beverages, sodas, sweetened-beverages",spain,can,,España,c,4.0,,"agua carbonatada, 7% zumo de uva a partir de concentrado, colorante antocianinas, acidulante ácido cítrico, extracto de manzana e hibisco, edulcorantes: e-950, aspartamo y sucralosa, conservador e-202 y aromas naturales,",,
5449000275523,Fanta Shokata,Fanta,"beverages-and-beverages-preparations, beverages, carbonated-drinks, sodas, sweetened-beverages",germany,bottle,,,d,,,,,
5000112638912,Fanta Mango,Fanta,"beverages-and-beverages-preparations, plant-based-foods-and-beverages, beverages, fruit-based-foods-and-beverages, non-alcoholic-beverages, plant-based-beverages, carbonated-drinks, fruit-based-beverages, soft-drinks, artificially-sweetened-beverages, sodas, fruit-soft-drinks, lemonades",germany,"plastic, bottle, de:einwegpfand",,,c,4.0,,"Wasser, Orangensaft aus Orangensaftkonzentrat 13%1 Kohlensaure, Citrusextrakt, Sauerungsmittel (Citronensäure Apfelsäure), Süßungsmittel Natriumcyclamat, Acesulfam K Sucralose, Steviolglykoside), Säureregulator Natriumcitrate Antioxidationsmittel Ascorbinsaure, Stabilisatoren E 410, E 414 und E 445, natürliches Mangoaroma mit anderen natürlichen Aromen, Farbstoff Carotin.",,
5449000126641,TOPS,fanta,ar:المكونات,morocco,,,,a,,,,0.1,0.0
8901725101381,Dark Fantasy Choco Fills,Sunfeast,"snacks, sweet-snacks, biscuits-and-cakes, biscuits","france, india",,,"Varanasi,Uttar Pradesh,India",e,4.0,,"CHOCO CRÈME (38%) (SUGAR, REFINED PALMOLEIN, REFINED PALM OIL, COCOA SOLIDS (5.3%), EMULSIFIER [LECITHIN (FROM SOYABEAN)], NATURE IDENTICAL FLAVOURING SUBSTANCES - CHOCOLATE AND ARTIFICIAL FLAVOURING SUBSTANCES - VANILLA}, REFINED WHEAT FLOUR (MAIDA), HYDROGENATED VEGETABLE OILS, SUGAR, INVERT SYRUP, LIQUID GLUCOSE, RAISING AGENTS [INS 503(ii), INS 500(ii), INS 450(i)], COCOA SOLIDS (0.7%), BUTTER, MILK SOLIDS, IODIZED SALT AND EMULSIFIERS [LECITHIN (FROM SOYABEAN), MONO - AND DI-GLYCERIDES OF FATTY ACIDS (FROM PALM OIL)]. CONTAINS PERMITTED NATURAL COLOUR(S) (INS 150d, INS 150c) AND ADDED FLAVOUR(S) (NATURE IDENTICAL FLAVOURING SUBSTANCES - CHOCOLATE AND ARTIFICIAL FLAVOURING SUBSTANCES - VANILLA, MILK) CONTAINS WHEAT, MILK SOLIDS AND SOYA. MAY CONTAIN TRACES OF NUTS.",,
4316268582384,Waffelhörnchen Vanille Schoko,Eis Fantasy,"desserts, frozen-foods, frozen-desserts, ice-creams-and-sorbets, ice-creams, ice-cream-cones",germany,"cardboard, paperboard",,,unknown,,,,,
21107443,Fanta Lemon,"Aldi, Asda, Fanta","beverages-and-beverages-preparations, beverages, carbonated-drinks, sodas","france, germany, united-kingdom","bottle, bottle-s, pet-bottle","Asda, Aldi",,unknown,,,"suitable for vegetarians, nutrition reference intake eng per h00",,
5000112641325,Fanta Zitrone & Holunderblüte,Fanta,"beverages-and-beverages-preparations, beverages, carbonated-drinks, artificially-sweetened-beverages, sodas, diet-beverages, diet-sodas",germany,bottle,,,c,4.0,,"Wasser, Zitronensaft aus Zitronensaftkonzentrat 3%, Kohlensäure, Säureregulator Natriumgluconat, Säuerungsmitel (Cirronensäure, Apfelsäure), Süßungsmittel (Acesulfam K, Aspartam, Sucralose), Stabilisatoren (E 414, E 445), natürliches Aroma, Antioxidationsmittel Ascorbinsäure, Holunderblütenextrakt. Enthält eine Phenylalaninquelle.",,
87345087,Mentos,Fanta,"snacks, sweet-snacks, confectioneries, candies, chewing-gum",france,,,,not-applicable,,,,,
8016206020072,Pasta Fantasia,,,reunion,,,,unknown,,unknown,,5.1,404.0
4902102133401,Fanta Banane Yaourt,Fanta,"beverages, carbonated-drinks, sodas",france,,,,unknown,,,,,
5060276370844,Fantasy Cracker,Jealous Sweet,"snacks, sweet-snacks",france,,,,e,,,,,
5407003860122,Juice fantasy,,,belgium,,,,unknown,,,,,
7896584300208,Arroz parboilizado tipo 1,Fantástico,"plant-based-foods-and-beverages, plant-based-foods, cereals-and-potatoes, seeds, cereals-and-their-products, cereal-grains, rices",brazil,plastic,,Brasil,unknown,,,,,
3481290013463,Truffes Fantaisie,Mathez Chocolatier,,france,,,,unknown,,,,,
3700345901792,Guimauve fantaisie,Les gourmandises de Sophie,"snacks, sweet-snacks, confectioneries, candies, marshmallows",france,,,,unknown,,,,,
5000112521634,Fanta Orange ohne Zucker,Fanta,"beverages-and-beverages-preparations, plant-based-foods-and-beverages, beverages, plant-based-beverages, carbonated-drinks, fruit-based-beverages, artificially-sweetened-beverages, sodas, diet-beverages, fruit-sodas, diet-sodas",germany,de:einwegflasche,,,c,4.0,,"Wasser, Orangensaft aus Orangensaftkonzentrat, Kohlensäure, Säuerungsmittel Citronensäure, Citrusextrakt, Süßungsmittel (Natriumcyclamat Acesulfam K, Sucralose), natürliches Orangenaroma mit anderen natürlichen Aromen, Antioxidationsmittel Ascorbinsäure, Stabilisatoren E 414, E 412 und E 445, Farbstoff Carotin.",,
8008706607884,Farfalle fantasia,Canestro,"plant-based-foods-and-beverages, plant-based-foods, cereals-and-potatoes, cereals-and-their-products, pastas",spain,,,,a,,,,,
5449000123916,Fanta,Fanta,"plant-based-foods-and-beverages, beverages, plant-based-beverages, carbonated-drinks, fruit-based-beverages, sodas, fruit-sodas, orange-soft-drinks",france,,,,d,,,,,
26082332,mini fantasy mallows,,,france,,,,unknown,,,,,
7801610001035,fanta guarana,,"beverages, carbonated-drinks, sodas",chile,,,,unknown,,,"EDENTES AGUA CARBONATADA, ACIDO CITRICO, SABORIZANTES ARTIFICIAL, ACESULFAMO DE POTASIO,SORBATODE
HITSO COLOR CARAMELO,BENZOATO DE SODIO, SUCRALOSA,CITRATO DE POTASIO, CITRATO DE SODIO YEXTRACTODE
CUARANA ENVASE NO RETORNABLE.CONSUMIR ANTES DE 4MESES A PARTIR DE LA FECHA DE ELABORACION.FABRICACON
DHIEMA. MANTENER EN LUGAR FRESCO, SECO Y PROTEGIDO DEL SOL. FANTA ES MARCA REGISTRADA DE THE COCA-COLA
COMPAY,",,
5449000137456,Fanta ananas,Fanta,"plant-based-foods-and-beverages, beverages, plant-based-beverages, carbonated-drinks, fruit-based-beverages, sodas, fruit-sodas, non-alcoholic-beverages",france,,,,e,,,,,
5449000053541,Fanta,fanta,"plant-based-foods-and-beverages, beverages, plant-based-beverages, carbonated-drinks, fruit-based-beverages, sodas, fruit-sodas, orange-soft-drinks","france, poland",,,,d,,,,,
5449000263810,Mandarine,"Coca Cola, Fanta","beverages-and-beverages-preparations, plant-based-foods-and-beverages, beverages, plant-based-beverages, carbonated-drinks, fruit-based-beverages, artificially-sweetened-beverages, sodas, fruit-sodas",germany,bottle,,,c,4.0,,"Wasser, Mandarinensaft aus Mandarinensaftkonzentrat (3%), Kohlensäure, Säuerungsmittel Citronensäure, Citrusextrakt Orangensaft aus Orangensaftkonzentrat (0,4%) Säureregulator Natriumcitrate, Süßungsmittel (Acesulfam K, Aspartam, Sucralose), färbendes Lebensmittel (Konzentrat aus Karotte und schwarzer Johannisbeere), Aroma, Stabilisator Johannisbrotkernmehl, Farbstoff Carotin. Enthält eine Phenylalaninquelle.",,
5430000204774,Tagada confiserie gélifié Fantaisie,,"snacks, sweet-snacks, confectioneries, candies, gummi-candies, gummy-strawberries",france,,,,e,,,,,
8480017453686,Snack fantasma kepchut,dia,,spain,,,,unknown,,,,,
5000112631593,Fanta fruit twist,Fanta,,united-kingdom,,,,unknown,,,,,
3481290036882,Truffes fantaisie,,,france,,,,unknown,,,,,
5000112537680,Fanta piña,Fanta,"beverages, carbonated-drinks, sodas",spain,,,,c,,,,,
3389681006080,Assortiment fantaisie,La Confiserie Bressaude,,france,,,,unknown,,,,,
5449000265197,Fanta,"Fanta, Coco Coka",,united-kingdom,pet-bottle,,,unknown,,,,,
2419600011527,Fanta Naranja,Fanta,"beverages-and-beverages-preparations, plant-based-foods-and-beverages, beverages, plant-based-beverages, carbonated-drinks, fruit-based-beverages, sodas, fruit-sodas, orange-soft-drinks",spain,,"Carrefour,Alcampo,AhorraMas",España,e,4.0,,"Agua carbonatada, 8% zumo de naranja a partir de concentrado, azúcar, acidulantes: ácido cítrico y acido málico, estabilizantes: E-414, E-444 y E-445, edulcorantes: E-950, aspartamo y E-959, conservador E-202 corrector de acidez, citrato sódico, aromas naturales de naranja y otros aromas naturales, antioxidante ácido ascórbico y colorante E-160a. Contiene una fuente de fenilalanina. Con aromas naturales,",,
5449000038524,Fanta orange,Fanta,"beverages, carbonated-drinks, sodas",belgium,,,,e,,,,,
50112203,Fanta ananas,Fanta,"plant-based-foods-and-beverages, beverages, plant-based-beverages, carbonated-drinks, fruit-based-beverages, sodas, fruit-sodas",france,,,,e,,,,,
7894900031751,"Refrigerante Laranja Fanta Garrafa 1,5l",FANTA,"beverages-and-beverages-preparations, plant-based-foods-and-beverages, beverages, plant-based-beverages, carbonated-drinks, fruit-based-beverages, sodas, fruit-sodas, sweetened-beverages",brazil,,,,unknown,,,,,
5449000249982,Fanta Prodotta in Italia,Fanta,"beverages, carbonated-drinks, sodas",france,,,,d,,,,,
5000112639605,Fanta Grape,Fanta,"plant-based-foods-and-beverages, beverages, plant-based-beverages, carbonated-drinks, fruit-based-beverages, sodas",united-kingdom,,,,b,,,,,
5449000274533,Napój gazowany o smaku pomarańczowym,Fanta,"beverages, carbonated-drinks",poland,"metal, recyclable-metals, aluminium, pl:puszka",,,c,,,,,
5449000187970,Fanta Naranja 9 latas 330 ml,Fanta,"plant-based-foods-and-beverages, beverages, plant-based-beverages, carbonated-drinks, fruit-based-beverages, sodas, fruit-sodas, lemon-soft-drinks",spain,,,,unknown,,,,,
5449000222121,Fanta,Fanta,,belgium,,,,unknown,,,,,
5449000059413,REFRESCO LIMON GO FANTA PACK,Fanta,,france,,,,unknown,,,,,
5449000154798,Fanta zero pomelo,"Coca-Cola Company, Fanta",,belgium,,,,unknown,,,,,
8001860247811,Fantasia di farro con lenticchie,Riso Scotti,"plant-based-foods-and-beverages, plant-based-foods, legumes-and-their-products, cereals-and-potatoes, legumes, seeds, legume-seeds",switzerland,cardboard,Migros,Svizzera,a,4.0,,"farro precotto (70%), lenticchie verdi precotte (15%), lenticchie rosse (10%), lenticchie gialle precotte (5%). Contiene glutine. Può contenere tracce di soia e sesamo.",,
5000112518405,Fanta Laranja,fanta,"beverages-and-beverages-preparations, plant-based-foods-and-beverages, beverages, plant-based-beverages, carbonated-drinks, fruit-based-beverages, sodas, fruit-sodas, sweetened-beverages","portugal, spain",,,,d,4.0,,"FANTA R 330 ml e REFRIGERANTE DE SUMO DE LARANJA. Contém açúcares e edulcorantes. Com aromas naturais. Ingredientes: água, 8% sumo de laranja proveniente de concentrado, açúcar, dióxido de carbono, acidificantes: ácido citrico e ácido málico, estabilizadores: E-414, E-444 e E-445, dulcorantes: E-950, aspartame e E-959, conservante E-202, regulador de acidez: citratos de sódio, aromas naturais de aranja e outros aromas naturais, antioxidante ácido ascórbico e Corante carotenos. Contém uma fonte de fenilalanina. INFORMAÇÃO NUTRICIONAL Por: 100 ml 330 ml (%) Energia: 81 kJ/",,
8422388874110,Pirulo Fantasmikos,Nestlé,"desserts, frozen-foods, frozen-desserts, ice-creams-and-sorbets, ice-creams, ice-pops",spain,,,,d,,,,,
5449000270917,Fanta Orange,Fanta,"beverages-and-beverages-preparations, plant-based-foods-and-beverages, beverages, fruit-based-foods-and-beverages, non-alcoholic-beverages, plant-based-beverages, carbonated-drinks, fruit-based-beverages, soft-drinks, sodas, fruit-sodas, orange-soft-drinks, sweetened-beverages",switzerland,,,,b,,,,,
4316268434966,Sunny Eis,ICE Fantasy,"desserts, frozen-foods, frozen-desserts, ice-creams-and-sorbets, ice-creams",germany,,,,d,4.0,,"51%Vanilleeis (eingedickte entrahmte Milch, Zucker, Kokosfett, Glukosesirup, Mol - kenerzeugnis, Emulgator: Mono - und Diglyceride von Speisefettsäuren",,
08376879,,Fanta,"beverages, carbonated-drinks",tunisia,,,,unknown,,unknown,,,
5449000041791,Fanta Limón,Fanta,,spain,,,,unknown,,,,,
3102621010677,Petits calissons fantaisies,Le Roy René,"snacks, sweet-snacks, confectioneries, calissons",france,,,,e,,,,,
3760125220062,Tiramisu,Fanta,,france,,,,unknown,,,,,
4792229030987,Soba,Fanta,,sri-lanka,,,,unknown,,unknown,,,
0088009160635,SODA RAISIN,"FANTA,COCA COLA,BRASSERIE DE TAHITI","plant-based-foods-and-beverages, beverages, plant-based-beverages, carbonated-drinks, fruit-based-beverages, sodas, fruit-sodas, sodas-au-raisin",french-polynesia,plastic,,Polynésie Française,unknown,4.0,not-applicable,"Eau gazéifiée, sucre, acidifiant (E330) arôme, conservateur (E202), colorant (E122, E102, E142)",13.5,
90377235,Fanta orange congo,"Fanta, Coca-Cola Company","beverages-and-beverages-preparations, plant-based-foods-and-beverages, beverages, plant-based-beverages, carbonated-drinks, fruit-based-beverages, sodas, fruit-sodas, sweetened-beverages, Fanta","burkina-faso, cote-d-ivoire, republic-of-the-congo",,,,e,4.0,,"EAU GAZÉIFIÉE, SUCRE, ACIDIFIANTS: ACIDE CITRIQUE ET ACIDE MALIQUE, STABILISANTS: E1450, E445 ET E444, CONSERVATEUR BENZOATE DE SODIUM, ARÔMES, ÉDULCORANTS: ACÉSULFAME-K ET SUCRALOSE, COLORANT: JAUNE ORANGÉ S.",,
5449000245045,Fanta saveur mangue fruit du dragon,"Rosa, Роса","beverages-and-beverages-preparations, beverages, waters, spring-waters","bulgaria, serbia",,,,a,1.0,,,,
59029397,Fantasia z wiśniami,Danone,"dairies, fermented-foods, fermented-milk-products, desserts, dairy-desserts, fermented-dairy-desserts, fermented-dairy-desserts-with-fruits, yogurts, fruit-yogurts, cherry-yogurts, greek-style-yogurts",france,,,,c,,,,,
5449000233332,Fanta orange,Fanta,"beverages-and-beverages-preparations, plant-based-foods-and-beverages, beverages, plant-based-beverages, carbonated-drinks, fruit-based-beverages, sodas, fruit-sodas, sweetened-beverages","belgium, greece",,Πλοίο Knossos palace,,d,,,"Νερό, Χυμός Πορτοκαλιού από συμπυκνωμένο και 120%), Ζάχαρη, Μέσα Οξίνισης (κιτρικό οξύ, μηλικό και και Τρυγικό οξύ), Φυσικές Αρωματικές Ύλες Πορτοκαλιού ( Μασουλφάμη Κ και Σουκραλόζη), Αντιοξειδωτικό Ασκορβικό Ολκανικό Νάτριο), Συντηρητικό (Σορβικό κάλιο), Γλυκντικά • άλλες φυσικές αρωματικές ύλες, Ρυθμιστής οξύτητας",,
5449000275950,Fanta zero naranja rosa,Fanta,"beverages, carbonated-drinks, sodas",spain,,,,c,,,,,
87126464,Fanta,Fanta,"plant-based-foods-and-beverages, beverages, plant-based-beverages, carbonated-drinks, fruit-based-beverages, sodas, sweetened-beverages",france,bouteille-plastique,,,c,,,FANTA naranja bajo en calorias Sabor Irresistible 350ml 284 KJ Zum 8% de,,
5449000259424,Fanta Pomme,Fanta,,reunion,,,,unknown,,unknown,,,
4047008003509,Decomagia fantasía,Dr. Oetker,food-decorations,spain,,,,e,,,,,
4062300219816,Fantasia di verdure con pollo e riso,Hopp,,italy,,,,unknown,,,,,
5941209017381,Danone Fantasia Iaurt de băut cu caramel și cafea,Danone,"dairies, fermented-foods, fermented-milk-products, desserts, dairy-desserts, fermented-dairy-desserts, yogurts, ro:iaurt-de-băut","poland, romania",pahar-plastic,,Romania,c,4.0,,"Lapte degresat pasteurizat, apă, smântână, zahăr, caramel 1% (zahăr, apă), unt, amidon modificat, cafea instant 0,32%, agenți de îngroșare (pectine), extract din cafea 0,14%, aromă naturală, lapte praf degresat, sare, emuldifiant (mono și digliceride ale acizilor grași), cafea prăjită 0,036%, corector de aciditate (acid lactic), fermenți de iaurt. Conținut ridicat de cafeină. Nu se recomandă pentru copii sau femeile însărcinate sau care alăptează. Conținut în cafeină 16,6mg/100ml.",,
7441003521483,Soda,Fanta,,costa-rica,,,,unknown,,unknown,,82.0,330.0
59030126,Fantazja z płatkami w czekoladzie,Danone,,poland,,,,unknown,,,,,
5449000242747,Zero Pink Grapefruit,Fanta,,spain,,,,unknown,,,,,
0049000067743,Fanta berry,Fanta,,united-states,,,,unknown,,unknown,,,
4792229064432,fanta orange,Fanta,,france,,,,unknown,,,,,
4062400027908,Fanta Lemon,"Sierra, Fanta",,united-kingdom,glass-bottle,,,unknown,,,,,
5449000269423,Fanta lemon zero,"Fanta, Fanta-light","beverages, carbonated-drinks, sodas",france,,,,b,,,,,
4316268538213,Waffelhörnchen Vanille-Schoko,ICE Fantasy,"desserts, frozen-foods, frozen-desserts, ice-creams-and-sorbets, ice-creams, ice-cream-cones",germany,"box, cardboard, paperboard",Netto,"Wiesbaden,Deutschland",d,4.0,,"30% Bourbon-Vanilleeis (entrahmte Milch, Molkenerzeugnis, Glukose-Fruktose-Sirup, Kokosfett, Zucker, Magermilchpulver, Emulgator: Mono - und Diglyceride von Speisefettsäuren; Bourbon-Vanilleextrakt, Stabili satoren: Johannisbrotkernmehl, Guarkernmehl), 30 % Schokoladeneis (entrahmte Milch, Wasser, Glukose - Fruktose-Sirup, Molkenerzeugnis, Zucker, Kokosfett, 4,8% fettarmes Kakaopulver, Dextrose, Emulgator: Mono - und Diglyceride von Speisefettsäuren; Stabilisatoren: Johannisbrotkernmehl, Guarkernmehl), 17 % Waffelhörnchen (Weizenmehl, Zucker, Kokosfett, Emulgator: Lecithine (enthält Soja)), 11 % kakaohaltige Fettglasur (Kokosfett, Zucker, 7,5% fettarmes Kakaopulver, Emulgator: Lecithine (enthält Soja), 9 % Schokoladensauce (Wasser, Glukose-Fruktose-Sirup, Zucker, 5,0% fettarmes Kakaopulver, modifizierte Tapiokastärke, 2 % Schokolade (Kakaomasse, Zucker, 17,5% fettarmes Kakaopulver), Magermilchpulver, Speisesalz), 3 % Schokoladenstückchen (Zucker, Kakaomasse, Kakaobutter, Butterreinfett, Emulgator: Lecithine (enthält Soja), natürliches Vanillearoma). Das Produkt kann Spuren von Schalenfrüchten enthalten.",,
7501055305230,,fanta,,spain,,,,unknown,,,,,
5449000230089,Fanta pomme,Fanta,"plant-based-foods-and-beverages, beverages, plant-based-beverages, carbonated-drinks, fruit-based-beverages, sodas, sweetened-beverages",france,,,,d,,,,,
0049000078374,Fanta cherry,Fanta,"beverages, carbonated-drinks, sodas","france, spain",,,,e,,,,,
2080750180199,Guimauve fantaisie aromatisée goût fraise,,,france,,,,unknown,,,,,
8410479006106,Vino Blanco,Fanta,"beverages, alcoholic-beverages, wines, white-wines",spain,,,,not-applicable,,,,,
0313769150108,Gelato fantastico,bofrost,,spain,,,,unknown,,,,,
2000000104389,PLEASE REMOVE ENTRY!!,Fanta,,netherlands,,,,unknown,,unknown,,,
8010503067150,Fantaisie d'olives marinées,Lombardo sott'oli,,france,,,,unknown,,,,,
5000112631586,Fanta Orange,Fanta,"beverages-and-beverages-preparations, plant-based-foods-and-beverages, beverages, plant-based-beverages, carbonated-drinks, fruit-based-beverages, sodas, fruit-sodas, orange-soft-drinks",united-kingdom,,,,c,,,,,
5449000192066,Fanta Zero Naranja,Fanta,,spain,,,,unknown,,,,,
5449000018670,Fanta Naranja,Fanta,,spain,,,,unknown,,,,,
2608104012592,Guimauve Fantaisie enrobée de chocolat au lait,,,france,,,,unknown,,,,,
8712857974817,fanta peach,Fanta,"beverages-and-beverages-preparations, beverages, carbonated-drinks, sodas",belgium,can,,,e,4.0,,"Eau gazeifiée, sirop de glucose fructose, arômes, régulateur d'acidité E330, conservateurs: E202, E211, colorants E129, E110.",,
5449000274861,,fanta,,spain,,,,unknown,,,,,
42116011,Fanta cocktail de fruits,"Fanta, Coca-Cola","beverages-and-beverages-preparations, beverages, non-alcoholic-beverages, carbonated-drinks, soft-drinks, sodas",india,,,,e,,,,,
4056489040033,truffes fantaisie,Lidl,"snacks, sweet-snacks, cocoa-and-its-products, confectioneries, chocolate-candies, bonbons, chocolate-truffles",france,,Lidl,,e,4.0,,"Graisses végétales (palmiste, palme), sucre, cacao maigre en poudre (14%), lactosérum en poudre, beurre de cacao, arôme.",,
8413080000310,Jarabe de Fantasía Sabor Chocolate,Gourmet,,france,,,,unknown,,,,,
4056489040057,Truffles fantaisie saveur caramel aux éclats de caramel,Favorina,"snacks, sweet-snacks, cocoa-and-its-products, confectioneries, chocolate-candies, bonbons, chocolate-truffles",france,,,,e,4.0,,"Graisses végétales (palmiste, palme), sucre, cacao maigre en poudre 13%, lactosérum en poudre, éclats de caramel 3.9% (sucre, sirop de glucose, crème fraîche, lait écrémé en poudre, sel, dextrose, arôme naturel de vanille), arômes, beurre de cacao. Traces de céréales contenant du gluten et de fruits à coque.",,
8001364104177,Fantasia Di Funghi Novella,Novella,"plant-based-foods-and-beverages, plant-based-foods, fruits-and-vegetables-based-foods, vegetable-based-foods-and-beverages, vegetables-based-foods, mushrooms-and-their-products, mushrooms","france, italy",,,,c,,,"FUNGHI MISTI CON PORCINI IN OLIO-INGREDIENTIFunghi misti in proporzione variabile 68% (Pleurotus ostreatus, Lentinus edodes, Stropharia rugosoánnulata, Pholiota mutabilis, Boletus edulis (5%)), olio di semi di girasole 30%, aceto di vino, sale, zucchero, piante aromatiche, aglio, aromi naturali, antiossidante: E300, Correttori di acidità: E330 e E270.",,
5449000273451,Fanta tropic,Fanta,,belgium,,,,unknown,,,,,
8437003909009,Rodrigo de la Infanta,la picorea,"breakfasts, spreads, sweet-spreads, bee-products, farming-products, sweeteners, honeys, miel-de-bosque",spain,,,,unknown,2.0,,,,
4056489040040,Truffes fantaisie,Favorina,"snacks, sweet-snacks, cocoa-and-its-products, confectioneries, chocolate-candies, bonbons, chocolate-truffles","algeria, france",,,,e,4.0,,"graisses végétales (palmiste, palme), sucre, cacao maigre en poudre (13%), poudre de lactosérum, écorces d'orange confites (3%) (écorces d'orange (1,5%), sucre, dextrose, correcteur d'acidité : acide citrique, conservateur : anhydride sulfureux), huile essentielle d'orange, beurre de cacao, arôme. Traces de céréales contenant du gluten et de fruits à coque.",,
5449000280282,Fanta Dark Orange,Fanta,"beverages-and-beverages-preparations, plant-based-foods-and-beverages, beverages, plant-based-beverages, carbonated-drinks, fruit-based-beverages, sodas, fruit-sodas",romania,"plastic, pet-polyethylene-terephthalate",,Romania,d,4.0,not-applicable,"apă, zahăr, suc de fructe din concentrat (portocale 2%, portocale roșii 1%), dioxid de carbon, acidifianți: acid citric și acid malic, arome naturale de portocale cu alte arome naturale, conservant: sorbat de potasiu, stabilizatori: gumă de acacia, gumă de guar și E445, îndulcitori: acesulfam-K și aspartam, colorant: carbon vegetal. Conține o sursă de fenilalanină.",4.3,19.0
3421371524181,Truffes fantaisies BIO,Chevaliers d'Argouges,"plant-based-foods-and-beverages, plant-based-foods, fruits-and-vegetables-based-foods, snacks, vegetable-based-foods-and-beverages, sweet-snacks, cocoa-and-its-products, confectioneries, chocolate-candies, bonbons, chocolate-truffles",france,"plastic, bag, cardboard, sleeve, etui-en-carton, sachet-en-plastique",,"France,Versailles",e,3.0,,"pâte de cacao*, huile de coco*, sucre de canne*, beurre de cacao*, poudre de cacao*, poudre de _lait_ entier*, extrait de vanille*",,
5000112626360,Pink Grapefruit,"Fanta, Coca Cola","beverages-and-beverages-preparations, beverages, carbonated-drinks, sodas, unsweetened-beverages",germany,"plastic, bottle",,,c,4.0,,"Wasser, Pink Grapefruitsaft aus Grapefruitsaftkonzentrat, Kohlensäure, Säuerungsmittel Citronensäure, färbendes Lebensmittel (Konzentrat aus Aroniabeere und Holunderbeere), Süßungsmittel (Acesulfam K, Aspartam), Aroma, Stabilisatoren E414 und 445",,
35265832,Fantasmikos,Nestlé,"desserts, frozen-foods, frozen-desserts, ice-pops",spain,,,,d,,,,,
8005121214796,Fantasie del mattino croccanti integrali con cacao e nocciole,Divella,"snacks, sweet-snacks, biscuits-and-cakes, biscuits-and-crackers, biscuits","france, italy, spain","recycle, recycle-with-plastics",Primo prezzo hard discount,,d,,,Farina integrale di grano tenero zucchero olio di semi di girasole farina di frumento cacao nocciole latte intero in polvere uova fresche agenti lievitanti burro pasta di nocciole aromi sale,,
0088009901795,Fanta framboise,COCA COLA,"beverages, carbonated-drinks, sodas",french-polynesia,,,,e,4.0,not-applicable,"Eau gazéifiée, sucre, arôme, acidifiant (E330), conservateur (E211), colorant (E122),",13.0,53.0
8480017347695,Nubes de azúcar,DiaDE FANTASIA,"sweeteners, azucar",spain,,,,e,4.0,,"Espumas dulces.
Ingredientes: jarabe de glucosa y fructosa,
azúcar, agua, gclaina, almidón de maíz, aroma,
colorante (El62)
Listo para consumo.
Conservar en lugar fresco y seco, sin olores
agresivos y fuera del alcance de la luz solar.
Consumir preferentemente antes del / Lote:
ver impresión.
PT Gomas doces.
Ingredientes: xarope de glicose e frutose,
água. gelatina, amido de milho, aroma,",,
5449000118349,Fanta,Fanta,"beverages-and-beverages-preparations, plant-based-foods-and-beverages, beverages, plant-based-beverages, carbonated-drinks, fruit-based-beverages, sodas, fruit-sodas, orange-soft-drinks",germany,plastic,,,unknown,,,,,
54491625,Fanta orange,Fanta,"beverages-and-beverages-preparations, plant-based-foods-and-beverages, beverages, plant-based-beverages, carbonated-drinks, fruit-based-beverages, sodas, fruit-sodas, orange-soft-drinks, sweetened-beverages","france, lithuania",,Maxima,,b,,,,,
8057741333005,Chili concentrated 77 the fantasticos,peperita,,spain,,,,unknown,,,,,
0049000031683,Orange fruit flavored soda,Fanta,"beverages-and-beverages-preparations, beverages, carbonated-drinks, sodas",united-states,,,,unknown,,,,,
8025607003560,Farfalle Fantasia,,,france,,,,unknown,,,,,
15267498,Miel de fleurs,Fantasia,"breakfasts, spreads, sweet-spreads, bee-products, farming-products, sweeteners, honeys, flower-honeys",france,,,,unknown,2.0,,,,
3800500099125,Brochette de confiserie fantaisies,,,new-caledonia,,,,unknown,,unknown,,70.0,341.0
2608105022835,Guimauve fantaisie enrobé de chocolat noir,,,france,,,,unknown,,,,,
06741806,,Fanta,,france,,,,unknown,,,,,
0049000047844,ORANGE SODA,Fanta,,united-states,,,,unknown,4.0,,"ition Facts Serv. Size: 1 Bottle, Amount Per Calories 160, Total Fat 0g (0% DV), Sodium 75mg Total Carb. 43g (15% DV), Total Sugars 42g (Ind. 42 Suppers 84% DV), Protein Og. Not a significant source of sa stat, cholest, fiber, vit. D, calcium, iron and potas. WATER CANE SUGAR, CITRIC ACID, POTASSIUM SORBATE (TO PROTECT TASTE MODRED VIRAL AND ARTIFICIAL FLAVORS, SUCROSE ACETATE ISOBUTYRATE SOUM HATE TO PROTECT TASTE, MEDIUM CHAIN TRIGLYCERIDES, YELLOW & ACT MADE PUERTE, S. de R. L. de C. V. TIJUANA, B.C. CP 22244 THE AUTHORITY OF THE COCA-COLA COMPANY, ATLANTA, GA 30313 BY COMPA ORANGE ORANGE SODA HO ARTIFICIALLY FLAVORED 285-00410 CONSUMER INFOR 1-800-438-2553 CA CRY 160 HHA-MA-MENSWE CALORIES 355 ml. (12 FL 62)",,
8007681000192,Huevos de chocolate con sorpresa,Fanta,,spain,,,,unknown,,,,,
2080750180182,Guimauve fantaisie fraise,,,france,,,,unknown,,,,,
3701175701101,Truffes fantaisie Crêpes dentelles,Mathez,"snacks, sweet-snacks, cocoa-and-its-products, confectioneries, chocolate-candies, bonbons, chocolate-truffles",france,,,,e,,,,,
0088009901672,Fanta saveur fraise kiwi,Fanta,,french-polynesia,,,,unknown,,unknown,,7.9,33.0
0045035092972,8 fancy macarons fantaisie,Tipiak,"snacks, desserts, sweet-snacks, biscuits-and-cakes, pastries, macarons",france,,,,unknown,,,,,
8480010093063,Fantasmas de patata,Eroski,"snacks, salty-snacks",spain,,Eroski,,e,,,,,
24079600,Halloween Snack Fantasmas Original,Halloween,snacks,spain,,,,e,,,,,
5740700985706,Fanta,Fanta,,france,,,,unknown,,,,,
8888002086473,Fanta Orange,Fanta,,singapore,,,,unknown,,,,12.3,50.0
8015104006515,Ravioli ricotta et épinards,"Mémé Hélène, Pastificio Fantasia","meals, pasta-dishes, stuffed-pastas, ravioli, tortellini, ravioli-with-ricotta-and-spinach",france,,,,c,,,,,
2608104025714,Guimauve fantaisie enrobée de chocolat au lait,,,france,,,,unknown,,,,,
3279130113141,Guimauve fantaisie nappées de chocolat noir,,,france,,,,unknown,,,,,
5449000086822,Fanta orange,Fanta,,france,pet-bottle,,,unknown,,,"Carbonated Water, Sugar. Orange Juice From Concentrate (3.7%). Citrus Fruit From",,
3671900000000,Truffes fantaisies noisettes,,,france,,,,unknown,,,,,
8992761111045,Fanta Ngemil Apa Aja,Fanta,,indonesia,,,,unknown,,unknown,,24.0,100.0
8435063816671,Fantasy king,King Regal,,spain,,,,unknown,,,,,
5449000281913,Fanta black blood orange,Fanta,"beverages, carbonated-drinks, sodas",switzerland,,,,c,,,,,
5449000103567,,Fanta,,france,,,,unknown,,,,,
3215470519489,Meringue Fantasie,Patrelle,,france,,,,unknown,,,,,
5449000242525,Fanta Pink Grapefruit,Fanta,"beverages, carbonated-drinks, sodas","france, romania",plastic,,,b,,,,,
8004690057209,Pasta Fantasia No.72,La Molisana,"plant-based-foods-and-beverages, plant-based-foods, cereals-and-potatoes, cereals-and-their-products, pastas",france,,,,a,,,,,
5000112637946,Fanta Orange,"Coca-Cola, Coca-Cola Company, Fanta","plant-based-foods-and-beverages, beverages, plant-based-beverages, carbonated-drinks, fruit-based-beverages, sodas, fruit-sodas, carbonated-fruit-soft-drink, orange-soft-drinks, carbonated-fruit-soft-drink-with-less-than-10-of-fruit-juice, carbonated-fruit-soft-drink-with-sugar-and-less-than-10-of-fruit-juice, sweetened-beverages",sweden,"metal, recyclable-metals, aluminium, sv:aluminum",,,e,4.0,,"Kolsyrat vatten, socker, apelsinjuice från koncentrat 6%, surhetsreglerande medel (E330), stabiliseringsmedel (E414, E445), naturlig apelsinarom med andra naturliga aromer, antioxidationsmedel (E300), färgämne (E160a).",,
0049000050257,Fanta Orange Soda Caffeine Free,,"beverages-and-beverages-preparations, plant-based-foods-and-beverages, beverages, plant-based-beverages, carbonated-drinks, fruit-based-beverages, sodas, fruit-sodas, orange-soft-drinks",france,,,,e,4.0,,"CARBONATED WATER, HIGH FRUCTOSE CORN SYRUP, CITRIC ACID, SODIUM BENZOATE (TO PROTECT TASTE), NATURAL FLAVORS, MODIFIED FOOD STARCH, SODIUM POLYPHOSPHATES, GLYCEROL ESTER OF ROSIN, YELLOW 6, RED 40.",,
3389681002099,Confiserie fantaisie sans Sucre,La Confiserie Bressaude,,france,,,,unknown,,,,,
5449000142818,Fanta,Fanta,,belgium,,,,unknown,,,,,
5449000255075,Wildberry,Fanta,,ireland,,,,unknown,,unknown,,,
5000112642629,Fanta Dark Mystery Blood Orange,Fanta,"beverages-and-beverages-preparations, plant-based-foods-and-beverages, beverages, festive-foods, plant-based-beverages, carbonated-drinks, fruit-based-beverages, sodas, fruit-sodas, orange-soft-drinks, halloween-foods-and-drinks",sweden,"plastic, pet-polyethylene-terephthalate, bottle, pouch-flask",Hemköp,Sverige,unknown,4.0,,"Kolsyrat vatten, socker, 3% juice från koncentrat (apelsin 2%, blodapelsin surhetsreglerande medel (citronsyra, äppelsyra), konserveringsmedel (kaliumsorbat, naturlig apelsinarom med andra naturliga aromer, stabiliseringsmedel (akaciagummi, guarkärnmjöl, glycerolestrar av trähartser), sötningsmedel (acesulfame-K, aspartam), färgämne (vegetabiliskt kol). Innehåller en källa till _fenylalanin_.",,
5000112628975,Fanta fruit Twist,Fanta,,spain,,,,unknown,,,,,
3173287226702,Truffes fantaisie,cémoi,"snacks, sweet-snacks, cocoa-and-its-products, confectioneries, chocolate-candies, bonbons, chocolate-truffles, chocolat",france,,,,e,,,,,
5000112639377,Fanta Exotic,Coca-Cola Company Fanta,"beverages-and-beverages-preparations, plant-based-foods-and-beverages, beverages, plant-based-beverages, carbonated-drinks, fruit-based-beverages, sodas, fruit-sodas, sweetened-beverages",germany,"de:fe, de:metall-konserve",Rewe,,e,4.0,,"erfrischungsgetränk mit exotischem fruchtgeschmack, mit zucker und süßungsmitteln. zutaten: wasser, zucker, orangensaft aus orangensaftkonzentrat, kohlensäure, säuerungsmittel (citronensäure, äpfelsäure), pfirsichsaft aus pfirsichsaftkonzentrat, apfelsaft aus apfelsaftkonzentrat, färbendes lebensmittel (konzentrat aus karotte und färberdistel), passionsfruchtsaft aus passionsfruchtsaftkonzentrat, süßungsmittel (acesulfam k und aspartam), natürliches aroma, stabilisatoren (e414, e445 und e412). enthält eine phenylalaninquelle.",,
3481291013042,Truffes fantaisie,,,france,,,,unknown,,,,,
5449000152244,Fanta naranja zero jarabe,Fanta,,spain,,,,unknown,,,,,
2609811013124,Mélange Fantasia,,,france,,,,unknown,,,,,
5281013789020,Fantasia,Fantasia,,lebanon,,,,unknown,4.0,unknown,"(Degermed Yellow Corn Meal, Sugar, Salt, Palm Olein Oil,
Sodium Bicarbonate, Emulsifier E471), Palm Oi, Cheese Flavor (Natural",,
9310155010221,Gluten Free Rice Noodles Chicken,Fantastic,"plant-based-foods-and-beverages, plant-based-foods, dried-products, pastas, dried-products-to-be-rehydrated, noodles, instant-noodles",australia,,Woolworths,,unknown,4.0,,"ingredients noodles: rice noodles: rice flour (90%), tapioca starch, flavour sachet: salt, flavour,herbs and spices, sugar, least extract, flavour enhancers (627, 631), maltodextrin, colour (100), anticaking agent (551), vegetable oil, antioxidant (307b) vegetable sachet: debydrated vegeables contains soy,",2.7605633802817,45.175450704225
9310155711302,Fantastic Noodles beef bowl,Fantastic,"plant-based-foods-and-beverages, plant-based-foods, cereals-and-potatoes, cereals-and-their-products, dried-products, dried-products-to-be-rehydrated, pastas, noodles, instant-noodles",australia,,,,unknown,4.0,,"wheat flour, vegetable oil (antioxidant (319)), modified starch (1420), salt, mineral salts (501, 500, 451), vegetable gum (412), flavour enhancers (621, 627, 631), flavours (wheat, soy), salt, maltodextrin, herbs and spices, colours (150c, 100), sugar, vegetable oil (antioxidant (319)), anticaking agent (551), antioxidant (307b), vegetable, dehydrated",,
3173287344901,Truffes Fantasie cacao,,,france,,,,unknown,,,,,
3588400262121,truffes fantaisie,Banania,,france,,,,unknown,,,,,
3760078995307,Truffes fantasies noir extra brut 100g,Comptoir du Cacao,,france,,,,unknown,,,,,
3222477356177,Truffes fantaisie,Beaumesnil,"snacks, sweet-snacks, cocoa-and-its-products, confectioneries, chocolate-candies, bonbons, chocolate-truffles",france,,,,e,4.0,,Graisses végétales (palmiste - palme) - sucre - cacao maigre en poudre - _lactosérum_ en poudre - beurre de cacao - arôme. traces de _fruits à coque_ et de _gluten_.,,
3173287345007,truffes fantaisie éclats de noisette,Cémoi,"snacks, sweet-snacks, cocoa-and-its-products, confectioneries, chocolate-candies, bonbons, chocolate-truffles",france,,,,e,4.0,,"Graisses végétales (palmiste, palme), sucre, cacao maigre en poudre, éclats de noisettes caramélisés 5% (noisettes, sucre), lactosérum en poudre, arômes, beurre de cacao.",,
8001420008685,Chicchi e fantasia farro,Gallo,"plant-based-foods-and-beverages, plant-based-foods, cereals-and-potatoes, seeds, cereals-and-their-products, cereal-grains, wheats, spelts",italy,,conad,Italia,a,,,,,
3352750300266,Guimauve fantaisie,,,france,,,,unknown,,,,,
3481290037360,Truffes fantaisie,Mathez,,france,,,,unknown,,,,,
0088009901825,Fanta raisin,COCA COLA,"beverages, carbonated-drinks, sodas",french-polynesia,,Carrefour,"Arue,Polynésie française",e,4.0,not-applicable,"Eau gazéifiée, sucre, arôme, acidifiant (E330), conservateur (E202), édulcorant (E960), colorants (E122, E102, E142).",9.4,39.0
3481290034161,Truffes fantaisies au sucre petillant,,,france,,,,unknown,,,,,
3173281052703,Truffes fantaisie,,,france,,,,unknown,,,,,
4316268433655,Eis Mini Choc,"Ice Fantasy, Netto","desserts, frozen-foods, frozen-desserts, ice-creams-and-sorbets, ice-creams, ice-cream-bars",germany,,,,e,4.0,,"64 % Bourbon-Vanilleeis (entrahmte Milch, Molkenerzeugnis, Glukose - Fruktose-Sirup, Kokosfett, Zucker, Magermilchpulver, Emulgator: Mono - und Diglyceride Lebensmittel: 64 % Bourbon-Vanilleeis (entrahmte Milch, Molkenerzeugnis, Glukose - Fruktose-Sirup, Kokosfett, Zucker, Magermilchpulver, Emulgator: Mono - und Diglyceride Lebensmittel: Guarkernmehl; gemahlene extrahierte Vanilleschoten), 36 tbitter - schokolade (Zucker, Kakaomasse, Kakaobutter, Butterreinfett,ulato Lecithine; Vanilleextrakt). färbendes Johannisbrotkernmehl, Speisefettsäuren; Bourbon-Vanilleextrakt Stabilisator: Bourbon-Vanilleextrakt, Stabilisator: von färbendes Johannisbrotkernmehl, Speisefettsäuren; von Karottenkonzentrat; Karottenkonzentrat Guarkernmehl; gemahlene extrahierte Vanilleschoten), 36 % Vollmilchschokolade (Zucker, Kakaobutter, Magermilchpulver, Butterreinfett, Molkenerzeugnis, Kakaomasse, Kokosfett, Emulgator: Lecithine; Polyglycerin-Polyricinoleat; Vanilleextrakt) Das Produkt kann Spuren von Schalenfrüchten enthalten pre Porion Das Produkt kann Spuren von Schalenfrüchten enthalten. % RM* pro 100ml",,
5000112638905,Fanta Mango,Fanta,"beverages-and-beverages-preparations, beverages, carbonated-drinks, artificially-sweetened-beverages, sodas, sweetened-beverages",germany,"plastic, bottle",,,c,4.0,,"Wasser, Orangensaft aus Orangensaftkonzentrat (3%), Kohlensäure, Citrusextrakt, Sauerungsmittel (Citronensäure, Apfelsäure), Süßungsmittel (Natriumcyclamat, Acesulfam K, Sucralose, Steviolglykoside), Säureregulator Natriumcitrate, Antioxidationsmittel Ascorbinsaure, Stabilisatoren E410, E414 und E445, natürliches Mangoaroma mit anderen natürlichen Aromen, Farbstoff Carotin.",,
3481291012328,Truffes Fantaisies,Mathez,"snacks, sweet-snacks, cocoa-and-its-products, confectioneries, chocolate-candies, bonbons, chocolate-truffles",france,,,,e,,,,,
3481290038671,Truffes fantaisie,Mathez,,france,,,,unknown,,,,,
3472710019622,Guimauves fantasies,,,france,,,,unknown,,,,,
8430807010292,Trufas fantasía,Alimerka,"snacks, sweet-snacks, cocoa-and-its-products, confectioneries, chocolate-candies, bonbons, chocolate-truffles",spain,,,,e,,,,,
5449000263780,Fanta à la Fraise,Fanta,"beverages-and-beverages-preparations, plant-based-foods-and-beverages, beverages, plant-based-beverages, fruit-based-beverages, artificially-sweetened-beverages",germany,bottle,,,c,4.0,,"Wasser, Zitronensaft aus Zitronensaftkonzentrat (3%), Kohlensäure, natürliches Kiwiaroma mit anderen natürlichen Aromen, färbendes Lebensmittel (Konzentrat aus Karotte und Distel), Süßungsmittel (Natriumcyclamat, Acesulfam K, Aspartam), Säuerungsmittel Citronensäure. Enthält eine Phenylalaninquelle.",,
3266191157078,Truffe fantaisie bio noisette,La Vie Claire,"snacks, sweet-snacks, cocoa-and-its-products, confectioneries, chocolate-candies, bonbons, chocolate-truffles",france,,La Vie Claire,,e,3.0,,"Chocolat noir* 69,5% (pâte de cacao*, sucre*, beurre de cacao*, vanille en poudre*), matière grasse végétale* (coprah*), éclats de noisettes grillées* 6%, cacao en poudre*. 69,5% de chocolat à 56% de cacao.* Produits issus de l'agriculture biologique.",,
3481290034178,Truffes fantaisie,,"snacks, sweet-snacks, cocoa-and-its-products, confectioneries, chocolate-candies, bonbons, chocolate-truffles",france,,,,e,,,,,
3481291013882,Truffes fantaisie,,"snacks, sweet-snacks, cocoa-and-its-products, confectioneries, chocolate-candies, bonbons, chocolate-truffles",france,,,,e,,,,,
3481290040148,Truffes fantaisie bio,,"snacks, sweet-snacks, cocoa-and-its-products, confectioneries, chocolate-candies, bonbons, chocolate-truffles",france,,,,e,,,,,
3481290026180,Truffes Fantaisie,,,france,,,,unknown,,,,,
3481291011758,Truffes fantaisie,Mathez,,france,,,,unknown,,,,,
3481291013530,Truffe fantaisie nature,Mathez,"snacks, sweet-snacks, cocoa-and-its-products, confectioneries, chocolate-candies, bonbons, chocolate-truffles",france,,,,e,4.0,,"graisses végétales (coprah, palmiste), sucre, cacao maigre en poudre, lactosérum en poudre, cacao en poudre, émulsifiant : lécithines de soja. Traces éventuelles de gluten, amandes, noisettes, oeufs et pistaches.",,
3760243640018,Truffes fantaisies nature,,,france,,,,unknown,,,,,
3395503062219,Fizzy guimauve fantaisie,,"snacks, sweet-snacks, confectioneries, candies, marshmallows",belgium,,,,c,4.0,,"Sucre, sirop de glucose, dextrose, eau, gelatin, amidon de maïs, arôme, colorants",,
3481291014810,Truffes fantaisie,Mathez,,france,,,,unknown,,,,,
3290041002102,Fantaisie nature,Guyaux,"snacks, sweet-snacks, cocoa-and-its-products, confectioneries, chocolate-candies",switzerland,,,,e,,,,,
3472710026637,Guimauve fantaisie enrobées de chocolat noir,,,france,,,,unknown,,,,,
5740700985911,Fanta Grapefruit,,,belgium,,,,unknown,,,,,
4006814071003,Saq. Fantasias Choc Natal 100G,,"snacks, sweet-snacks, cocoa-and-its-products, chocolates",france,,,,e,,,,,
3481291007461,Truffes Fantaisie,Mathez,"snacks, sweet-snacks, cocoa-and-its-products, confectioneries, chocolate-candies, bonbons, chocolate-truffles",france,,,,e,,,,,
3614640317236,Truffe fantaisie aux éclats de fèves de cacao,,,france,,,,unknown,,,,,
7501031346301,Fanta,"Fanta,Coca cola","beverages, carbonated-drinks, sodas",mexico,,,,unknown,,not-applicable,,,
3481290021840,Truffes fantaisie,Mathez,"snacks, sweet-snacks, cocoa-and-its-products, confectioneries, chocolate-candies, bonbons, chocolate-truffles",france,,,,e,4.0,,"graisses végétales (coprah, palmiste), sucre, cacao maigre en poudre, lactosérum en poudre, éclats de caramel au beurre salé 5% (sucre, sirop de glucose, crème fraîche, beurre salé 0,2%, lait écrémé en poudre, sel de Guérande), cacao en poudre, émulsifiant : lécithines de soja, arôme naturel. Traces éventuelles de gluten, amandes, noisettes, œufs et pistaches.",,
5000112577082,Fanta Cassis zero sugar,Fanta,,belgium,,,,unknown,,,,,
3481291013073,Truffes fantaisie,Mathez,"snacks, sweet-snacks, cocoa-and-its-products, confectioneries, chocolate-candies, bonbons, chocolate-truffles",france,,,,e,,,,,
3481290029228,Truffe fantaisie bio,,"snacks, sweet-snacks, cocoa-and-its-products, confectioneries, chocolate-candies, bonbons, chocolate-truffles",france,,,,e,,,,,
3481294000261,Truffes fantaisie,,,france,,,,unknown,,,,,
3481294000414,Truffes fantaisie,,,france,,,,unknown,,,,,
7501055304790,Fanta naranja,Fanta,,spain,,,,unknown,,,,,
3472710054364,Truffes fantaisie,Truffettes De France,,france,,,,unknown,,,,,
9416216040630,,Fanta,,fiji,,,,unknown,,unknown,,,
3481291013288,Truffe fantaisie tarte citron,Mathez,"snacks, sweet-snacks, cocoa-and-its-products, confectioneries, chocolate-candies, bonbons, chocolate-truffles",france,,,,e,4.0,,"graisses végétales (coprah, palmiste), sucre, cacao maigre en poudre, lactosérum en poudre, brisure de tarte 4% (farine de blé, sucre, malt de blé, amidon de blé, poudre à lever : carbonates de sodium, beurre de cacao, sel, arôme naturel de vanille), cacao en poudre, émulsifiant : lécithines de soja, arôme naturel de citron. Traces éventuelles de noisettes, amandes, œufs et pistaches.",,
3481291012731,Truffe fantaisie nature,,,france,,,,unknown,,,,,
3352750300198,Guimauve fantaisie tutti frutti,Auzier Chabernac,"snacks, sweet-snacks, confectioneries, candies, marshmallows",france,,,,d,,,,,
3481291015312,Truffes fantaisie,Mathez,,france,,,,unknown,,,,,
5449000109347,Fanta limon,Fanta,,spain,,,,unknown,,,,,
3481291015176,Truffes fantaisie,,"snacks, sweet-snacks, cocoa-and-its-products, confectioneries, chocolate-candies, bonbons, chocolate-truffles",france,,,,e,,,,,
3481294000193,Truffes fantaisie,Mathez,,france,,,,unknown,,,,,
3421371521531,Truffzs fantaisies,Chevaliers d'Argouges,,france,,,,unknown,,,,,
3481294000278,TRUFFES FANTAISIE,,,france,,,,unknown,,,,,
3481294000230,Truffes Fantaisie,Mathez,,france,,,,unknown,,,,,
5449000251435,Fanta Mango guava,Fanta,"plant-based-foods-and-beverages, beverages, plant-based-beverages, fruit-based-beverages",belgium,,,,unknown,,,,,
3481291014322,Truffes fantaisie,Mathez,"snacks, sweet-snacks, cocoa-and-its-products, confectioneries, chocolate-candies, bonbons, chocolate-truffles",france,,,,e,4.0,,"Graisses végétales (coprah, palmiste), sucre, cacao maigre en poudre, lactosérum en poudre, sucre pétillant 5% (sucre, sirop de glucose, beurre de cacao, lactose, dioxyde de carbone), cacao en poudre, émulsifiant : lécithines de soja. Traces éventuelles de gluten, amandes, noisettes, eufs et pistaches.",,
3481291013998,Truffe fantasie aux brisures de macarron framboise,Mathez,"snacks, sweet-snacks, cocoa-and-its-products, confectioneries, chocolate-candies, bonbons, chocolate-truffles",france,,,,e,,,,,
90494222,Fanta mandarine,Fanta,"beverages-and-beverages-preparations, plant-based-foods-and-beverages, beverages, plant-based-beverages, carbonated-drinks, fruit-based-beverages, sodas, fruit-sodas, sweetened-beverages",belgium,,,,e,4.0,,"eau potable purifiée,sucre,dioxyde de carbone,jus d'agrumes à base déconcentrée,jus d'orange naturel,jus de mandarine,régulateur d'acidité : acide citrique,arôme natuel,antioxydant : acide ascorbique, stabilisant : gomme d'acacia (E445),colorant : carotène",,
3395502982075,Confiserie Fantaisie,,,france,,,,unknown,,,,,
3481290035977,Truffes fantaisie,Mathez,"snacks, sweet-snacks, cocoa-and-its-products, confectioneries, chocolate-candies, bonbons, chocolate-truffles",france,,,,e,,,,,
8901764022272,Fanta Orange Flv 750ml,The Coca-cola company,"beverages-and-beverages-preparations, beverages, non-alcoholic-beverages, carbonated-drinks, soft-drinks, sodas, sweetened-beverages, Fanta",india,,,,e,4.0,,"CARBONATED WATER, SUGAR, ACIDITY REGULATOR (330), STABILIZERS (414, 445), PRESERVATIVE (211), COLOUR (110), FLAVOURS (NATURAL & NATURE-IDENTICAL FLAVORING SUBSTANCES).",,
0201001003155,Demi baguette fantaisie,,,france,,,,unknown,,,,,
5410231049320,Chocofantaisie,,,belgium,,,,unknown,,,,,
3481294000247,Truffes fantaisie,Mathez,,france,,,,unknown,,,,,
5449000275424,Fanta Pomarańczowa 0.85,"Fanta,Coca-Cola","plant-based-foods-and-beverages, beverages, plant-based-beverages, carbonated-drinks, fruit-based-beverages, sodas, fruit-sodas, sweetened-beverages",poland,"plastic, pet-polyethylene-terephthalate",,,d,4.0,,"woda, cukier, sok pomarańczowy z soku zagęszczonego (5%); dwutlenek węgla, kwasy: kwas cytrynowy, kwas jabłkowy; regulator kwasowości: glukonian sodu; naturalne aromaty, substancje słodzące: cyklaminiany i sacharyny, przeciwutleniacz: kwas askorbinowy; stabilizator: guma guar; barwnik: karoteny.",,
5000112636086,Fanta Shokata Lemon & Elderflower,Fanta,"plant-based-foods-and-beverages, beverages, plant-based-beverages, carbonated-drinks, fruit-based-beverages, artificially-sweetened-beverages, sodas, fruit-sodas, sweetened-beverages",sweden,"plastic, pet-polyethylene-terephthalate",Coop,"Sverige,Sweden",e,4.0,,"Kolsyrat vatten, socker, citronsaft från koncentrat (3%), surhetsreglerande medel (E330, E296, E576), aromer, konserveringsmedel (E202), stabiliseringsmedel (E414, E445), sötningsmedel (acesulfam K, sukralos), antioxidationsmedel (E300), fläderblomsextrakt.",,
3481290033621,Truffes fantaisie macaron framboise,Mathez,,france,,,,unknown,,,,,
3665676000067,Fanta,,,french-polynesia,,,,unknown,4.0,unknown,"Eau gazéifiée, sucre, arôme, acidifiant (E330), conservateur (E202), édulcorant (E960), colorants (E122, E102, E142).",9.3999996185303,39.0
8021066602023,Fantasia di vongole alla pescatora,Albatros,"seafood, frozen-foods, frozen-seafood, it:vongole-precotte",italy,,,,a,,,,,
5449000278784,Fanta mini,Fanta,,spain,,,,unknown,4.0,,"ml e FANT REFRESCANTE Naranja cares y edulcorantes, 200 My E-445, edulcorantes: E-950, pertany sódico, aromas naturales de naranja y s E-160a, Contiene una fuente de anina, Con aromas naturales,",,
9501101330542,Fanta,Fanta,,maldives,,,,unknown,,unknown,,,
8411106075090,Fanta de limon,fanta,,spain,,,,unknown,,,,,
3701175701934,Truffes fantaisie biologiques caramel,Mathez,"snacks, sweet-snacks, cocoa-and-its-products, confectioneries, chocolate-candies, bonbons, chocolate-truffles",france,,,,e,4.0,,"chocolat noir* 70,5% (pâte de cacao&quot;, sucre*, beurre de cacao&quot;, vanille en poudre*), matière grasse végétale* (coprah*), éclats de caramel au beurre salé&quot; 5% (sucre de canne*, sirop de glucose&quot;, lait concentré sucré* (lait écrémé en poudre, beurre, sucre), beurre 0,5%, sel de Guérande 0,02%), cacao en poudre&quot;. Cacao 52% minimum. *Produits issus de l'agriculture biologique. Traces éventuelles de gluten, amandes, noisettes, oeufs, pistaches et soja.",,
3481291013059,Truffes fantaisie,,"snacks, sweet-snacks, cocoa-and-its-products, confectioneries, chocolate-candies, bonbons, chocolate-truffles",france,,,,e,,,,,
3481291015138,Truffes fantaisie,Mathez,,france,,,,unknown,,,,,
3257984639109,Truffes fantaisie aux écorces d'orange confites,Auteuil,,france,,,,unknown,,,,,
3481290028054,Truffes Fantaisie au sucres pétillant,,"snacks, sweet-snacks, cocoa-and-its-products, confectioneries, chocolate-candies, bonbons, chocolate-truffles",france,,,,e,,,,,
5449000278838,Naranja,Fanta,,spain,,,,unknown,,,,,
3481294000292,Truffes fantaisie,Marchez,"snacks, sweet-snacks, cocoa-and-its-products, confectioneries, chocolate-candies, bonbons, chocolate-truffles",france,,,,e,,,,,
3481294000308,Truffe Fantaisie,,,france,,,,unknown,,,,,
3481291013004,Truffes fantaisies,,,france,,,,unknown,,,,,
3395503082774,Confiseries fantaisies,,"snacks, sweet-snacks, confectioneries",france,,,,e,,,,,
5449000283528,Fanta de limón,fanta,,spain,,,,unknown,,,,,
5449000092014,Fanta shokata,Fanta,"beverages, carbonated-drinks, sodas, sweetened-beverages",spain,,,,unknown,,,"лимонний Склад концентрованого соку 70, Доксид вуглецю, кислоти натрію, глюконат кислотностi: лимонна кислота та яблучна кислота, регуляток консервант: сорбат калію, стабілізатори: гуміарабік аскорбінова кислота, екстракт бузини 0,004 ацесульфам калію та сукралоза, антиоксидант гліцеринові ефіри з деревної смоли, підсолоджувачі партії визначається датою виробництва, вказаною верхньому рядку кодування, краще спожити до дати, упаковці. Зберігати в чистому, сухому, прохолодному Вказаноï у нижньому рядку кодування, що розміщенн Виготовлено з дозволу The Coca-Cola Company. Оператор місці, уникаючи прямого попадання сонячного світла, ринку: IП «Кока-Кола Беверiджиз Украiна Лімітед, 51 км Санкт-Петербурзького шосе, смт Велика Димерка, Броварський р-н, Київська область, 07442, Україна, 3 питаннями Ta пропозиціями 0 800 30 80 08 a60 ccbu@cchellenic.com. звертайтесь ПОЖИВНА ЦІННІСТЬ 100 мл НА: 330 мл (4) Енергетична цінність: 92 ккал (54 | Жири: з них насичені: Вуглеводи: Ог (0%) Or Ог (0%) Or 22 г (9 %) 6,8 г з них цукри: Білки: 6,8 Г 22r (25%) Or (0%) Сiль: 0,04 r 0,13r (2%) ©2019 The Coca-Cola Company. СМАКУЙТЕ ОХОЛОДЖЕНИМ FANTA.ua 120 кДж / 396 кДж / 28 ккал Or Or СИСТЕМА МЕНЕДЖМЕНТУ ЯКОСТІ СЕРТИФІКОВАНА ВІДПОВІДНО ДО ISO 9001 коркард 2012 моиз JOsogol енников енәнәдәфаd вниaday &quot;инневижоиз никитаа хи",,
3481290007202,Truffes fantaisie noisette,,,france,,,,unknown,,,,,
8436031761023,Cola Bottle,Fantasy Toys & Candies,,spain,,,,unknown,,,,,
5449000266569,Fanta sans sucre,Fanta,"beverages-and-beverages-preparations, plant-based-foods-and-beverages, beverages, plant-based-beverages, carbonated-drinks, fruit-based-beverages, artificially-sweetened-beverages, sodas, diet-beverages, fruit-sodas, diet-sodas, light-fruit-sodas",france,,,,b,,,,,
49598704,"Orion Mini Cola Candy,9G X 4PKS By Fantastictea",,,france,,,,unknown,,,,,
57045825,Fanta Exotic,Fanta,"beverages-and-beverages-preparations, plant-based-foods-and-beverages, beverages, plant-based-beverages, carbonated-drinks, fruit-based-beverages, sodas, fruit-sodas, sweetened-beverages",denmark,,,,unknown,,,,,53.0
3290041001334,Truffes fantaisie,Guyaux,"snacks, sweet-snacks, cocoa-and-its-products, confectioneries, chocolate-candies, bonbons, chocolate-truffles",france,,,,e,4.0,,"Graisses végétales (coprah, palmiste), sucre, cacao maigre en poudre, _lactosérum_ (lait) en poudre, poudre de cacao, lécithine de _soja_, arôme naturel de vanille",,
4099200012896,Farfalle Fantasia al Limone,Gourmet,"plant-based-foods-and-beverages, plant-based-foods, cereals-and-potatoes, cereals-and-their-products, pastas, noodles",switzerland,de:kunstatoff,,,a,1.0,,"_Hartweizengrieß_, Wasser, Zitrone 2,1%, natürlicher Zitronenextrakt 1,9%.",,
3481291007454,Truffes fantaisie,,"snacks, sweet-snacks, cocoa-and-its-products, confectioneries, chocolate-candies, bonbons, chocolate-truffles",france,,,,e,,,,,
0654542666783,Belgian fantasy cocoa truffles with marc de Champagn,,cocoa-truffles,france,,,,unknown,,,,,
3481291015008,Truffe fantaisie nature,Mathez,,france,,,,unknown,,,,,
3481290036370,Truffes fantaisie,Mathez,"snacks, sweet-snacks, cocoa-and-its-products, confectioneries, chocolate-candies, bonbons, chocolate-truffles",france,,,,e,,,,,
8446426500984,Fanta zero azúcares,Fanta,,spain,,,,unknown,,,,,
87126952,Fanta Wildberries 50 cl å-pet,,,france,,,,unknown,,,,,
4337185149351,Fanta,K-Classic,"beverages-and-beverages-preparations, plant-based-foods-and-beverages, beverages, plant-based-beverages, carbonated-drinks, fruit-based-beverages, sodas, fruit-sodas, orange-soft-drinks",germany,,Kaufland,,e,4.0,,"Wasser, Zucker, Orangensaft aus Orangensaftkonzentrat (3 %), Kohlensäure, Säuerungsmittel: Citronensäure, konzentrierter Citrusextrakt, natürliches Orangenaroma mit anderen natürlichen Aromen, Antioxidationsmittet Ascorbinsäure; Stabilisator: Guarkernmehl; Farbstoft: Carotin.",,
5000112546521,Fanta fruit twist,Fanta,,united-kingdom,,,,unknown,,,,,
5449000229526,Fanta Pink Pomelo no sugar,Fanta,,united-states,,,,unknown,,unknown,,0.3,3.0
5000112562439,Fanta Orange Zero,"Fanta,The Coca-Cola Company","beverages-and-beverages-preparations, plant-based-foods-and-beverages, beverages, plant-based-beverages, carbonated-drinks, fruit-based-beverages, artificially-sweetened-beverages, sodas, fruit-sodas, orange-soft-drinks, sweetened-beverages, boissons, boissons-et-preparations-de-boissons, boissons-gazeuses, boissons-light, boissons-edulcorees, sodas-light","france, germany",,,,c,4.0,,"Wasser, Orangensaft aus Orangensaftkonzentrat, Kohlensäure, Säuerungsmittel Citronensäure, Citrusextrakt, Süßungsmittel (Natriumcyclamat, Acesulfam K, Sucralose), natürliches Orangenaroma mit anderen natürlichen Aromen, Antioxidationsmittel Ascorbinsäure, Stabilisatoren E 414, E 412 und E 445, Farbstoff Carotin",,
0049000041439,Fanta Zero Sugar Orange,Fanta,,united-states,,,,unknown,4.0,,"carbonated water, citric acid, potassium citrate, aspartame, natural flavors, modified food starch, potassium benzoate, acesulfame potassium, glycerol ester of rosin, yellow 6, medium chain triglycerides, sucrose acetate isobutyrate, red 40",,
0260036003943,Baguette Fantaisie,,,france,,,,unknown,,,,,
8901725136215,Dark Fantasy,Sunfeast,"snacks, sweet-snacks, biscuits-and-cakes, biscuits-and-crackers, biscuits",india,,,,e,,,,,
8712857974329,Fanta Mango,Fanta,,france,,,,unknown,,,,,
8056746900298,Fantasie in Tavola,,,france,,,,unknown,,,,,
6415600548823,Fanta Vadelma & Passionhedelmä,Fanta,"beverages, carbonated-drinks, sodas",finland,,,,unknown,,not-applicable,,6.7,28.0
90377891,Fanta strawberry 350 ml,Fanta,,qatar,,,,unknown,,,,,
7501055300167,,fanta,refrescos,spain,,,,unknown,,,,,
5000112642926,Fanta Lemon Elderflower no sugar,Fanta,,belgium,,,,unknown,,,,,
0049000050264,Fanta ananas,Fanta,,united-states,,,,unknown,4.0,,"carbonated water, high fructose corn syrup, citric acid, natural flavors, modified food starch, potassium sorbate, sodium benzoate, sodium citrate, medium chain triglycerides, salt, sucrose acetate isobutyrate, yellow 5, yellow 6",,
9310155010139,Honey Baked Ham,Fantastic,,australia,,,,unknown,,unknown,,4.4,413.0
0049000067736,Fanta soda,,,france,,,,unknown,,,,,
5000112544596,Orange,Fanta,"plant-based-foods-and-beverages, beverages, plant-based-beverages, carbonated-drinks, fruit-based-beverages, sodas",netherlands,"plastic, pet-polyethylene-terephthalate, transparent-pet",,,d,,not-applicable,,7.9,33.0
3472710054449,Truffes fantaisie crumble framboise,Truffettes De France,,france,,,,unknown,,,,,
06744900,Fanta,Fanta,"beverages-and-beverages-preparations, plant-based-foods-and-beverages, beverages, plant-based-beverages, carbonated-drinks, fruit-based-beverages, sodas, fruit-sodas, orange-soft-drinks, sweetened-beverages",canada,,,,e,4.0,,"carbon ed water, sugar/glucose-fructose, concentrated orange mice, citric acid, beta-carotene, sodium phosphate, modified cornstarch, potassium sorbate, natural flavour, malic acid, ascorbic acid, guar gum. ingrédients : eau gazéifiée, sucre/glucose-fructose, jus d'orange concentré, acide citrique, bêta-carotène, phosphate de sodium, amidon de maïs modifié, sorbate de potassium, essence naturelle, acide malique, acide ascorbique, gomme de guar. t®/md the coca-cola company",,
75609573,Fanta ball,Fanta,"beverages, carbonated-drinks, sodas",france,,,,d,,,,,
5449000287038,Fanta orange,Coca-Cola Company,"beverages-and-beverages-preparations, plant-based-foods-and-beverages, beverages, plant-based-beverages, carbonated-drinks, fruit-based-beverages, artificially-sweetened-beverages, sodas, fruit-sodas, orange-soft-drinks, sweetened-beverages","belgium, france, switzerland",,,,e,4.0,,"Eau, sucre, jus d'orange fait de concentré (4,5%), dioxyde de carbone, correcteur d'acidité (E330), arôme naturel d'orange avec d'autres arômes naturels, édulcorant (acésulfame K, aspartame), stabilisant (E414, E445, E412), antioxydant (E300), concentré de fruits et légumes (carotte, cassis), colorant (E160a).
Contient une source de phénylalanine.",,
8935049500605,Fanta,,,france,,,,unknown,,,,,
7894900053630,Fanta uva,Coca-Cola,"beverages-and-beverages-preparations, beverages, carbonated-drinks, sodas",brazil,,,,unknown,,,,,
5449000265180,Fanta grape,Fanta,"plant-based-foods-and-beverages, beverages, plant-based-beverages, fruit-based-beverages",france,,,,b,,,,,
3481290034208,Truffes fantaisie macaron nature,,"snacks, sweet-snacks, cocoa-and-its-products, confectioneries, chocolate-candies, bonbons, chocolate-truffles",france,,,,e,,,,,
3245678046692,NOIR TRUFFE FANTAISIE et ECLATS DE FEVES,"Auchan, Auchan Gourmet","snacks, sweet-snacks, cocoa-and-its-products, confectioneries, chocolate-candies, chocolates, dark-chocolates","france, world",,,,e,4.0,,"Sucre, pâte de cacao*, graisses végétales (palme, palmiste), cacao maigre en poudre, beurre de cacao, éclats de fèves de cacao torréfiés et caramélisés (2,4%) (fèves de cacao, sucre), pâte de NOISETTES, matière grasse de LAIT anhydre, lactosérum en poudre (LAIT), émulsifiant: lécithines, arôme naturel de vanille. Peut contenir des traces d'autres fruits à coque, de céréales contenant du gluten et d'oeufs. Cacao: 49% minimum dans le chocolat noir seul. *Fèves de cacao issues du programme Transparence Cacao.",,
7350049151496,Chocolate fantasy,Goodlife,,france,,,,unknown,,,,,
3389681000385,Guimauve fantaisie,La Confiserie Bressaude,,france,,,,unknown,,,,,
5449000062536,Fanta Strawberry 1.5LTR -,,,france,,,,unknown,,,,,
8002955006375,Olive fantasia,Attinà & Forti,,france,,,,unknown,,,,,
4056489134237,Fantasia Wafels,Bel Appetit,"snacks, sweet-snacks, biscuits-and-cakes, pastries, waffles, cocoa-glaze-coated-waffles",belgium,plastic,,,e,4.0,,"Farine de blé, oeufs&quot;, huile de navette, sucre, 12% fantasie D au cacao (oucre, graisses végétales (noix de coco, palmiste, palme, tournesol, karité, colza), 2,9% cacao maigre en poudre, P lactosérum en poudre (lait, lait en poudre écrémé, stabílisant: tristéarate de sorbitane: émulsifiant: lécithines (soja: arome naturel), oligofructose, sirop de sucre inverti, 2,9% cacao en poudre, huiles végétales (palme, colza), humectant: glycérol; sel, émulsifiant: lécithines (tournesol); poudre à lever: diphosphates, carbonates de sodium, carbonates d'ammonium, amidon de blé, aróme naturel. *issu de poules élevées au sol. Peut contenir des traces de fruits à coque.",,
5449000090997,Fanta 1L,Fante,"beverages, carbonated-drinks, sodas","france, poland",plastic,,,d,,,,,
3257980246660,Truffes fantaisie,Auteuil,,france,,,,unknown,,,,,
5449000021670,Fanta zero zahăr portocale,"Fanta, Coca-Cola, Coca-Cola Company","plant-based-foods-and-beverages, beverages, plant-based-beverages, carbonated-drinks, fruit-based-beverages, artificially-sweetened-beverages, sodas, sweetened-beverages",romania,"plastic, pet-polyethylene-terephthalate",,Romania,c,4.0,not-applicable,"Apă, suc de portocale din concentrat 3%, dioxid de carbon, acidifianți: acid citric și acid malic, îndulcitori: ciclamați, acesulfam-K, glicozide derivate din steviol și E959, arome naturale de portocale cu alte arome naturale, conservant: sorbat de potasiu, antioxidant: acid ascorbic, stabilizator: gumă de guar, colorant: caroteni,",0.3,2.0
5449000270320,"Fanta zero zahăr cu zmeură, lămâie verde și baobab","Fanta, Coca-Cola, Coca-Cola Company","beverages, carbonated-drinks, artificially-sweetened-beverages, sodas, sweetened-beverages",romania,"plastic, pet-polyethylene-terephthalate",,Romania,c,4.0,not-applicable,"Apă, dioxid de carbon, suc de fructe din concentrat: suc de portocale (2,9%), suc de lămâie verde (0,1%), suc de zmeură (0,1%), acidifiant acid citric, arome naturale, concentrat vegetal (cartof dulce, morcov), îndulcitori: ciclamat de sodiu, acesulfam-K, sucraloză și glicozide derivate din setviol, conservant sorbat de potasiu, corecyor de aciditate citrați de sodiu, extract din fructe de baobab (0,01%), stabilizatori gumă arabică, gumă de guar și esteri glicerici ai rășinilor din lemn.",0.4,3.0
8005121050851,85 Farfalle al Pomodoro e Spinaci,"Divella, Fantasie Ghiotte","plant-based-foods-and-beverages, plant-based-foods, cereals-and-potatoes, cereals-and-their-products, pastas, cereal-pastas, dry-pastas, durum-wheat-pasta, farfalles, italian-pasta, farfalle-de-trigo-duro","albania, argentina, australia, bolivia, chile, costa-rica, france, mexico, montenegro, new-zealand, norway, serbia, singapore, south-africa, switzerland",,denner,,a,1.0,,"Semola di grano duro, pomodoro disidratato 4%, spinaci disidratati 3%.",,
7441003522480,Refresco Gaseoso Fanta Kolita 600ML,,,france,,,,unknown,,,,,
42380641,,Fanta,,france,,,,unknown,,,,,
3700766400034,Truffes fantaisie,Esprit Gourmet,,france,,,,unknown,,,,,
3278730003500,Fanta Pastèque,Fanta,,reunion,,,,unknown,,unknown,,8.0,33.0
5740700985300,Fanta Citron,Fanta,"beverages, carbonated-drinks, sodas, sweetened-beverages",belgium,,,,d,,,,,
06867829,Fanta,"Coca-Cola, Fanta","beverages-and-beverages-preparations, beverages, carbonated-drinks, sodas","france, germany",,,,unknown,,,,,
7790957000033,Alfajorcitos Jorgito rellenos con dulce de leche y cubiertos con baño fantasía blanco,Alfajores Jorgito,"snacks, sweet-snacks, confectioneries, festive-foods, christmas-foods-and-drinks, christmas-sweets, alfajores",argentina,,,,e,,,,,
7501055303779,Fanta,Fanta,,spain,,,,unknown,,,Naranja,,
7790895007255,Fanta naranja,Fanta,,spain,,,,unknown,,,,,
3481291015503,Truffes fantaisie,Mathez,,france,,,,unknown,,,,,
5906425171200,tortilla,Fantastic,"plant-based-foods-and-beverages, plant-based-foods, cereals-and-potatoes, breads, flatbreads",poland,,,Polska,unknown,,,,,
5906425172313,Wraps Tortilla z ziarnami,Fantastic,"plant-based-foods-and-beverages, plant-based-foods, cereals-and-potatoes, breads, flatbreads",poland,,,Polska,d,,,,,
7801610002285,fanta,Fanta,,spain,,,,unknown,4.0,,"Agua carbonatada, azúcar, ácido cítrico, saborizantes natural y artifical , SUCRALOSA, almidón modificado, benzoato de sodio. ACESULFAMO DE POTASIO, gluconato de sodio, S.A.I.B, AMARILLO CREPUSCULO, rojo allura AC, DSS y BHA.",,
8001420007572,Chicchi e fantasia fantasie di cereali con riso,Gallo,"plant-based-foods-and-beverages, plant-based-foods, cereals-and-potatoes, seeds, cereals-and-their-products, cereal-grains",italy,paper,,Italia,b,1.0,,"Riso integrale parboiled 65%, avena precotta 20%, grano perlato precotto 15% 0",,
5449000286932,Fanta lemon,"coca cola,fanta","beverages-and-beverages-preparations, plant-based-foods-and-beverages, beverages, plant-based-beverages, carbonated-drinks, fruit-based-beverages, sodas, fruit-sodas, sweetened-beverages","belgium, france, germany",,,,unknown,,,,,
4260231223180,Fanta de ananas,Fanta,,spain,,,,unknown,,,,,
9310155561624,Fresh Noodels Hokkien,Fantastic,chinese-hokkien-noodles,"australia, germany",plastic-bag,"Woolworths, Coles",,b,4.0,,"Wheat flour, water, wheat gluten, salt colours(carotene, annatto, turmeric) vegetable oil (canola)",,
2608101011680,Crocodile - Confiserie gélifiée fantaisie,,"snacks, sweet-snacks, confectioneries, candies, gummi-candies, gummy-crocodiles",france,,,,unknown,,,,,
4099200240206,Fantastico,Finest Bakery,,switzerland,,,,unknown,,,,,
5000112576894,Fanta zero sugar,"Fanta, The Coca-Cola Company","beverages-and-beverages-preparations, plant-based-foods-and-beverages, beverages, plant-based-beverages, carbonated-drinks, fruit-based-beverages, artificially-sweetened-beverages, sodas, fruit-sodas, orange-soft-drinks, sweetened-beverages","germany, ireland",,,,c,4.0,,"Wasser, Orangensaft aus Orangensaftkonzentrat (4%), Kohlensäure, Säuerungsmittel (Citronensäure, Apfelsäure), Säureregulator Natriumgluconat, Süßungsmittel (Natriumcyclamat, Acesulfam K, Sucralose), natürliches Orangenaroma mit anderen * natürlichen Aromen, Antioxidationsmittel Ascorbinsäure, Stabilisatoren (E412, E414 und E445). ** Farbstoff Carotin.",,
3481290013456,Truffles Fantaisie Orange confite,Mathez,,france,,,,unknown,,,,,
5449000283634,Fanta pink grapefruit,Fanta,"beverages, carbonated-drinks, sodas",switzerland,,,,b,,,,,
7290006681249,Glace Fantasia Moca - Vanille,null,"plant-based-foods-and-beverages, dairy-substitutes, desserts, frozen-foods, vegan-products, frozen-desserts, non-dairy-desserts, ice-creams-and-sorbets, plant-based-ice-creams",france,,,,unknown,4.0,,"Water, Sugar, vegetable oils (palm kernel oil, palm oil, coconut oil), Glucose Syrup, Dextrose, Inulin, Maltodextrin, cocoa, Soy Protein, Mono and di glycerides, Guar Gum, Locust Bean Gum, Carrageenan, Artificial flavors, colored with caramel & Beta Carotene, salt, Instant coffee, soy lecithin. ! Allergen Info: Contains: Soy, Tree Nuts (Coconut). May contain: Peanuts, Tree Nuts (Almonds, Walnut, Pecan nuts, Hazelnut). Net 33.8 fl oz (1 qt 1.8 fl oz)/1 liter Produced by Strauss Ice cream Ltd, 1 Ha-Haroshet st., Acco, Israel. Kosher Parve (Mehadrin) under the supervision of Acco Rabbinate. Keep frozen. best if used by: is printed on the pack side (DD/MM/YY) Distributed in USA by: Dairy Delight LLC, Rutherford N.J. 07070. Product of Israel. 7 2900",,
0089087157630,"Tropical fantasy, juice cocktail, mango",,"plant-based-foods-and-beverages, beverages, plant-based-beverages",united-states,,,,c,4.0,unknown,"Trippe filtered water, high fructose, corn syrup, pear, juice from concentrate, citric acid, natural flavor, xanthum gum, sucralose, gum acaia sodium citrate, fd&c yellow #5, ascorbic acid, (vitamin c), glycerol, ester of wood rosin, acesulfame, potassium, fd&c yellow #6, mango puree.",1.69,8.0
0024107242101,"Fantasy cookie company, assorted holiday cookies",,"snacks, sweet-snacks, biscuits-and-cakes, biscuits",united-states,,,,e,4.0,d,"Bleached enriched flour (wheat flour, niacin, reduced iron, thiamine, riboflavin, folic acid), non-hydrogenated palm oil, powdered sugar, whole eggs, invert sugar, granulated sugar, butter (cream [milk], salt), natural and artificial flavors with color, whey (milk), salt, baking powder, baking soda. chocolate coating: sugar, palm kernel and palm oil, cocoa processed with alkali, buttermilk, soy lecithin as emulsifier, natural vanilla flavor with other natural flavors. white chocolate coating: sugar, cocoa butter, whole milk powder, skim milk powder, butter oil, soy lecithin as emulsifier, vanilla extract. sprinkles: sugar, corn starch, partially hydrogenated cottonseed and/or soybean oil, soy lecithin, fd&c red #40 lake, dextrin, fd&c yellow #5 lake, fd&c blue #1 lake, fd&c yellow #6 lake, confectioner's glaze, natural and artificial flavor, carnauba wax. sanding sugar: sugar, confectioner's glaze, fd&c red #3, fd&c yellow #6, fd&c red # 40, fd&c blue #2, fd&c yellow #5 lake, fd&c blue # 1 lake, carnauba wax.",17.86,500.0
0089087157197,"Tropical fantasy, cocktails, blue raspberry",,beverages,united-states,,,,e,4.0,unknown,"Water, fish fructose corn syrup, natural and artificial flavors, citric acid, gum acacia, artificial colors (fd&c red #40, and blue #1), sucralose",9.68,38.0
0089087157487,"Tropical fantasy, premium lemonade drink, pomegranate blueberry",,beverages,united-states,,,,d,4.0,unknown,"Water, cane sugar, citric acid, natural flavors, pear juice (from concentrate), sodium citrate, acacia gum, acesulfame potassium, sucrose acetate isobutyrate, sucralose, glycerol ester of wood rosin, ascorbic acid, fd&c red, #40 and fd&c blue #1.",3.75,17.0
0611247312179,"Fanta, beverage mix, orange, orange",,"beverages, dried-products, dried-products-to-be-rehydrated, dehydrated-beverages",united-states,,,,unknown,4.0,unknown,"High fructose corn syrup, water, carbon dioxide (for carbonation), citric acid, potassium benzoate (to protect taste), natural flavors, modified food starch, glycerol ester of rosin, yellow 6, sucrose acetate isobutyrate, red 40.",55.88,212.0
0073825124824,"Fantastic world foods, black beans mix",,"plant-based-foods-and-beverages, plant-based-foods, fruits-and-vegetables-based-foods, vegetables-based-foods, vegetables, mixed-vegetables",united-states,,,,b,3.0,unknown,"Black bean flakes, dehydrated onion, spices, non-gmo expeller pressed canola oil*, salt, dehydrated garlic.",2.86,371.0
5449000203243,"Fanta, soda, raspberry & passionfruit",,"beverages, carbonated-drinks, sodas",united-states,,,,unknown,4.0,not-applicable,"Carbonated water, sugar, fruit juices from concentrate 3% (orange 2.8%, raspberry 0.1%, passionfruit 0.1%), citric acid, malic acid, acidity regulator (sodium gluconate), preservative (potassium sorbate), fruit and vegetable concentrates (blackcurrant, carrot), stabilisers (acacia gum, glycerol esters of wood rosin), sweetener (steviol glycosides), antioxidant (ascorbic acid), natural flavourings.",6.7,28.0
0073825121458,"Fantastic world foods, organic whole wheat couscous",,"plant-based-foods-and-beverages, plant-based-foods, cereals-and-potatoes, cereals-and-their-products, pastas",united-states,,,,a,1.0,unknown,"(vegan): organic whole wheat couscous (organic whole wheat, durum semolina)",2.38,357.0
5425021935066,Arabica truffes cappuccino fantaisie,,"snacks, sweet-snacks, cocoa-and-its-products, confectioneries, chocolate-candies",united-states,,,,e,4.0,unknown,"Vegetable oil, sugar, defatted cocoa powder (15%), whey solids (milk), emulsifier: soya lecithin, flavouring.",42.5,625.0
0028400052993,Fantastix chili cheese,,snacks,united-states,,,,d,4.0,unknown,"Whole Corn Meal, Enriched Corn Meal (Corn Meal, Ferrous Sulfate, Niacin, Thiamin Mononitrate, Riboflavin, Folic Acid), Vegetable Oil (Corn, Canola, and/or Sunflower Oil), Dried Potatoes and Less than 2% of the Following: Maltodextrin (Made from Corn), Salt, Whey, Spices, Monosodium Glutamate, Natural and Artificial Flavors, Onion Powder, Cheddar Cheese (Milk, Cheese Cultures, Salt, Enzymes), Garlic Powder, Dextrose, Cream Powder, Torula Yeast, Swiss Cheese (Milk, Cheese Cultures, Salt, Enzymes), Colby Cheese (Milk, Cheese Cultures, Salt, Enzymes), Butter (Cream, Salt), Sodium Diacetate, Sour Cream (Cultured Cream, Skim Milk), Yeast Extract, Artificial Color (Yellow 5, Yellow 6), Jalapeno Pepper, Disodium Inosinate, Disodium Guanylate, and Beta-Carotene. CONTAINS MILK INGREDIENTS",3.5335689045936,459.36395759717
0041269208066,Hollow milk chocolate football fantasy,,"snacks, sweet-snacks, cocoa-and-its-products, confectioneries, chocolate-candies",united-states,,,,e,4.0,unknown,"Milk chocolate (sugar, cocoa butter, whole milk, chocolate, soy lecithin and pgpr (emulsifiers), and vanilla, decorating coatings (sugar, cocoa butter, whole milk powder, soy lecithin (emulsifier), natural vanilla.",64.29,500.0
0878631755015,Conibon fantasia marshmallow and wafer with multicolor candy covered pieces,,"snacks, sweet-snacks, confectioneries",united-states,,,,e,4.0,unknown,"wheat flour, sodium bicarbonate, artificial colors (fd&",53.85,333.0
0041269209131,Mini football fantasy hallow double crisp chocolaty'n smooth crisp'n crunchy candy,,"snacks, sweet-snacks, cocoa-and-its-products, confectioneries, chocolate-candies",united-states,,,,e,4.0,unknown,"Sugar, hydrogenated vegetable oil (palm kernel and/or palm), whey, crisp rice (rice, sugar, salt, barley malt), cocoa (processed with alkali), lactose, skim milk, soy lecithin (emulsifier), vanillin (artificial flavor).",58.06,516.0
0038000232275,Fantastic fruit with glittery sparkles cereal,,"plant-based-foods-and-beverages, plant-based-foods, cereals-and-potatoes, cereals-and-their-products",united-states,,,,e,4.0,unknown,"Sugar, corn flour blend (whole grain yellow corn flour, degerminated yellow corn flour), wheat flour, whole grain oat flour, contains 2% or less of oat fiber, salt, soluble corn fiber, acacia gum, natural flavor, fruit juice concentrate, modified cellulose, red 40, color added, yellow 5, yellow 6, blue 1, red 3, bht for freshness. vitamins and minerals: reduced iron, niacinamide, vitamin b6 (pyridoxine hydrochloride), vitamin b2 (riboflavin), vitamin b1 (thiamin hydrochloride), folic acid, vitamin d3, vitamin b12.",38.46,385.0
5449000286864,What The Fanta ?,Fanta,"beverages, carbonated-drinks, sodas",france,,,,unknown,,,,,
5000112562255,Fanta fruit twist,,,united-kingdom,,,,unknown,,,,,
5449000286901,Fanta What The Fanta,"Coca-Cola Company, Fanta","beverages, carbonated-drinks, sodas, sweetened-beverages",france,"bouchon-en-plastique, bouteille-en-plastique",,,b,,,,,
5449000121004,Fanta lemon,Fanta,,belgium,,,,unknown,,,,,
5000112640489,Fanta Zero Raspberry,"Coca Cola Company, Fanta","beverages, carbonated-drinks, sodas",sweden,plastic,,,b,,,,,
5000112644869,Fanta Orange 500ml,Fanta,"beverages-and-beverages-preparations, plant-based-foods-and-beverages, beverages, plant-based-beverages, carbonated-drinks, fruit-based-beverages, sodas, fruit-sodas, orange-soft-drinks",united-kingdom,,,,c,,,,,
4316268494564,Fruchtsorbet Stieleis,Ice Fantasy,"desserts, frozen-foods, frozen-desserts, ice-creams-and-sorbets, ice-creams, ice-cream-bars, sorbets",germany,paper,Netto,,c,4.0,,"Wasser, 30% Erdbeeren, Zucker, Glukosesirup, färben - des Lebensmittel: Schwarzkarottensaftkonzentrat, Karottenkonzentrat; Emulgator: Mono - und Diglyceride von Speisefettsäuren; Stabilisator: Johannisbrotkernmehl, Guarkernmehl; Säuerungsmittel: Citronensäure.",,
3290047011825,Truffes fantaisie éclats caramel au sel de Guérande,,,france,,,,unknown,,,,,
8006280130149,Fantasia di legumi,Select,,sweden,,,,unknown,,,Lenticchie verdi (20%) coltivate in Canada Lenticchie rosse (20%) coltivate in Canada Lenticchie gialie decorticate (15%) coltivate in Canada Lenticchie rosse decorticate (1596) coltivate in Canzda Piselli verdi ce orticati (10%) coltivati in USA Fagioli Adzuki verdi (10967 coltivati in Australia Modalità Conse fres Fagioli occhio nero (10%0) coltivati in Perù,,
2608105021197,Guimauve fantaisie enrobée de chocolat noir,,,france,,,,unknown,,,,,
5449000027153,Fanta Sandía,Fanta,"plant-based-foods-and-beverages, beverages, plant-based-beverages, carbonated-drinks, fruit-based-beverages, sodas, fruit-sodas, sweetened-beverages",spain,"can, aluminio",,España,c,4.0,,"Agua carbonatada, 4% zumo a partir de concentrado (3% sandia y 1% limón), acidulantes: ácido citrico, citratos de sodio y ácido málico, extractos vegetales (boniato, cártamo, zanahoria y cereza), aromas naturales de sandía y pepino, edulcorantes: E-950, aspartamo y sucralosa, conservador E-202 y estabilizantes: E-414 y E-445,",,
5000112522624,Fanta what the fanta zero sugar,Fanta,"beverages-and-beverages-preparations, plant-based-foods-and-beverages, beverages, plant-based-beverages, carbonated-drinks, fruit-based-beverages, artificially-sweetened-beverages, sodas, fruit-sodas, carbonated-fruit-soft-drink, apple-soft-drinks, carbonated-fruit-soft-drink-with-less-than-10-of-fruit-juice, carbonated-fruit-soft-drink-with-less-than-10-of-fruit-juice-without-sugar-and-with-artificial-sweeteners, sweetened-beverages",sweden,"metal, recyclable-metals, aluminium",,,unknown,4.0,,"Kolsyrat vatten, 3.3% äppeljuice från koncentrat, surhetsreglerande medel (citronsyra, natriumcitrat). safflor - och citronkoncentrat, sötningsmedel (natriumcitrat, acesulfame-K, sukralos), konserveringsmedel (kaliumsorbat), naturliga aromer, färgämne (E133).",,
5449000172242,Fanta груша,Fanta,"beverages, carbonated-drinks, sodas, lemonade, sweetened-beverages",russia,plastic-bottle,,Russia,unknown,4.0,not-applicable,"очищенная вода, сахар, грушевый сок 3 %, рeгулятор КИСПОТНОСТИ лимонная кислота, стабилизаторы (гуммиарабик, эфиры глицерина и смоляных кислот). скороиновая кислота, консервант сорбат калия, ароматизаторы. красители (сахарный колер V, лютеин). Допускается выпадение осадка натуральных компонентов.",9.1,37.0
3278730003470,Fanta pasteque,Fanta,,reunion,,,,unknown,,,,,
5449000285706,Fanta Frambuesa,Fanta,"beverages-and-beverages-preparations, beverages, carbonated-drinks, sodas, sweetened-beverages",spain,can,,España,c,4.0,,"Agua carbonatada, 3,1% zumo a partir de concentrado (3% limón y 0,1% frambuesa), extractos vegetales (boniato y zanahoria), edulcorantes: ciclamato sódico, acesulfamo K y sucralosa, aromas naturales, acidulantes: ácido málico y ácido cítrico, corrector de acidez: citratos de sodio y conservador sorbato potásico.",,
8008703158167,Fantasia di semi,Pedon,"plant-based-foods-and-beverages, plant-based-foods, seeds",italy,,,,a,1.0,,"semi di girasole, semi di zucca, semi di lino.",,
24085670,Farfalle fantasia 3 colori,D'antelli,,spain,,,,unknown,,,,,
5449000027177,Fanta maracuyá edición limitada,Fanta,beverages,spain,can,,España,c,4.0,,"Agua carbonatada, 9% zumo de maracuyá a partir de concentrado, estabilizante E-466, edulcorantes: E-950, aspartamo y sucralosa, conservador E-202, antioxidante ácido ascórbico, acidulante ácido cítrico, aromas naturales de maracuyá y otros aromas naturales y colorante E-160a.",,
3472710052827,Meringues fantaisie,,,france,,,,unknown,,,,,
2510089002249,Truffes fantaisies,,,france,,,,unknown,,,,,
5018357012459,Fantastically fruity muesli,Dorset cereals,"plant-based-foods-and-beverages, plant-based-foods, breakfasts, cereals-and-potatoes, cereals-and-their-products, breakfast-cereals, cereals-with-fruits, mueslis, mueslis-with-fruits",united-kingdom,,,,c,3.0,,"Wholegrain oat flakes (44%), fruit (35%) [chopped dates, dried diced apricots (7%) (apricots, preservative (sulphur dioxide)), dried diced plum (6%), toasted coconut chips, freeze dried raspberry pieces, freeze dried sliced cherries], nuts & seeds (20%) [sunflower seeds, pumpkin seeds, chopped pecan nuts (3.5%), whole almonds].",,
8710401087006,Chocolat blanc avec fantaisie au cacao,,"snacks, sweet-snacks, cocoa-and-its-products, chocolates, white-chocolates",belgium,,,,e,,,,,
4316268434058,Mini King Fruit,Ice Fantasy,,germany,,,,unknown,4.0,,"Bourbon-Vanilleeis umhüllt von 45% Waldfruchtsorbet Zutaten: 55% Bourbon-Vanilleeis (entrahmte Milch, Molkenerzeugnis, Glukosesirup, Kokosfett, Zucker, Emulgator: Mono - und Diglyceride von Speisefettsäuren; Stabilisator: Johannisbrotkernmehl, Guarkernmehl; Bourbon-Vanilleextrakt, färbendes Lebensmittel: Karottenkonzentrat), 45% Waldfruchtsorbet (Wasser, Zucker, 15% Erdbeermark', 10% schwarzer Johannisbeersaft aus schwarzem Johannisbeersaftkonzentrat2,9% Himbeermark³, 8% Brombeermark, 8% Heidelbeermarks, getrockneter Glukosesirup, Glukose-Fruktose-Sirup, Stabilisator: Johan - nisbrotkernmehl, Guarkernmehl; färbendes Lebensmittel: Holunderbeerkonzentrat; Säuerungsmittel: Citronensäure; natürliches Aroma). entspricht 7% Erdbeermark bezogen auf das Gesamtprodukt. Pentspricht 4,5% schwarzem Johannisbeersaft aus schwarzem Johannisbeersaftkonzentrat bezogen auf das Gesamtprodukt. Bentspricht 4% Himbeermark bezogen auf das Gesamtprodukt entspricht 3,6% Brombeermark bezogen auf das Gesamtprodukt. Sentspricht 3,6% Heidelbeermark bezogen auf das Gesamtprodukt. Das Produkt kann Spuren von Gluten, Hühnerei, Erdnüssen, Soja und Schalenfrüchten enthalten Bourbon-Vanilleeis umhüllt von 45% Exoticfruchtsorbet Zutaten: 55% Bourbon-Vanilleeis (entrahmte Milch, Molkenerzeugnis, Glukosesirup, Kokosfett, Zucker, Emulgator: Mono - und Diglyceride von Speisefettsäuren; Stabilisator: Johannisbrotkernmehl, Guarkernmehl; Bourbon-Vanilleextrakt, färbendes Lebensmittel: Karottenkonzentrat), 45% Exoticfruchtsorbet (Wasser, 18% Pfirsichmark', Zucker, 14% Maracujasaft aus Maracujasaftkonzentrat², 10% Mangomark³, 9% Ananassaft aus Ananassaftkonzentrat, getrockneter Glukosesirup, Stabilisator: Johannisbrotkernmehl, Guarkernmehl; färbendes Lebensmit - tel: Kurkumaextrakt, Karottensaftkonzentrat, schwarzes Karottensaftkonzentrat; Säuerungsmittel: Citronensäure; natürliches Aroma). Bei-18°C mindestens haltbar bis: MHD: 28.02.2026 L10 B02 WWW 671 10-38 WMMOL ¹entspricht 8,1% Pfirsichmark bezogen auf das Gesamtprodukt. 2entspricht 6,3% Maracujasaft aus Maracujasaftkonzentrat bezogen auf das Gesamtprodukt. Bentspricht 4,5% Mangomark bezogen auf das Gesamtprodukt. entspricht 4,1% Ananassaft aus Ananassaftkonzentrat bezogen auf das Gesamtprodukt. Das Produkt kann Spuren von Gluten, Hühnerei, Erdnüssen, Soja und Schalenfrüchten enthalten",,
272202005290012040325,Fanta naranja,Fanta,,spain,,,,unknown,,,,,
9310155510103,Rice Crackers Barbeque Flavour,Fantastic,"snacks, salty-snacks, appetizers, biscuits-and-crackers, crackers-appetizers, rice-crackers","australia, new-zealand, qatar",,,,c,4.0,,"Rice flour (91%), vegetable oil (antioxidant (307b)), sugar, salt, tomato powder, gluten free soy sauce powder (hydrolysed wheat), flavour, flavour enhancers (627, 631), colour (paprika oleoresin).",,
0028400075060,Fantastix flamin hot flavored potato and corn snacks,Cheetos,,united-states,,,,unknown,4.0,,"whole corn meal, enriched corn meal (corn meal, ferrous sulfate, niacin, thiamin mononitrate, riboflavin, folic acid) vegetable oil (corn, canola, and/or sunflower oil), dried potatoes, and less than 2% of the following: cheddar cheese (milk, cheese cultures, salt, enzymes), salt, whey, buttermilk, monosodium glutamate, tomato powder, romano cheese (part-skim cow's milk, cheese cultures, salt, enzymes), whey protein concentrate, onion powder, artificial color (red 40 lake, yellow 6 lake, yellow 6), natural flavor, garlic powder, lactic acid, sugar, citric acid, disodium inosinate, disodium guanylate, and beta-carotene, contains milk ingredients,",3.5714285714286,464.28571428571
5449000286147,FANTA Lemon No Sugar,Fanta,,belgium,,,,unknown,,,,,
8100100189499,Pirulo fantasmikos,,,spain,,,,unknown,,,,,
8005121050400,40 Fusilli al Pomodoro e Spinaci,"Divella, Fantasie Ghiotte","plant-based-foods-and-beverages, plant-based-foods, cereals-and-potatoes, cereals-and-their-products, pastas, cereal-pastas, dry-pastas, durum-wheat-pasta, af:fusilli, flavored-and-colored-dry-pastas, italian-pasta, fusilli-de-trigo-duro","bolivia, france, italy",,,,a,1.0,,"Semola di grano duro, pomodori disidratati 41%, spinaci disidratati 3%, acqua.",,
9300675013444,Fanta,Coca-Cola,"beverages, carbonated-drinks, sodas",australia,plastic-bottle,,,unknown,,not-applicable,,4.5,19.0
9788467544237,"Todos mis Monstruos, Fantasmas en el Colegio",SM,non-food-products,spain,,,,not-applicable,,,,,
9310155010504,fantastic rice squares,Fantastic,,australia,,,,unknown,4.0,,"rice (82%), flavour (maltodextrin, hydrolysed vegetable protein, sugar, salt, soy bean oil), modified tapioca starch (1442), vegetable oil (antioxidant 307b), sugar, salt, ation serving size: 25g average quantity per 100g produce 1690kj fantasti 4 boden 6,6g 3,0g 1,4g 86,4g 3,4g 0,4g not detected 756mg contains soy, south au may contain traces of milk, egg and sesame, suitable for vegetarians and vegans, www,fantas fantastic 9 southpa no added msg, auckland no artificial colours or flavours,",3.6,404.0
5449000286888,Fanta,Fanta,,france,,,,unknown,,,,,
2608104010505,Guimauve fantaisie ebrobée de chocolat au lait,,,france,,,,unknown,,,,,
0212239028407,SALADE FANTAISIE DES CARAÏBES,,,france,,,,unknown,,,,,
4388860580730,fanta,Penny,"beverages-and-beverages-preparations, plant-based-foods-and-beverages, beverages, plant-based-beverages, carbonated-drinks, fruit-based-beverages, sodas, fruit-sodas, orange-soft-drinks",germany,plastic,,,d,4.0,,"Natürliches Mineralwasser, Zucker, Kohlensäure, Orangensaftkonzentrat, Säuerungsmittel Citronensäure, Orangenextrakt, natürliches Orangenaroma, natürlichen Aromen, Antioxidationsmittel Ascorbinsäure, Stabilisator Guarkernmehl, Farbstoff Carotin",,
2608104007413,Guimauve fantaisie,,,france,,,,unknown,,,,,
2608104025325,Guimauve fantaisie enrobée de chocolat au lait,,,france,,,,unknown,,,,,
5449000270184,Fanta Мангуава,Fanta,,belarus,,,Belarus,unknown,4.0,unknown,"очищенная вода, сахар, фруктовые соки 3% (апельсиновый сок 28%, cок из манго 0,1%, сок из гуавы 0,1 %), регуляторы кислотности (лимонная кислота, яблочная кислота), растительные экстракты (моркови, черноплодной рябины, черной смородины, сафлора, бузины, лимона), натуральные ароматизаторы, консервант сорбат калия, подсластитель стевиолгликозиды, стабилизатор гуаровая камедь",6.1,26.0
5000112560329,Fanta,Coca Cola,"plant-based-foods-and-beverages, beverages, plant-based-beverages, carbonated-drinks, fruit-based-beverages, sodas, fruit-sodas",norway,bottel,,,unknown,,not-applicable,,,
0049000047851,Fanta Natanja,Fanta,,united-states,,,,unknown,,unknown,,11.8,46.0
5449000286994,Fanta watermeloen,,,belgium,,,,unknown,,,,,
5449000138316,#WhatTheFanta,Fanta,,united-kingdom,pet-bottle,,,unknown,4.0,,"carbonated water, apple juice from concentrate (3,3), acid (citric acid), plant and fruit concentrates (safflower, lemon), sweeteners (sodium cyclamate, acesulfame-k, sucralose), preservative (potassium sorbate), acidity regulator (sodium citrate), natural flavourings, colour (brilliant blue fcfi",,
2608105024808,Guimauve fantaisie,,,france,,,,unknown,,,,,
3481291013875,truffes fantaisie,SOdélice,"snacks, sweet-snacks, cocoa-and-its-products, confectioneries, chocolate-candies, bonbons, chocolate-truffles",france,paper,,,unknown,,,,,
6954767494982,Watermelon,Fanta,"beverages-and-beverages-preparations, beverages, carbonated-drinks, sodas",canada,,,,unknown,,,,,
04703068,Fantasia di Funghi,Max Delizie,"plant-based-foods-and-beverages, plant-based-foods, fruits-and-vegetables-based-foods, vegetables-based-foods, dried-products, mushrooms-and-their-products, dried-plant-based-foods, dried-mushrooms",italy,plastic,crai,Italia,a,,,"Geloni coltivati secchi (Pleurotus ostreatus), Shiltake coltivati secchi (Lentinula edodes), - Prataioli coltivati secchi (Agaricus bisporus), - Porcini secchi commerciali (Boletus edulis e relativo gruppo).",,
2608106012736,Guimauve fantaisie enrobée de chocolat blanc,,"snacks, sweet-snacks, cocoa-and-its-products, confectioneries, chocolate-candies, marshmallows-coated-with-chocolate",france,,,,unknown,,,,,
8010503495205,Fantaisie méditerranéenne,Lombardo sott'oli,,france,,,,unknown,,,,,
5000112546507,Fanta,Fanta,,united-kingdom,pet-bottle,,,unknown,,,,,
5449000004123,Fanta #what the fanta,"Coca-Cola, Fanta","beverages-and-beverages-preparations, beverages, carbonated-drinks, artificially-sweetened-beverages, sodas, diet-beverages, diet-sodas",germany,"plastic, pet-polyethylene-terephthalate",Edeka,"Nürnberg,Bayern,Deutschland",c,4.0,,"Wasser, Apfelsaft aus Apfelsaftkonzentrat 3,3%, Kohlensäure, Säuerungsmittel Citronensäure, färbendes Lebensmittel (Konzentrat aus Färbedistel und Zitrone), Süßungsmittel (Natriumcyclamat, Acesulfam K, Sucralose), natürliches Aroma, Säureregulator Natriumcitrate, Farbstoff E 133",,
4061458048064,Pizza Fantasia,Pizzah,"meals, pizzas-pies-and-quiches, pizzas","germany, united-states",,,,c,,,,,
5430001529500,Fanta mandarine,,,belgium,,,,unknown,,,,,
5449000003515,Fanta Zero Fraise,Fanta,,greece,,,,unknown,,unknown,,0.0,2.0
4260231223258,Fanta Strawberry & Kiwi,Pepsi,"beverages, carbonated-drinks, sodas, sweetened-beverages",france,alluminume,,,e,4.0,,"Eau, sucre, jus de citron à partir de concentré (3%), dioxyde de carbone, arôme naturel de kiwi avec d'autres arômes naturels, concentré de légumes (carotte, carthame), régulateur d'acidité (E330), stabilisant (E414, E445).",,
5449000215673,fanta,Fanta,,bulgaria,,,,unknown,4.0,,"LSS08:04 02 Безалкохолна газирана напитка с вкус на бяла праскова и мангустии Сьставки: вода, фруктозо-глюкозен сироп, плодови сокове от КОнцентрат (портокал 2% и праскова 1%), въглероден диоксиа расни сноли, аронатизанти на бяла праскова и мангустин, антиоксидант: аскорбинава тииата, Да се сыхранява на сухо И хладно, защитено от пряка слънчева светлИна мяста wзaNNа, консервант: калиев сорбат, Най-добър до: виж капачката или ърлото на Кока-Кола Хеленик Ботлинг Къмпани България АД ул, Рама Payo П, Казанджията 8, София 1864 С пълномощията на Пе Соса-Cola Company, РАНИТЕЛНА СТОЙНОСТ 100 ml 250 ml (%*) 460 kJ /",,
5000112546811,Fanta shokata,Fanta,,france,,,,unknown,,,,,
5449000276865,Fanta exotique,Fanta,,france,,,,unknown,,,,,
5449000286154,Fanta exotic,Fanta,"plant-based-foods-and-beverages, beverages, plant-based-beverages, carbonated-drinks, fruit-based-beverages, artificially-sweetened-beverages, sodas, fruit-sodas, sweetened-beverages",belgium,1-recycle-metal-can,,,c,4.0,,"Sprankend water, vruchtensap uit concentraat 4,4% (sinaasappel 3,4% perzik 0,5% appel 0,4%, passievrucht 0,1%), voedingszuren: citroenzuur, appelzuur, conserveermiddel kaliumsorbaat, wortel - en saffloerconcentraat, zoetstoffen: acesulfame-K, aspartaam, natuurlijke aroma's, stabilisatoren: guarpitmeel, glycerolesters van houthars, Bevat een bron van fenylalanine,",,
0027000002117,Orange Crush Snack Pack Jello,Fanta,,united-states,,,,unknown,4.0,,"water, sugar, less than 2% of: carrageenan, citric acid, sodium citrate, potassium citrate, locust bean gum, adipic acid, natural flavor, yellow 6. conagra brands p.o. box 3534 chicago, il 60654 questions or comments, visit us at www.snackpack.com or call mon.-fri., 1-800-457-4178 (except national holidays). please have entire package available when you call so we may gather information off the label. when writing, please send stamped code from side of cup. fanta is a trademark of the coca-cola company. © the coca-cola company. all rights reserved 21039344h10727or bestbysep 05 2020 21039344h10727or bestbysep 0s 2020 21039344h10727 bestbysep 05 24 10093384 %24",21.7,97.8
0049000069228,Fanta pineapple,Fanta,,united-states,,,,unknown,4.0,unknown,"nutrition facts ice amount/serving % dally va total fat 0g sodium 75mg total carb, 68g total sugars 67g incl, 67g added sugars 2 protein 0g serv,size 1 bottle clorles250 not a significant source of sat fa fat, chofest,, fiber, vit, d, calcium, o and potas, calories serving crbonated water, high fructose corn syrup, citric acd, natural flavors, modified food starch, hotassium sorbate and sodium benzoate (to protect taste), sodium citrate, medium chain triglycerides, lt, sucrose acetate isobutyrate, yellow 5, yellow , caffeine free c18 the coca-cola company condumer information call 1-800-438-2653 www,fanta,com scan here for more nouv uo 0",13.405630364753,50.021008823706
8421542020035,Tarta fantastica,,,spain,,,,unknown,,,,,
54012226,Fanta raspberry zero sugar,Fanta,,united-kingdom,,,,unknown,,,,,
5449000664747,Fanta pineapple,Fanta,,france,,,,unknown,,,,,
3173281058002,Truffes fantaisie au cognac,Jacquot,"snacks, sweet-snacks, cocoa-and-its-products, confectioneries, chocolate-candies, bonbons, chocolate-truffles",france,,,,unknown,,,,,
4316268494557,Frucht Sorbet,Ice Fantasy,"desserts, frozen-foods, frozen-desserts, ice-creams-and-sorbets, sorbets",germany,paper,Netto,,c,4.0,,"Wasser, 30% Mangomark, Zucker, Glukosesirup, Apfelsaftkonzentrat, Emulgator: Mono - und Diglyceride von Speisefettsäuren; Stabilisator: Johannisbrotkernmehl, Guarkernmehl; Säuerungsmittel: Citronensäure.",,
5449000285720,Fanta Rasberry,Fanta,"beverages, carbonated-drinks, sodas",france,hdpe-film-bag,,,unknown,,,,,
8888002086008,Fanta Orange flavour perisa oren,,,france,,,,unknown,,,,,
42398905,Fanta limonade,Fanta,,france,,,,unknown,,,,,
8410069006462,Spaghetti fantasía de verduras,Gallo,,spain,,,,unknown,,,,,
8720100189499,Fantasmikos,,,spain,,,,unknown,,,,,
5449000268266,Franta Zero Limonata,Fanta,,france,,,,unknown,,,,,
5449000000958,"Orange Postmix Bag-in-box, Doos 5 Liter",Fanta,,france,bag-in-box,,,unknown,,,,,
5449000034243,Fanta mini,Fanta,,belgium,,,,unknown,,,,,
5449000287007,Fanta watermelon,Fanta,"plant-based-foods-and-beverages, beverages, plant-based-beverages, carbonated-drinks, fruit-based-beverages, sodas, fruit-sodas",belgium,,,,b,,,,,
8410564033222,Cocteleo Fantasia,Frit Ravich,,france,,,,unknown,,,,,
24028226,Mini fantasticos,,,spain,,,,unknown,,,,,
54490079,Безалкохолна газирана напитка с лимонов сок,Fanta,"beverages-and-beverages-preparations, beverages, carbonated-drinks","bulgaria, france",,,,d,4.0,,"Вода, фруктозо-глюкозен сироп, лимонов сок от концентрат 6%, въглероден диоксис, киселина (ябълчена киселина, лимонена киселина), подсладител (ацесулфам К, аспартам,неохесперидин дихидрохалкон), антиоксидант (аскорбинова киселина, регулатор на киселинността (натриев цитрат), консервант (калиев сорбат), стабилизатор : акациева гума, глицеролов естер на дървесна смола), натурални лимонови аромати - и други натурални аромати, оцветител (каротини).",,
06743406,Fanta a l’orange,Fanta,,canada,bottle,,,unknown,,,,,
3481290011490,Truffes fantaisie,,,france,,,,unknown,,,,,
3173281064102,Truffes Fantaisie,,,france,,,,unknown,,,,,
5000112639360,Fanta Manderine,Fanta,"beverages-and-beverages-preparations, beverages, carbonated-drinks, artificially-sweetened-beverages, sodas",germany,,,,c,4.0,,"Wasser, Mandarinensaft aus Mandarinensaftkonzen, Kohlensaure, Sauerungsmittel Citronensäure, Citrusexuak Uangensaft aus Orangensaftkonzentrat (0,4%), Säureregulator umcitate, Sußungsmittel (Acesulfam K, Aspartam, SUcralosel, farbendes Lebensmittel (Konzentrat aus Karote brot e Jonannisbeere). Aroma. Stabilisator JohanniS FANTG Mandarine Farbstoff Carotin. Enthält eine Phenylalaningueuoca",,
2608101012335,CROCODILE - Confiserie geliifiée fantaisie,,"snacks, sweet-snacks, confectioneries, candies, gummi-candies, gummy-crocodiles",france,,,,unknown,,,,,
5449000245922,Fanta zéro,"Fanta, Fanta-light, fanta zero",,france,,,,unknown,,,,,
5449000204912,Fanta pêche et mangoustan,Fanta,,belgium,,,,unknown,,,,,
15164995,,Fanta,,,,,,unknown,,unknown,,,
5400113648871,Sugar waffles with cocoa fantaisie,Delhaize,"snacks, sweet-snacks, biscuits-and-cakes, pastries, waffles, cocoa-glaze-coated-waffles",belgium,,Delhaize,,e,,,,,
0049000062823,Strawberry,Fanta,"plant-based-foods-and-beverages, beverages, plant-based-foods, fruits-and-vegetables-based-foods, fruits-based-foods, carbonated-drinks, fruits, sodas, berries, strawberries, sweetened-beverages","france, united-states",,,,e,4.0,,"Eau gazéifiée, isoglucose, régulateur d'acidité E330, arômes naturels, conservateur E211, colorant E129*. *Peut avoir des effets indésirables sur l'activité et l'attention chez les enfants. Contient des OGM.",,
2608104020795,Guimauve fantaisie,,,france,,,,unknown,,,,,
9310155630504,Fantastic Chicken and Corn Noodles,Fantastic,"plant-based-foods-and-beverages, plant-based-foods, cereals-and-potatoes, cereals-and-their-products, dried-products, dried-products-to-be-rehydrated, pastas, noodles, instant-noodles",australia,,,,unknown,4.0,,"noodles: wheat flour, vegetable ol (contains antionidant (320), salt. flavour sachet: maltodextrin, salt, flavour ens (621, 635), sugar, flavour, he, a end spices, colour (turmeric). vegetable sachet: dehydrated seasonal vegetables.",,
8851959135167,แฟนต้า น้ำส้ม,"Fanta,แฟนต้า","beverages, sweetened-beverages",thailand,canned,,,c,,unknown,,4.9,20.4
9310155000932,fantastic,,,new-zealand,,,,unknown,4.0,unknown,"per serving per 100g 655kj 0.4g 0.4g 0.1g lessthan0.1g 187kj energy protein 0.1g 0.1g fat, total - saturated 37.5g 14g 1050mg omg 10.7g carbohydrate 0.4g - sugars 300mg sodium gluten when prepa ng to đirections. omg ingrediets noodles:ung bean starch. flavouring beef flavour (milk, soy), taltedextrin (tapioca), dehydrated wea (con, carrot), herbs and spic: anan, parsley, pepper, colery, resemary, turmeric), fovour enhancers (e627, e831), ugetable ol (antidant (e319), sugar, yeast extract, e150c). cutains milk and so byatain tracs of icaca and eg dded msg",,
2608106015614,Guimauve Fantaisie enrobée de chocolat blanc,,"snacks, sweet-snacks, cocoa-and-its-products, confectioneries, chocolate-candies, marshmallows-coated-with-chocolate",france,,,,unknown,,,,,
8992761002008,Fanta rasa coco pandan,Fanta,,belgium,,,,unknown,,,,,
9310155003216,Crinkle Cut Snacks Sea Salt & Balsamic Vinegar Flavour,Fantastic Delites,"snacks, salty-snacks, appetizers, biscuits-and-crackers, crackers-appetizers","australia, new-zealand",,,,e,4.0,,"rice flour (54%), maize starch, seasoning (salt (2%), flavour, sugar, acidity regulator (e262), food acid (e330), maltodextrin, balsamic vinegar (0.4%), whey powder, flavour enhancers (e621, e635), vegetable oil (antioxidant (e320)), anti-caking agent (e551)), vegetable oil (antioxidant (e320)), potato starch, potato flakes (preservative (e222)), tapioca starch, bamboo fibre, sugar, salt. contains: milk, sulphites. may contain traces of: soy, sesame.",,
5449000291691,Fanta Shokata,Fanta,,france,,,,unknown,,,,,
03330504,Fanta Saveur Mangue et fruit du dragon,Fanta,,france,,,,unknown,,,,,
3421371527519,Truffes fantaisies bio,LES CHEVALIERS D ARGOUGES,"snacks, sweet-snacks, cocoa-and-its-products, confectioneries, chocolate-candies, bonbons, chocolates, dark-chocolates, chocolate-truffles",france,"point-vert, sachet-plastique-a-jeter, triman, etui-carton-a-recycler",,,d,3.0,,"pâte de cacao*, huile de coco*, sucre de canne*, beurre de cacao*, poudre de cacao*, extrait de vanille*",,
3292090444254,Fanta exotique,Fanta,,france,,,,unknown,,,,,
2608104022508,Guimauve fantaisie enrobée de chocolat au lait .,,,france,,,,unknown,,,,,
3348630001217,,Fanta,,france,,,,unknown,,,,,
5449000004918,Grenadine,Fanta,,djibouti,,,,unknown,,unknown,,,
0068932401340,Melasse qualite fantaisie,Grandma,,canada,,,,unknown,,,Fancy Molasses,,
3701086500763,Fantasma,,,france,,,,unknown,,,,,
59084358,Fantasia z malinami,"Danone,Fantasia","dairies, desserts, dairy-desserts",poland,,,,unknown,,,,,
59030119,Fantasia z jagodami,Fantasia,,poland,,,,unknown,,,,,
8015104006508,Ravioli aux 4 Fromages,"Mémé Hélène,Pastificio Fantasia","plant-based-foods-and-beverages, plant-based-foods, cereals-and-potatoes, meals, cereals-and-their-products, fresh-foods, pasta-dishes, pastas, stuffed-pastas, ravioli, fresh-meals, fresh-pasta, fresh-ravioli, pasta-stuffed-with-cheese, cheese-ravioli, pates-fraiches-farcies",france,"plastic, tray",,,d,4.0,,"Pâte: farine de _BLÉ TENDRE_, semoule de _BLÉ DUR_, _ŒUFS_ 20%. Farce: _FROMAGE MOZZARELLA_ 40% (_LAIT_, sel, _lactosérum_, _ferments lactiques_), _PROVOLONE_ dolce 22% (_FROMAGE_), _ricotta_ 22%, _PECORINO_ 10%(_FROMAGE_), _CHAPELURE_ (_FARINE_ 0, eau, sel), blancs d'_ŒUFS_, sel.",,
8015104006553,Sfoglia Per Lasagne,"Mémé Hélène,Pastificio Fantasia","plant-based-foods-and-beverages, plant-based-foods, pastas, egg-pastas, fresh-egg-pasta, lasagna-sheets",france,"plastic, tray",,,a,1.0,,"Farine de BLÉ TENDRE, semoule de BLÉ DUR, OEUFS 20%.",,
9300675003094,FANTA ORANGE 1.25L,Fanta,,australia,,"Woolworths, Coles",,unknown,4.0,,"nta orange new sweetener blend ^40% less sugar compared with fanta march 2020 made i and loc consur call 180 web co contains: carbonated water, sugar, orange juice from concentrate (2.1%), food acids (330, 331), flavour, natural colour (160a), preservative (202), sweeteners (950, 955), antioxidant (300).",7.2,30.4
3701086501210,Fantasma,,,france,,,,unknown,,,,,
5430001529661,Fanta rasberry,Fanta,,france,,,,unknown,,,,,
8423915013200,Tarta Fantasy,,"snacks, sweet-snacks, biscuits-and-cakes, cakes, chocolate-cakes",spain,,,,e,,,,,
3421371527526,truffes fantaisies BIO,Chevaliers d'Argouges,"snacks, sweet-snacks, cocoa-and-its-products, confectioneries, chocolate-candies, bonbons, chocolate-truffles",qatar,,,,e,,unknown,,27.0,659.0
5000112626070,Fanta Lemon ohne Zucker,"Coca-Cola, Coca-Cola Company, Fanta","beverages-and-beverages-preparations, plant-based-foods-and-beverages, beverages, plant-based-beverages, carbonated-drinks, fruit-based-beverages, artificially-sweetened-beverages, sodas, fruit-sodas, lemon-soft-drinks","france, germany",,"Picnic,Rewe",,c,4.0,,"Wasser, Zitronensaft aus Zitronensaftkonzentrat (1%), Kohlensäure, Säuerungsmittel Citronensäure, Säureregulator Natriumcitrate, Süßungsmittel (Acesulfam K, Natriumcyclamat, Aspartam), Antioxidationsmittel Ascorbinsäure, Stabilisatoren (E414, E445), natürliches Zitronenaroma mit anderen natürlichen Aromen, Farbstoff Carotin. Enthält eine Phenylalaninquelle.",,
59030133,Fantasia z mleczną czekoladą,"Fantasia,Danone","dairies, desserts, dairy-desserts",poland,,,,unknown,,,,,
3395503090298,Guimauve fantaisie,,,france,,,,unknown,,,,,
11067146,fanta,"Fanta,cocacola","beverages-and-beverages-preparations, beverages, carbonated-drinks, carbonated-soft-drinks-without-fruit-juice",,"12, 6",,,unknown,,,,,
8008660160784,Confettura extra di prugne,"Fantasy, Menz & Gasser","plant-based-foods-and-beverages, plant-based-foods, breakfasts, spreads, plant-based-spreads, sweet-spreads, fruit-and-vegetable-preserves, jams",italy,,,,d,,,,,
8057685618466,Fantasmini,In's,"snacks, sweet-snacks, biscuits-and-cakes, biscuits",italy,"plastic, paper",In's,Italia,unknown,4.0,,"Ingredienti della pasta frolla 64%: farina di frumento, grasso vegetale di cocco, olio vegetale di girasole, zucchero, uova, amido di mais, sciroppo di zucchero invertito, agenti lievitanti: difosfati, carbonati di potassio, sale, aromi, correttori di acidità: acido citrico. Ingredienti copertura 36%: zucchero, grassi vegetali di cocco e burro di cacao, lattosio, latte scremato in polvere, cacao magro in polvere, emulsionanti: lecitine di soia, aromi",,
5000112567274,Orange no sugar,Fanta,"plant-based-foods-and-beverages, beverages, plant-based-beverages, carbonated-drinks, fruit-based-beverages, artificially-sweetened-beverages, sodas, diet-beverages, fruit-sodas, diet-sodas, orange-soft-drinks, light-fruit-sodas, light-orange-soft-drinks, nl:sinaasappelfrisdranken",netherlands,,,,unknown,,not-applicable,fant orange new great taste,,
5415196007699,Fantastic cookies,,,belgium,,,,unknown,,,,,
8436026533215,Galleta fantasma choco,,,spain,,,,unknown,,,,,
3472710017901,Truffées fantaisies,,,france,,,,unknown,,,,,
9310155520102,Cheese rice crackers,Fantastic,,australia,,,,unknown,4.0,,"Rice Flour, Vegetable Oil, Antioxidant (307b), Cheese Powder, Cheese Solids, Milk, Salt, Starter Culture, Enzymes, Milk Solids, Mineral Salts (339, 331), Food Acid (Lactic), Hydrolysed Vegetable Protein, Yeast Extract, Colour (Paprika Oleoresin), Maltodextrin, Salt, Flavour Enhancers (621, 627, 631), Tomato Powder, Herbs, Yeast Extract, Colour (Paprika Oleoresin)",,
0049000081312,Pina Colada Fanta,"Coca-Cola, Fanta",,united-states,,,,unknown,4.0,unknown,"carbonated water, high fructose corn syrup, natural flavors, malic acid",10.760275180808,40.571529370259
5215858634368,Fanta,Coca-Cola,98,cyprus,bottle,,,unknown,,unknown,,,
3481291014865,Truffes fantaisie,Mathez,"snacks, sweet-snacks, cocoa-and-its-products, confectioneries, chocolate-candies, bonbons, chocolate-truffles",france,,,,e,4.0,,"Truffe fantaisie aux éclats de fèves de cacao Ingrédients graisses végétales (coprah, palmiste), sucre, cacao maigre en poudre, lactosérum en poudre, éclats de fèves de cacao 6%, cacao en poudre, émulsifiant : lécithines de soja. Traces éventuelles de gluten, amandes, noisettes, ceufs et pistaches.",,
2608106021325,Guimauve fantaisie enrobee de chocolat blanc,,"snacks, sweet-snacks, cocoa-and-its-products, confectioneries, chocolate-candies, marshmallows-coated-with-chocolate",france,,,,unknown,,,,,
2608105021975,Guimauve fantaisie enrobee de chocolat,,,france,,,,unknown,,,,,
0260043005770,Pain Fantaisie,,,france,,,,unknown,,,,,
3560071302146,Truffes fantaisie,"Carrefour BIO, Carrefour","snacks, sweet-snacks, cocoa-and-its-products, confectioneries, chocolate-candies, bonbons, chocolate-truffles","france, spain",,Carrefour,,e,4.0,,"Pâte de cacao*, graisse de coco*, sucre de canne*, beurre de cacao*, éclats de fèves de cacao torréfiés* 4%, cacao en poudre* 0,5%, émulsifiant : lécithines de _soja_*. *biologique. Peut contenir des traces de fruits à coque, de lait, de graines de sésame, de céréales contenant du gluten et d'œufs.",,
0260025004920,Baguette fantaisie,,,france,,,,unknown,,,,,
3481294500136,Truffes fantaisie,Mathez,"snacks, sweet-snacks, cocoa-and-its-products, confectioneries, chocolate-candies, bonbons, chocolate-truffles",france,,,,e,,,,,
5449000086273,WhatTheFanta,Fanta,,switzerland,,,,unknown,,,,,
3481292400285,Truffes fantaisie biologiques nature,Mathez,"snacks, sweet-snacks, cocoa-and-its-products, confectioneries, chocolate-candies, bonbons, chocolate-truffles",france,,,,e,,,,,
5415270101022,Fantastic Lime,,,belgium,,,,unknown,,,,,
3481291012625,Truffes fantaisie,,,qatar,,,,unknown,,unknown,,39.0,600.0
4056489041146,Truffes fantasies aux éclats de crêpe dentelle,Lidl,"snacks, sweet-snacks, cocoa-and-its-products, confectioneries, chocolate-candies, bonbons, chocolate-truffles",france,,Lidl,,e,,,,,
5449000275967,Aranciata Rossa,Fanta,,italy,it:bottiglia-pet,,,unknown,,,,,
3481290036561,Truffes fantaisies,Mathez,"snacks, sweet-snacks, cocoa-and-its-products, confectioneries, chocolate-candies, bonbons, chocolate-truffles",qatar,,,,e,,unknown,,39.0,600.0
3481291015671,Truffes fantaisie,Mathez,"snacks, sweet-snacks, cocoa-and-its-products, confectioneries, chocolate-candies, bonbons, chocolate-truffles",france,,,,e,,,,,
4056489041139,Truffes fantaisies,FAVORINA,"snacks, sweet-snacks, cocoa-and-its-products, confectioneries, chocolate-candies, bonbons, chocolate-truffles",france,,Lidl,,e,4.0,,"Graisse végétale (noix de coco), sucre, cacao maigre en poudre, lactosérum en poudre (lait), 5% éclats de fèves de cacao, 1% cacao en poudre, émulsifiant: lécithines (soja), arôme naturel de vanille. Traces éventuelles de céréales contenant du gluten, d'arachides, de fruits à coque et d'oeufs.",,
8992761145118,Soda water drink,Fanta,"beverages, carbonated-drinks, sodas","belgium, indonesia",,,,unknown,,,"KOMPOSISI: AIR BERKARBONASI, PENGATUR KEASAMAN (NATRIUM BIKARBONAT, NATRIUM SITRAT DAN KALSIUM LAKTAT), NATRIUM KLORIDA",,
54494022,Fanta Passion,Fanta,,republic-of-the-congo,,,,unknown,,unknown,,13.6,55.0
4056489277767,Truffes fantaisie Saveur noisette,Favorina,"snacks, frozen-foods, sweet-snacks, cocoa-and-its-products, confectioneries, chocolate-candies, bonbons, chocolate-truffles",france,,,,e,4.0,,"Graisse de coco, sucre, cacao maigre en poudre, lactosérum en poudre (lait), 1% cacao en poudre, arôme naturel de noisette, émulsifiant : lécithines (soja), arôme naturel de vanille",,
8595002100862,Млечен десерт с шоколадови топчета,"Fantasia,Danone","dairies, fermented-foods, fermented-milk-products, desserts, dairy-desserts, fermented-dairy-desserts, yogurts","bulgaria, czech-republic",,,Česko,c,,,,,
8001420005608,"fantasie di cereali riso, farro e orzo",Gallo,"plant-based-foods-and-beverages, plant-based-foods, cereals-and-potatoes, cereals-and-their-products",france,,,,b,1.0,,"riso arboiled 60%, farro perlato 20%, orzo perlato precotto 20%.",,
8055118487696,Fantasie dell'orto,Euroverde,"plant-based-foods-and-beverages, plant-based-foods, meals, soups",italy,,,,c,,,,,
3481292400254,Truffes fantaisies,Mathez,"snacks, sweet-snacks, cocoa-and-its-products, confectioneries, chocolate-candies, bonbons, chocolate-truffles",france,,,,unknown,,,,,
3292090136982,Fanta mangue pitaya,Fanta,,france,,,,unknown,,,,,
2608104023888,Guimauve fantaisie enrobée de chocolat au lait,,,france,,,,unknown,,,,,
07310416,اtruffes fantasie,"Lidl, favorina",chocolats-de-fete,france,"boite-carton, boite-en-carton, sachet-en-plastique",lidl,France,unknown,4.0,,"Graisses végétales (palmiste, palme), sucre, cacao maigre en poudre (14%), lactosérum en poudre, beurre de саcao, arome.",,
4316268629270,Mini Mix Hörnchen,Ice Fantasy,"desserts, frozen-foods, frozen-desserts, ice-creams-and-sorbets, ice-creams",germany,"cardboard, non-corrugated-cardboard, da:81-c-pap, da:82-c-pap",Netto MD,,unknown,,,,,
9310155006262,Dried noodles thin,Fantastic,"plant-based-foods-and-beverages, plant-based-foods, pastas, noodles",new-zealand,,,,b,3.0,,"wheat flour (gluten), egg white, mineral salts (501, 500), tapioca starch, water",0.0,339.4
8415291010508,Truffe fantaisie aux éclat de praliné,,,france,,,,unknown,,,,,
02202032,truffes bio fantaisie,favorina,,france,,,,unknown,,,,,
8001860247835,Fantasia di farro e benessere con cereali antichi,Riso Scotti,"plant-based-foods-and-beverages, plant-based-foods",italy,,,,b,,,,,
8022822002880,Vegaffettato fantasia di carpaccio,Biolab,"plant-based-foods-and-beverages, plant-based-foods",italy,,,,d,4.0,,"Wasser, Weizengluten 33%, Kichererbsenmehl; Sonnenblumenöl, jodiertes Speisesalz, Rote Bete; inaktive Hefe, natürliches pflanzliches Aroma, Dextrose, Sojasauce (Wasser, Sojabohnen, Vollkornweizen, Meersalz), Antioxidationsmittel: Ascorbinsäure, Weizenstärke, Gewürze, Kräuter, Knoblauch: (aus biologischer Landwirtschaft. Kann Senf enthalten.",,
8002330011888,Fantalegumi CheJoy,Esselunga,"plant-based-foods-and-beverages, plant-based-foods, cereals-and-potatoes, cereals-and-their-products, pastas, lentil-pasta, dry-lentil-pasta",italy,,Esselunga,,unknown,,,"Farina di lenticchie rosse*. *Biologico. Senza glutine. Può contenere tracce di soia. Da consumarsi preferibilmente entro il: vedi data indicata sul lato Inferiore della confezione. Conservare in luogo fresco, asciutto e pulito, al riparo dalla luce solare. Prodotto per Esselunga S.p.A. Via Giambologna, 1",,
8055118487641,Passato di verdure invernale,"Euroverde, Fantasie dell'Orto","plant-based-foods-and-beverages, plant-based-foods",italy,,,,c,,,,,
9300675003414,Fanta 375 mL,Coca-Cola,"beverages, carbonated-drinks, sodas",france,,,,e,4.0,,"Carbonated water, sugar, orange juice from concentrate (2.1%), food acids (330, 329, 333), flavour, natural colour (160a), preservative (202), sweeteners (950,955), antioxidant (300).",,
5450086197661,Le fantastique Belgian Waffles Mix,,"snacks, sweet-snacks, biscuits-and-cakes, pastries, waffles",france,,,,d,,,,,
3481290037742,Truffes fantaisie cookies,Mathez,"snacks, sweet-snacks, cocoa-and-its-products, confectioneries, chocolate-candies, bonbons, chocolate-truffles",france,,,,unknown,,,,,
3481291014292,Truffes fantaisie,,"snacks, sweet-snacks, cocoa-and-its-products, confectioneries, chocolate-candies, bonbons, chocolate-truffles",france,,,,e,4.0,,"Graisses végétales (coprah, palmiste), sucre, cacao maigre en poudre, lactosérum en poudre, praliné 3% (amandes, sucre), cacao en poudre, arôme naturel, émulsifiant : lécithines de soja. Traces éventuelles de gluten, noisettes, oeufs et pistaches.",,
0054600002865,Heavy Dury All Purpose Cleaner,Fantastik,,united-states,hdpe-bottle,,,unknown,,unknown,,,
3481291012984,Truffes fantaisies,Mathez,"snacks, sweet-snacks, cocoa-and-its-products, confectioneries, chocolate-candies, bonbons, chocolate-truffles",france,,,,e,,,,,
3481291015787,Truffes fantaisie mendiant,,"snacks, sweet-snacks, cocoa-and-its-products, confectioneries, chocolate-candies, bonbons, chocolate-truffles",france,,,,e,,,,,
5902934824040,Czekoladowa fantazja pitna mleczna z truskawkami,,,poland,,,,unknown,,,,,
3380881167403,Truffes fantaisie,,,france,,,,unknown,,,,,
3472710053077,Truffes fantaisie,,,france,,,,unknown,,,,,
3700766402854,Truffe fantaisie,,"snacks, sweet-snacks, cocoa-and-its-products, confectioneries, chocolate-candies, bonbons, chocolate-truffles",france,,,,e,,,,,
3481290024957,Truffes fantaisie,,,france,,,,unknown,,,,,
3481291010690,Truffes fantaisie,Mathez,"snacks, sweet-snacks, cocoa-and-its-products, confectioneries, chocolate-candies, bonbons, chocolate-truffles",france,,,,e,,,,,
1409060011527,Fanta Naranja,Fanta,"beverages-and-beverages-preparations, plant-based-foods-and-beverages, beverages, plant-based-beverages, carbonated-drinks, fruit-based-beverages, sodas, fruit-sodas",spain,,,,unknown,,,,,
3421372527662,Truffes Fantaisies,Palais D'Ébène,,spain,,,,unknown,,,,,
3481290005628,Truffe fantaisie aux cookies,,,france,,,,unknown,,,,,
27563571,Fruity & tangy pineapple juice,Fanta,Juice,united-kingdom,pet-bottle,,,a,1.0,,Pineapple Juice.,,
5281013034014,cocktail,Fantasia,de-matieres-grasses,lebanon,,,,e,,,,3.5714285714286,492.85714285714
3290041002119,Fantaisie,Guyaux,"snacks, sweet-snacks, cocoa-and-its-products, confectioneries, chocolate-candies",france,,,,e,,,,,
9310155721301,Noodles Chicken Flavour,Fantastic,"plant-based-foods-and-beverages, plant-based-foods, dried-products, pastas, dried-products-to-be-rehydrated, noodles, instant-noodles",australia,,"Woolworths, Coles",,unknown,4.0,,"noodles: wheat flour, vegetable cil (contains antioxidant (319)), modified tapioca starch (1420), salt, mineral salts (501, 500,
 451), vegetable gum (412). flavour sachet: salt, flavour enhancers (621, 635), flavours (contains s wheat), herbs&spices, sugar, yeast exc colour (tumeric), vegetable oil (contain antioxidant (319), anticaking agent (1st) antioxidant (307b). 1600k] 299k) energy protein fat total saturated 1.0g 1.3g 3.2g 1.5g 8.0g 49.8g 9.3g 0.5g cabhydrate - ssugars dietary fibre sodum when prepared accora to directions .lg 0.5g 0mg mg nou vegetable sachet: dehydrated vegetables. serving contains: soy, wheat may contain traces of: milk, egg. fish, crustacea, sesame",,
8003170055841,Contorno fantasia di verdure,Conad,"plant-based-foods-and-beverages, plant-based-foods, fruits-and-vegetables-based-foods, legumes-and-their-products, legumes, vegetables-based-foods, frozen-foods, frozen-plant-based-foods, frozen-vegetables",italy,,Conad,,a,1.0,,"Carote 25%, fagiolini 20%, cavolfiori 15%, broccoli 15%, peperoni gialli 10%, pereroni rossi 10%, cipolle 5%.",,
3481291010799,Truffes fantaisie,Mathez,"snacks, sweet-snacks, cocoa-and-its-products, confectioneries, chocolate-candies, bonbons, chocolate-truffles",france,,,,e,4.0,,"graisses végétales (coprah, palmiste), sucre, cacao maigre en poudre, lactosérum en poudre, brisure de tarte 4% (farine de blé, sucre, malt de blé, amidon de blé, poudre à lever: carbonates de sodium, beurre de cacao, sel, arôme naturel de vanille), cacao en poudre, emulsifiant : lècithines de soja, arôme naturel de citron. Traces éventuelles de noisettes, amandes, oeufs et pistaches.",,
3700699903053,Truffes fantaisie,,,france,,,,unknown,,,,,
3481294500037,Truffes fantaisie,,"snacks, sweet-snacks, cocoa-and-its-products, confectioneries, chocolate-candies, bonbons, chocolate-truffles",france,,,,e,,,,,
3663849301478,Chocolats  fantaisie,Bofrost,"snacks, sweet-snacks, cocoa-and-its-products, confectioneries, chocolate-candies, bonbons, assorted-chocolate-candies",france,,,,e,,,,,
3290041001969,Truffes fantaisie,Guyaux,,france,,,,unknown,,,,,
3481291012977,Truffes Fantaisie,,,france,,,,unknown,,,,,
3481290037322,Truffes fantaisie,Mathez,"snacks, sweet-snacks, cocoa-and-its-products, confectioneries, chocolate-candies, bonbons, chocolate-truffles",france,,,,e,,,,,
3481294000575,Truffes fantaisie,,,france,,,,unknown,,,,,
3760107843487,Colliers fantaisie,Au temps des gourmets,,france,,,,unknown,,,,,
3290041002225,Truffes fantaisies,Guyaux,,france,,,,unknown,,,,,
3481290040964,Truffes fantaisie,Mathez,"snacks, sweet-snacks, cocoa-and-its-products, confectioneries, chocolate-candies, bonbons, chocolate-truffles",france,,,,e,,,,,
3290041001426,Truffes fantaisie,Guyaux,"snacks, sweet-snacks, cocoa-and-its-products, confectioneries, chocolate-candies, bonbons, chocolate-truffles",france,,,,e,,,,,
3481290033034,Truffes fantaisies fèves de cacao,Mathez,"snacks, sweet-snacks, cocoa-and-its-products, confectioneries, chocolate-candies, bonbons, chocolate-truffles",france,,,,e,4.0,,"graisses végétales (coprah, palmiste), sucre, cacao maigre en poudre, lactosérum en poudre, éclats de fèves de cacao 6%, cacao en poudre, émulsifiant: lécithines de soja. Traces éventuelles de gluten, amandes, noisettes, oeufs et pistaches.",,
5740700451355,Fanta exotique,Fanta,,france,,,,unknown,,,,,
4792252002111,Basilur Bouquet Cream Fantacy Green Tea Foil Enveloped (pack Of 2),,,france,,,,unknown,,,,,
5000112620191,Fanta Lemon Ohne Zucker 1.25l,"Fanta, Fanta-light","beverages-and-beverages-preparations, plant-based-foods-and-beverages, beverages, plant-based-beverages, carbonated-drinks, fruit-based-beverages, artificially-sweetened-beverages, sodas, diet-beverages, fruit-sodas, diet-sodas, lemon-soft-drinks, light-fruit-sodas, light-lemon-soft-drinks, sweetened-beverages","france, germany",de:kunststoff-pet,,,c,4.0,,"Wasser, Zitronensaft aus Zitronensaftkonzentrat (1%), Kohlensäure, Säuerungsmittel Citronensäure, Säureregulator Natriumcitrate, Süßungsmittel (Acesulfam K, Natriumcyclamat, Aspartam), Antioxidationsmittel Ascorbinsäure, Stabilisatoren E 414 und E 445, natürliches Zitronenaroma mit anderen natürlichen Aromen, Farbstoff Carotin. Enthält eine Phenylalaninquelle.",,
5449000159151,Fanta mini,Fanta,,france,,,,unknown,,,,,
5449000218162,Bílé hrozno,Fanta,"plant-based-foods-and-beverages, beverages, plant-based-beverages, carbonated-drinks, fruit-based-beverages, artificially-sweetened-beverages, sodas","czech-republic, france, united-kingdom",,,République tchèque,e,4.0,,"Voda, fruktózo-glukózový sirup, hroznová štáva z koncentrátu (3%), kyseliny: kyselina citronová a kyselina jablečná, oxid uhličit, pirodní hroznové aroma s jinými přírodními aromaty, konzervanty: sorban draselný a benzoan sodný, ovocný a rostlinný extrakt (jablko, ibišek a melasa), sladidlo: steviol-glykosidy.",,
4902102076579,Fanta raisin,Fanta,,france,,,,unknown,,,,,
3700766400041,Truffes Fantaisie,,"snacks, sweet-snacks, cocoa-and-its-products, confectioneries, chocolate-candies, bonbons, chocolate-truffles",france,,,,e,,,,,
0049000061031,ORANGE SODA,FANTA,"plant-based-foods-and-beverages, beverages, plant-based-beverages, carbonated-drinks, fruit-based-beverages, sodas, fruit-sodas, sweetened-beverages",united-states,,,"Maryland,USA",e,4.0,,"CARBONATED WATER, HIGH FRUCTOSE CORN SYRUP, CITRIC ACID, NATURAL FLAVORS, SODIUM BENZOATE (TO PROTECT TASTE), MODIFIED FOOD STARCH, GLYCEROL ESTER OF ROSIN, YELLOW 6, RED 40.",12.6,45.0
3120470132890,Truffes fantaisies,Abtey,,france,,,,unknown,,,,,
3481291014636,Truffes fantaisie,Mathez,"snacks, sweet-snacks, cocoa-and-its-products, confectioneries, chocolate-candies, bonbons, chocolate-truffles",france,,,,e,4.0,,"graisses végétales (coprah, palmiste), sucre, cacao maigre en poudre, lactosérum en poudre, sucre pétillant 5% (sucre, sirop de glucose, beurre de cacao, lactose, dioxyde de carbone), cacao en poudre, émulsifiant lécithines de soja. Traces éventuelles de gluten, amandes, noisettes, oeufs et pistaches",,
0865428000205,Fudge Fantasies,,,united-states,,,,unknown,,unknown,,,604.65
3481290034192,Truffes fantaisie Caramel au beurre salé,Mathez,"snacks, sweet-snacks, cocoa-and-its-products, confectioneries, chocolate-candies, bonbons, chocolate-truffles",france,,,,e,,,,,
3472710053688,Truffes fantaisie,Truffettes De France,frozen-foods,france,,,,e,4.0,,"Graisse végétale (noix de coco), sucre, cacao maigre en pouddre, lactosérum en poudre (Lait), cacao en poudre 1%, émulsifiant : lécithine de soja, arôme naturel de vanille.",,
8026396001256,Fantasia da cuocere,Mioorto,"plant-based-foods-and-beverages, plant-based-foods, fruits-and-vegetables-based-foods, vegetables-based-foods, fresh-foods, fresh-plant-based-foods, fresh-vegetables",italy,,,,a,,,,,
3481291012144,Truffe fantaisie fruit rouges,Mathez,,france,,,,unknown,,,,,
5449000275974,Aranciata rossa senza zuccheri aggiunti,Fanta,"beverages, unsweetened-beverages",france,,,,c,,,8400 kJ/,,
3481290040346,Truffes fantaisies,,,france,,,,unknown,,,,,
8007091006760,Fantasy,,,italy,,,,unknown,,,,,
3116742022884,Guimauve fantaisie enrobée de chocolat noir,Lutti,"snacks, sweet-snacks, cocoa-and-its-products, confectioneries, chocolate-candies, marshmallows-coated-with-chocolate",france,cardboard,iD Stock,France,e,4.0,,"Chocolat noir 30% (Sucre, Pâte de cacao, Beurre de cacao, Matière grasse LAITIERE anhydre, Emulsifiant : Lécithines de SOJA), Sirop de glucose-fructose, Sucre, Eau, Gélatine, Stabilisant (Sorbitol), Arôme",,
3481291016241,Truffes fantaisie,Mathez,"snacks, sweet-snacks, cocoa-and-its-products, confectioneries, chocolate-candies, bonbons, chocolate-truffles",france,,,,e,,,,,
3481291015688,Truffes fantaisie,Mathez,"snacks, sweet-snacks, cocoa-and-its-products, confectioneries, chocolate-candies, bonbons, chocolate-truffles",france,,,,e,,,,,
5000112622164,Fanta Zero Fruit Twist,Fanta,,united-kingdom,"pet-bottle, pet-cap",,,unknown,,unknown,,,
8001420009149,Fantasie con Quinoa,Gallo,,switzerland,,,,unknown,,,,,
4028329155368,Feine Milcjsxhokolade,FantasTick,"snacks, sweet-snacks, cocoa-and-its-products, festive-foods, chocolates",austria,"metal, plastic, recyclable-metals, aluminium",,,unknown,4.0,,"Zucker, Kakaobutter, _Vollmilchpulver_, Kakaomasse, _Haselnusspaste_, Emulgator: _Lecithine (Soja)_; natürliches Vanillearoma.",,
8015255000691,Friarielli in olio,fantasia napoletana,,italy,,,,unknown,,,,,
9310645312965,fantasy spread,"Coles Supermarket, Coles","breakfasts, spreads, sweet-spreads",australia,glass,"Coles Supermarket, Coles",Australia,unknown,,unknown,"arl.org.au 9 310645 312965 orapeseed oil, palm cndy (5%) sugar, hopelant 290]], full atover lecihin), sunflower lapbery flavour. dustinable palm oil. ins milk. a1008-0011 da0520p asaleghly atero pening. artoched",62.3,
5449000006332,Fanta Lattina CL. 33,,"beverages, carbonated-drinks, sodas",france,,,,e,,,,,
0041508803595,Fantasia,,,canada,,,,unknown,,,,,
3481291011765,TRUFFES FANTAISIE,Mathez,"snacks, sweet-snacks, cocoa-and-its-products, confectioneries, chocolate-candies, bonbons, chocolate-truffles",saint-pierre-and-miquelon,,,,e,,unknown,,41.0,590.0
9310155600705,Instant Noodles,Fantastic,"plant-based-foods-and-beverages, plant-based-foods, cereals-and-potatoes, cereals-and-their-products, dried-products, pastas, dried-products-to-be-rehydrated, noodles, instant-noodles",australia,,,,unknown,4.0,,"ingredients noodles: wheat flour, vegetable oil [antioxidant (319)], modified starch (1422), salt, mineral salt (501, 500, 452), vegetable gum (412).",,
5000112636208,Fanta,Fanta,"beverages, carbonated-drinks, sodas, ca:refre",italy,it:bottiglia-pet,,,e,,,,,
3290041001327,Truffes Fantasie,Guyaux,,germany,,,,unknown,,,,,
5000112620597,Fanta Mango&Dragonfruit,"Coca-Cola, Coca-Cola Company, Fanta","beverages-and-beverages-preparations, plant-based-foods-and-beverages, beverages, plant-based-beverages, carbonated-drinks, fruit-based-beverages, sodas, fruit-sodas, sweetened-beverages",germany,,,,e,4.0,,"Wasser, Zucker, Orangensaft aus Orangensaftkonzentrat (2,7%), Kohlensäure, Säuerungsmittel (Citronensäure, Apfelsäure), Antioxidationsmittel Ascorbinsäure, Mangosaft aus Mangosaftkonzentrat (0,1%), Drachenfruchtpüree (0,1%), Zitronensaft aus Zitronensaftkonzentrat (0,1%), Aroma, Süßungsmittel Steviolglykoside, Stabilisatoren (E 414, E 412, E 445), Konservierungsstoff Kaliumsorbat, Farbstoff Carotin.",,
5449000256652,Fanta lemon no sugar,Fanta,,belgium,,,,unknown,,,,,
9310155610544,Noodles Beef Flavour,Fantastic,"plant-based-foods-and-beverages, plant-based-foods, dried-products, pastas, dried-products-to-be-rehydrated, noodles, instant-noodles","australia, germany",,Woolworths,,unknown,,,,,
77980267,Tri Alfajor de Dulce de Leche con Baño Fantasía Blanco,Guaymallen,"snacks, sweet-snacks, confectioneries, festive-foods, christmas-foods-and-drinks, christmas-sweets, alfajores","argentina, bolivia",,,Argentina,unknown,4.0,,"Tapa [Harina de trigo enriquecida (Hierro 0.0030%, ácido fólico 0.00022%, tiamina 0.00063% (vitamina B1), riboflavina 0.00013% (vitamina B2), niacina 0.0013%), Azúcar, Grasa vacuna refinada, Agua, Jarabe de maíz de alta fructosa, Jarabe de glucosa, Sal, EMULSIONANTES (INS 471, INS 472e), CONSERVANTES (INS 282, INS 281, INS 202), ESPESANTE (INS 412), LEUDANTES QUÍMICOS (INS 503ii, INS 450ii, INS 500ii), AROMATIZANTE, COLORANTE (INS 160b), REGULADOR DE ACIDEZ (INS 330)]; Baño de repostería fantasía blanco con aromatizante vainillina [Azúcar, Aceite vegetal interesterificado (ANTIOXIDANTES (INS 321, INS 319, INS 330), Leche en polvo descremada, EMULSIONANTES (INS 492, INS 322, INS 442), AROMATIZANTE)]; Dulce de leche [ESTABILIZANTE (INS 500ii), CONSERVANTE (INS 202), Aromatizante].",,
3596655221961,fanta mango,Fanta,,france,,,,unknown,,,,,
8595002052765,Čokofleky,"Fantasia,Danone","dairies, fermented-foods, fermented-milk-products, desserts, dairy-desserts, fermented-dairy-desserts, yogurts",czech-republic,,,Česko,c,,,,,
4902102136846,Fanta Lulo,Fanta,,france,,,,unknown,,,,,
2608104019485,Guimauve fantasie enrobé de chocolat au lait,,,france,,,,unknown,,,,,
8435608802756,Kombucha orange fantasy,Flax & Kale,"beverages-and-beverages-preparations, beverages, fermented-foods, fermented-drinks, tea-based-beverages, kombuchas",spain,,,,c,,,,,
2608121024806,Schtroumpfs confiserie gélifiée fantaisie,,,france,,,,unknown,,,,,
4316268433631,"Eis, Mini Choc","Ice Fantasy,Netto Marken-Discount","desserts, frozen-foods, frozen-desserts, ice-creams-and-sorbets, ice-creams, ice-cream-bars",germany,,Netto Marken-Discount,"Brandenburg,Deutschland",e,,,,,
5000112599718,Fruit twist,Fanta,,united-kingdom,,,,unknown,,,,,
9310155650502,Fantastic Noodles crispy bacon,Fantastic,"plant-based-foods-and-beverages, plant-based-foods, dried-products, pastas, dried-products-to-be-rehydrated, noodles, instant-noodles","australia, new-caledonia",,"Woolworths, Coles",,unknown,,,,0.711,88.7
5449000289438,Fanta limonata,"Coca-Cola Company, Fanta","beverages, carbonated-drinks, sodas",france,,,,c,,,,,
13211133,Fanta,Fanta,,spain,,,,unknown,,,,,
3481291015954,Truffe fantaisie au cointreau,Mathez,"snacks, sweet-snacks, cocoa-and-its-products, confectioneries, chocolate-candies, bonbons, chocolate-truffles",france,,,,e,,,,,
06893339,Mélasse qualité fantaisie,,"sweeteners, syrups, simple-syrups, molasses",canada,,,,d,,,,,
90495724,Fanta Pineapple and Grapefruit 500ml,Coca-Cola,,ireland,,,,unknown,4.0,,"carbonated water, fruit juices from ice cold acid), sweeteners (acesulfame k, aspartame, sodium saccharin), presenatie potassium sorbate), flavourings, stabilisers (acacia gum, guar gum surnse acetate isobutyrate, glycerol esters of wood rosin), colour (carotenes), contains a source of phenylalanine lilt",,
3665676000074,,Fanta,,france,,,,unknown,,,,,
3481291017019,Truffes Fantaisie,Mathez,"snacks, sweet-snacks, cocoa-and-its-products, confectioneries, chocolate-candies, bonbons, chocolate-truffles",france,,,,e,,,,,
5430001463200,Fairy Fantasy,Jusré,"beverages-and-beverages-preparations, plant-based-foods-and-beverages, beverages, plant-based-beverages, fruit-based-beverages",belgium,,,,e,,,,,
5430001529319,Fanta fruit twist,,,belgium,,,,unknown,,,,,
8017596065940,Fantasia di limone,"Dolciando, Eurospin","snacks, sweet-snacks, confectioneries, biscuits-and-cakes, cakes",italy,"plastic, paper",Eurospin,,d,4.0,,"Crema al limone 34,9% [zucchero, acqua, tuorlo d'UOVO da allevamento a terra, amido modificato di patate, olio di semi di girasole, LATTE intero in polvere, aromi, succo concentrato di limone 0,6% (corrispondente al 0,2% sul totale degli ingredienti)], farina di GRANO tenero tipo &quot;00&quot;, zucchero, miscela di oli e grassi (olio di semi di girasole, Burro), UOVA da allevamento a terra, fecola di patata, LATTE intero fresco pastorizzato, aromi, emulsionante: mono e digliceridi degli acidi grassi, amido di FRUMENTO, agenti lievitanti (difosfati, carbonati di sodio, carbonati d'ammonio), sciroppo di glucosio-fruttosio, amido di riso, sale. Può contenere tracce di SOIA e FRUTTA A GUSCIO.",,
0260024004266,baguette fantaisie,intermarché,,france,,,,unknown,,,,,
7771609001653,Fanta sabor Papaya,"Fanta,Coca-Cola","beverages-and-beverages-preparations, beverages, carbonated-drinks, artificially-sweetened-beverages, non-alcoholic-beverages, sodas, flavoured-drinks, sweetened-beverages",bolivia,"plastic, recycled-material, pet-polyethylene-terephthalate, recycled-plastic, bottle, rpet-recycled-polyethylene-terephthalate, transparent-pet, transparent-rpet","Farmacorp,Ketal,Fidalga,Amarket,FSA","Cochabamba,Bolivia",unknown,4.0,,"AGUA CARBONATADA, AZÚCAR, SABORIZANTE IDÉNTICO AL NATURAL DE PAPAYA, REGULADOR DE LA ACIDEZ (SIN 330), SUSTANCIAS CONSERVADORAS (SIN 211, SIN 385), EDULCORANTES (SIN 950 ACESULFAME K (0.004%), SIN 951 ASPARTAME (0.0008%)), COLORANTES ARTIFICIALES (SIN 102, SIN 110).",,
4002221038141,Fantasie der Feen,Meßmer,"beverages-and-beverages-preparations, plant-based-foods-and-beverages, beverages, hot-beverages, plant-based-beverages, beverage-preparations, teas, tea-leaves, tea-bags",germany,,,,unknown,4.0,,"Hibiskus (33%), Äpfel, Hagebutten, Aroma, Orangenschalen, süße Brombeerblätter, Süßkraut, gerösteter Reis, Vanille, Himbeeren.",,
5449000289445,Fanta limonata,Fanta,"beverages, carbonated-drinks, sodas",france,,,,c,,,,,
8002330011703,Fantalegumi,Esselunga,,italy,,Esselunga,,unknown,,,,,
3472710052933,Truffes fantaisie aux éclats de cacahuètes,,,france,,,,unknown,,,,,
5449000295804,Fanta,Fanta,"beverages, artificially-sweetened-beverages",united-kingdom,,,,c,4.0,,"carbonated water, lemon juice from concentrate (3%), natural flavourings, acids (citric acid, malic acid), sweeteners (sodium cyclamate, acesulfame-k, sucralose), preservative (potassium sorbate), colour (brilliant blue fcf),",,
2608105013918,Guimauve fantaisie enribée de chocolat noir,,,france,,,,unknown,,,,,
4260231222312,Fanta Exotic,Fanta,"beverages-and-beverages-preparations, plant-based-foods-and-beverages, beverages, plant-based-beverages, carbonated-drinks, fruit-based-beverages, sodas, still-fruit-soft-drinks",germany,can,,,e,,,,,
2007030006741,Biscuits avec fantaisie de cacao,Gala,,france,,,,unknown,4.0,,"• gala cacaofantasie ingrediënten: tarwebloem, verhoudingen, cacaofantasie 18% (i lantaarding etten (kokos, plantaardige vetten (palm, kokos, koolzaad, raapzaad) in wisselende palmpit, palm, zonnebloem, shee zout, fr verhoudingen, mager cacaopoede (sorbitaantristearaat), emulgator (lecithin dextrose (maize, tarwezetmeel), sojablo aroma's, rijsmiddelen natriumwaterstofcarbonaat), stabilisator (sorbitolen), emulgatoren (mono - en diglyceriden van vetzuren, polyglycerolesters van vetzuren),  kleurstof (annatto norbixin), voedingszuur (citroenzuur), kan sporen van melk, eieren, alle noten, sulfieten en andere glutenbevattende granen bevatten, rainforest alliance gecertificeerd www,ra,org cookies with fancy cocoa ingredients: wheat flour, vegetable fats (palm, coconut, rapeseed, shuttle) in variable proportion, cocoa fantasy 18% (sugar, vegetable fats (coconut, palm kernel, palm, palm,  sunflower, shea, rapeseed) in variable proportions, lean cocoa powder¹ 20%, stabilizer (sorbitan tristearate), emulsifier (lecithins (soy)), flavour), sugar, dextrose (maize, wheat starch), soya flour, invert sugar syrup, salt, flavourings, baking powders (calcium carbonate, sodium acid carbonate), stabilizer (sorbitols), emulsifiers (mono - and diglycerides of fatty acids, polyglycerol esters of fatty acids),  colour (annatto norbixin), acidifier (citric acid), may contain traces of milk, eggs, all types of nuts, sulphites and other gluten-containing cereals, rainforest alliance certified www,ra,org kekse mit kakaofantasie - zutaten: weizenmehl, diche fette (palm, kokosnuss, raps, rübsen) in veränderlichen gedisanteilen, kakaofantasie 18 % (zucker, pflanzliche fette kokosnuss, palmkern, palm,  sonnenblume, shea, raps) in nderlichen gewichtsanteilen, stark entöltes kakaopulver¹ 20 %, lakes, dextrose (mais, weizenstärke), sojamehl, invertzuckersirup, bator (sorbitantristearat), emulgator (lecithin (soja)), aroma), salz, aromen, (calciumcarbonat, backtriebmittel natriumhydrogencarbonat), stabilisator (sorbit), emulgatoren (mono - ride von speisefettsäuren, polyglycerinester von e), farbstoff (annatto norbixin), säuerungsmittel getreidearten enthalten, rainforest alliance-zertifiziert  www,ra,org yann spuren von milch, glutenhaltigen eiern, nl %, abi,isator oja)), aroma), suiker, invertsuiker troop, (calciumcarbonaat, ge energie energie vetten - waary dont a gesätt koolhyd - waarv davon vezels ballast eiwitte zout/ *ref *refere van wa ten minst gefabrice fabrique hergestel hamlet n kerkstraat 9120 vrase 20070300067 (belgië/b",,
5000112599466,Fanta,Fanta,,united-kingdom,,,,unknown,,,,,
8023016990303,Fantasia di Lenticchie,Del Colle,"plant-based-foods-and-beverages, plant-based-foods, legumes-and-their-products, legumes, seeds, legume-seeds, pulses, lentils, decorticated-lentils, green-lentils, red-lentils, it:legumi-decorticati, it:lenticchie-regina, it:lenticchie-gialle, it:lenticchie-marroni, it:lenticchie-secche",italy,,,,a,,,"lenticchie verdi eston
lenticchie rosse di montagna
lenticchie rosse spezzate decorticate
lenticchie gialle spezzate decorticate
lenticchie regina decorticate",,
4260231223197,Fanta Maracujá,,,germany,,,,unknown,,,,,
3481294500044,Truffe fantaisie aux brisures de crêpe dentelle,,"snacks, sweet-snacks, cocoa-and-its-products, confectioneries, chocolate-candies, bonbons, chocolate-truffles",france,,,,e,,,,,
8033389263355,Fantasie di mare,Oggi Pesce,"seafood, frozen-foods, frozen-seafood",italy,,,,c,,,,,
5449000262868,Fanta zero sugar wildberry,Fanta,,ireland,,,,unknown,,,,,
5449000285737,fanta raspberry,Fanta,,united-kingdom,,,,unknown,,,,,
0067000110894,Fanta orange,fanta,,canada,,,,unknown,,,,,
3481294000582,Truffes fantaisie,,,france,,,,unknown,,,,,
5060123607987,Fruit fantasy variety,,"plant-based-foods-and-beverages, beverages, hot-beverages, plant-based-beverages, teas, tea-bags",mexico,,,,unknown,,a,,,
4260231224330,Fanta Cassis,Fanta,"beverages-and-beverages-preparations, beverages, carbonated-drinks, sodas",germany,,,,e,,,,,
5449000083128,,Fanta,"beverages-and-beverages-preparations, plant-based-foods-and-beverages, beverages, plant-based-beverages, carbonated-drinks, fruit-based-beverages, sodas, fruit-sodas, sweetened-beverages, bg:фанта",georgia,,,,e,4.0,,"Вода, захар, портокалов сок от концентрат (2,8%), въглероден диоксид, киселина: лимонена киселина, ароматизанти, консервант: калиев сорбат, стабилизатори: Е 445, Е 414 и Е 412, антиоксидант: аскорбинова киселина.",13.2,53.0
8992761111540,FANTA STRAWBERRY ORG 250ML,Fanta,,indonesia,,,,unknown,,,"A PRODUCT OF THE Coca-Cola COMPANY Lemak Jenuh Takaran Saji 1Sajian per Kemasan JUMLAH PER SAJIAN Energi Total Energi dari Lemak Lemak Total :250 ml :50 kkal :Okkal % AKG * Protei Karbohidrat Total Gula Garam Hatrium ME 10 mg 1% Persen AKG berdasarkan kebutuhan energi 2150kkal. Kebutuhan energi Anda mungkin lebih tinggi atau lebih rendah. KOMPOSISI: AIR BERKARBONASI, GULA, PENGATUR KEASAMAN (ASAM SITRAT), PERISA SINTETIK, PEMANIS BUATAN (ASESULFAM-K, SUKRALOSA), PENGAWET (NATRIUM BENZOAT), PEWARNA SINTETIK (KARMOISIN CI NO. 14720 & KUNING FCF CI 15985), BUBUK STROBERI (0.005%). MENGANDUNG PEMANIS BUATAN, DISARANKAN TIDAK DIKONSUMSI OLEH ANAK DI BAWAH 5 (LIMA) TAHUN, IBU HAMIL DAN IBU MENYUSUI. DIPRODUKSI DI BAWAH OTORITAS THE COCA-COLA COMPANY. 02025 THE COCA-COLA COMPANY. SIMPAN DI TEMPAT SEJUK 0800 100 2653 cocacolaep.com/id-id 000220 0 9 09 09 12 g 0000 0% 0% 4% 8888 12 g RECYCLE SILL 192266 8 BPOM RI CUC",,
2608105026635,Guimauve fantaisie enribee de chocolat,,,france,,,,unknown,,,,,
5000112546835,Fanta Exotic,Fanta,,france,,,,unknown,,,,,
3608129025064,Guilauve fantaisie,,,france,,,,unknown,,,,,
7501055328321,Fanta,Coca-cola,"plant-based-foods-and-beverages, beverages, plant-based-beverages, carbonated-drinks, fruit-based-beverages, sodas, fruit-sodas, orange-soft-drinks",mexico,plastic,,,unknown,,,,,
2608105019484,Guimauve fantaisie enrobée de chocolat noir,,,france,,,,unknown,,,,,
8055118484749,Duetto julienne,"Euroverde, Fantasie dell'Orto","plant-based-foods-and-beverages, plant-based-foods",italy,,,,unknown,,,,,
8017596040169,Fantasia di mare,Eurospin,it:cozze-e-crostacei-surgelati,italy,,Eurospin,,c,3.0,,"COZZE 32%, VONGOLE con guscio 22%, pomodori 9%, GAMBERI 8% ((GAMBERETTI, antiossidante (metabiSOLFITO di sodio); (GAMBERI, sale, antiossidanti (metabiSOLFITO di sodio), acido citrico, acido ascorbico)), acqua, olio di semi di girasole, olio extravergine di oliva, prezzemolo, basilico, aglio, farina di FRUMENTO, sale, peperoncino. Può contenere tracce di UOVA, LATTE, PESCE, SEDANO, FRUTTA A GUSCIO, SOIA e SENAPE.",,
2608105023351,Guimauve fantaisie enrobée de chocolat noir,,,france,,,,unknown,,,,,
7798094222318,budin  fantasía,nevares,,argentina,paper,,,unknown,,,,51.7,458.0
7801610220061,Fanta,CocaCola,"beverages, carbonated-drinks, artificially-sweetened-beverages, sodas, sweetened-beverages",chile,can,Jumbo,Chile,d,4.0,,"agua carbonatada, azúcar, ácido cítrico, polifosfato de sodio, saborizantes naturales, benzoato de sodio, almidón modificado, citrato de sodio, sucralosa, ácido ascórbico, S.A.I.B, amarillo crepúsculo, acesulfamo K, E.D.T.A, rojo allura AC y DSS",,
8053853630117,Fantasie miste integrali friabili e gustose fette,,,france,,,,unknown,,,,,
3472710003195,Truffes Fantaisie,,,france,,,,unknown,,,,,
8003073047158,Fantasia di funghi secchi misti,,,italy,,,,unknown,,,,,
7894900093056,Refrigerante Guaraná Fanta Garrafa 2l,FANTA,"beverages-and-beverages-preparations, beverages, carbonated-drinks, sodas, sweetened-beverages",brazil,,,,e,,,,,
9310155650137,2 Minute Noodles Beef Flavour,Fantastic,,new-zealand,,,,unknown,4.0,,"noodles: wheat flour, vegetable oil (antioxidant (319)), modified starch (1422), salt, mineral salts (501, 500, 451), vegetable gum (412). flavour sachet: flavour enhancers (621,627,631), flavour, salt, maltodextrin, herbs and spices, colour (150c, 100), sugar, vegetable oil (antioxidant (319)). contains wheat, soy may contain traces of milk, egg, fish and crustacea.",,
5000112597363,Fanta Exotic,COCA-COLA EUROPEAN PARTNERS NORGE A,"plant-based-foods-and-beverages, beverages, plant-based-beverages, carbonated-drinks, fruit-based-beverages, sodas, fruit-sodas, sweetened-beverages",norway,,,,e,4.0,,"Kullsyreholdig vann, sukker, råsaft fra konsentrat 3% (appelsin 2,6%, pasjonsfrukt 0,2%, fersken 0,2%), sitrus ekstrakt, surhetsregulerende middel (E330), frukt - og vegetabilsk konsentrat (solbær, gulrot, svartsurbær, hyllebær, sitron, saflor), naturlige aromaer, stabilisator (E445, E414).",13.2,53.0
5000112644647,Fanta Appelsin No Sugar Added,COCA-COLA EUROPEAN PARTNERS NORGE A,"plant-based-foods-and-beverages, beverages, plant-based-beverages, carbonated-drinks, fruit-based-beverages, artificially-sweetened-beverages, sodas, fruit-sodas, orange-soft-drinks, sweetened-beverages",norway,,Coop Obs!,,c,4.0,not-applicable,"Kullsyreholdig vann, appelsinjuice fra konsentrat (7%), surhetsregulerende middel (E330, E296, E331), søtstoff (acesulfam K, aspartam, sukralose), naturlig appelsinaroma med andre naturlige aromaer, antioksidant (E300), stabilisator (E412), fargestoff (E160a)",0.8,4.0
5449000289469,Limonata senza zuccheri aggiunti,Fanta,"beverages, carbonated-drinks, sodas, it:bevande-dolcificate",france,,,,b,,,,,
8017596065933,Fantasia al cioccolato,"Dolciando, Eurospin","dairies, desserts, dairy-desserts",italy,,Eurospin,,d,4.0,,"TORTA CON CREMA AL CIOCCOLATO PRODOTTO DOLCIARIO DA FORNO Ingredienti: crema al cioccolato 30% [acqua, destrosio, zucchero, cioccolato 6% (corrispondente al 1,8% sul totale degli ingredienti - cacao, zucchero, cacao magro), cacao magro 4,5% (corrispondente al 1,4% sul totale degli ingredienti), amido modificato di patata, aromi, emulsionante: mono - e digliceridi degli acidi grassi], farina di GRANO tenero tipo &quot;00&quot;, miscela di oli e grassi: olio di semi girasole, BURRO, zucchero, UOVA da allevamento a terra, cacao in polvere 2,9%, fecola di patata, destrosio, sciroppo di glucosio-fruttosio, LATTE intero frescO pastorizzato, emulsionanti: mono - e digliceridi degli acidi grassi, aromi, amido di FRUMENTO, agenti lievitanti: difosfati, carbonati di sodio, carbonati d'ammonio, cioccolato 0,2% (pasta di cacao, zucchero, cacao magro in polvere), amido di riso, proteine del LATTE, sale, malto D'ORZO, Può contenere tracce di SOIA e FRUTTA A GUSCIO, Conservare in luogo fresco e asciutto, Dopo l'apertura conservare nella confezione originale e consumare entro pochi giorni, Da consumarsi preferibilmente entro il: vedi lato della confezione, Zua Sch pnz Ges, WEI Zuck Dext Emul Arom Natri (Kaka prote, SCHA Kühl u aufbev Minde VALORI NUTRIZIONALI MEDI PER DURCHSCHNITTLICHE NÄHRWERTE JE POVPREČNA HRANILNA VREDNOST NA *RI ,Assunzioni di Referenzmenge für Priporočenì vnosi za *Numero di porzic 75 g corrispondono 75 g ustreza približn %3D 100g %RI 75g&quot;| %RI* Energia /Energie/ Energijska vrednost 1589KJ 19% 1192 kJ 14%",,
8005525036383,Noce Moscata,Fantasie Aromatiche,,italy,,,,unknown,,,,,
4260231224972,Mango und Drachenfrucht,Fanta,,germany,,,,unknown,,,,,
8001120822277,INSALATA MISTA FANTASIA,Coop,"meals, prepared-salads",italy,,Coop,,a,3.0,,"Ortaggi (carote, indivia riccia, radicchio rosso, cicoria)",,
5449000289452,Fanta limonata,Fanta,"beverages-and-beverages-preparations, beverages, carbonated-drinks, sodas",italy,"metal, recyclable-metals, aluminium",,,c,4.0,,"Acqua, succo di &quot;Limone di Siracusa IGP&quot; da concentrato 12%, anidride carbonica, acidificante (acido citrico), edulcoranti (ciclammato di sodio, acesulfame K, sucralosio), conservante (sorbato di potassio), aromi naturali (agrumi), stabilizzanti (gomma d'acacia, esteri della glicerina della resina del legno).",,
8001420010916,Fantasia di risi,Gallo,"plant-based-foods-and-beverages, plant-based-foods, cereals-and-potatoes, seeds, cereals-and-their-products, cereal-grains, rices, aromatic-rices, black-rices",italy,,,,b,,,"Risi BLOND, VENERE E ROSSO",,
8053853630100,Fantasie di grano misto,,,italy,,,,unknown,,,,,
6415600507790,Apelsin Sockerfri,Fanta,"beverages-and-beverages-preparations, plant-based-foods-and-beverages, beverages, plant-based-beverages, carbonated-drinks, fruit-based-beverages, artificially-sweetened-beverages, sodas, diet-beverages, fruit-sodas, diet-sodas, orange-soft-drinks, light-fruit-sodas, light-orange-soft-drinks","aland-islands, finland",,,,c,4.0,,"Vatten, apelsin juice från koncentrat 4%, koldioxid, surhetsreglerande medel (E330, E296, E331), sötningsmedel (asesulfam K, aspartam), naturlig apelsinarom med andra naturliga aromer, stabiliseringsmedel (E414, E412, E445), antioxidant (E300), färgämne (E160a).",,
8008660160746,Confettura extra di Frutti di Bosco,"Fantasy, Menz & Gasser","plant-based-foods-and-beverages, plant-based-foods, breakfasts, spreads, plant-based-spreads, sweet-spreads, fruit-and-vegetable-preserves, jams",italy,,,,d,,,,,
5449000031006,Fanta orange,Fanta,,united-arab-emirates,,,,unknown,,unknown,,14.5,58.0
8058669194877,Fantasia di legumi secchi,ARD Discount,,italy,,ARD Discount,,unknown,,,,,
8026396011859,Insalata Fantasia fine,"Mioorto, iperal","plant-based-foods-and-beverages, plant-based-foods, fruits-and-vegetables-based-foods, vegetables-based-foods, vegetables, fresh-foods, fresh-plant-based-foods, leaf-vegetables, fresh-vegetables, leaf-salads",italy,,iperal,,unknown,1.0,,"PAN DI ZUCCHERO, RADICCHIO ROSSO",,
8054187024689,Insalata fantasia,Terre e Gusti,,italy,,,,unknown,,,,,
8008245002065,Nutkao fantasia di cacao,Nutkao,"breakfasts, spreads, sweet-spreads",italy,,,,unknown,,,,,
0270639155611,FANTASIA DI MARE,Bofrost,,italy,,,,unknown,,,,,
5000112637977,Fanta exotic,Fanta,"beverages-and-beverages-preparations, plant-based-foods-and-beverages, beverages, plant-based-beverages, carbonated-drinks, fruit-based-beverages, sodas, fruit-sodas, sodas-with-exotic-fruits, sweetened-beverages",italy,"metal, recyclable-metals, aluminium",,,e,4.0,,"Kolsyrat vatten, socker, juice från koncentrat 3% (apelsin 2.6%, passionsfrukt 0.2% Bersika 0.22), citrusextrakt, syra (E330), frukt - och ransakskoncentrat (svartvinbär, morot, aronia, fläderbär. citron, safflor), naturliga aromer, stabiliseringsmedel E$45. E$14).",,
4251362159035,Sweet  fantasy,,,italy,,,,unknown,,,,,
3481292300998,Truffes fantaisie chocolat noir,,"snacks, sweet-snacks, cocoa-and-its-products, confectioneries, chocolate-candies, bonbons, chocolate-truffles",france,,,,unknown,,,,,
8006280130132,Fantasia di legumi,Select,,italy,,,,unknown,,,,,
8013624009849,Le fantasiose mix per insalate,Cerreto,,italy,,,,unknown,,,,,
5449000057914,#WHATTHEFANTA Ohne Zucker Limited Edition,Fanta,"beverages-and-beverages-preparations, beverages, carbonated-drinks, sodas",germany,,,,b,,,,,
8012672001300,Cestino Fantasy,,,italy,,,,unknown,,,,,
8055118487689,vellutata di carciofi con patate Fantasia dell'orto,"Euroverde, fantasie dell'orto","plant-based-foods-and-beverages, plant-based-foods, fruits-and-vegetables-based-foods, meals, soups, cream-soups, vegetable-soups, cream-of-vegetable-soups",italy,"plastic, paper",,,unknown,3.0,,"Acqua, carciofi 25%, patate 21%, porri, olio extra vergine di oliva 1%, sale. Può contenere ANACARDI, Sedano.",,
5000112564136,Aranciata,Fanta,,italy,"metal, recyclable-metals, aluminium",,,unknown,,,,,
8055118489614,Fantasie dell'orto,Euroverde,"plant-based-foods-and-beverages, plant-based-foods, meals, soups",italy,,,,c,,,,,
8055118489379,Pasta e fagioli,"Euroverde, Fantasie dell'Orto","plant-based-foods-and-beverages, plant-based-foods",italy,,,,c,,,,,
8005525010000,pepe nero,Fantasie Aromatiche,,italy,,,,unknown,,,,,
8008660160722,Confettura Extra Ciliegia,"Fantasy, Menz & Gasser","plant-based-foods-and-beverages, plant-based-foods, breakfasts, spreads, plant-based-spreads, sweet-spreads, fruit-and-vegetable-preserves, jams, cherry-jams",italy,,,,d,,,,,
4260202152211,Fanta Shokata,Fanta,"beverages-and-beverages-preparations, beverages, carbonated-drinks, sodas",germany,,,,unknown,,,,,
5449000230553,Fanta exotic,Fanta,,united-kingdom,,,,unknown,,,,,
2608104021587,Guimauve fantaisie enribee de chocolat au lait,,,france,,,,unknown,,,,,
5449000297143,soda,Fanta,"beverages-and-beverages-preparations, beverages, carbonated-drinks, sodas",poland,,,,b,,,,,
8015854150407,Mini Fantasie a lievitazione naturale,"Gecchele, Il fornaio del casale",,italy,,,,unknown,,,,,
5449000294821,Fanta sans sucre,Fanta,"beverages, frozen-foods, carbonated-drinks, artificially-sweetened-beverages, sodas, sweetened-beverages, soft","belgium, france",plastic,,,c,4.0,,"Eau gazéifiée, jus de citron à base de concentré (3%), arômes naturels, acidifiants: E330, E270, édulcorants: cyclamate de Sodium, acésulfame-k, sucralose, conservateur: sorbate de potassium, arômes , colorant: bleu brillant FCF",,
8711000370117,Professional cocoa fantasy dark,,,germany,,,,unknown,,,,,
8718612001347,Arizona Pomegranate Green Tea,Fanta,"beverages-and-beverages-preparations, beverages",germany,,,,c,,,,,
4032549023079,,Fanta,"beverages-and-beverages-preparations, beverages",germany,plastic,,,e,4.0,,"Wasser, Fruktose-Glukose-Sirup, Zitronensaft (3%), Kohlensäure, Säuerungsmittel: Citronensäure, Apfelsäure; Säureregulator: Natriumgluconat; Holunderblütenaroma, Aroma, Konservierungsstoff: Kaliumsorbat, Stabilisatoren: Gummi arabicum, Glycerinester aus Wurzelharz, Süßungsmittel: Acesulfam K, Sucralose; Antioxidationsmittel: Ascorbinsäure. Vertrieb: DOVGAN GmbH, Zinkhüttenweg 6, 22113 Hamburg, www.dovgan.de Energie Fett",,
8024336014342,Fantasia Estiva di Riso con riso venere,Cereal terra,,italy,,,,unknown,,,,,
4902102140331,Fanta peach,Fanta,"beverages, carbonated-drinks, sodas",france,,,,unknown,,,,,
8001120834744,Fantasia di verdure in pastella surgelate,Coop,"it:verdura-in-pastella, it:v",italy,,,,b,4.0,,"Ortaggi in proporzione variabile 52% (zucchine, spinaci, cavolfiori, carote, peperoni, broccoli), Farina di mais, Acqua, Olio di semi di girasole, Farina di grano tenero tipo &quot;0&quot;, Sale, Aromi naturali, Può contenere soia, senape, uova, latte e derivati",,
54491397,Fanta zero sugar orange,Fanta,"beverages-and-beverages-preparations, plant-based-foods-and-beverages, beverages, plant-based-beverages, carbonated-drinks, fruit-based-beverages, artificially-sweetened-beverages, sodas, fruit-sodas, orange-soft-drinks, or",united-kingdom,"bottle-or-vial, bottle, pet-bottle",,,b,4.0,,"eing colourant (sunset yellow, ascorbic acid, bottled under authorityftret mater, citric acid, noon-mutrie smeeteners (acesulfame-k suoralose st tipical",,
5449000208743,Fanta Shokata,Fanta,"beverages, carbonated-drinks, sodas, sweetened-beverages",france,,,,d,,,,,
5449000011725,Original lattina,Fanta,,france,,,,unknown,,,,,
8012672001409,Cono Fantasy,,,italy,,,,unknown,,,,,
0049000074857,Flavored soda,Fanta,,united-states,,,,unknown,,unknown,,10.5,
5000112546842,Fanta Orange,Fanta,"beverages, sweetened-beverages",france,,,,e,,,,,
5449000295941,Fanta #whatthefanta adivina el sabor,FANTA,"beverages, unsweetened-beverages",spain,,,,b,,,,,
5449000289421,Fanta limonata,Fanta,"beverages-and-beverages-preparations, beverages, carbonated-drinks, sodas, unsweetened-beverages",italy,it:bottiglia-pet,,,c,4.0,,"Acqua, succo di &quot;Limone di Siracusa IGP&quot; da conc (12%), anidride carbonica, acidificante acido citrico, ciclammato di sodio, acesulfame K e sucralosio, conservante sorbato di potassio, aromi di agrumi, stabilizzanti gomma d'acacia ed esteri della glicerina della resina.",,
8055118489317,Minestrone con verdure e legumi,"Euroverde, Fantasie dell'Orto","plant-based-foods-and-beverages, plant-based-foods, fruits-and-vegetables-based-foods, meals, soups, vegetable-soups",italy,,,,b,,,,,
5449000295682,Fanta #whatthefanta,Fanta,"beverages, carbonated-drinks, artificially-sweetened-beverages, sodas",france,,carrefour.fr,,c,4.0,,"Eau gazéifiée; jus de citron à base de concentré (3%); arômes naturels; acidifiants: acide citrique, acide malique; édulcorants: cyclamate de sodium, acésulfame-K, sucralose; conservateur: sorbate de potassium; colorant : bleu brillant FCF.",,
8004721450009,Mini ciock fantasy,,,italy,,,,unknown,,,,,
8003100915177,Insalata fantasiosa,Selex,,italy,,,,unknown,,,,,
8030582007328,Insalata gusto e fantasia,Primia,"meals, prepared-salads",italy,plastic,,,b,3.0,,"Ortaggi in proporzione variabile (cicoria pan di zucchero, carote, radicchio rosso tondo, indivia riccia, indivia scarola, rucola).",,
8015104005747,Ravioli artigianali ai funghi,Pastificio Fantasia,"meals, pasta-dishes, stuffed-pastas",italy,,,,c,,,,,
3481291010485,Truffes Fantaisie,Mathez,"snacks, sweet-snacks, cocoa-and-its-products, confectioneries, chocolate-candies, bonbons, chocolate-truffles",france,,,,e,,,,,
5449000298485,Fanta - aranciata,Fanta,"plant-based-foods-and-beverages, beverages, plant-based-beverages, carbonated-drinks, fruit-based-beverages, sodas, fruit-sodas, beverages-with-orange, sweetened-beverages",italy,bottiglia-pet,,"Mazara del Vallo,Trapani,Italia",c,4.0,,"Acqua, succo di arancia (12%), anidride carbonica, acidificante acido citrico, aromi naturali di agrumi, correttore di acidità citrato trisodico, edulcoranti ciclammato di sodio, acesulfame K e sucralosio, stabilizzante gomma d'acacia, antiossidante acido ascorbico",,
5449000295965,Fanta sabor misterioso,Fanta,"beverages, carbonated-drinks, artificially-sweetened-beverages, sodas",spain,pt:lata-de-aluminio-de-33-cl,,,c,4.0,,"Agua carbonatada, zumo de limón a partir de concentrado (3%), aromas naturales, acidulante: ácido cítrico y ácido málico, edulcorantes: ciclamato sódico, acesulfamo K y sucralosa, conservador: sorbato potásico, colorante azul brillante FCF.",,
5000112516593,Orange pet,Fanta,,france,,,,unknown,,,,,
8005525036338,Cannella cinnamon,Fantasie Aromatiche,,italy,,,,unknown,,,,,
5449000275981,Aranciata,Fanta,,italy,it:bottiglia-pet,,,unknown,,,,,
80255222,Fantasie di zucchero,,,italy,,,,unknown,,,,,
5607736510343,Truffes fantaisie,,,france,,,,unknown,,,,,
7790895001017,Fanta,Fanta,,spain,,,,unknown,,,"ACARO MAL ARD, ACI 330, ACREG 331, CONS BENZOATO DE SODIO, COL 110, SEC 385",,
8000976007029,Fantasia di semi,,,italy,,,,unknown,,,,,
8000965091749,fantasie,Consilia,,italy,,,,unknown,,,,,
5449000241092,Fanta Mini Lattine,Fanta,,france,,,,unknown,,,,,
8032869143934,Aq insalata fantasia p,,,france,,,,unknown,,,,,
5449000123442,Raison,Fanta,ro:suc,romania,plastic,,,unknown,,unknown,,8.3999996185303,34.0
8008660160777,Marmellata di pesche,"Fantasy, Menz & Gasser","plant-based-foods-and-beverages, plant-based-foods, breakfasts, spreads, plant-based-spreads, sweet-spreads, fruit-and-vegetable-preserves, jams",italy,,,,d,,,,,
5449000295927,Fanta #whatthefanta,Fanta,"beverages-and-beverages-preparations, beverages, artificially-sweetened-beverages",spain,"metal, recyclable-metals, aluminium",,,b,,,"sem AÇÚCARES ADIÇÃO DE cabonatada. INFORMACIÓN/INEDRMAÇÃO NUTRICIONAL umo de limão Dose de referência para um adulto médio (8.400 k.J/2.000 kcal. &quot;Ingesta de referencia de un adulto medio (8.400 kJ/2.000 kca). Coca-Cola European Partners Iberia, S.L.U. wmas naturais, Engarrafado com autorização de wpantrado (37). Envasado con autorización/ hoarar de olores de los cuales azúcares/ ahrice e ácido The Coca-Cola Company. teretemente antes dos quais saturados: base. Proteger de Hidratos de carbono: ele chricy y ácido",,
59600275,Fantasia Biała Wedel,Danone,,ireland,,,,unknown,,unknown,,,
2608104018303,Guimauve fantaisie enrobee de chocolat au lait,,,france,,,,unknown,,,,,
5449000296238,"Refrigerante Guarana Fanta 1,5L",Fanta,"beverages-and-beverages-preparations, beverages, carbonated-drinks, artificially-sweetened-beverages, sodas, carbonated-fruit-soft-drink","france, portugal",,,,c,4.0,,"Água, dióxido de carbono. acidificantes: ácido cítrico e ácido málico. edulcorantes: aspartame, E-950 e sucralose. conservante E-202, corante E-150d, regulador de acidez: citratos de sódio, extracto de guaraná e aromas naturais. Contém uma fonte de fenilalanina. E recomendável manter uma alimentação variada. moderada e equilibrada, assim como um estilo de vida ativo e saudável. COPOS Por: Energia Sald Tose Th Consumi Preserva Engeral 6 PIN",,
42094555,Fanta,"Coca-Cola Company, Fanta",,italy,"glass, bottle",,,unknown,,,,,
5449000272744,Fanta Flicker,Fanta,,germany,,,,unknown,,,,,
5449000279538,Fanta DARK Orange,Fanta,,germany,,,,unknown,,,,,
5449000665812,Fanta Gusto Arancia e Frutto della Passione,Fanta,,germany,,,,unknown,,,,,
5449000091574,Fanta Gusto Arancia Rossa (Probieren sie Rotorange),Fanta,,france,,,,unknown,,,,,
5000112641998,Fanta Shokata Lemon & Elderflower,"Fanta, The Coca-Cola Company","beverages, carbonated-drinks, artificially-sweetened-beverages, sodas, sweetened-beverages",sweden,"metal, recyclable-metals, aluminium",,Sverige,e,4.0,,"Kolsyrat vatten, socker, citronsaft från koncentrat, surhetsreglerande medel (E330, E296, E576), aromer, konserveringsmedel (E202), stabiliseringsmedel (E414, E445), sötningsmedel (acesulfam K, sukralos), antioxidationsmedel (E300), fläderblomsextrakt.",,
5000112544695,Fanta orange,,,france,,,,unknown,,,,,
8009611009237,Fantasia di verdure,Val Sole,,italy,,,,unknown,,,,,
8001300691174,Fantasia insalata mista,"Despar, Spar",,italy,,Spar,,unknown,,,,,
5449000274243,Fanta,Fanta,,italy,it:bottiglia-pet,,,unknown,,,,,
8005121214536,Fantasie del mattino Mordilight biscotti senza zucchere,Divella,"snacks, sweet-snacks, biscuits-and-cakes, biscuits, dry-biscuits",france,,,,d,,,,,
5449000298409,Fanta Exotic,Fanta,,switzerland,,,,unknown,,,,,
8032591058872,Misto fantasia,La casa de I Pasticcini,,italy,,,,unknown,,,,,
8002130204664,Fantasia integrale,"Riseria Vignola Giovanni S.p.A., Riso Vignola, Risovì","plant-based-foods-and-beverages, plant-based-foods, cereals-and-potatoes, seeds, cereals-and-their-products, cereal-grains, rices",italy,,,,b,,,,,
8012666024056,Fantasia di pepe,Carrefour,"plant-based-foods-and-beverages, plant-based-foods, condiments, spices, groceries",italy,,,,not-applicable,,,,,
8003170015937,Mini Fantasie,Conad,,italy,,Conad,,unknown,,,,,
8005525036680,Aromito mix piccante,Fantasie Aromatiche,,italy,,,,unknown,,,,,
3118602878815,Gâteau elizabeth,Fantaisie du ble,,france,,,,unknown,,,,,
5449000295699,#what the fanta,"Fanta, Fanta-light","plant-based-foods-and-beverages, beverages, plant-based-beverages, carbonated-drinks, fruit-based-beverages, artificially-sweetened-beverages, sodas, diet-beverages, fruit-sodas, diet-sodas, orange-soft-drinks, light-fruit-sodas, light-orange-soft-drinks",france,"can, drink-can",,,b,,,,,
8016026022119,Spiedini fantasia,Fileni,skewers,italy,,,,a,,,,,
0042238723627,Fantastic Mix,Haribo,"snacks, sweet-snacks, confectioneries",united-states,,,,d,4.0,unknown,"GLUCOSE SYRUP (FROM WHEAT OR CORN), SUGAR, GELATIN, DEXTROSE (FROM WHEAT OR CORN), CONTAINS LESS THAN 2% OF: CITRIC ACID, ARTIFICIAL AND NATURAL FLAVORS, SUNFLOWER OIL, WHITE BEESWAX, YELLOW BEESWAX, COLORED WITH FRUIT AND VEGETABLE JUICE, COLORED WITH SPIRULINA EXTRACT. MAY CONTAIN: WHEAT, TRACES OF MILK.",50.0,333.33333333333
0049000062816,Fanta grape,Coca-Cola,,france,bottle,,,unknown,,,,,
8013624009481,Le fantasiose,Cerreto,,italy,,,,unknown,,,,,
5449000283832,Fanta citron,Fanta,"beverages-and-beverages-preparations, plant-based-foods-and-beverages, beverages, plant-based-beverages, carbonated-drinks, fruit-based-beverages, sodas, fruit-sodas, lemon-soft-drinks, sweetened-beverages",france,,,,e,4.0,,"Eau gazéifiée ; sucre ; jus de citron à base de concentré 5% ; antioxydant : acide ascorbique; acidifiants: acide citrique, citrate de sodium ; conservateur: sorbate de potassium; stabilisants : gomme arabique, esters glycériques de résine de bois ; édulcorant: glycosides de stéviol issus de Stevia; arômes naturels de citron avec autres arômes naturels; colorant: caroténoïdes.",,
8056098700317,Gallette fantasia di riso,,,italy,,,,unknown,,,,,
5449000220981,Fanta exotique 33cl,Fanta,"beverages, carbonated-drinks, sodas, sweetened-beverages",belgium,,,,d,4.0,,"Eau pétillante, sucre, jus des à base concentré 4,4% (orange 3,4%, pêche 0,5%, e 0,4%, frut la passion 0,1%), acidifiants: acide citque acide mal conservateur: sorbate de potassium, CODgent de carot carthama edulcorants: acésulfame-K, aspartine aromes nahre stabilisas: esters glycériques de résine des gomme p Lanterne source de phénylalanine, VOEDING WAARDE/DECLARATION NUTRITIONELLE 100ml 3 112kJ/S",,
5000112646887,Fanta whatthetanta,Fanta,,germany,,,,unknown,,,,,
4316268630351,Sandwich Eis,"ICE Fantasy, mit Keks, Netto","desserts, frozen-foods, frozen-desserts, ice-creams-and-sorbets, ice-creams, ice-cream-sandwiches",germany,"cardboard, paperboard",,,e,4.0,,"Entrahmte _Milch_, kakaohaltiger Keks (_Weizenmehl_, Zucker, Kokosfett, Glu - kosesirup, 3,5% fettarmer Kakao, Glukose-Fruktose-Sirup, Backtriebmittel: Natriumcarbonate, Ammoniumcarbonate; _Magermilchpulver_, _Gerstenmalzextrakt_, Emulgator: Lecithine; Aroma, Speisesalz), _Molkenerzeugnis_, kakaohaltige Fettglasur (Kokosfett, Zucker, 9% fettarmer Kakao, Sonnenblumenöl, Emulgator: Lecithine (enthält _Soja_)), Zucker, Kokosfett, Schokoladestückchen (Kakaomasse, Zucker, Kakaobutter, _Butterfett_, Emulgator: Lecithine (enthält _Soja_); natürliches Vanillearoma), gehackte _Haselnusskerne_, Glukosesirup, Glukose-Fruktose-Sirup, Emulgator: Mono - und Diglyceride von Speisefettsäuren; Stabilisator: Johannisbrotkernmehl, Guarkernmehl; Aroma.",,
5000112646870,Fanta?,Fanta,"beverages-and-beverages-preparations, beverages, carbonated-drinks, sodas",germany,,,,b,,,,,
2608105019224,Gimauve fantaisie enrobée de chocolat noir,,,france,,,,unknown,,,,,
40907758,Fanta Orange,Fanta,,germany,,,,unknown,,,,,
5000112597349,Fanta Appelsin,"Coca-Cola Company, Coca-Cola, Fanta","plant-based-foods-and-beverages, beverages, plant-based-beverages, carbonated-drinks, fruit-based-beverages, sodas, fruit-sodas, orange-soft-drinks, sweetened-beverages",norway,plastic-bottle,,,e,4.0,not-applicable,"Kullsyreholdig vann, sukker, appelsinjuice fra konsentrat 4.5%, surhetsregulerende middel (E330, E331), naturlig appelsin aroma med andre naturlige aromaer, stabilisator (E414, E445, E412), antioksidant (E300), frukt-og vegetabilsk konsentrat gulrot, solbær), fargestoff (E160a).",10.6,43.0
8018010050405,Barrette cioccofantasy,,"snacks, sweet-snacks, bars, cereal-bars",italy,,,,e,,,,,
5000112646894,Whatthefanta,"Coca-Cola Company, Fanta","beverages-and-beverages-preparations, beverages, artificially-sweetened-beverages",germany,,,,unknown,4.0,,"Wasser, Zitronensaft aus Zitronensaftkonzentrat Mit Genehmigung von THE COCA-COLA COMPANY Kalorienarmes Erfrischungsgetränk mit (Citronensäure, Äpfelsäure), Süßungsmittel (Natrium - cyclamat, Acesulfam K, Sucralose), Farbstoff E 133. FANT Enthält von Natur aus Zucker",,
8005121050271,27 Penne al Pomodoro e Spinaci,"Divella, Fantasie Ghiotte","plant-based-foods-and-beverages, plant-based-foods, cereals-and-potatoes, cereals-and-their-products, pastas, cereal-pastas, dry-pastas, durum-wheat-pasta, italian-pasta, penne, penne-rigate","albania, argentina, australia, bolivia, bosnia-and-herzegovina, chile, costa-rica, france, italy, mexico, montenegro, south-africa",,,,a,1.0,,"Semola di grano duro, pomodori disidratati 41%, spinaci disidratati 3%, acqua.",,
0049000078275,Fanta berry,Fanta,,guadeloupe,,,,unknown,,unknown,,40.0,150.0
5449000163769,Chokata,Fanta,,france,,,,unknown,,,,,
3800500091075,Brochette de confiseries fantaisies,,,france,,,,unknown,,,,,
7331040028352,Fanta Orange,Fanta,"plant-based-foods-and-beverages, beverages, plant-based-beverages, carbonated-drinks, fruit-based-beverages, sodas, fruit-sodas, orange-soft-drinks, sweetened-beverages",sweden,plastic,City Gross,"Sverige,Dalarna,Sweden",e,4.0,,"Kolsyrat vatten, socker, 6% apelsinjuice från koncentrat, surhetsreglerande medel (E330), stabiliseringsmedel (E414, E445), naturlig apelsinarom med andra naturliga aromer, antioxidationsmedel (E300), färgämne (E160a).",,
8055118489607,Fantasie dell'orto,Euroverde,"plant-based-foods-and-beverages, plant-based-foods, meals, soups",italy,,,,c,,,,,
8052086060302,Farfalline Fantasia,,,germany,,,,unknown,,,,,
5449000246349,Fanta citron zero,Fanta,"beverages-and-beverages-preparations, plant-based-foods-and-beverages, beverages, plant-based-beverages, carbonated-drinks, fruit-based-beverages, artificially-sweetened-beverages, sodas, fruit-sodas",belgium,blik,,,b,,,,,
8033866610658,Fantasia di Gamberi Vongole e Zucchine,Iberia,,italy,,,,unknown,,,,,
54000933,Fanta,Fanta,,italy,it:bottiglia-pet,,,unknown,,,,,
90357046,Fanta Orange Sirup,Fanta,"beverages-and-beverages-preparations, beverages, syrups",germany,glass,,,unknown,4.0,,"Wasser, Zucker, Orangensaft aus Orangensaftkonzentrat (5 smittel (Citronensäure, Apfelsäure), Säureregulator Natriumgluo Subungsmittel (Acesulfam K, Aspartam, Sucralose), Antionidatin insiure, Stabilisator E 412, Konservierungsstoffe (E 211, E 202), Fatotl in Enthalt eine Phenylalaninquelle.",,
3701175701507,Truffes Fantaisie crêpe dentelle,Mathez,"snacks, sweet-snacks, cocoa-and-its-products, confectioneries, chocolate-candies, bonbons, chocolate-truffles",france,,,,e,,,,,
3701175701491,Truffes fantaisie caramel au beurre salé,Mathez,"snacks, sweet-snacks, cocoa-and-its-products, confectioneries, chocolate-candies, bonbons, chocolate-truffles",france,,,,e,,,,,
2608105016339,Guimauve fantaisie enrobée de chocolat noir,,,france,,,,unknown,,,,,
6928804010886,Fanta,,"beverages-and-beverages-preparations, beverages, carbonated-drinks, sodas",canada,,,,unknown,,,,,
5449000298188,Fanta arancia,Fanta,"plant-based-foods-and-beverages, beverages, plant-based-beverages, fruit-based-beverages",italy,it:bottiglia-pet,,,unknown,,,,,
3083680023993,Contorno fantasia,"Bonduelle, Bonduelle restauration",vegetables-unprepared-unprocessed-frozen,italy,,,,a,3.0,,"Green beans, carrots, wax beans 22%, prefried eggplants (eggplants 15%, sunflower oil), onions. May contain : CELERY",,
5449000264220,Fanta Pink Grapefruit,Fanta,,switzerland,,,,unknown,,,,,
5449000235367,Fanta zero orange,Fanta,"beverages-and-beverages-preparations, plant-based-foods-and-beverages, beverages, plant-based-beverages, carbonated-drinks, fruit-based-beverages, artificially-sweetened-beverages, sodas, diet-beverages, fruit-sodas, diet-sodas, orange-soft-drinks, sweetened-beverages","belgium, france",metal-can,,,c,4.0,,"Eau pétillante, jus d'orange à base de concentré, acide citrique, acide malique, citrate de sodium, aspartame, acésulfame-K, sorbate de potassium, acide ascorbique, arômes naturals d'orange, concentré de carottes, gomme de guar, carotenoides.",,
3395503090267,Guimauve fantaisie,,,france,,,,unknown,4.0,,"SUGET LIES: MON MELLOLLISTATEN 20 ZUTATEN 2007 Otopedig Derbe P1 de glicose destr ALLOWSKLUBBA: INGREDIENSER: sockey, chukoss, desnis, vaten, palan, parkbo Framnen/Et VAHUKOMM PULGA OTSAS: KOOSTISOSAD: suhkur ane, todding/HR-LIZALICE SA SLIEZOVIM KOLACICEM:SASTOKI Bleder grami sirup, dekstroza, vod ama/SKLIZANKY MARCHMALLOWS 7102 day simp, descriza, voda, destroos, vel, želatin MARSIPAANITIKKARITUNESCATE, merapy, vesi gelatin 3 395503 090267 pame &quot;E120, E133, E150a, E153, E160a AZUCAR: INGREDE 5:anicar, jarabe de glucosa, dextrosa, aqua, gelatina, amidon de maig, aroma, colorantes/IT-LECCA LECCA MARSHMALLOW ENGIE destrusio, ac gelatina, amido di maiz, aroma, coloranb/PL-LIZAKI PIANKOWE: SKŁADNIKI: culoer, syrop gluazowy, dekstroza, woda, ana s THU PILLECUKOROKA: OSSZETEVOK; cukor, gzszirup, dextróz, viz, zselatin, kukoricakeményitó, aroma, színezékek/CZ-MARSHMALLOW LIZAT soja, lait et ceufs/Possible traces of gluten, soya, Milk and egg/Kan sporen bevatten van gluten, soja, melk en eieren/Mögliche Spuren va em/Pode conter vestigios de auten, soja, leite e ove/Kan innehålla spår av gluten, soja, mjolk och ägg/Voils esineda gluteeni, sosa, pema Benestena, soje, pourtv / Galimismo, sojos, pieno ir aušinių pėdsakai 7 Nyomokban glutént, csonths gyümolaiset, tejet és fo vala, auyd/ede contener trazas de gluten, soja leche y huevo Può contenere tracce di tine, soin latte, cova/ soka a vajec. Fabn de la chalet Conservar em lo al fresco a seco/Ska chladnom mieste / Slytett este ca or/Conservare i servare in un luogo asdutta e lontano helven ta helyen tartando Uchovávejte na suchém es pour 100 g/Avera Näringsva youtév om heat/Up een droge plaats en niet in de warmte bewaren/Tn den und gegen Wärme gesch ton plats skyddad från varme/Hoida jahedas ja kuivas kohas/vati na suhom i hladnom Solt suo attura / Διατηρείτε σε μέρος ξηρό και δροσεροίumacenar en un lugarakats in fondos/Przechowywać w suchym miejscu z dala od zrodel or a/Laikyti sausoje i vėsioje vie Stická Rasvad maistin dnota/Energia uren / dos quais penuéva/de las cua des/Carbohydrates/Kool place aw ras Weglowod Angliavande en/ztoho cukry/estat Eweiss Sat/Suola/Ald/Sa gewicht/Pesa hmotnost P/Peso netto Osta heretost: Fiz n misté 00g/Set 100 g/Gemiddelde voedingswaarden voor 100",,
3701175701712,Truffes fantaisie Cointreau,Mathez,"snacks, sweet-snacks, cocoa-and-its-products, confectioneries, chocolate-candies, bonbons, chocolate-truffles",france,,,,e,4.0,,"graisses végétales (coprah, palmiste), sucre, cacao maigre en poudre, lactosérum en poudre, Cointreau 5%, cacao en poudre, émulsifiant lécithines de soja Traces éventuelles de gluten, amandes, noisettes, oeufs et pistaches.",,
9310155003261,Crinkle Cut Snacks Flame Grilled Barbeque Flavour,Fantastic,,australia,,,,unknown,4.0,,"Rice Flour, Maize Starch, Flavour, Sugar, Salt, Maltodextrin, Flavour Enhancer, Hydrolysed Vegetable Protein, Vegetable Powders, Natural Flavour, Tomato Powder, Herbs and Spices, Yeast Extract, Anti-Caking Agent, Vegetable Oil, Dextrose, Vegetable Oil Antioxidant, Potato Starch, Potato Flakes, Preservative, Tapioca Starch, Bamboo Fibre, Sugar, Salt",,
8031738000101,Insalata fantasia,,,italy,,,,unknown,,,,,
8053853630049,Fantasie con semi di lino e girasole,,,italy,,,,unknown,,,,,
8855199144170,Fanta,fanta,"beverages, carbonated-drinks, sodas",thailand,,,,unknown,,not-applicable,,,
4260627980697,Fanta Strawberry & Kiwi,,,italy,"metal, recyclable-metals, aluminium",,,unknown,,,,,
4099200873121,Insalata di farro fantasia,,,italy,,,,unknown,,,,,
4260301521406,Fanta Ananas,,,germany,,,,unknown,,,,,
8031740010877,Fantasia,,,italy,,,,unknown,,,,,
2608105025454,Guimauve fantaisie enrobé de chocolat,,,france,,,,unknown,,,,,
8051070045196,Fantasia 6 sapori,Carazita,,spain,,,,unknown,,,,,
8051884813349,Petit cake fantasia di mini maffin,,,italy,,,,unknown,,,,,
4250481917397,Fanta Toronja,Fanta,,germany,,,,unknown,,,,,
7894900050394,Fanta raisin,Fanta,,switzerland,,,,unknown,,,,,
3290041002126,Truffes fantaisie,Guyaux,,france,,,,unknown,,,,,
5449000281241,Fanta zero added sugar grape,Fanta,,luxembourg,,,,unknown,,unknown,,0.7,4.0
00286862,Caramelle ripiene,Fanta,"beverages, snacks, sweet-snacks, confectioneries, carbonated-drinks, sodas, candies",france,"bouchon-en-plastique, bouteille-en-plastique",,,e,,,,,
4902102141536,Fanta premier orange,Fanta,"plant-based-foods-and-beverages, beverages, plant-based-beverages, carbonated-drinks, fruit-based-beverages, sodas",france,,,,unknown,,,,,
50112142,Fanta strawberry,Fanta,,saudi-arabia,,,,unknown,,,,,
8055118489638,Vellutata di piselli e zucchine,"Euroverde, Fantasie dell'Orto","plant-based-foods-and-beverages, plant-based-foods, meals, soups",italy,,,,c,,,,,
8000965091220,Pasta all’uovo Fantasie,Consilia,,"germany, italy",,,,unknown,,,,,
5000112649932,Fanta Orange,Fanta,"beverages-and-beverages-preparations, plant-based-foods-and-beverages, beverages, plant-based-beverages, carbonated-drinks, fruit-based-beverages, artificially-sweetened-beverages, sodas, fruit-sodas, sweetened-beverages",united-kingdom,,,,d,4.0,,"Carbonated Water, Sugar, Orange Juice From Concentrate (3.7%), Citrus Fruit From Concentrate (1.3%), Acids (Citric Acid, Malic Acid), Vegetable Extracts (Carrot, Pumpkin), Sweeteners (Acesulfame K. Sucralose), Preservative (Potassium Sorbate), Acidity Regulator (Sodium Citrates), Stabiliser (Guar Gum), Natural Orange Flavourings With Other Natural Flavourings, Antioxidant (Ascorbic Acid).",,
4056489145141,Gelatelli Fantastic Fish Coco V VEGETARIAN One sco,Gelatelli,"desserts, frozen-foods, frozen-desserts, ice-creams-and-sorbets, ice-creams, ice-cream-tubs, Icecream tub",united-kingdom,,,,e,4.0,,"C Milk chocolate Ice cream wit 13 marshmallow sauce, 10% carame ace and 7,5% fish shaped cocoa pieces. egredients Whole Milk, Sugar, 16% Cream (Milk), Skimmed Milk, Glucose-Fructose Syrup, Water Jeetened Condensed Milk (Skimmed Milk, Sugar), 3% Cocoa Powder, Skimmed Milk Powder, Coconut Fat, Butter (Milk), Egg Yolk, 1.3% Fat Reduced Cocoa Powder, Gote Syrup, Acidity Regulator: Calcium Citrates; Maize Starch, Cocoa Mas Stabbers: Carrageenan, Guar Gum; Whole Milk Powder, Emulsifiers: Mono - and Pycerides of Fatty Acids, Lecithins (Soya); Milk Fat, Natural Flavourings, Co Buchet, Thickeners: Xanthan Gum, Locust Bean Gum; Salt, Natural Vanilla Flavouring Rainforest Alliance Certified. Find out more at ra.org.",,
14359329,,Fanta,,france,plastic,,,unknown,,,,,
5449000298669,Fanta,Fanta,,italy,it:bottiglia-pet,,,unknown,,,,,
5449000289933,Fanta zero,"Fanta, Fanta-light",,france,,,,unknown,,,,,
8001364104214,Fantasia di funghi con porcini,Novella,"plant-based-foods-and-beverages, plant-based-foods, fruits-and-vegetables-based-foods, vegetables-based-foods",italy,,,,c,,,,,
5449000296245,Fanta sabor Guaraná sin azúcares,Fanta,"beverages-and-beverages-preparations, beverages, carbonated-drinks, carbonated-fruit-soft-drink",portugal,,,,b,,,,,
5000112650037,Fanta zero sugar,Fanta,,united-kingdom,,,,unknown,,,,,
42380276,Fanta exotic,Fanta,,belgium,,,,unknown,,,,,
5449000092021,Fanta shokata,Fanta,"beverages-and-beverages-preparations, beverages, carbonated-drinks, sodas",france,,,,unknown,,,,,
7613035553491,Pirulo fantasmikos,Nestlé,"desserts, frozen-foods, frozen-desserts",italy,,,,d,,,,,
59058649,Fantasia,Fantasia,,poland,,,,unknown,,,,,
59081890,Fantasia z brzoskwiniami,,,poland,,,,unknown,,,,,
5449000297525,Fanta no sugar,Fanta,,france,,,,unknown,,,,,
4316268488211,Sandwich Fürst Pückler Art,"Ice Fantasy, Netto","desserts, frozen-foods, frozen-desserts, ice-creams-and-sorbets, ice-creams, ice-cream-sandwiches",germany,,,,d,4.0,,"30% Bourbon-Vanilleeis (entrahmte Milch, Molkenerzeugnis, Glukose-Fruktose-Sirup, Kokosfett, Zucker, Emulgator: Mono - und Diglyceride von Speisefettsäuren; Stabilisator: Johannisbrotkernmehl, Guarkernmehl; Bourbon-Vanilleextrakt), 30% Schokoladeneis (entrahmte Milch, Molkenerzeugnis, Kokosfett, Glukose-Fruktose-Sirup, Zucker, 4% fettarmes Kakaopul - ver12, Emulgator: Mono - und Diglyceride von Speisefettsäuren; Stabilisator: Johannisbrotkernmehl, Guarkernmehl), 30% Eis mit Erdbeere (entrahmte Milch, Molkenerzeugnis, 13% Erdbeermark, Glukose-Fruktose-Sirup, Zucker, Kokosfett. Emulgator: Mono - und Diglyceride von Speisefettsäuren; Stabilisator: Johannisbrotkernmehl, Guarkernmehl; Säuerungsmittel: Citronensäure; färbendes Lebensmittel: Rote-Bete-Saftkonzentrat; natürliches Aroma, Zitronensaftkonzentrat), 10% Waffel (Weizenmehl, pflanzliche Fette [Kokos, Palm], Karamelizuckersirup, Emulgator: Lecithine [enthält Soja], Speisesalz, Backtriebmittel: Natriumcarbonate). Das Produkt kann Spuren von Hühnerei, Erdnüssen und Schalenfrüchten enthalten.",,
8005100009979,Fantastia di funghi con porcini,"Freschi dall'Orto, Montalbano","plant-based-foods-and-beverages, plant-based-foods",italy,"composite-material, glass, plastic-tinplate, clear-glass",,,c,,,,,
3760204450076,Meringue fantaisie,,,france,,,,unknown,,,,,
9310155620543,Noodles,Fantastic,"plant-based-foods-and-beverages, plant-based-foods, dried-products, pastas, dried-products-to-be-rehydrated, noodles, instant-noodles",australia,,Woolworths,,unknown,,,,0.211,83.6
9555589208718,Fanta Orange,Fanta,,malaysia,,,,unknown,,unknown,,4.599999904632568,19.0
4260301522212,Fanta Maracuja,,,germany,,,,unknown,,,,,
8001577001294,Fantastico party arachidi,Arsal,"plant-based-foods-and-beverages, plant-based-foods, legumes-and-their-products, legumes, nuts-and-their-products, nuts, peanuts",italy,,,,d,,,,,
0049000030754,Strawberry soda,Fanta,,united-states,,,,unknown,,,,,
5449000209221,Fanta Tropical,Fanta,"beverages-and-beverages-preparations, plant-based-foods-and-beverages, beverages, plant-based-beverages, carbonated-drinks, fruit-based-beverages, sodas, fruit-sodas, sweetened-beverages","bulgaria, luxembourg",,,,e,,,,,
0049000058000,Orange soda,Fanta,,saint-martin,bottle,,,unknown,,unknown,,44.0,160.0
5000112649918,Fanta fruit ywisy,"Fanta, Coca-Cola","beverages, sweetened-beverages",united-kingdom,,,,d,,,,,
5449000297129,Fanta limon,Fanta,,spain,,,,unknown,,,,,
5000112592153,Fanta Lemon & Elderflower,Fanta,"beverages-and-beverages-preparations, beverages, carbonated-drinks, artificially-sweetened-beverages, sodas, sweetened-beverages",germany,,REWE,,e,4.0,,"Wasser, Zucker, Zitronensaft aus Zitronensaftkonzentrat (3%), Kohlensäure, Säureregulator Natriumgluconat, Säuerungsmittel (Citronensäure, Äpfelsäure), Stabilisatoren (E 414, E 445), Aroma, Süßungsmittel (Acesulfam K, Sucralose), Antioxidationsmittel Ascorbinsäure, Holunderblütenextrakt.",,
8005525036451,Pepe nero,Fantasie Aromatiche,,italy,,,,unknown,,,,,
9300675009843,FANTA,Fanta,"beverages-and-beverages-preparations, plant-based-foods-and-beverages, beverages, plant-based-beverages, carbonated-drinks, fruit-based-beverages, sodas, fruit-sodas, orange-soft-drinks","australia, france, new-zealand",,"Woolworths,Coles,Kmart,Chemist Warehouse,Drakes,Foodworks,OTR,",,d,,,,,
5449000240668,Fanta zero zuccheri,"Fanta, Fanta-light","beverages, carbonated-drinks, sodas, sweetened-beverages",france,,,,b,,,,,
4260517180213,Fanta Green Appel,Fanta,,germany,,,,unknown,,,,,
5449000174567,Orange,Fanta,,france,,,,unknown,,,,,
8051763013099,Fantasia di verdure con mais,Italy-D,,italy,,,,unknown,,,,,
64751313,#whatTheFanta,Fanta,,spain,,,,unknown,,,,,
5740700985744,,Fanta,"beverages-and-beverages-preparations, beverages, carbonated-drinks, sodas",denmark,,,,unknown,4.0,,"ANTA Nange SNOHOLD Serveres afkølet Læskedrik med appelsinsmag, indeholder sukker og sødestoffer, Ingredienser: Vand, sukker, appelsinjuice fra koncentrat (4,5%), kuldioxid, syre (E330), naturlig appelsinaroma med andre naturlige aromaer, sødestoffer (acesulfamkalium, aspartam), stabilisatorer (E414, E445, E412), antioxidant (E300), frugt - og Og (0%) vegetabilsk koncentrat (gulerod, 24g (9%) solbær), farvestof (E160a), 24g (26%) Og (0%) Indeholder en phenylalaninkilde, Og (0%) Bedst før: Se dåsens bund, 330ml (2) AJ 416kJ/ cal",,
4316268455794,Waffelhörnchen Vanille Erdbeer,Ice Fantasy,"desserts, frozen-foods, frozen-desserts, ice-creams-and-sorbets, frozen-cones, ice-creams, ice-cream-cones, strawberry-vanilla-ice-cream-cones",germany,,,,c,,,,,
0841905060214,Dark Fantasy Choco Meltz,Sunfeast,,united-states,,,,unknown,,unknown,,40.0,16.0
4250481917410,Green Apple,Fanta,,germany,,,,unknown,,,,,
8023788022196,Fantastic burger,Vegamo,"plant-based-foods-and-beverages, plant-based-foods",italy,,,,d,,,,,
4260301522281,Fanta Strawberry & kiwi,Fanta,,france,,,,unknown,,,,,
3395328129333,Fantaisie grain de café,Valrhona,,france,,,,unknown,,,,,
3290041001372,Truffes fantaisie aux eclats de caramel d’Isigny,Guyaux,,france,,,,unknown,,,,,
07522727,Fanta,,,united-states,,,,unknown,,unknown,,12.0,4.8
0083783535679,08712 sierra nevada fantastic haze,Sierra Nevada,,slovakia,,,,unknown,,unknown,,,
4260231225498,Fanta Watermelon,Fanta,"beverages-and-beverages-preparations, beverages, carbonated-drinks, sodas",germany,,,,b,,,,,
5449000664891,Fanta lemon,Fanta,"beverages-and-beverages-preparations, beverages, carbonated-drinks, sodas",germany,,,,b,,,,,
5000112639629,Fanta Exotic Zero,Fanta,"beverages, carbonated-drinks, sodas",sweden,bottle,,Sweden,b,,,,,
5000112586442,Fanta Shokata - Lemon & Elderflower,"Coca-Cola, Coca-Cola Company, Fanta","plant-based-foods-and-beverages, beverages, plant-based-beverages, carbonated-drinks, fruit-based-beverages, artificially-sweetened-beverages, sodas, fruit-sodas, sodas-with-exotic-fruits, sweetened-beverages",sweden,"plastic, pet-polyethylene-terephthalate, sv:02-pe-hd",City Gross,"Sverige,Dalarna,Sweden",e,4.0,,"Kolsyrat vatten, socker, citronsaft från koncentrat (3%), surhetsreglerande medel (E330, E296, E576), aromer, konserveringsmedel (E202), stabiliseringsmedel (E414, E445), sötningsmedel (acesulfam K, sukralos), antioxidantionsmedel (E300), fläderblomsextrakt.",,
5425028905192,Fanta berry,,,belgium,,,,unknown,,,,,
8410705007280,Maheso fantasia imp,Maheso,,spain,,,,unknown,,,,,
8005525037359,Cinnamon,Fantasie aromatiche,"plant-based-foods-and-beverages, plant-based-foods, condiments, spices, cinnamon",italy,,,,not-applicable,,,,,
5000112556810,Fanta limón,Fanta,,spain,,,,unknown,,,,,
3481294500174,Truffe fantaisie aux éclats de caramel au beurre salé,,,france,,,,unknown,,,,,
5449000234261,,Fanta,,cape-verde,,,,unknown,,unknown,,,
5000112638790,Fanta orange,Fanta,"beverages, carbonated-drinks, sodas, sweetened-beverages",belgium,,,,e,,,,,
8011407010587,Fantasie ai semi di lino,Ciro Amodio,,italy,,,,unknown,,,,,
4047247291194,Salami mit Comté Käse,Fantastique!,,germany,,,,unknown,,,,,
42380269,FANTA ARANCIATA ROSSA,Fanta,,france,,,,unknown,,,,,
5449000291677,Fanta Shokata,Fanta,"beverages, carbonated-drinks, sodas, sweetened-beverages",france,,,,c,,,,,
8888002084004,Fanta grape flavour perisa anggur,Fanta,"beverages-and-beverages-preparations, plant-based-foods-and-beverages, beverages, fruit-based-foods-and-beverages, non-alcoholic-beverages, plant-based-beverages, carbonated-drinks, fruit-based-beverages, soft-drinks, sodas, fruit-sodas, sweetened-beverages",france,,,,unknown,4.0,,"Fanta Grape-Soda saveur raisin noir 500m! eau, sirop de fructose-glucose, dioxyde de carbone, arômes, extraits de fruits et légumes (carotte, pomme), acides: acide citrique et acide in à base de concentré (0,1%), régulateur d'acidité:",,
8960100189499,Pirulo fantasmikos,Nestlé,,spain,,,,unknown,,,,,
38355349,Pirulo fantasmikos,Motta,,italy,,,,unknown,,,,,
5449000081254,Fanta tropical,Fanta,"beverages-and-beverages-preparations, beverages, carbonated-drinks, sodas",north-macedonia,,,,unknown,,,,,
5449000256621,Fanta citron,Fanta,"beverages-and-beverages-preparations, plant-based-foods-and-beverages, beverages, plant-based-beverages, carbonated-drinks, fruit-based-beverages, sodas, fruit-sodas",romania,,,,b,,not-applicable,,0.1,9.0
7840058003089,Sabor guaranà,Fanta,,france,,,,unknown,,,,,
4250481914891,Fanta,"Fanta, Berry","beverages-and-beverages-preparations, beverages",germany,,,,unknown,,,,,
9782075133364,Sos creatures fantastique,,,switzerland,,,,unknown,,unknown,,,
59081906,Fantasia z jeżynami,,,poland,,,,unknown,,,,,
5449000021076,Fanta Orange Zero,Fanta,"beverages-and-beverages-preparations, plant-based-foods-and-beverages, beverages, plant-based-beverages, carbonated-drinks, fruit-based-beverages, sodas, fruit-sodas",romania,,,,b,,,,0.3,9.0
4260301524100,Fanta Mango Drachenfrucht,Fanta,,germany,,,,unknown,4.0,,"Wasser; Kohlensäure; Zucker; Fruchtsaft aus Fruchtsaftkonzentrat (Orange 2,7%, Mango 0,1%, Zitrone 0,1%); Säuerungsmittel: E330, E296; Drachenfruchtpüree 0,1%; natürliche Aromen; Farbstoff: E160a; Antioxidationsmittel: E300; Konservierungsstoff: E202, Süßungsmittel: E960; Stabilisator: E412.",,
9310155002141,Noodles chicken,Fantastic,"plant-based-foods-and-beverages, plant-based-foods, dried-products, pastas, dried-products-to-be-rehydrated, noodles, instant-noodles",australia,,,,unknown,,,,0.8,94.4
0049000051049,16 Fl Oz,Fanta,,united-states,,,,unknown,,unknown,,81.0,300.0
9310645308234,Fantasy cupcjes,Coles,,australia,,Coles,,unknown,,,,,426.0
8024336000147,Fantariso,Cereal terra,,italy,,,,unknown,,,,,
90495793,Fanta NRB,Fanta,"beverages-and-beverages-preparations, beverages, carbonated-drinks, sodas",france,,,,unknown,,,حقائق غذائية لكل وحانا it er 10ml Serving طاقة (كيلو كالوري) كربوهيدرات,,
8054242542196,Fantasia di mare,Eurofresh,,italy,,,,unknown,,,,,
7622201793210,Fantastic Friends,Côte d'Or,"snacks, sweet-snacks, cocoa-and-its-products, confectioneries, bars, chocolate-candies, chocolates, candy-chocolate-bars",belgium,,,,e,4.0,,"Suiker, cacaomassa, magere melkpoeder, cacaoboter, weipoeder (van melk), melkvet, emulgator (sojalecithine), aroma's. Kan noten bevatten.",,
7622201797690,Fantastic Friends - tendre au lait,Côte d’or,"snacks, sweet-snacks, cocoa-and-its-products, confectioneries, chocolate-candies, bars, candy-chocolate-bars, chocolate-confectionery-with-dairy-filling",belgium,"container, plastique",,,e,4.0,,"Sucre, huile de palme, lait écrémé en poudre, pâte de cacao, beurre de cacao, lactosérum en poudre (de lait), beurre concentré, émulsifiant (lécithines de soja), arômes",,
9788408081210,Tercer viaje al reino de la fantasia,,,spain,,,,unknown,,,,,
3292090135985,Fanta,Fanta,,venezuela,,,,unknown,,unknown,,6.1,26.0
8028696279397,Fantasie di patate,,,belgium,,,,unknown,,,,,
5281013776020,Hot & spicy,Fantasia,,lebanon,,,,unknown,,unknown,,1.0,140.0
0049000053746,orange fanta,Fanta,,united-states,,,,unknown,4.0,,"carbonated water, high fructose corn syrup, less than 2% of: citric acid natural flavors, sodium benzoate (to protect taste), modified food starch glycerol ester of rosin, yellow 6, red 40. caffeine free 100% natural flavors",,
0049000046656,Orange soda,"Fanta,",,united-states,,,,unknown,,,,12.1127,45.0704
0049000050271,Strawberry Fanta,Fanta,,united-states,,,,unknown,4.0,,"carbonated water, high fructose corn syrup, natural flavors, citric acid, sodium benzoate, red 40",,
0049000081305,Fanta piña colada,Fanta,,united-states,,,,unknown,4.0,,"on facts contains no juice carbonated water, high er container fructose corn syrup, natural 02 (360 ml) flavors, malic acid, modified 12 f oz 14 food starch, potassium sorbate and sodium benzoate (to protect taste), sucrose sip &sca caffeine free 18% www.fanta.com scan here for more food information please recycle manicba",10.277777777778,38.888888888889
3418011283317,Les fantaisies du nord,,,france,,,,unknown,,,,,
8001091003460,Quinoa Rossa Fantasia di verdure,Germinal,,italy,,,,unknown,,,,,
2609811014374,Melange fantasia olive cuisinées,,,france,,,,unknown,,,,,
8001120747273,Zuppa fantasia biologica,Vivi Verde,"plant-based-foods-and-beverages, plant-based-foods, legumes-and-their-products, cereals-and-potatoes, legumes, seeds, cereals-and-their-products, legume-seeds, cereal-grains, barley, wheats, emmer-wheats",italy,,,,a,1.0,,"ZUPPA FANTASIA BIOLOGICA MISCELA DI LEGUMI E CEREALI BIOLOGICA Ingedienti: grano farro perlato secco&quot;, orzo perlato secco, lenticchie verdi piccole secche*, lenticchie rosse secche*, lenticchie rosse decorticate secche*, lenticchie gialle decorticate secche, piselli verdi spezzati secchi&quot;, lenticchie verdi grandi secche*. *Biologici.",,
8414100388319,Joi laranja,Fanta,,spain,,,,unknown,4.0,,"Manter em lugar fresco, seco e ao abrigo da luz solar e de cheiros intensos. Depois de aberto, conservar no frio. Consumir de preferência antes de e lote... (ver base). Bebida refrigerante de sumo de frutos. Com açúcar e edulcorantes. Ingredientes: água, sumo de laranja a partir de concentrado (8,1%) açúcar, acidificante: ácido cítrico, estabilizadores: E-414 e E-445, conservante: E-202, edulcorantes E-952 e E-955, aromas, vitamina C, corantes: carotenos e E-160e.",,
9300605096837,Fantales Family Size,Nestlé,,australia,,Kmart,,unknown,4.0,unknown,"portions 加 br mony s 从心 good food, good life® nestlé limited, 12-16 1010 zealan ake approx 3 fantales keaveragequantity per serving serving 380kj ergy protein fat, total saturated carbohydrate 1479 - sugars sodium 4% 1% 5% 2% 5% 12% % 00l 8 20g 6el dull our keep the smiles going by enjoying the right portion combined with physical activity contains no artificial colours. 3 fantales® children less then 4 vears heve imited chewng ability and coud chóke on smal pieces. one serve nutritional compass® ingredients. glucose syrup, sugar, sweetened condensed milk (milik, sugar), vegetable fat [emulsifiers sorbitan tristearate, soy lecithin]), milk solids, invert sugar, cocoa^, salt emulsifier (soy lecithin), flavour. contains milk and soy. may contain tree nuts. product contains 73% caramel and 27% compound chocolate. made in australia. store cool and dry. arainforest alliance certifiedm cocoa. find out more at ra.org confectionery itm nestle. in australia call 1800 025 361 www.nestle.com.au nestlé australia ltd, 1 homebush bay dr, rhodes nsw 2138, australia. in new zealand 0800 830 840 www.nestle.co.nz good to talk nesnicholls lane, parnell, auckland, 1010 new zealan bag",44.4,363.28872
8019514070609,Fantasia di verdure,Bennet,,italy,,Bennet,,unknown,,,,,
0067000010743,Fanta ananas,,,canada,,,,unknown,,,,,
0058807412236,Fanta,,,canada,,,,unknown,,,,,
5000112649949,Shokata Lemon & Elderflower,"Coca-Cola Company,Fanta,Coca-Cola","plant-based-foods-and-beverages, beverages, plant-based-beverages, carbonated-drinks, fruit-based-beverages, artificially-sweetened-beverages, sodas, diet-beverages, diet-sodas, sweetened-beverages",norway,,Joker,,c,4.0,not-applicable,"Kullsyreholdig vann, sitronjuice fra konsentrat (3%), surhetsregulerende middel (E576, E330, E296), søtstoff (acesulfam K, aspartam, sukralose), konserveringsmiddel (E202), stabilisator (E414, E445), antioksidant (E300), naturlige aromaer, hylleblomstekstrakt.",0.2,2.0
5449000283825,BTE 6X33CL FANTĀ ORANGE,Fanta,"beverages-and-beverages-preparations, plant-based-foods-and-beverages, beverages, plant-based-beverages, carbonated-drinks, fruit-based-beverages, artificially-sweetened-beverages, sodas, fruit-sodas, orange-soft-drinks",france,,,,d,,,,,
0049000030730,Orange soda,"Fanta,Coca-Cola","beverages-and-beverages-preparations, beverages, carbonated-drinks, sodas, sweetened-beverages",united-states,,,,e,4.0,,"CARBONATED WATER, HIGH FRUCTOSE CORN SYRUP, CITRIC ACID, SODIUM BENZOATE (TO PROTECT TASTE), NATURAL FLAVORS, MODIFIED FOOD STARCH, SODÌUM POLYPHOSPHATES, GLYCEROL ESTER OF ROSIN, YELLOW 6, RED 40.",,
4099200012872,Farfalle Fantasia Alla Paprika,,,switzerland,,,,unknown,,,,,
5449000294838,Fanta,"Fanta, Coca-Cola",,ireland,,,,unknown,,,,,
4250370579347,Citrom-Bodza izu,Fanta,,france,,,,unknown,,,,,
3290041000108,Truffes fantaisie,Guyaux,,germany,,,,unknown,,,,,
2000000127596,Fanta,,,turkey,,,,unknown,,unknown,,,
0049000058017,Fanta grape,Fanta,,guadeloupe,,,,unknown,,unknown,,,
2608104020146,guimauve fantaisie enrobée de chocolat au lait,,,france,,,,unknown,,,,,
4260231223340,Fanta shokata,Fanta,"beverages-and-beverages-preparations, beverages, carbonated-drinks, sodas, sweetened-beverages",germany,,,,unknown,,,,,
4062400028004,Fanta Lemon,Fanta,,united-kingdom,glass-bottle,,,unknown,,unknown,,,
5449000303547,Fanta con limone e sambuco,Fanta,,italy,it:bottiglia-pet,,,unknown,,,,,
5000112644296,Fanta citron frappé,Fanta,"beverages-and-beverages-preparations, plant-based-foods-and-beverages, beverages, plant-based-beverages, carbonated-drinks, fruit-based-beverages, sodas, fruit-sodas, lemon-soft-drinks, sweetened-beverages",france,,,,e,4.0,,"Eau gazéifiée; sucre ; jus de citron à base de concentré (5%); antioxydant : acide ascorbique ; acidifiants : acide citrique, citrate de sodium; conservateur : sorbate de potassium; stabilisants gomme arabique, esters glycériques de résine de bois ; édulcorant: glycosides de stéviol issus de Stevia ; arômes naturels de citron avec autres arômes naturels ; colorant : caroténoïdes.",,
2608106011418,Guimauve fantaisie enrobee de chocolat blanc,,"snacks, sweet-snacks, cocoa-and-its-products, confectioneries, chocolate-candies, marshmallows-coated-with-chocolate",france,,,,unknown,,,,,
5449000139382,Fanta Zero,Fanta,"beverages-and-beverages-preparations, beverages, carbonated-drinks, artificially-sweetened-beverages, sodas",croatia,,,,b,,not-applicable,,0.3,2.0
4902102139496,Fanta Peach Flavor,Fanta,,canada,,,,unknown,,unknown,,,
5449000299161,Fanta senza zuccheri aggiunti,Fanta,,italy,,,,unknown,,,,,
5400101079168,Gaufres Goût Vanille avec Fantaisie Cacao,"Carrefour,Carrefour Original","snacks, sweet-snacks, biscuits-and-cakes, pastries, waffles, cocoa-glaze-coated-waffles","belgium, france, luxembourg",,,,e,4.0,,"Farine de blé, fantasie au cacao 24% (sucre, graisses végétales (palme, palmiste, coco ; en proportion variable), cacao** maigre en poudre 3,3%, arôme naturel de vanille, émulsifiants : lécithine de soja - tristéarate de sorbitane), sucre, margarine (huiles végétales (palme, colza), graisse de palme, eau, sel, arôme naturel, émulsifiants : lécithine de soja - mono - et diglycérides d'acides gras, acidifiant : acide citrique, colorant : bêta-carotène issu de Blakeslea trispora), œufs, lait, huile de colza, farine de soja, sirop de sucre inverti, amidon de blé, sel, arôme naturel, arôme, stabilisant : sirop de sorbitol, humectant : glycérol, poudre à lever : carbonate acide d'ammonium, émulsifiant : lécithine de soja.**Certifié Rainforest Alliance. Plus d'informations sur ra.org",,
8435608803494,Kombucha Lemon Fantasy,Flax & Kale,"beverages-and-beverages-preparations, beverages, fermented-foods, fermented-drinks, tea-based-beverages, kombuchas",spain,,,,b,,,,,
2608105026116,Guimauve fantaisie enrobée de chocolat noir,,,france,,,,unknown,,,,,
5449000147172,Fanta Orange,Fanta,,italy,,,,unknown,,,,,
8008660772130,Confettura extra Fantasy,"Fantasy, Menz & Gasser","breakfasts, spreads, sweet-spreads",italy,,,,d,,,,,
2608104020016,Guimauve fantaisie enrobée de chocolat au lait,,,france,,,,unknown,,,,,
5000112646115,Orange,"Fanta, Coca-Cola Company","beverages-and-beverages-preparations, plant-based-foods-and-beverages, beverages, plant-based-beverages, carbonated-drinks, fruit-based-beverages, sodas, fruit-sodas, orange-soft-drinks, beverages-with-orange",netherlands,"plastic, pet-polyethylene-terephthalate, transparent-pet",,,e,4.0,,"Sprankelend water; sinaasappelsap uit concentraat (6.5%); suiker; voedingzuren: citroenzuur, appelzuur, natriumcitraten; natuurlijke sinaasappelaroma's met andere natuurlijke aroma's; zoetstoffen: natriumcyclamaat, acesulfaam-K, sucralose; conserveermiddel: kaliumsorbaat; antioxidant: ascorbinezuur; wortelconcentraat; stabilisator: guarpitmeel; kleurstof: carotenen.",,
8005525036499,Peperoncino,Fantasie Aromatiche,,italy,,,,unknown,,,,,
7801610002117,Fanta,coca cola,"beverages-and-beverages-preparations, beverages, carbonated-drinks, sodas, sweetened-beverages",chile,glass,,,unknown,4.0,,"CREPUSCULO, ACESULFAMO K, E.D.T.A. rojo allura AC y DSS. denzoato de sodio, almidón modificads, citrato de sodio, SÚCRALOSA NGREDIENTES: Agua carbonatada, azúcar, ácido citrico, polifosia SO SECO Y PROTEGIDO DEL SOL. FANTA ES MARCA REGISTR ERCACION CHILENA. CONSUMIR ANTES DE LA FECHA INDICADA B",,
8058269580124,Le fantaisie,Migross,,"france, italy",,Migross,,unknown,,,,,
8012666028108,Insalata fantasia,Carrefour,,switzerland,,,,unknown,,,,,
39424556,Nutella,Fanta,,italy,,,,unknown,,,,,
8025797060107,Funghi fantasia di bosco 4 varietà,,,italy,,,,unknown,,,,,
4059699087997,Fantasia ortolana,"Eismann, Fach 1",,"germany, italy",,,,unknown,,,,,
8028129003216,Musli fantasia croccante al farro integrale,Viologic,,italy,,,,unknown,,,,,
5449000003232,Fanta orange,Coca-Cola,"beverages-and-beverages-preparations, beverages",greece,,,,unknown,,,"δε, Ρθμστής Οξύτητας: Γλυκονικό Νάτριο, Συντηρητικό Σορβικό Κάλο, Πυκα λεpιούχο Αναψυκτικό με χυμό noρτοκαλιού από συμπικwμίο r Νε σάκκαρο και γλυκαντικά, Συστατικά: Νερό , Χυμός Πορτοκαλιού 0ya Ακευουλφαμη Κ και Σουκραλόζη, Αντιοξειδωτικό: Ασκορβικό 0ξυ, Σαθεροποιατής και Τρυγικό οξύ) , ουσικές Αρωματικές Υλες Πορτοκαλιού με άλλες φυσκς φ μέρος, μακριά από την απευθείας έκθεση στον ήλιο,, Προολαμβονομενη noσότητα αναφοράς ενός 1,5L - 0 Aεpιούχο Αναψυκτικό με χυμό Πορτοκαλιού από συμπυκνομάο Τα GR: NapaokeudCEraI ano Tnv Coca-Cola 3E EModoc A,B,E,E, 151 25 MapovoL, CY: Coca-Cola HBC Kompov ATA, T,8, 22000, 1515 Λευκωσία, Xapic xpéwan) GR: 80011-55800 CY: 8000-2222 μερος, μακριά από την απευθείας εκθεση στον ΠAθ, R Πρασκενά ται σν ΔΙΑΤΡΟΦΙΚΗ ΔΗΛΩΣΗ ΑΝΑ Evepyeia: 100 ml 250 ml (%*) 142 kJ/",8.0,33.0
4250481912729,FANTA Strawberry & Kiwi,Fanta,,germany,,,,unknown,,,,,
4250481912743,FANTA Lemon,Fanta,"beverages-and-beverages-preparations, beverages, sweetened-beverages",germany,,,,d,,,,,
02417639,Fanta zero exotic,Fanta,,sweden,,,,unknown,,,"färgtistel, citron, svartvinbär), sötningsmedel (aspartam, acesulfam k), e331), citrusextrakt, frukt - och växtkoncentrat (aronia, morot, fläderbär, kolsyrad läskedryck med tropisk fruktsmak. innehåller sötningsmedel. passionsfrukt 0.2%, persika 0.2%), surhetsreglerande medel (e330, ingredienser: kolsyrat vatten, juice från koncentrat 3% (apelsin 2.6%, *referensintag för en genomsnittlig vuxen (8400kj/",,
7616500672857,Fantastic Berry,Skai,"snacks, sweet-snacks, confectioneries, chewing-gum, sugar-free-chewing-gum",switzerland,,Migros,,not-applicable,4.0,unknown,"Su sirup Sucralose und Steviolglycoside, kaumasse (mit Antioxidationsmite 306), Aromen, Verdickungsmittel: Gummi arabicum, Sauerungs pel: Citronensäure und Apfelsäure, Feuchthaltemittel: E1518 und E422, Überzugsmittel: E903, Schwarzkarottenkonzentrat. Kann bei übermässigem Verzehr abführend wirken. Gomme à mächer sans sucre avec édulcorants Ingrédients: édulcorants: xylitol 30%, Isomalt, mannitol, sirop de maltitol, sucralose et glycosides de stéviol, gomme base (avec anti - oxydant: E 306), arômes, épaississant: gomme arabique, acidifiants: acide citrique et acide malique, humectants: E1518 et E422, agent d'enrobage: E903, concentré de carottes noires. Une consommation excessive peut avoir des effets laxatifs. Nährwerte valeurs nutritives: 100g enthalten | contiennent Energie | énergie 744 kJ (179kcal), Fett | matières grasses 1.28, davon gesättigte Fettsäuren | dont acides gras saturés 1,2g, Kohlenhydrate glucides 69g, davon Zucker | dont sucres 0,1g, davoimehrwertige Alkohole | dont polyols 69g. Ballaststoffe | fibres alimentaires 1,1g. Elweiss protéines &lt;0,5g, Salz | sel 0,01g Elaboré en Suisse Hersteller/duit par/Prodotto da: MIGROS Industrie Vertrieb/Distribution/Distribuzione: Migros-Genoenschal Bund, CH-8031 Zürch Migros Fran F-74160 CH-080 4 0848 MIGROS e 20g 2011.127 www.skal.ch MIGROS",,
8026396017301,Insalata gusto e fantasia,iperal,"plant-based-foods-and-beverages, plant-based-foods, fruits-and-vegetables-based-foods, vegetables-based-foods, vegetables, fresh-foods, fresh-plant-based-foods, leaf-vegetables, fresh-vegetables, leaf-salads","italy, switzerland",,Iperal,,unknown,1.0,,"INDIVIA RICCIA, INDIVIA SCAROLA, PAN DI ZUCCHERO, RADICCHIO ROSSO, RUCOLA, CAROTE",,
0841905060016,Dark Fantasy Choco Fills LUXURIA,Sunfeast,,united-states,,,,unknown,,unknown,,36.0,520.0
8006476110061,Fantasy Tartufo,Gelati Royal,"desserts, frozen-foods, frozen-desserts, ice-creams-and-sorbets, ice-creams",italy,,,,d,,,,,
5449000298652,Fanta  zero zuccheri,Fanta,,italy,"plastic, hdpe-high-density-polyethylene, it:bottiglia-pet",,,unknown,,,,,
8031738040008,Fantasia,,,italy,,,,unknown,,,,,
8002970116301,Mix funghi fantasia,,,italy,,,,unknown,,,,,
8009710001903,Rom Fantasia,Valdoglio,"beverages, alcoholic-beverages",italy,,,,not-applicable,,,,,
8000003058529,Fantasia di verdure,Nattùra,,italy,,,,unknown,,,,,
4605246004278,Earl Grey Fantasy,Greenfield,"plant-based-foods-and-beverages, beverages, hot-beverages, plant-based-beverages, teas, black-teas, flavored-teas, teas-with-bergamot",russia,"plastic, paper, cardboard",,Russie,unknown,,,"чай чёрный, ароматизатор &quot;бергамот&quot;",,
8001300437505,FANTASIA DI FAGIOLI,"Despar, Spar",,italy,,,,unknown,,,,,
3665676000050,Fanta saveur raisin,Fanta,,french-polynesia,,,,unknown,,unknown,,9.6,40.0
7840058002280,Fanta Naranja Zero,Fanta,"beverages, carbonated-drinks, sodas",paraguay,,,,b,,not-applicable,,0.0,0.0
4099200873114,Insalatadi riso FANTASIA,,,italy,,,,unknown,,,,,
0049000545432,Fanta,Fanta,"beverages, carbonated-drinks, sodas",united-states,,,,unknown,,,,,
5449000011541,,"Coca-Cola Company, Fanta","beverages-and-beverages-preparations, beverages","france, germany",,,,unknown,,,,,
4059699171207,Fantasia mediterranea,,,italy,,,,unknown,,,,,
0397269153760,Fantasia di pollo e peperoni,,,italy,,,,unknown,,,,,
50112173,Fanta,Fanta,"beverages-and-beverages-preparations, plant-based-foods-and-beverages, beverages, plant-based-beverages, carbonated-drinks, fruit-based-beverages, sodas, fruit-sodas, orange-soft-drinks, sweetened-beverages",germany,,,,d,4.0,,"Wasser, Zucker, Orangensaft aus Orangensaftkonzentrat 13%), Kohlensäure, Säuerungsmittel (Citronensäure, Apfel - Säure), Citrusextrakt, Säureregulator Natriumgluconat, Stabilisatoren (E414, E412 und E445), Aroma, Antioxi dationsmittel Ascorbinsäure, Farbstoff Carotin.",,
5449000256751,Aranciata rossa,Fanta,"beverages-and-beverages-preparations, plant-based-foods-and-beverages, beverages, plant-based-beverages, fruit-based-beverages, beverages-with-orange",italy,,,,d,4.0,,"Acqua, succo di &quot;Arancia Rossa di Sicilia IGP&quot; da concentrato (20%), anidride carbonica, acidificanti: acido citrico e acido malico, estratto di patata dolce, cartamo, carota e ciliegia, aromi naturali di agrumi, correttore di acidità: gluconato di sodio, edulcoranti: ciclammato di sodio, acesulfame K e sucralosio, conservante: sorbato di potassio, antiossidante: acido ascorbico.",,
04110064,Fanta Berry,Fanta,"beverages-and-beverages-preparations, beverages, carbonated-drinks, sodas",france,,,,e,,,,,
5000112646276,Pomelo,Fanta,"beverages-and-beverages-preparations, beverages, artificially-sweetened-beverages",netherlands,nl:pet-fles,,,unknown,4.0,,"Sprankelend water; pomelosap uit sapconcentraat (3.4%); voedingszuren: citroenzuur, natriumcitraat; natuurlijke pompelmoesaroma's   met andere natuurlijke aroma's; kleurstoffen: anthocyanen, carotenen;  zoetstoffen: aspartaam, acesulfam-K; conserveermiddel:    kaliumsorbaat.",,
5449000011312,Fanta orange,Fanta,,united-kingdom,,,,unknown,,,,,
5000112646184,Orange no sugar,Fanta,"beverages-and-beverages-preparations, plant-based-foods-and-beverages, beverages, plant-based-beverages, carbonated-drinks, fruit-based-beverages, juices-and-nectars, artificially-sweetened-beverages, sodas, fruit-juices",netherlands,,,,unknown,4.0,,"Sprankelend water, sinaasappelsap uit concentraat (4%), voedingszuren: citroenzuur, appelzuur, natriumcitraat, zoetstoffen: aspartaam, acesulfaam-K, conserveermiddel: kaliumsorbaat, antioxidant: ascorbinezuur, natuurlijke sinaasappelaroma's met andere natuurlijke aroma's, wortelconcentraat, stabilisator: guarpitmeel, kleurstof: carotenen",,
5999565695422,Fantasy mango - passion fruit,Stühmer,"snacks, sweet-snacks, cocoa-and-its-products, chocolates",hungary,paper,Aldi,Budapest,e,4.0,,"Sugar, cocoa butter, mango-passion fruit powder 15% (maltodextrin, mango puree, passion fruit puree), emulsifier: sunflower lecithin.",51.9,569.0
7771609000847,Fanta sabor Papaya,"Fanta,Coca-Cola","beverages, carbonated-drinks, artificially-sweetened-beverages, sodas, non-alcoholic-beverages, sweetened-beverages",bolivia,"plastic, pet-polyethylene-terephthalate, bottle, transparent-pet",,,e,4.0,not-applicable,"AGUA CARBONATADA, AZÚCAR, SABORIZANTE DE PAPAYA (SABORIZANTE IDÉNTICO AL NATURAL), REGULADOR DE LA ACIDEZ (SIN 330), SUSTANCIAS CONSERVADORAS (sin 211, SIN 385), EDULCORANTES (ACESULFAME K 0.004% (SIN 950), ASPARTAME 0.008% (SIN 951)), COLORANTES (SIN 102, SIN 110),",6.5,29.0
5000112646313,Cassis,Fanta,"beverages-and-beverages-preparations, plant-based-foods-and-beverages, beverages, plant-based-beverages, carbonated-drinks, fruit-based-beverages, sodas, fruit-sodas, blackcurrant-soft-drinks",netherlands,,,,unknown,4.0,,Sprankelend water; suiker; zwarte bessensap uit sapconcentraat (5%); voedingszuur: citroenzuur; kleurstof: anthocyanen; natuurlijke zwarte bessenaroma's; conserveermiddel: kaliumsorbaat.,,
5000112646252,a exotic,Fanta,"beverages-and-beverages-preparations, plant-based-foods-and-beverages, beverages, plant-based-beverages, carbonated-drinks, fruit-based-beverages, sodas, fruit-sodas, sodas-with-exotic-fruits",netherlands,,,,unknown,4.0,,"#Sprankelend water; vruchtensap uit concentraat 4.4% (sinaasappel 3%,perzik 0.5%, appel 0.4%, passievrucht 0.1%); voedingszuren:citroenzuur, appelzuur; conserveermiddel: kaliumsorbaat; wortel - en saffloerconcentraat; zoetstoffen:acesulfame-K, aspartaam;natuurlijke aroma's; stabilisatoren: guarpitmeel, glycerolesters van houthars.#",,
5449000214522,0 sugar fruit twist,Fanta,,luxembourg,pet-bottle,,,unknown,4.0,unknown,Carbonated Water. Fruit Juices From Concentrate 4.4% Orange 3.4 Peach 05 Apple 04 Passion Fruit 0.1%). Acids Citric Acid Malic Acid). Preservative (Potassium Referenc Sorbate Vegetable And Plant Concentrates (Carrot (8400kJ Safflower Sweeteners (Aspartame. Acesulfame Kl. Best Beld Natural Flavourings Stabilisers (Glycerol Esters Of Store in Wood Rosins. Guar Gumi Contains a Source of away fro Phenylalanine. 2023 The Coca-Cola Company Coca-Co CCEP GB,,3.0
5000112644876,Fanta Grape,Fanta,,united-kingdom,,,,unknown,,,,,
8005695008074,Insalatella - fantasia di verdure,,,italy,,,,unknown,,,,,
5449000256225,Fanta Cocktail,Fanta,,guinea,,,,unknown,,unknown,,,
9310036074649,fantale custard,,,australia,,,,unknown,4.0,unknown,"noion ving size: 170 g cream, milk solids. thickener per 100 g (1442, from 637 kj (152 cal) tapioca), cocoa (1.5%). flavours, stabilisers (407, 452,412,415. 410). 18.5g 4mg 113 mg rary intake in en 1°c and 5 °c. 8112493 nol reg. est. no. 677",,
4260301520560,Fanta Cassis,,,germany,,,,unknown,,,,,
4056489514206,Truffes fantaisie,FAVORINA CHOCOLATS DE FÊTE,"snacks, sweet-snacks, cocoa-and-its-products, confectioneries, frozen-foods, chocolate-candies, bonbons, chocolate-truffles",france,cardboard,Lidl,France,e,4.0,,"Graisse végétale (noix de coco), sucre, cacao maigre en poudre, lactosérum en poudre (lait), 1% cacao en poudre, émulsifiant : lécithines (soja), arôme naturel de vanille. contenant du gluten (blé, orge), d'arachides, de fruits à coque (amande, noisette, noix de pécan, pistache) et d'œufs.",,
5449000294340,mangue et fruit du dragon,Fanta,,france,,carrefour.fr,,unknown,,,,,
4056489514213,Truffes Fantaisie Caramel,Favorina,"snacks, sweet-snacks, cocoa-and-its-products, confectioneries, chocolate-candies, bonbons, chocolate-truffles",france,,,,e,4.0,,"Graisse végétale (noix de coco), sucre, cacao maigre en poudre, lactosérum en poudre (lait), 5% éclats de caramel au beurre salé (sucre, sirop de glucose, lait entier en poudre reconstitué, crème fraiche, 0.18% beurre salé (crème, 2% sel dans le beurre, ferments lactiques), 1% cacao en poudre, 0.35% sel, arôme caramel, émulsifiant : lécithines (soja), arôme naturel de vanille.",,
8005525036444,Pepe,Fantasie Aromatiche,,italy,,,,unknown,,,,,
42357766,Fanta 30cl,Fanta,,reunion,,,,unknown,,,,9.2,37.0
3366961140184,Guimauve (fantaisie) Cédrat et Clementine corse,Phitest,"snacks, sweet-snacks, confectioneries, candies, marshmallows",france,,,,unknown,,,,,
8004263910634,Contorno fantasia,Pam Panorama,,italy,,,,unknown,,,,,
5425028905222,fanta strawberry,Fanta,"beverages, carbonated-drinks, sodas, sweetened-beverages",belgium,,,,e,,,,,
5449000226679,Fanta,Fanta,"beverages, carbonated-drinks, sodas",tunisia,canette-aluminium,,Tunisie,e,,,,10.1,41.0
5000112652017,Shokata,Fanta,,france,,,,unknown,,,,,
8023788022745,Fantastic burger,Vegamo,"plant-based-foods-and-beverages, plant-based-foods",italy,,,,d,,,,,
4056489514220,Truffes Fantaisie aux écorces d'oranges confites,"Favorina, Lidl","plant-based-foods-and-beverages, plant-based-foods, fruits-and-vegetables-based-foods, snacks, sweet-snacks, vegetables-based-foods, cocoa-and-its-products, confectioneries, chocolate-candies, mushrooms-and-their-products, bonbons, mushrooms, truffles, chocolate-truffles",france,sachet-en-plastique,Lidl,,e,4.0,,"Graisse végétale (noix de coco), sucre, cacao maigre en poudre, lactosérum en poudre (lait), 5% éclats d'écorce d'orange confite (écorce d'orange, sucre, sirop de glucose-fructose, correcteur d'acidité: acide citrique), 1% cacao en poudre, émulsifiant : lécithines (soja), arôme naturel d'orange, arôme naturel de vanille,",,
3083680678407,Contorno Fantasia,"Bonduelle, Bonduelle restauration",vegetables-unprepared-unprocessed-frozen,italy,,,,a,4.0,,"Green zucchini, carrots, prefried potatoes 30% (potatoes, sunflower oil, stabiliser : E450). May contain : CELERY",,
8032727111433,Farfalle Fantasia,Natura Amica,"plant-based-foods-and-beverages, plant-based-foods, pastas",italy,,,,unknown,,,,,
9310155004510,Delites Honey Soy Chicken,Fantastic,"snacks, salty-snacks, appetizers, biscuits-and-crackers, crackers-appetizers",australia,,,,d,4.0,,"rice flour (53%), maize starch, seasoning (sugar, glucose, salt, natural flavours, maltodextrin, soy sauce powder, tapioca dextrin, onion powder, chicken powder, dextrin, corn starch, chicken fat, caramelised sugar, gelling agent (e508), anticaking agent (e551), colours (e150a, e160c, e141), spice, natural flavours, emulsifier (e433), thickener (e414), vegetable oil (antioxidant (e320)), potato starch, potato flakes (preservative (e222), tapioca starch, bamboo fibre, sugar, salt. contains: soy, sulphites. may contain traces of: milk, sesame. 216mg",,
5000112625240,fanta exotic,Fanta,,italy,it:bottiglia-pet,,,unknown,,,,,
8436007762573,,Infanta,,spain,,,,unknown,,,,,
5449000045317,Fanta,Fanta,,united-kingdom,,,,unknown,,,,,
8935049501558,Fanta viet quat,"Fanta, Coca-Cola","beverages-and-beverages-preparations, plant-based-foods-and-beverages, beverages, plant-based-beverages, carbonated-drinks, fruit-based-beverages, sodas, fruit-sodas, colas, sweetened-beverages",vietnam,,,,e,4.0,,"Vann med kullsyre, sukrose, høy fruktose mais sirup, naturlige aroma, sitronsyre, eplesyre, natriumcitrat, kaliumsorbat, natriumbensoat, farge: blå 1.",,
8005525037434,CIPOLLA IN POLVERE,Fantasie Aromatiche,,italy,,,,unknown,,,,,
8008660890025,Confiture extra d'Abricot,"FANTASY, Fantasy, Menz & Gasser","plant-based-foods-and-beverages, plant-based-foods, fruits-and-vegetables-based-foods, breakfasts, spreads, fruits-based-foods, plant-based-spreads, sweet-spreads, fruit-and-vegetable-preserves, jams, apricot-jams",italy,,,,d,4.0,,"abricot, sucre, sirop de glucose-fructose, gélifiant : pectine, Correcteur d'acidité : acide citrique et citrate de calcium.",,
3665676000425,FANTA FRAMBOISE,Fanta,,french-polynesia,,,,unknown,,unknown,,23.0,94.0
9300675047418,Fanta,Fanta,,france,,,,unknown,,,,,
8015167005197,Vaschetta crema,Gusto e fantasia,"desserts, frozen-foods, frozen-desserts",italy,,,,d,,,,,
8008660890001,Confiture extra d' abricots,"Fantasy, Menz & Gasser","plant-based-foods-and-beverages, plant-based-foods, breakfasts, spreads, frozen-foods, plant-based-spreads, sweet-spreads, fruit-and-vegetable-preserves, jams, apricot-jams",france,,,,d,4.0,,"abricots, sucre, sirop de glucose-fructose, gélifiant: pectine, correcteurs d'acidité: acide citrique, citrate de calcium",,
9310155001199,Rice Crackers Sweet Chilli & Sour Cream Flavour,Fantastic,"snacks, salty-snacks, appetizers, biscuits-and-crackers, crackers-appetizers",australia,,,,unknown,4.0,,"crackers are an irresistible snack be enjoyed anytime, anywhere. eir own, or with a tasty dip or topping u can rely on fantastic rice cracker or gredhs: rict i1our (84%), seasoning (sugar, salt. sour cream powder, flavour, spices, flavour enhancers (621,635), maltodextrin, food acids (262, 330), onion powder, garlic powder, yeast extract, anticaking agent (551)), sunflower oil (antioxidant (320)), sugar, salt. contains milk. may contain traces of soy and sesame.",,
3481291017033,Truffes fantaisie,Mathez,"snacks, sweet-snacks, cocoa-and-its-products, confectioneries, chocolate-candies, bonbons, chocolate-truffles",france,,,,e,,,,,
2014000079605,Halloween fantasmas,,,spain,,,,unknown,,,,,
5609690820988,The fantastic World Of The Portuguese Sardine,,,france,,,,unknown,,,,,
9310155755696,Sour Cream & Chives Flavour Rice Crackers,Fantastic,"snacks, salty-snacks, appetizers, biscuits-and-crackers, crackers-appetizers, rice-crackers","australia, new-zealand",,,,e,4.0,,"rice (74%), vegetable oil (antioxidant (307b)), sugar, flavours (milk), cheese powder (milk), nion, salt, whey powder (milk), milk powder, yeast extract, flavour enhancers (631, 627), pepper, garlic powder, colours (paprika oleoresin, turmeric). contains: milk, soy may contain traces of: egg, sesame.",,
8033866611099,"Fantasia gamberi, vongole e zucchine",,,italy,,,,unknown,,,,,
7802820452204,Bebida de Fantasía Sabor Pera,Benedictino,,chile,,,,unknown,,,,,
3780155705209,Fanta saveur orange,Fanta,,france,,,,unknown,,,,,
3760018840100,Fanta saveur orange,,,france,,,,unknown,,,,,
3560071428822,Truffes fantaisie,Carrefour,"snacks, sweet-snacks, cocoa-and-its-products, confectioneries, chocolate-candies, bonbons, chocolate-truffles","france, italy, spain",,Carrefour,,e,4.0,,"Graisses végétales (palmiste, palme), sucre, cacao maigre en poudre 14%, _lactosérum_ en poudre, arôme naturel de vanille, beurre de cacao. Peut contenir des traces de céréales contenant du gluten et de fruits à coque.",,
9415142006017,FANTASTIC FRUIT TOAST,,,new-zealand,,,,unknown,,,"wheat flour water, sultanas (23%), mixed whole grains (10%) (kibbles rye, kibbled wheat, kibbled purple wheat, oat bran), wheat gluten baker's yeast, wholemeal rye flour, vegetable oil, vinegar, potato flakes, jodised salt fermented wheat flour, contains: gluten cereals, may be present: sy,",43.614457831325,244.57831325301
0656750747926,Fantastique Tradicional,Felices Las Vacas,"plant-based-foods-and-beverages, plant-based-foods, spreads, plant-based-spreads, salted-spreads, specific-products, products-for-specific-diets, refrigerated-foods, products-without-gluten","argentina, bolivia",,,,c,4.0,,"Agua, almendras, aceite vegetal interesterificado, almidón, sal, REGULADOR DE ACIDEZ (ácido cítrico INS 330), ESPESANTE (goma guar INS 412).",0.7,205.0
4014400926569,Mamba Fantastic Mix,Mamba,,germany,,,,unknown,,,,,
7894900093292,Guaraná Fanta,coca cola,"beverages, carbonated-drinks, sodas, sweetened-beverages, pt:refrigerante",brazil,plastic,,,unknown,,,"ÁGUA GASEIFICADA, AÇÚCAR, EXTRATO DE GUARANĂ, AROMA SINTÉTICO IDÊNTICO AO NATURAL, ACIDULANTE ÁCIDO CÍTRICO, CORANTE CARAMELO IV, REGULADORES DE ACIDEZ CITRATO DE POTASSI E CITRATO DE SÓDIO, CONSERVADORES SORBATO DE POTÁSSIO E BENZOATO DE SODIO.",,
8054633400036,Fantasie di cereali,,,italy,,,,unknown,,,,,
5449000151087,Fanta Zero Orange 8pk,Coca cola,"beverages-and-beverages-preparations, beverages, artificially-sweetened-beverages, diet-beverages",united-kingdom,,,,unknown,4.0,,"Carbonated Water, Orange Juice From Concentrate (42), Acids Citric Acid. Malic Acid). Sweeteners Cyclamates, Acesulfame-K. Sucralose, Stevial Glycosides From Stevia. Nechesperidine DC). Natural Orange Favouring With Other Natural Flavourings, Preservative (Potassium Sorbate). Antioxidant (Ascorbic Acid), Stabiliser (Guar Gum). Colour (Carotenes).",,
2608104021327,Guimauve fantaisie enrobée de chocolat au lait,,"snacks, sweet-snacks, confectioneries, candies",france,,,,unknown,,,,,
2608105024662,Guimauve fantaisie enrobée de chocolat noir,Grand frais,,ireland,,,,unknown,,,,,
2608104018044,Guimauve fantaisie enrobée de chocolat au lait,,,france,,,,unknown,,,,,
4902102141369,Fanta,Fanta,,france,,,,unknown,,,,,
2608285009381,Croco pik confiserie fantaisie,,,france,,,,unknown,,,,,
5000112652024,Fanta exotique,Fanta,,france,,,,unknown,,,,,
8032154100949,Cioco fantasy,,,italy,,,,unknown,,,,,
3481291019549,Truffes fantaisie,,"snacks, sweet-snacks, cocoa-and-its-products, confectioneries, chocolate-candies, bonbons, chocolate-truffles",france,,,,e,,,,,
3421371530366,Truffes fantaisie,Chevaliers d'Argouges,,france,,,,unknown,,,,,
9310155010948,lightly salted sweet potato chips,Fantastic,,australia,,,,unknown,,unknown,,2.8,310.8
5449000054814,Fanta,Fanta,,italy,,,,unknown,,,,,
4260231225733,Fanta tropical,Fanta,"beverages-and-beverages-preparations, beverages, carbonated-drinks, sodas",germany,,,,unknown,,,,,
5449000092151,Fanta Cassis,Fanta,,france,,,,unknown,,,,,
4251362162196,Sweat fantaisy,,,france,,,,unknown,,,,,
3588400262602,Truffe fantaisie,,,france,,,,unknown,,,,,
3481291017064,Truffes fantaisie,Mathez,"snacks, sweet-snacks, cocoa-and-its-products, confectioneries, chocolate-candies, bonbons, chocolate-truffles",france,,,,e,4.0,,"Français : Truffes Fantaisie  : graisses végétales (coprah, palmiste), sucre, cacao maigre en poudre, lactosérum en poudre, cacao en poudre, émulsifiant : lécithines de soja. Traces éventuelles de gluten, amandes, noisettes, oeufs et pistaches. A consommer de préférence avant le :voir étiquette sur la boite - LOT: voir étiquette sur la boite. A consommer de préférence avant le 15/02/2024 Lot L2307011 ids net/ Net Weight 500 g (2 sachets fraicheuz) 17.6 0z (2 foiled bags) 3 481291 017064 Valeurs nutritionnelles Nutrition information Energie/Energy Matières grasses/Fat dont addes gras saturés/of which saturates Gluides/Carbohydrate dont sures/ of which sugars Protéines / Protein Sel/Salt English : Cacao Truffles Per 1 2490 kKJ / 60 - owder, whey powde",,
5449000303066,Fanta ananas,Fanta,,switzerland,,,,unknown,,,,,
5449000285553,Fanta casis,Fanta,,france,,,,unknown,,,,,
5449000235374,Fanta Orange Zero,Fanta,,luxembourg,,,,unknown,,,,0.4,3.0
3481291017040,TRUFFES FANTAISIE,Mathez,"snacks, sweet-snacks, cocoa-and-its-products, confectioneries, chocolate-candies, bonbons, chocolate-truffles",italy,,,,e,,,,,
0089087157562,Tropical Fantasy Grape,,food,united-states,,,,b,,,,5.8333333333333,20.833333333333
5449000297877,Fanta - Elderflower & Lemon,"Fanta, Fanta - The Coca Cola Company","beverages-and-beverages-preparations, beverages, carbonated-drinks, artificially-sweetened-beverages, sodas, sweetened-beverages","belgium, denmark, germany",de:1-aluminiumgehäuse-33cl,,,e,4.0,,"Vand, sukker, kuldioxid, citronjuice fra koncentrat (3%), surhedsregulerende middel (E330, E296, E576), stabilisator (E414, E445), naturlige aromaer, sødestof (acesulfam K, sucralose), antioxidant (E300), hyldeblomst ekstrakt.",,
3173287636143,Truffes fantaisie,,"snacks, sweet-snacks, cocoa-and-its-products, confectioneries, chocolate-candies, bonbons, chocolate-truffles",france,,,,e,,,,,
3222477745575,Beaumesnil Truffes fantaisie ecorces doranges confites,Beaumesnil,"snacks, sweet-snacks, cocoa-and-its-products, confectioneries, chocolate-candies, bonbons, chocolate-truffles",france,,,,e,,,,,
8005525036130,Rosmarino,Fantasie Aromatiche,,italy,,,,unknown,,,,,
8002590073084,Fantasie golose,Sapori,"snacks, sweet-snacks, biscuits-and-cakes, confectioneries, pastries",italy,,,,e,,,,,
5449000302601,Fanta Lemon,Fanta,,united-kingdom,pet-bottle,,,unknown,,unknown,,,
4260301522694,Fanta Lemon,Fanta,,germany,,,,unknown,,,,,
2608104022836,guimauve fantaisie enrobee de chocolat au lait,,,france,,,,unknown,,,,,
4260517180527,Fanta Exotic,,,germany,,,,unknown,,,,,
3290041001303,Truffes Fantaisie,Guyaux,"snacks, sweet-snacks, cocoa-and-its-products, confectioneries, chocolate-candies, bonbons, chocolate-truffles",france,,,,e,,,,,
3481292301292,Truffe fantaisie aux brisures de crepe dentelle,Mathez,"snacks, sweet-snacks, cocoa-and-its-products, confectioneries, chocolate-candies, bonbons, chocolate-truffles",france,,,,e,,,,,
3481290009602,"Truffes Fantaisie, Shokolade",,,france,,,,unknown,,,,,
3266191157085,Truffes Fantaisie éclats caramel,La Vie Claire,,france,,La Vie Claire,,unknown,,,,,
3481290025954,Truffes Fantaisie,,,france,,,,unknown,,,,,
3481290022458,Truffes fantaisies aux cookies,,,france,,,,unknown,,,,,
3481290022441,Truffes fantaisie aux macarons,Truffe Fantaisie,"snacks, desserts, sweet-snacks, biscuits-and-cakes, pastries, macarons",france,,,,e,,,,,
3481294500648,Truffes Fantaisie,Mathez,"snacks, sweet-snacks, cocoa-and-its-products, confectioneries, chocolate-candies, bonbons, chocolate-truffles",france,,,,e,,,,,
8005525037267,Prezzemolo,Fantasie Aromatiche,,italy,,,,unknown,,,,,
7004712639377,Fanta exotic,,,germany,,,,unknown,,,,,
3481291017910,Truffe fantaisie aux eclats de popcorn,,"snacks, sweet-snacks, cocoa-and-its-products, confectioneries, chocolate-candies, bonbons, chocolate-truffles",france,,,,e,,,,,
3481291013264,Truffes fantaisie,,"snacks, sweet-snacks, cocoa-and-its-products, confectioneries, chocolate-candies, bonbons, chocolate-truffles",france,,,,e,,,,,
3290270249507,Meringues fantaisies,Doucinelle,,france,,,,unknown,,,,,
4088700070079,Strawberry Fantasy,Pick D,,germany,,,,unknown,,,,,
3481294500730,Truffes fantasie,Mathez,"snacks, sweet-snacks, cocoa-and-its-products, confectioneries, chocolate-candies, bonbons, chocolate-truffles",france,,,,e,,,,,
4316268455534,Mini-Mix-Hörnchen,"Ice Fantasy, Netto MD","desserts, frozen-foods, frozen-desserts, ice-creams-and-sorbets, frozen-cones, ice-creams, ice-cream-cones",germany,papp-schachtel,,,e,4.0,,"Waffelhörnchen mit Vanilleeis, dekoriert mit kakaohaltiger Fettglasur und weißen Schokoladenräspeln Zutaten: 57,3% Vanilleeis (entrahmte Milch, Zucker, Kokosöl, Glukose-Fruktose-Sirup, Laktose, Glukosesirup, Milcheiweiß, Emulgator: Mono - und Diglyceride von Speisefettsäuren; Vanilleextrakt, Stabilisator: Johannisbrotkernmehl, Guarkernmehl), 22,5% Waffelhörnchen (Weizenmehl, Zucker, Kokosöl, Emulgator: Lecithine [enthält Soja]; Speisesalz), 17,4% kakaohaltige Fettglasur (Kokosöl, Zucker, 15% fettarmes Kakaopulver¹2 Emulgator: Lecithine [enthält Soja), 2,8% weiße Schokola - denraspeln (Zucker, Vollmilchpulver, Kakaobutter', natürli - ches Vanillearoma, Emulgator: Lecithine [enthält Soja]). Rainforest Alliance-zertifiziert 2entspricht 2,6% fettarmem Kakaopulver bezogen auf das Gesamtprodukt Das Produkt kann Spuren von Hühnereiern und Schalen - früchten enthalten. Durchschnittliche pro Nährwerte 100 g %RM* pro 100g pro Portion %RM* 17,8g, 1 Stück pro 17,8g Brennwert 1346 kJ/",,
3173287346103,Truffes Fantaisie jacquot,Jacquot,,france,,,,unknown,,,,,
4902102038720,Fanta grape,"Coca-Cola,Coca-Cola Company,Fanta","beverages-and-beverages-preparations, plant-based-foods-and-beverages, beverages, plant-based-beverages, carbonated-drinks, fruit-based-beverages, sodas, fruit-sodas","france, vietnam",,,,e,4.0,,"Nước, xi-ố ngô hạm lượng fructose cao, nước ép nhỏ 1%, chiết xuất TURE POTEIN CERTexum tho 0,1%, chất bao khi (acd cacoonc), hương nho tổng hợp, chất điều chỉnh độ aud (acid citric/INS30), chất tạo máu tự nhiên (caramel/INS150a anthocyann/INS163), chất bảo quán (natri benzoatNS211), chất tạo ngọt tự nhiên (tevalN590a), vitamin B6",,
3481291014612,Truffles fantaisie,,,france,,,,unknown,,,,,
4032549028265,Fanta traube,Fanta,"beverages-and-beverages-preparations, beverages, carbonated-drinks, sodas",germany,,,,d,,,,,
8002590068196,Fantasie classiche,Sapori,"snacks, sweet-snacks, biscuits-and-cakes, pastries",italy,,,,e,,,,,
3481291019396,Truffe fantaisie aux éclats de popcorn,Mathez,,france,,,,unknown,,,,,
7894900093001,Fanta guarana,Fanta,"beverages-and-beverages-preparations, plant-based-foods-and-beverages, beverages, plant-based-beverages, carbonated-drinks, fruit-based-beverages, sodas, sweetened-beverages, pt:Refrigerante",brazil,"metal, recyclable-metals, aluminium",,,e,4.0,,"INGR.: ÁGUA GASEIFICADA, AÇOCAR, EXTRATO DE GUARANA, ACIDULANTE ACIDO CÍTRICO, CORANTE CARAMELO M, AROMATIZANTE, CONSERVADORES SORBATO DE POTÁSSIO E BENZOATO DE SÓDIO E REGULADOR DE ACIDEZ CITRATO DE SÓDIO. VALIDADE/LOTE: VIDE MARCAÇÃO.",,
49333336,Fanta,Fanta,,united-states,,,,unknown,,unknown,,13.0,54.0
3481290040766,Truffes fantaisie,,,france,,,,unknown,,,,,
5413622831610,Fantastic Noisette,,,belgium,,,,unknown,,,,,
8656170005158,,Fanta,,mongolia,,,,unknown,,,,,
3476020550127,Truffes fantaisies,,,france,,,,unknown,,,,,
5000112625233,Fanta,Fanta,,albania,,,,unknown,,unknown,,9.5,166.0
3481294500280,Truffe fantaisie,,"snacks, sweet-snacks, cocoa-and-its-products, confectioneries, chocolate-candies, bonbons, chocolate-truffles",france,,,,e,,,,,
6928804011586,Fanta Pastèque,,,france,,,,unknown,,,,,
3474341720908,Truffes fantaisie noir caramel,,"snacks, sweet-snacks, cocoa-and-its-products, confectioneries, chocolate-candies, bonbons, chocolate-truffles",france,,,,e,,,,,
4260517181296,Fanta Wassermelone,,,germany,,,,unknown,,,,,
3665676001644,Fanta orange,Fanta,"beverages-and-beverages-preparations, plant-based-foods-and-beverages, beverages, plant-based-beverages, carbonated-drinks, fruit-based-beverages, sodas, fruit-sodas, orange-soft-drinks, sweetened-beverages",french-polynesia,,Carrefour,,e,,,,,
5449000152961,"Fanta struguri 2,5 L",,,romania,,,,unknown,,unknown,,,
8000965091619,Fantasie,Consilia,,italy,,,,unknown,,,,,
3481291017507,Truffes fantaisies,Chocolat Mathez,"snacks, sweet-snacks, cocoa-and-its-products, confectioneries, chocolate-candies, bonbons, chocolate-truffles",france,"cardboard, film-plastique",,,e,4.0,,"Graisses végétales (coprah, palmiste), sucre, cacao maigre en poudre, _lactosérum_ en poudre, cacao en poudre, émulsifiant : lécithines de _soja_",,
3481292400407,Truffes fantaisie,,,france,,,,unknown,,,,,
3346040233921,Guimauve fantaisie enrobée de chocolat au lait,La Grande Épicerie de Paris,,france,,,,unknown,,,,,
3481291018337,Truffe fantaisie nature,Mathez,,france,,,,unknown,,,,,
8006063900983,Fantasy dream,Polini,"beverages, alcoholic-beverages",italy,,,,not-applicable,,,,,
8058774180475,Spiedino fantasy,,,italy,,,,unknown,,,,,
3083681145595,Fantasia di verdure,Bonduelle,"plant-based-foods-and-beverages, plant-based-foods, fruits-and-vegetables-based-foods, vegetable-based-foods-and-beverages, canned-foods, vegetables-based-foods, canned-plant-based-foods, canned-vegetables, vegetables-prepared-processed-shelf-stable",italy,,,,a,4.0,,"Vegetables (carrots, peas, green beans, potatoes, flageolet beans), water, salt, natural flavouring, natural CELERY flavouring with others natural flavourings",,
6009189621789,fantasy gums,,,south-africa,,,,unknown,4.0,unknown,"cane sugar · glucose syrup · modified corn starch sorbitols acidity regulators · pectin flavouring (blackcurrant lemon lime orange raspberry strawberry) colourants · glazing agents, 0 allergens made in a factory that uses tree nuts, peanuts and sulphur dioxide,",,
3481294500655,Truffe fantaisie aux eclats caramel,Mathez,"snacks, sweet-snacks, cocoa-and-its-products, confectioneries, chocolate-candies, bonbons, chocolate-truffles",france,,,,e,,,,,
5000112653144,Fanta,,,serbia,,,,unknown,,unknown,,,
7801610671030,Sabor naranja,Fanta,,chile,,,,unknown,,,,,
3481291018344,Truffes fantaisies,Mathez,,france,,,,unknown,,,,,
7894900095005,Refrigerante Fanta Sabor Mistério,"Coca-Cola,Fanta,Coca-Cola Brasil","beverages, carbonated-drinks, sodas, pt:refrigerante",brazil,"metal, recyclable-metals, aluminium",Posto Líder,Brasil,unknown,,not-applicable,,,
3481290036769,Truffes fantaisie,Chocolat Mathez,,france,,,,unknown,,,,,
3701175700708,Truffes fantaisie,Mathez,"snacks, sweet-snacks, cocoa-and-its-products, confectioneries, chocolate-candies, bonbons, chocolate-truffles",france,,,,e,,,,,
3701175702467,Truffes fantaisie,Mathez,"snacks, sweet-snacks, cocoa-and-its-products, confectioneries, chocolate-candies, bonbons, chocolate-truffles",france,,,,e,,,,,
5391521571434,Fantastic Fizzles,,,ireland,,,,unknown,,,,,
9300675087018,No sugar fanta orange,Fanta,,australia,,"Coles,Woolworths,Drakes",,unknown,,,,0.0,1.0
3481290040810,Truffes Fantaisie,,,france,,,,unknown,,,,,
3481294500105,Truffe fantaisie aux éclats de noisette,Mathez,"snacks, sweet-snacks, cocoa-and-its-products, confectioneries, chocolate-candies, bonbons, chocolate-truffles",france,,,,e,,,,,
2608104019744,Guimauve fantaisie enrobée de chocolat au lait,,,france,,,,unknown,,,,,
4260231224934,Grape,Fanta,,germany,,,,unknown,,,,,
2858367002377,Primosale fantasia,,,italy,,,,unknown,,,,,
0049000030761,Pineapple,Fanta,,united-states,card-box,,,unknown,,,,,
5070000358703,Double Chocolate Cereal,cryspy fantasy,,united-kingdom,,,,unknown,4.0,,"THE FUN PART Take our word for it - this is all good stuff. But if you're the trust-but-verify type, have a peek at what's inside. INGREDIENTS Corn Flour, Soy Protein, Organic Agave Syrup, Rapeseed Oil, Inulin (from chicory root), Unsweetened Cocoa Powder, Soy Lecithin, Natural Chocolate Flavour, Pea Starch, Pea Protein, Avocado Oil, Salt, Stevia. For allergens, see ingredients in bold. NUTRITIONAL INFORMATION Typical values Energy Fat of which cature per 100 g 403 kcal 1688 kJ 13.0 g per 30g serving 121 kcal 506 kJ 3.9 g",,
5449000018281,Fanta Orange,Fanta,,ireland,,,,unknown,,,,,
0260500003417,Baguette fantaisie,,,france,,,,unknown,,,,,
7898950331014,Pipoca Fantasia,,"snacks, sweet-snacks, specific-products, products-for-specific-diets, products-without-gluten, popcorn",brazil,plastic,,,unknown,,a,,,
0687385000032,Fanta,Fanta,,united-states,,,,unknown,,unknown,,,
5000112649895,Fanta Raspberry,Fanta,,ireland,,,,unknown,,,,,
5000112649901,fanta grape,Fanta,"beverages, carbonated-drinks, sodas",united-kingdom,,,,b,,,,,
9310155010931,beetroot crackers,Fantastic,,australia,,,,unknown,,unknown,,2.4,315.6
3700766400027,Truffe fantaisie,Esprit Gourmet,"snacks, sweet-snacks, cocoa-and-its-products, confectioneries, chocolate-candies, bonbons, chocolate-truffles",france,,,,e,,,,,
3701220304288,Infusion cbd fantasy winter,,,france,,,,unknown,,,,,
7771609001165,Fanta sabor Guaraná,"Fanta,Coca-Cola","beverages-and-beverages-preparations, plant-based-foods-and-beverages, beverages, plant-based-beverages, carbonated-drinks, fruit-based-beverages, artificially-sweetened-beverages, non-alcoholic-beverages, sodas, fruit-sodas, flavoured-drinks, sweetened-beverages",bolivia,"plastic, recycled-material, pet-polyethylene-terephthalate, recycled-plastic, bottle, rpet-recycled-polyethylene-terephthalate, transparent-pet, transparent-rpet","Farmacorp,Amarket,FSA,Fidalga,Hipermaxi,Pizza Hut","Cochabamba,Bolivia",unknown,4.0,,"AGUA CARBONATADA, AZÚCAR, SABORIZANTES NATURALES, REGULADOR DE LA ACIDEZ (SIN 330), COLORANTE (SIN 150d), SUSTANCIAS CONSERVADORAS (SIN 211, SIN 202), EXTRACTO DE GUARANÁ, EDULCORANTES (SIN 950 ACESULFAME K (0.006%), SIN 951 ASPARTAME (0.007%)).",,
9300675090544,Fanta Tropical,,,australia,,,,unknown,,unknown,,47.0,200.0
5391521570130,Fantasticfizzies,,,ireland,,,,unknown,,,,,
7771605000124,Fanta sabor Naranja,"Fanta,Coca-Cola","beverages-and-beverages-preparations, beverages, carbonated-drinks, sodas, sweetened-beverages",bolivia,"plastic, bottle","Multicenter,Quick & Smart,Farmacorp,Amarket,FSA,Agenbol",,unknown,,,,,100.0
4260517181463,Fanta Wassermelone,Fanta,"beverages-and-beverages-preparations, beverages",germany,,,,unknown,,,,,
5449000262943,Fanta fruit twist,,,ireland,,,,unknown,,unknown,,,
8017376000406,Fantapiada,,,italy,,,,unknown,,,,,
93566216,Fanta,Fanta,,australia,,,,unknown,,unknown,,0.0,2.3
20000042,Baquette Fantaisie,,,france,,,,unknown,,,,,
0049000057652,Fanta naranja,Fanta,,dominican-republic,,,,unknown,,unknown,,36.0,140.0
3665676000890,fanta raisin,,,french-polynesia,,,,unknown,,,,9.6,40.0
5740700995330,fanta light,Fanta,"plant-based-foods-and-beverages, beverages, plant-based-beverages, carbonated-drinks, fruit-based-beverages, artificially-sweetened-beverages, sodas, fruit-sodas, sweetened-beverages",netherlands,,,,unknown,4.0,,"Opbevares tert og ikke over normal JJUM Serveres afkølet Læskedrik med appelsins Indeholder sødestoffer Ingredienser: Vand, appelsinjuice fra koncentrat (42), kuldioxid, surhedsregulerende middel (E330, E296, E331), sødestof aspartam, acesulfamkalium), lurlig appelsinaroma med andre urlige aromaer, stabilisator EA16 E412, EA45), antioxidant LE0, farve (E160a), lder en phenylalanin-kilde, Bedst for: Se dåsens bund, Opbevares tort og ikke over normat stuetemperatur,",,
3760238991408,Les 8 macarons fantastiques,,"snacks, desserts, sweet-snacks, biscuits-and-cakes, pastries, macarons",france,,,,e,,,,,
9310155680509,Oriental noods,Fantastic,"plant-based-foods-and-beverages, plant-based-foods, dried-products, pastas, dried-products-to-be-rehydrated, noodles, instant-noodles",australia,,"Woolworths, Coles",,unknown,4.0,,"noodles: wheat flour, vegetable oil (antioxidant (320) salt flavour sachet: salt, maltodextrin, flavour enhancers (621, 635), sugar, flavour (soy), herbs & spices, soy sauce powder (soy, wheat), colour (150c), anticaking agent (551). vegetable sachet: dehydrated vegetables. contains: wheat, soy. may contain traces of: crustacea, fish, milk, sesame.",0.711,93.1
0048256215106,fanta fruit twist,Fanta,,united-kingdom,,,,unknown,,,,,
03221110,Naranja,Fanta,,spain,,,,unknown,,,,,
3481291014223,Truffes fantaisie,,,france,,,,unknown,,,,,
06700401,Orange Fanta mini,Fanta,,canada,,,,unknown,,,,,
4902102142106,Fanta  Melon Soda imp,Fanta,,france,,,,unknown,,,,,
7801610002247,Fanta,Fanta,,chile,,,,unknown,,,,,
0776992036326,FANTASY CAKE,,,saudi-arabia,,,,unknown,,unknown,,,
5449000286222,What the Fanta sans sucre,Fanta,,luxembourg,,,,unknown,,unknown,,0.393939393939394,15.151515151515152
8006063900945,Fantasy Dream Crema Liquore Cioccolato,Polini,"beverages, alcoholic-beverages",italy,,,,not-applicable,,,,,
8053323642220,Fantasia di verdure,,,italy,,,,unknown,,,,,
8052789532373,La frutta fantasia tropicale,"Frosta, La valle degli orti",frozen-foods,italy,,,,c,,,,,
5000112652048,Fanta,Fanta,,serbia,,,,unknown,,unknown,,10.2,42.0
0067000660894,Fanta,,,canada,,,,unknown,,,,,
8033520544442,Fantasie dell'orto,MaxiDì,,italy,,DPiù,,unknown,,,,,
4902102144995,Fanta peach flavor,Fanta,"beverages-and-beverages-preparations, plant-based-foods-and-beverages, beverages, plant-based-beverages, carbonated-drinks, fruit-based-beverages, sodas, fruit-sodas",germany,,,,c,4.0,,"Maissirup mit hohem Fructosegehalt / Kohlendioxid E290, Aroma, Säureregulator, Konservierungsstoff: Natriumbenzoat E211.",,
8003828130319,Funghi fantasia,,,italy,,,,unknown,,,,,
9100000117508,Fanta,,,germany,,,,unknown,,,,,
8005100010005,Fantasia di funghi con porcini,"Montalbano, Uliveto del sapore","plant-based-foods-and-beverages, plant-based-foods, fruits-and-vegetables-based-foods, vegetables-based-foods, mushrooms-and-their-products, mushrooms",italy,"composite-material, glass, plastic-tinplate, clear-glass",,,b,,,,,
0049000547184,,Fanta,beverages,united-states,,,,unknown,,unknown,,0.0,0.0
8003100838919,Fantasia La Natura,"Selex, Vale",,italy,,,,unknown,,,,,
8008660890018,Confiture extra d’abricot,"Fantasy, Menz & Gasser","plant-based-foods-and-beverages, plant-based-foods, breakfasts, spreads, plant-based-spreads, sweet-spreads, fruit-and-vegetable-preserves, jams, apricot-jams",france,,,,d,4.0,,"abricots, sucre, sirop de glucose-fructose, gélifiant: pectine, correcteurs d'acidité:acide citrique et citrate de calcium.",,
3481292400391,truffes fantaisie biologiques,,,france,,,,unknown,,,,,
26597539,Fantasia di  datteri,,,italy,,,,unknown,,,,,
8002895041405,Fantasi di sapori,Crai,,italy,,Crai,,unknown,,,,,
3481294500709,Truffe fantaisie aux éclats de caramel,,"snacks, sweet-snacks, cocoa-and-its-products, confectioneries, chocolate-candies, bonbons, chocolate-truffles",france,,,,e,,,,,
8710466283528,choco fantasie,Dr. Oetker,,netherlands,,,,unknown,4.0,,"Suiker, dextrose, TARWEZETMEEL, cacaoboter, volle MELKPOEDER, tijstebloem, glucogestroop, magere cacaopoeder, TARWEBLOEM, kleurstoffen (E 150c, F 10 E 172), plantaardige oliên (kokos, raapzaad), TARWEGLUTEN, emuligator (zonnebloemlecithinen), TARWEVÉZELS, glansmiddelen (achellak arabische gom, bijenwas wit en geel), GERSTEMOUT, 2out, aromals Voedingszuur (citroenzuur), Kan bevatten: PINDA'S, SOJA, AMANDELEN Voedingswaarde per 100 g: Energie 1828 kJ/",,
3760243914171,Ourson en guimauves fantaisie enrobé de chocolat au lait,,"snacks, sweet-snacks, confectioneries",france,,,,unknown,,,,,
8005525009561,Zenzero,Fantasie Aromatiche,,italy,,,,unknown,,,,,
4061459492279,Fantastico double choc,Finest Bakery,,switzerland,,,,unknown,,,,,
5000112647815,orange,Fanta,"beverages-and-beverages-preparations, beverages",netherlands,,,,unknown,,,stap les 5. 碧与 voedingswaarde per: energie: 100ml 250ml () 99kji 248kj/,,
0089087157821,Tropical Fantasy,,,united-states,,,,unknown,,unknown,,5.0704225352113,21.12676056338
5281013040404,caramel popcorn,Fantasia,,lebanon,,,,unknown,,,,,
9310155562621,Hokkien thin fresh noodles,Fantastic,"plant-based-foods-and-beverages, plant-based-foods, cereals-and-potatoes, cereals-and-their-products, pastas, noodles",australia,,Woolworths,,b,4.0,,"TIO FORMATION g per package ng Size: 1374 gy en total saturated Carbohydrate sugars Sodium Average quantity Average quantity per serving 1020k per 100g 747KJ 8.90 6.5g 2.1g 1.5g 0.3g 0.2g 33.39 45.6g 0.69 0.8g 160mg 219mg Above figures relate to product when prepared according to directions INGREDIENTS Wheat Flour, Water, Wheat Gluten, Salt, Colours (Carotene, Annatto, Turmeric), Vegetable Oil (Canola). CONTAINS: Wheat, Gluten. Store refrigerated at or Jolow C 03 pm 192 Ma In romat Austr Austits be dispose of Paging thoughtfully 307 BY",,
4061461433703,Fantastique,,,germany,,,,unknown,,,,,
5000112584370,Fanta Exotic,Fanta,"beverages-and-beverages-preparations, beverages, carbonated-drinks, sodas",italy,,,,e,,,,,
3481291012786,Truffe fantaisie aux éclat de caramel,,"snacks, sweet-snacks, cocoa-and-its-products, confectioneries, chocolate-candies",france,,,,e,,,,,
5000112649925,Fanta Fruit Twist,Fanta,beverages,france,,,,b,,,,,
8013624009450,Le fantasie canapa lino e chia,Cerreto,,italy,,,,unknown,,,,,
0067000004452,Fanta orange,Fanta,beverages,canada,,,,unknown,,,,,
5281013070036,Fantasia light,Fantasia,,lebanon,,,,unknown,,,,1.0,130.0
4270002488960,Fanta pineapple,Fanta,"beverages-and-beverages-preparations, beverages",germany,,,,e,,,,,
8022798013866,Misto frutta secca ricoperto cioccolato fantasy,Dattilo,"plant-based-foods-and-beverages, plant-based-foods, snacks",italy,,,,unknown,,,,,
4902102146074,Fanta peach,Fanta,beverages,united-states,,,,c,,unknown,,5.8536585365854,24.0
7441003520202,Fanta Orange Costa Rica,Fanta,beverages,costa-rica,,,,unknown,,unknown,,,
36009053,Fanta,Fanta,beverages,united-kingdom,,,,unknown,,,,,
3481249303966,Truffe fantaisie chocolat noir,,"snacks, sweet-snacks, cocoa-and-its-products, confectioneries, chocolate-candies",france,,,,unknown,,,,,
6415600560801,Fanta Sitruuna Sokeriton,Fanta,"beverages, carbonated-drinks, artificially-sweetened-beverages, sodas",finland,plastic,K-Supermarket,Suomi,c,4.0,,"Vesi, hiilidioksidi, sitruunamehu tiivisteestä (1%), happamuudensäätöaine (E330, E331), makeutusaineet (asesulfaami K, natriumsyklamaatti, aspartaami), happamuudensäätöaine (E300), säilöntäaine (E202), stabilointiaineet (E414, E445), luontainen sitruuna-aromi, väri (E160a)",,2.0
8851959122181,Fanta Tropical,"Fanta,Coca-Cola Company","beverages-and-beverages-preparations, beverages, carbonated-drinks, sodas, sweetened-beverages","thailand, united-states",,Bep 250,"Bergen,Norway",e,4.0,not-applicable,"Carbonated Water, High Fructose Corn Syrup, Citric Acid, Sodium Benszoate (To Protect Taste), Natural and Artificial Flavors, Sodium Benzoate (E 211), Tartrezine (E 102), Brilliant Blue FCF # 42090 (E 133)",17.6,80.0
0067000011061,Pineapple Fanta,"Fanta, Coca-Cola","beverages, carbonated-drinks, sodas, sweetened-beverages",canada,"can, drink-can",Costco,"Calgary,Alberta,Canada",e,4.0,,"Carbonated water, Sugar/glucose-fructose, Citric acid, Natural flavour, Modified cornstarch, Potassium sorbate, Sodium citrate, Salt, Sodium benzoate, Tartrazine, Sunset yellow FCF",,
59037767,Fantasia,,,united-kingdom,,,,unknown,,,,,
42094579,Fanta tropical,"Fanta,Coca cola","beverages-and-beverages-preparations, beverages, carbonated-drinks, artificially-sweetened-beverages, sodas, carbonated-soft-drinks-without-fruit-juice, sweetened-beverages","georgia, tunisia",,,,e,4.0,,"EAU GAZÉIFIÉE, SUCRE, ACIDIFIANTS: E330, E331; ARÔMES NATURELS ET IDENTIQUES AUX NATURELS, EMULSIFIANTS: E1450, E444, E445; CONSERVATEUR: E211, ÉDULCORANTS: E950, E955; COLORANTS: E110, E115d.",7.8,32.4
0651433241715,Fantasy sour belts,,"snacks, sweet-snacks, confectioneries",united-states,,,,e,,unknown,,53.125,343.75
3472710021502,Truffes fantaisie,,"snacks, sweet-snacks, cocoa-and-its-products, confectioneries, chocolate-candies, bonbons, chocolate-truffles",france,,,,e,,,,,
8029678001203,mix fantasy,Terravecchia,"plant-based-foods-and-beverages, plant-based-foods",italy,,,,b,,,,,
8000965091213,Pasta all'uovo Fantasie,Consilia,"plant-based-foods-and-beverages, plant-based-foods, cereals-and-potatoes, cereals-and-their-products",italy,,,,unknown,,,,,
8656170005257,Fanta,Fanta,beverages,mongolia,,,,unknown,,unknown,,4.6,19.0
5900497040310,7 UP FREE,Fanta,"beverages, carbonated-drinks, sodas",poland,,,,unknown,,,,,
5449000309433,Fanta,Fanta,beverages,united-kingdom,,,,unknown,,,,,
5449000309297,Fanta Sandía,Fanta,"plant-based-foods-and-beverages, beverages, plant-based-beverages, carbonated-drinks, fruit-based-beverages, sodas, fruit-sodas",spain,"plastic, bottle",,,c,4.0,,"Agua carbonatada, 4% zumo a partir de concentrado (3% sandía y 1% limón), acidulantes: ácido cítrico, citratos de sodio y ácido málico, extractos vegetales (boniato, cártamo, zanahoria y cereza), aromas naturales de sandía y pepino, edulcorantes: E-950, aspartamo y sucralosa, conservador E-202, estabilizantes: E-414 y E-445.",,
8005525036635,preparato per arrosti e grigliate,Fantasie Aromatiche,,italy,,,,unknown,,,,,
0026169038524,Sweet Sunrise,Body Fantasies,,united-states,,,,unknown,,unknown,,,
8008660094003,Sapori di stagione,"Fantasy, Menz & Gasser","plant-based-foods-and-beverages, plant-based-foods, breakfasts",italy,,,,d,,,,,
5449000280060,Fanta orange,Fanta,beverages,senegal,,,,e,,unknown,,8.9,36.0
9300675057974,Fanta orange,Fanta,beverages,australia,,,,unknown,,,Stare in a cool place out of direct sunlight. Colour variatio may occur as natural colour is used in this project For,7.2,30.4
5000112647846,cassis,Fanta,"beverages-and-beverages-preparations, beverages",netherlands,,,,e,4.0,,"Sprankelendwater; zwarte bessensap uit sapconcentraat (5.5%); voedingszuren: citroenzuur,natriumcitraat; kleurstof:anthocyanen; natuurlijke zwarte bessenaroma's; zoetstoffen: natriumcyclamaat, acesulfaam-K,sucralose, neohesperidine-DC; conserveermiddel: E202.#",,
42399537,Exotic no sugar,Fanta,,germany,,,,unknown,,,,,
8006210920086,Frollini Fantasia,Baroni,"snacks, sweet-snacks, biscuits-and-cakes, biscuits",italy,,,,d,,,,,
8033776534785,Fantasia di cereali,,,italy,,,,unknown,,,,,
2646671005906,Pain fantaisie,,"snacks, sweet-snacks, sweet-pastries-and-pies, viennoiseries",france,,,,unknown,,,,,
8006853002101,Fanta,,beverages,italy,,,,e,,,,,
8003100001719,Fantasia di semi biologici,Selex,"plant-based-foods-and-beverages, plant-based-foods, seeds",italy,,,,unknown,,,,,
8005525036345,Chiodi Di Garofano,Fantasie Aromatiche,,italy,,,,unknown,,,,,
0068932401326,Mélasse qualité fantaisie,,syrups,canada,,,,d,,,,,
8008660094010,Sapori di Stagione,"Fantasy, Menz & Gasser","plant-based-foods-and-beverages, plant-based-foods, breakfasts",italy,,,,d,,,,,
2608106018431,Guimauve fantaisie enrobée de chocolat blanc,,"snacks, sweet-snacks, confectioneries",france,,,,unknown,,,,,
5900643047347,Fantasia ar ķiršiem,Danone,"dairies, fermented-foods, fermented-milk-products, desserts, dairy-desserts, fermented-dairy-desserts, fermented-dairy-desserts-with-fruits, yogurts, fruit-yogurts",poland,,Auchan,,unknown,,,,,
0855675008291,Le Fantastique Belgian Waffle Mix,,,united-states,,,,unknown,,unknown,,13.0,400.0
8436031758375,Spray y powder,Fantasy Toys & Candies,,spain,,,,unknown,4.0,,"50654-SUPER SOUR 2IN1 GOLOSINA LIQUIDA: JARABE GLUSOSA GLUCOSA, AGUA, ACIDO CITRICO, ADDO ICO, SABORES: FRESA, FRAMBUESA, MANZANAONOTASIO, COLORANTES E133, E100 CARAMELO PICA EN POLVO DE AGUL ACIDO CITRICO, ACT ICO, ESTEARATO DE MAGNESIO, SABORES MUESA MANZANA ORANTES: E120, E133, E100 (GB) LIQUID CANNE SIRUP, WATER, CITRIC OURS: E120, E133, E100,FIZZY POWDER: DEXTR WISAR, CITRIC ACID, MALIC MALIC ACID, FLAVOR STRAWBERRY RASPBANNE POTASIUM SORBATE MAGNESIUM STEARATE, FLAVORS STRAWBERY ASPBERRY APPLE, COLOURS E133, E100 (FR) LIQUIDE DE GOLOSINE SIROTE GLUCOSE, EAU ACIDE CITRIO E MALIQUE, SAVEURS FRASE, FRAMBOSE, MME, SORSATE DE POTASSIUM LEURS: E120, E133, E100 POUDRY PUZY ROSE DU SUCRE ACIDE CITRIQUE DE MALIQUE, STEARATE DE MAGEURS FRAISE FRAMBOISE POMN LEURS: E120, E133, E100 (T) GROCK SCROPPO DI GLUCOSIO ACQU O CITRICO, ACIDO MALICO AMO CAMPONE MELA SORSATO DI ISSIO, COLORI: E120, E133, 1 CO, ACIDO MALICO, MAGNESIO SOLA, LAMPONE, MELA, COLOR GELEJA LIQUIDA SIRUP DE GLIC ICO, ACIDO MÁLICO, SAROR MO A SORBATO DE POTASSIO COM ZZY: DEXTROSE, AÇUCAR ALIDO CO, ESTEARATO DE MAGNESIO SO MBOESA, MAÇA, CORES E120, n/Lot No,/ Lot nt/Lote nt/ Lote et umir preferentemente antes de Netto ommer de préférence avant fin ribilmente entro/Melhor antes da TROSO ZUCCHERO, ACIDO 12 MORANGO 27-05-22 kado en RPC por/Made in PRC for/Fabriqué en RPC fabbricato in RP per/ Manufacturado em PRC per ASY TOYS , CANDIES CHINA LIMITED Interprise Building 228-238 Queen's Road Central Kong rted by/Importado por/importētājs: TASY TOYS , CANDIES, SA La Serreta Calle Teruel, Nave 3-30500 a",,
8019514070593,Fantasia di verdure,Bennet,plant-based-foods-and-beverages,italy,,Bennet,,b,,,,,
2644651002433,Baguette pain fantaisie,,"snacks, sweet-snacks, sweet-pastries-and-pies, viennoiseries, chocolate-croissant",france,,,,unknown,,,,,
2608105017121,Guimauve fantaisie chocolat noir,,"snacks, sweet-snacks, confectioneries",france,,,,unknown,,,,,
4260517180107,Fanta Cassis,Fanta,"beverages-and-beverages-preparations, beverages",germany,,,,e,,,,,
5449000307859,Fanta,Fanta,"beverages, carbonated-drinks, artificially-sweetened-beverages, sodas, diet-beverages, diet-sodas","belgium, united-kingdom","pet-bottle, pet-cap",,,b,,,,,
5449000309426,Fanta Strawberry & Kiwi,Fanta,"beverages, carbonated-drinks, sodas",united-kingdom,pet-bottle,,,b,,,,,
3481294500426,Trufas Fantasía,Mathez,"snacks, sweet-snacks, cocoa-and-its-products, confectioneries, chocolate-candies, bonbons, chocolate-truffles",spain,,,,e,,,,,
8011407009840,Gli snack fantasie miste integrali,Ciro Amodio,,italy,,,,unknown,,,,,
3588400264163,Meringue fantaisie,,"snacks, sweet-snacks, confectioneries, candies, candy-meringues",france,,,,e,,,,,
8595002109582,Fantasia tyčinka karamel,Danone,cs:cukrářský-vyrobek,czech-republic,,,Česko,unknown,4.0,unknown,"egm obsahem/prašok so znenym 2158 kJ 519 kcal hakaovej poleve (34% ngudrovyi pamojadrovy tokosov aicia karamelizovany cukr cukor4,1%, lukozo-fruktózový sirup susené plnotučné Energia/Energie 35,9g z toho nasycené/ a diglycerioy, castných kyselin/kyselin nasýtené mastne Tuky bragmborový/zemiakový škrob, laktóza, 24,1g ušené odsticdené mko/ odstredené kyseliny oriškovál Sacharidy uhlicitanydné), 43,1g 36,8g sich ořechu/soje adals Bilkoviny/Bielkoviny 4,8a Sül/Sol 0,34 g 200 s6 Su &",,
0067000011115,Fanta,Fanta,,canada,,,,unknown,,,,,
8033162031164,Fantasia di olive,Bella Contadina,"plant-based-foods-and-beverages, plant-based-foods",italy,,,,c,,,,,
0067000011078,Fanta Pineapple,Fanta,"beverages-and-beverages-preparations, beverages, carbonated-drinks, sodas",canada,,,,unknown,4.0,not-applicable,"Carbonated water, Sugar/glucose-fructose, Citric acid, Natural flavour, Modified cornstarch, Potassium sorbate, Sodium citrate, Salt, Sodium benzoate, Tartrazine, Sunset yellow FCF",,
8005525037458,Pepe nero,Fantasie Aromatiche,,italy,,,,unknown,,,,,
2608101013387,CROCODILE -Confiserie gélifié fantaisie,,"snacks, sweet-snacks, confectioneries, candies, gummi-candies, gummy-crocodiles",france,,,,unknown,,,,,
8008429560428,fantasie di Pasqua,,"snacks, sweet-snacks, confectioneries",italy,,,,unknown,,,,,
8020323107677,Fantasia di funghi porcini,,,italy,,,,unknown,,,,,
0088009900804,Fanta,Fanta,,french-polynesia,,,,unknown,,unknown,,13.0,54.0
4260301524247,Fanta Tropical,Fanta,"beverages-and-beverages-preparations, beverages, carbonated-drinks, sodas, sweetened-beverages",germany,,,,e,,,,,
8442862021687,Fanta Zero Zahăr Portocale 2L,Coca Cola,"beverages-and-beverages-preparations, beverages, carbonated-drinks, artificially-sweetened-beverages, sodas",romania,ro:sticlă,Carrefour,România,b,,not-applicable,"Apă, suc de portocale din concentral Bautură răcoritoare carbogazoasă cu suc de portocals 21e r colorant caroteni. A se consuma de preferință înainte de Ase påstra la loc răcoros, ferit de soare. Ambalaj de unică fole © 2020 The Coca-Cola Company ARATIE NUTRITIONALĂ 100 ml1 250 ml (%*) Tc: 9KJ/ 23 k.J/ 2kcal 5 kcal (0% 0g rasi S.C. COCA-COLA HBC ROMANIA Sos. Bucuresti Nor Og (0%) 0g (0%) 0,3g 0,8 g (0%) rruri: 0.3g 0,8 g (1%) 0g Og (0%) 0g Og (0%) Consumul de referintă al unui lt obisnuit (8400 kJ 2000 kcal). 11-8x 250ml 5 449000 021687 - 33",0.3,2.0
5000112652000,Fanta tropical exotic,Fanta,,france,,,,unknown,,,,,
0049000052176,Orange zero,Fanta,,united-states,,,,unknown,,unknown,,0.0,0.0
0048111527498,Fanta Orange,Fanta,"beverages-and-beverages-preparations, beverages, carbonated-drinks, sodas",germany,de:2-liter-pet,,,unknown,,,,,
4780069000192,Fanta,"Fanta,","beverages, carbonated-drinks, sodas",uzbekistan,,,,unknown,,,,,
2608105024860,Guimauve fantaisie enrobee de chocolat noir,,,france,,,,unknown,,,,,
5449000309273,Fanta de Sandía,Fanta,,spain,,,,unknown,,,,,
8001420010008,Chicchirichì di Fantasia,Gallo,"plant-based-foods-and-beverages, plant-based-foods, cereals-and-potatoes, seeds, cereals-and-their-products, cereal-grains, rices",italy,,,,b,,,,,
0089087157593,tropical fantasy,,,united-states,,,,unknown,,unknown,,9.5833333333333,37.5
8600939345948,Jimmy Fantastic Brownie & Salted Caramel,Chio,"plant-based-foods-and-beverages, plant-based-foods, snacks, salty-snacks, popcorn, salted-popcorn","albania, bosnia-and-herzegovina, kosovo, montenegro, serbia",bag,,"Šibenik,Croatia",e,,,,53.0,537.0
40228419,Fanta,Fanta,,suriname,,,,unknown,,unknown,,10.2,42.0
5449000294371,Fanta orange,Coca Cola,"beverages-and-beverages-preparations, plant-based-foods-and-beverages, beverages, plant-based-beverages, carbonated-drinks, fruit-based-beverages, sodas, fruit-sodas, orange-soft-drinks, sweetened-beverages","germany, netherlands",,,,unknown,,,,,
8001440119125,Fantasia verde,"Conserve Italia, Valfrutta",plant-based-foods-and-beverages,italy,,,,a,,,,,
5000112655513,Fanta Mango,Coca-Cola Company,"plant-based-foods-and-beverages, beverages, plant-based-beverages, carbonated-drinks, fruit-based-beverages, artificially-sweetened-beverages, sodas, diet-beverages, fruit-sodas, diet-sodas, light-fruit-sodas, sweetened-beverages",norway,"plastic, pet-polyethylene-terephthalate",,,c,4.0,not-applicable,"Kullsyreholdig vann, appelsinjuice fra konsentrert juice (3%), sitrusekstrakt, syrer (sitronsyre, eplesyre), søtningsmidler (natriumsyklamater, Kullsyreholdig leskedrikk med Mangosmak. Inneholder søtstoffer. acesulfam-K, sukralose, Steviolglykosider fra Stevia), konserveringsmiddel (E202), Surhetsregulator (natriumcitrater), naturlig mangosmak med andre naturlige smaksstoffer, antioksidant (askorbinsyre), stabilisator (E412, E414, E445) farge (betakaroten). Inneholder en kilde til fenylalanin.",0.3,3.0
5000112649710,FANTA Strawberry & Kiwi,"coca cola,fanta","beverages-and-beverages-preparations, plant-based-foods-and-beverages, beverages, plant-based-beverages, carbonated-drinks, fruit-based-beverages, sodas, fruit-sodas",germany,"metal, recyclable-metals, aluminium",,,e,4.0,,"Wasser, Zucker, Zitronensaft aus Zitronensaftkonzentrat (3%), Kohlensäure, natürliches Kiwiaroma mit anderen natürlichen Aromen, färbendes Lebensmittel (Konzentrat aus Karotte und Distel), Säuerungsmittel Citronensäure, Stabilisatoren (E 414, E 445)",,
3352750300259,Guimauve fantaisie à la fleur d'oranger,,,france,,,,unknown,,,,,
5000112552119,Fanta orange,Fanta,"plant-based-foods-and-beverages, beverages, plant-based-beverages, carbonated-drinks, fruit-based-beverages, artificially-sweetened-beverages, sodas, fruit-sodas, orange-soft-drinks, sweetened-beverages",united-kingdom,,,,d,4.0,,"carbonated water, sugar, orange juice from concentrate 8.74), citrus fruit from concentrate (1.3%), acids (citric acid, malic acid). vegetable extracts (carrot, pumpkin). ation typical values sweeteners (acesulfame k 100ml 330ml (2) sucralose). preservative (potassium 81kj/ 267kj/ sorbate), acidity regulator (sodium",,
0051933229457,Butterly Fantastic Original Butter,,,united-states,,,,unknown,,unknown,,0.0,428.57142857143
7798094221731,Turron fantasia,,"snacks, sweet-snacks, confectioneries, festive-foods, christmas-foods-and-drinks, christmas-sweets, turron",argentina,,,,unknown,,d,"Materia Grasa: 29%
INGREDIENTES: Azucar",,
3701175701910,Truffes fantaisie Biologiques noisettes,Mathez,"snacks, sweet-snacks, cocoa-and-its-products, confectioneries, chocolate-candies, bonbons, chocolate-truffles",france,,,,e,,,,,
3701175701903,Truffes fantaisie biologiques Nature,Mathez,"snacks, sweet-snacks, cocoa-and-its-products, confectioneries, chocolate-candies, bonbons, chocolate-truffles",france,,,,e,,,,,
3701175701927,Truffes Fantaisie Biologiques Ecorces d’orange confite,Mathez,"snacks, sweet-snacks, cocoa-and-its-products, confectioneries, chocolate-candies, bonbons, chocolate-truffles",france,,,,e,,,,,
8851959122174,Fanta Jordbær,Coca-Cola Company,"beverages-and-beverages-preparations, plant-based-foods-and-beverages, beverages, plant-based-beverages, carbonated-drinks, fruit-based-beverages, sodas, fruit-sodas, sweetened-beverages",thailand,"glass, bottle, bottle-cap",Bep 250,"Bergen,Norway",e,4.0,not-applicable,"Sukker 4.5%, karbondioksid, stabilisator (E290), Surhetsregulator (E330), Kunstige smaksstoffer, Konserveringsmidler (E211), Søtningsmidler (Sukralose, acesulfam K), kunstige farger (E122, E110), Kunstig smak tilsatt.",4.4,50.0
0049000545500,Pineapple Fanta,Fanta,,united-states,,,,unknown,,,,13.521126760563,50.704225352113
3665676001194,Fanta Framboise,,,french-polynesia,,,,unknown,,,,9.1,37.0
3481291017538,Truffes fantaisies,,,france,,,,unknown,,,,,
9310155650236,2 min noodles chicken,Fantastic,"plant-based-foods-and-beverages, plant-based-foods, dried-products, pastas, dried-products-to-be-rehydrated, noodles, instant-noodles","australia, new-zealand",,,,unknown,4.0,,"Noodles: Wheat Flour, Vegetable Oil (Antioxidant (319)), Modified Starch (1420). Salt, Mineral Salts (501, 500, 451), Vegetable Gum (412). Flavour Sachet: Salt, Flavour Enhancers (621,627,631), Flavours (Soy, Wheat), Herbs and Spices, Sugar, Yeast Extract, Colour (100), Vegetable Oil (Antioxidant (319)), Anticaking Agent (551), Antioxidant (307b). CONTAINS: Wheat, Gluten, Soy. MAY CONTAIN: Milk, Egg, Fish, Crustacean, Sesame.",,
40203102,Fanta What the Fanta Zero Zahăr Ananas și Hibiscus,Coca Cola,"beverages, artificially-sweetened-beverages",romania,plastic,,,c,4.0,unknown,"Apă, suc de lămãie din malic, acid citric, îndulcitori: ciclamat de sodiu, din ce acesulfam-K, sucraloză, arome naturale, concentrate saturat Glucine din fructe și legume (cartofi dulci, morcovi, cireşel, din cae a conservant sorbat de potasiu. A se consuma de Protaine: preferintă inainte de: vezi ambalaj (primul rànd. Sare pe",0.1,1.0
5449000293961,fanta Cassis,Fanta,"beverages-and-beverages-preparations, beverages, carbonated-drinks, sodas, sweetened-beverages","belgium, france",,,,e,4.0,,Sprankelend water; suiker; zwarte bessensap uit sapconcentraat (is a %) ; vodingszuur; citroenzuur; kleurstof: anthocyanen; natuurlijke zwate bessenaroma's; conserveermiddel: kaiumsorbaat,,
7790895000836,Naranja,Fanta,,spain,,,,unknown,,,"FANT
Naranja
SABOR AAR",,
90495410,Fanta de naranja,Fanta,,spain,,,,unknown,,,,,
5012035951443,Fantastics,,,ireland,,,,unknown,,,,,
5000112656237,Fanta,Fanta,"beverages-and-beverages-preparations, beverages",germany,,,,e,,,,,
3290041002133,Truffes fantaisie,,,france,,,,unknown,,,,,
4902102146418,,Fanta,"beverages-and-beverages-preparations, beverages, carbonated-drinks, carbonated-fruit-soft-drink",belgium,plastique,,,unknown,,,,,
9310155008891,Americana style Marinade for spicy buffalo wings,Fantastic,,australia,,,,unknown,,unknown,,1.9,11.7
90377204,Fanta,Fanta,"beverages, carbonated-drinks, sodas",morocco,,,,unknown,,not-applicable,,,
3481294500358,Truffes fantaisie,Mathez,"snacks, sweet-snacks, cocoa-and-its-products, confectioneries, chocolate-candies, bonbons, chocolate-truffles",france,,,,e,4.0,,"vegetable fat (coconut), sugar, fat reduced cocoa powder, whey powder, cocoa mass, cocoa powder, emulsifier:soya lecithins,",,
0089087024536,Tropical fantasy,,,united-states,,,,unknown,,unknown,,100.0,400.0
5413128351483,I love you,fantasia snoep,"snacks, sweet-snacks, confectioneries, candies",belgium,plastic,,,unknown,,,,,
8595002100831,Fantasia mléčná čokoláda,Danone,"dairies, fermented-foods, fermented-milk-products, desserts, dairy-desserts, fermented-dairy-desserts, yogurts","czech-republic, slovakia",,,Česká republika,unknown,,,,,
8006460021281,Fantasie di sgombro con olive e fagiolini,Delicius,"seafood, fishes-and-their-products, fish-preparations",italy,,,,d,,,,,
5449000213631,fanta sitrus,,,turkey,,,,unknown,,unknown,,,
5449000269034,fanta mango guava,,,turkey,,,,unknown,,unknown,,,
5449000228963,fanta,,,turkey,,,,unknown,,unknown,,,
4032549030008,Tropicool,Fanta,,germany,,,,unknown,,,,,
5949087500575,la fantana,,,romania,,,,unknown,,unknown,,,
8002590066482,Fantasie,Sapori,"snacks, sweet-snacks, biscuits-and-cakes, confectioneries, pastries",italy,,,,d,,,,,
5449000313324,Fanta Grenade,Fanta,"beverages, carbonated-drinks, sodas",morocco,,,,unknown,,,,4.6,19.2
8005525036116,Origano,Fantasie Aromatiche,,italy,,,,unknown,,,,,
8005190408409,Colomba fantasia del sud,Maina,"snacks, sweet-snacks, sweet-pastries-and-pies, viennoiseries, brioches, colomba",italy,,,,e,,,,,
5000112656220,What the Fanta,Fanta,,germany,,,,unknown,,,,,
5449000034113,Fanta Orange 2.25,Fanta,,united-arab-emirates,,,,unknown,,,,14.5,58.0
8901725101374,Dark fantasy buy3 get1,Sunfeast,"snacks, sweet-snacks, biscuits-and-cakes, biscuits, biscuit-cookie-snack-w-chocolate-filling",india,,,,unknown,,,,,
5449000309563,Guess the flavour,Fanta,,united-kingdom,,,,unknown,,,,,
5449000308054,PET 1.25L FANTA ORANGE,FANTA,"plant-based-foods-and-beverages, beverages, frozen-foods, plant-based-beverages, carbonated-drinks, fruit-based-beverages, artificially-sweetened-beverages, sodas, fruit-sodas, orange-soft-drinks, sweetened-beverages",france,,,,e,4.0,,"Eau gazéifiée , jus d'orange à base de concentré (10%) , sucre , jus de citron à base de concentré (2%), conservateur : sorbate de potassium , arômes naturels d'orange avec autres arômes naturels , édulcorants : acésulfame-K, sucralose, stabilisant :  colorant , caroténoïdes,",,
7350076811523,Fanta fraise,,,france,,,,unknown,,,,,
9300675089715,Fanta orange no sugar,Fanta,,australia,,,,unknown,,unknown,,0.0,0.88
5000112656213,Fanta,,"beverages-and-beverages-preparations, beverages, carbonated-drinks, sodas",germany,,,,unknown,,,,,
2608107007489,CROCO PIK Confiserie fantaisie,,,france,,,,unknown,,,,,
4260231220219,Fruit Twist Brause,Fanta,,germany,,,,unknown,,,,,
0049000041217,Fanta zero orange,Fanta,"beverages, carbonated-drinks, sodas",united-states,,,,unknown,4.0,,"carbonated water, less than 2% of citric acid, natural flavors, aspartame, potassium benzoate, modified food starch, acacia gum, potassium citrate, sucralose, sodium phosphate, sodium citrate, acesulfame potassium, glycerol ester of rosin, yellow 6, sodium benzoate, yellow 5, red 40",,
0067000010873,#fantamystere,fanta,"beverages, carbonated-drinks, carbonated-fruit-soft-drink",canada,,,,c,4.0,,"Carbonated water, Malic acid, Natural flavour, Potassium citrate, Potassium sorbate, Concentrate of sweet potato and carrot for colour, Aspartame (contains phenylalanine), Acesulfame-potassium, Sodium benzoate, Citric acid. Contains (per 500 mL): 117 mg aspartame, 78 mg acesulfame-potassium. Ingrédients: Eau gazéifiée, Acide malique, Essence naturelle, Citrate de potassium, Sorbate de potassium, Concentré de patate douce et de carotte pour la couleur, Aspartame (contient de la phénylalanine), Acésulfame-potassium, Benzoate de sodium, Acide citrique. Contient (par 500 mL): 117 mg d'aspartame, 78 mg d'acésulfame - potassium. /MD COCA-COLA LTD./LTÉE, TORONTO, ONTARIO MSA 1L1, USED UNDER UTILISÉE SOUS LICENCE 1-800-438-2653",,
2608106012279,Guimauve fantaisie enrobée de chocolat blanc,,"snacks, sweet-snacks, cocoa-and-its-products, confectioneries, chocolate-candies, marshmallows-coated-with-chocolate",france,,,,unknown,,,,,
4316268643337,Squeeze Eis,Ice Fantasy,"desserts, frozen-foods, frozen-desserts, ice-creams-and-sorbets, ice-creams",germany,,,,unknown,4.0,,"Wassereis mit 16% Erdbeerpüree Dure Näh : Wasser, Zucker, Erdbeerpüree, Glu - kose-Fruktose-Sirup, Sãuerungs-Brer mittel: Citronensäure; färbendes Lebensmittel: Rote-Bete-Saftkon - Fett zentrat; natürliches Aroma, Stabili - da sator: Johannisbrotkernmehl, Guar-Koh kernmehl. Koh Das Produkt kann Spuren von Hüh - nerei, Milch und Schalenfrüchten enthalten. - da Eiw Salz Referenzmenge für einen durchschnit",,
5000112648331,Fanta,Fanta,,belgium,,,,unknown,,,,,
5449000307842,What the fanta,Fanta,"beverages-and-beverages-preparations, plant-based-foods-and-beverages, beverages, plant-based-beverages, carbonated-drinks, fruit-based-beverages, artificially-sweetened-beverages, sodas, fruit-sodas, sweetened-beverages",france,,,,c,4.0,,"Eau gazéfiée, jus de citron à base de concentré (3%), acidifiants: acide malique, acide citrique, édulcorant: cyclamate de sodium, acésulfame-K, sucralose, arôme naturels, concentré de patates douce, carotte, cerise, conservateur: sorbate de potassium",,
8901764022401,Fanta Orange Flv 2L,Coca-Cola Company,"beverages-and-beverages-preparations, beverages, carbonated-drinks, sodas, sweetened-beverages",india,,,,e,4.0,,"CARBONATED WATER, SUGAR, ACIDITY REGULATOR (330), STABILIZERS (414,445) PRESERVATIVE (211), COLOUR (110), FLAVOURS (NATURAL & NATURE-IDENTICAL FLAVOURING SUBSTANCE)",,
84492944,Fanta bouteille en verre,Fanta,,france,,,,unknown,,,,,
5449000308108,Fanta saveur exotique,Fanta,"beverages-and-beverages-preparations, plant-based-foods-and-beverages, beverages, plant-based-beverages, carbonated-drinks, fruit-based-beverages, sodas, fruit-sodas, sweetened-beverages",france,r-le-tri-facile-1-bac-de-tri,,,e,4.0,,"Eau gazéifiée ; sucre ; jus d'orange à base de concentré; conservateur: sorbate de potassium; acidifiant : acide citrique; antioxydant: acide ascorbique; stabilisants: gomme arabique, esters glycériques de résine de bois, farine de graines de caroube; arômes naturels; colorant : caroténoïdes. DECLARATION NIITRITIONNELLE FMB - Coca-Cola Curonssifi",,
8901725132682,Dark fantasy,Sunfeast,,india,,,,unknown,,,,38.5,482.0
5000112658071,Fanta,Fanta,"beverages-and-beverages-preparations, beverages, carbonated-drinks, sodas",united-kingdom,,,,c,,,,,
5449000308085,Citron Frappé,Fanta,"beverages-and-beverages-preparations, plant-based-foods-and-beverages, beverages, plant-based-beverages, carbonated-drinks, fruit-based-beverages, artificially-sweetened-beverages, sodas, fruit-sodas, lemon-soft-drinks, sweetened-beverages",france,plastic,,,e,4.0,,"eau gazéifiée, sucre, jus de citron à base de concentré 5%, antioxydant : acide ascorbique, acidifiant : acide citrique, citrate de sodium, conservateurs : sorbate de potassium, stabilisant : gomme arabique, esters glyceriques de résine de bois, édulcorants : glycosides de steviol issu de Stevia, arômes naturels de citron avec autres arômes naturels, colorant: caroténoïdes",,
4270002488946,Fanta Peach,,,france,,,,unknown,,,,,
8005525036505,Peperoncino,Fantasie Aromatiche,,italy,,,,unknown,,,,,
5000112652598,Fanta Mango Guava,Fanta,"plant-based-foods-and-beverages, beverages, plant-based-beverages, carbonated-drinks, fruit-based-beverages, sodas, fruit-sodas, sodas-with-exotic-fruits",belgium,"plastic, recycled-material, recycled-plastic",,,e,4.0,,"Eau, sucre, jus de fruits à base de concentré (jus d'orange 2.8%, jus de mangue 0,1%, jus de goyave 0.1%, dioxyde de carbone, acides citrique et de pomme, fruits et légumes (carottes, sorbier noir), cassis, carthame, sureau, citron), arôme naturel, conservateur (sorbate de potassium), édulcorant (glycosides de stéviol), stabilisant (gomme de guar).",,
4316268488174,Sandwich Vanille,"Ice Fantasy,Netto","desserts, frozen-foods, frozen-desserts, ice-creams-and-sorbets, ice-creams, ice-cream-sandwiches",germany,"plastic, bag, brick, cardboard, individual-bag, paperboard",Netto Marken-Discount,Deutschland,d,4.0,,"91% Bourbon-Vanilleeiscreme (eingedickte entrahmte _Milch_, 29% _Schlagsahne_, _Molkenerzeugnis_, Glukose-Fruktose-Sirup, Zucker, Emulgator: Mono - und Diglyceride von Speisefettsäuren; Stabilisator: Johannisbrotkernmehl, Guarkernmehl; natürliches Bourbon-Vanillearoma), 9% Waffeln (_Weizenmehl_, _Weizenstärke_, pflanzliche Fette [Kokos, Palm], Speisesalz, Zucker, Emulgator: Lecithine [enthält Soja]; Backtriebmittel: Natriumcarbonate; natürliches Vanillearoma)",,
5449000310262,What the Fanta No sugar,Fanta,,north-macedonia,,,,unknown,,unknown,,0.3,1.0
5449000308139,Fanta Orange Sans sucres,Fanta,"beverages-and-beverages-preparations, plant-based-foods-and-beverages, beverages, frozen-foods, plant-based-beverages, carbonated-drinks, fruit-based-beverages, artificially-sweetened-beverages, sodas, diet-beverages, fruit-sodas, diet-sodas, orange-soft-drinks, light-fruit-sodas, light-orange-soft-drinks",france,"plastic, bottle",,,c,4.0,,"Eau gazéifiée; jus d'orange à base de concentré (4%); acidifiants: acide citrique, acide malique; édulcorants: acésulfame-K, aspartame; Conservateur: Sorbate de potassium, arôme naturel d’orange avec autres arôme naturels ; concentrée de carotte et citrouille, antioxydant : acide ascorbique ; stabilisant : gomme de guar",,
8005525009554,Curcuma,Fantasie Aromatiche,"plant-based-foods-and-beverages, plant-based-foods, condiments, spices, turmeric, turmeric-powder",italy,,,,not-applicable,,,,,
3700840212300,Moulage œuf fantaisie noir coquille 65g,La Maison Du Chocolat,,france,,,,unknown,,,,,
5000112654486,Fanta,Fanta,,france,cardboard,,,unknown,,,,,
0049000546668,Fanta Pinapple 12 oz.,Fanta,,united-states,,,,unknown,,unknown,,14.109762191716,52.911608218936
5000112656961,WhatTheFanta,"Fanta,Coca-Cola Company","beverages, carbonated-drinks, artificially-sweetened-beverages, sodas, diet-beverages, diet-sodas",norway,"plastic, pet-polyethylene-terephthalate",Kiwi,"Bergen,Norway",b,4.0,not-applicable,"Kullsyreholdig vann, sitronjuice fra konsentrat (3%), syrer (eplesyre, sitronsyre), søtstoff (natriumcyclamat, acesutfam-K, sukralose), naturlige aromaer, grønnsaks - og fruktkonsentrater (søtpotet, gulrot, kirsebær), konserveringsmiddel E202.",0.1,1.0
0049000055436,Soda,Fanta,,france,,,,unknown,,,AS1016 D3/24 WGB HO fruits & veggies Great Taste. Great Price. VODA FANTA LY FLAVORED MOVE matte orange 1.25 LITER CHT PLEASE RE PARTICIPATI PROG UNAIN provided or approved by its d,,
5449000308405,Fanta citron,Fanta,"beverages-and-beverages-preparations, plant-based-foods-and-beverages, beverages, plant-based-beverages, carbonated-drinks, fruit-based-beverages, sodas, fruit-sodas, lemon-soft-drinks, sweetened-beverages",france,,,,e,4.0,,"Eau gazéifiée ; sucre , jus de citron à base de concentré (5%) ; antioxydant : acide ascorbique ; acidifiants : acide citrique, esters glycériques de résine de bois ; édulcorant : glycosides de stéviol issus de stévia.",,
8019514074744,Insalata di riso fantasia,Bennet,,italy,,Bennet,,unknown,,,,,
7350076811516,Fanta grappe,,,france,,,,unknown,,,,,
3292090148541,Fanta orange,Fanta,,france,,,,unknown,,,,,
4260426040820,Fanta Orange,"Coka Cola inc., Fanta","beverages-and-beverages-preparations, plant-based-foods-and-beverages, beverages, plant-based-beverages, carbonated-drinks, fruit-based-beverages, sodas, fruit-sodas, sweetened-beverages",germany,"plastic, metal, pet-polyethylene-terephthalate, recyclable-metals, aluminium, de:gummi",,,c,4.0,,"Wasser, Zucker, Orangensaft aus Orangensaftkonzentrat, Kohlensäure, Säuerungsmittel (Citronensäure, Äpfelsäure), Citrusextrakt, Säureregulator Natriumgluconat, Aroma, Antioxidationsmittel Ascorbinsäure, Stabilisatoren (E 414, E 412 und E 445), Farbstoff Carotin.",,
5449000284228,Fanta,Fanta,,united-kingdom,,,,unknown,,,,,
6130003014682,Fanta Pomme 1L,,,algeria,,,,unknown,,,,10.0,40.9
8024749001274,Fantasia di verdure bio,Il Nutrimento,"plant-based-foods-and-beverages, plant-based-foods",italy,,,,e,,,,,
7350076811509,Fanta Berry,,,france,,,,unknown,,,,,
6449723220960,Fanta naranja sin azúcares,Fanta,,spain,,,,unknown,,,,,
5449000313331,fanta grenade,Fanta,"beverages-and-beverages-preparations, beverages, carbonated-drinks, sodas, sweetened-beverages, boisson-gazeuse-aux-grenade",morocco,,,,unknown,4.0,not-applicable,ماء غازي، سكر، محمضات : 330 E260 E331 : مستحلبات : E444 ، E445 E414 مواد حافظة E211 E202 محليات E955 E950 نكهات الرمان الطبيعية ملون: E122 مركز عصير الرمان,,
5430001834031,Fanta,,,belgium,,,,unknown,,,,,
8901725133979,"Sunfeast Dark Fantasy Bourbon, Classic Biscuit",Sunfeast,"snacks, sweet-snacks, biscuits-and-cakes, biscuits-and-crackers, biscuits, chocolate-biscuits, filled-biscuits, sandwich-biscuits",india,plastic,Railway station store,India,unknown,4.0,,"MARKETED BY ITC LTD, 37, J. L. NEHRU ROAD, KOLKATA - 700 07 MFD. BY: •06) ITC LTD.-ITCLID COODS DIVISION DLOT NO. 1, S 0312 Pkg.Mtrl.Mfd. By Jupiter Laminators Pvt. Ltd. Regn. No. HSPCB/Consent/:3131218215ONCTO8497192 REFINED WHEAT FLOUR (MAIDA), SUGAR (32.5%), REFINED PALM OIL, COLOURS (150a, INS 150C, INS 150d, INS 129), SI COCO OHEN MILIOLIDS, RAISING AGENTS [INS 503(ii), INS 500(ii), INS 450(i)], ARTIFICIAL FLAVOURING SUBSTANCES (VANILLA, CHOCOLATE), SIFIERS) HINERIDES OF FATTY ACIDS (FROM PALM OIL), LECITHIN (FROM SOYABEAN)], PLAIN CHOCOLATE (0.1%) {SUGAR, C0COA SOLI, COCOA AES LECITHIN (FROM SOYABEAN), POLYGLYCEROL ESTERS OF INTERESTERIFIED RICINOLEIC ACID (FROM CASTOR BEAN)] ANDANKIAL FLA MES VANILLA), IODIZED SALT AND NATURE IDENTICAL FLAVOURING SUBSTANCES (CHOCOLATE) SWHEAT, MILK, SOY. MAY CONTAINS NUTS, SULPHITES NOTMAL INFORMATION (APPROX. VALUES): PER 100 g (% RDA PER SERVE); ENERGY",,
4260261960239,Fanta Peach,,,germany,,,,unknown,,,,,
0049000075472,Orange soda,Fanta,,united-states,,,,unknown,,unknown,,21.875,83.333333333333
7894900050028,Fanta uva,Fanta,,switzerland,,,,unknown,,,,,
5000112650709,"Fanta Appelsin 0,5l flaske",Coca-cola europacific partners norge as,"beverages, carbonated-drinks, sodas",norway,bottle,,,unknown,4.0,not-applicable,"Kullsyreholdig vann, sukker, appelsinjuice fra konsentrat 4.5%, surhetsregulerende middel (e330), naturlig appelsinaroma med andre naturlige aromaer, søtstoff (acesulfam k, aspartam), stabilisator (e414, e445, e412), antioksidant (e300), frukt - og vegetabilsk konsentrat (gulrot, solbær), fargestoff (e160a).",7.2,30.0
5449000307835,What the fanta 3 rose,Fanta,"beverages, carbonated-drinks, sodas",france,,,,unknown,,,,,
8901764022913,Fanta,"Coca-Cola, St-Hubert","beverages-and-beverages-preparations, plant-based-foods-and-beverages, beverages, fruit-based-foods-and-beverages, non-alcoholic-beverages, plant-based-beverages, carbonated-drinks, fruit-based-beverages, soft-drinks, sodas, fruit-sodas, sweetened-beverages",india,,,,e,4.0,,"Carbonated Water, Sugar, Orange Juice From Concentrate (3.7%), Citrus Fruit From Concentrate (1.3%), Acids (Citric Acid, Malic Acid), Vegetable Extracts (Carrot, Pumpkin), Sweeteners (Acesulfame K, Sucralose), Preservative (Potassium Sorbate), Acidity Regulator (Sodium Citrates), Stabiliser (Guar Gum), Natural Orange Flavourings With Other Natural Flavourings, Antioxidant (Ascorbic Acid).",,
5000112654455,Fanta 500 ml,Fanta,"beverages, carbonated-drinks, sodas","poland, switzerland",,,,c,,,,,
3389681010735,Guimauves fantaisies,La Confiserie Bressaude,"snacks, sweet-snacks, confectioneries, candies, marshmallows",france,,,,unknown,,,,,
0049000547030,Fanta,Fanta,,united-states,,,,unknown,,unknown,,27.5,100.0
5449000308993,Fanta #WhatTheFanta Roja,Fanta,"beverages, carbonated-drinks, sodas",spain,"metal, recyclable-metals, aluminium, can, drink-can",,,c,4.0,,"Agua carbonatada, 3% zumo de limón a partir de concentrado, acidulantes: ácido málico y ácido cítrico, edulcorantes: ciclamato sódico, acesulfamo K y sucralosa, aromas naturales, extractos vegetales (patata dulce, zanahoria, cereza) y conservador sorbato potásico.",,
9310645347608,fantasy sprinkles,Coles,,australia,,Coles,,unknown,,unknown,,2.5,16.689193965517
5449000218452,Fanta Orange,Fanta,,belgium,,,,unknown,,,,,
0049000545517,Strawberry Fanta,Fanta,,united-states,,,,unknown,,unknown,,12.398557258792,45.085662759243
3760195986226,Guimauve fantaisie,,"snacks, sweet-snacks, confectioneries, candies, marshmallows",france,,,,unknown,,,,,
5449000307033,Fanta agrumes,Fanta,"plant-based-foods-and-beverages, beverages, plant-based-beverages, carbonated-drinks, fruit-based-beverages, sodas, fruit-sodas",france,plastic,Carrefour,,e,4.0,,"Eau gazéifie: sucre agrumes à base de concentré (5%) : orange (2%), mandarine 1) panplemousse (1%), citron vert (0,5%), citron (0,5%); acidifiant: aclde Cithque; correcteur d'acidité: citrates de sodium; extraits d'orange servateur: sorbate de potassium : antioxydant : acide ascorbiu wrimes aturels d'agrumes; stabilisant: gomme guar. se bat très f EMB: Coca-Cola EuropACitic Part 250ml ( 9 cheminde Bretagne, CS",,
8901725112653,Sunfeast Dark Fantasy Choco Nut Fills,sunfest,,india,,,,unknown,,,,,
5449000308955,Fanta,Fanta,"plant-based-foods-and-beverages, beverages, plant-based-beverages, carbonated-drinks, fruit-based-beverages, sodas, fruit-sodas",spain,"metal, recyclable-metals, aluminium, can, drink-can",,,c,4.0,,"Agua carbonatada, 3% zumo de limón a partir de concentrado, acidulantes: ácido málico y ácido cítrico, edulcorantes: ciclamato sódico, acesulfamo K y sucralosa, aromas naturales, extractos vegetales (patata dulce, zanahoria, cereza) y conservador sorbato potásico.",,
9310974005446,Fantasy belts,Fini,,australia,,,,unknown,4.0,,"16 mg 200 mg sodium fruit flavoured candy. ingredients listing: glucose and fructose syrup, sugar, wheat flour (gluten), starch (corn), vegetable fat (palm), acidity regulators (296, 270, 325, 330, 331), salt, emulsifier (471), flavours, humectant (422), concentrates (radish, apple, blackcurrant), colours (e100, e133). allergen contain wheat, gluten. store in a cool and dry place may contain traces of soy, mustard conr 5 e e",54.0,345.36328866450003
9300675092029,Raspberry fanta,,"beverages, carbonated-drinks, sodas",australia,,"Coles,Woolworths,Drakes,IGA",,unknown,,,,,
5449000308122,What the Fanta,Fanta,,united-kingdom,,,,unknown,,,,,
5449000308962,What,Fanta,"beverages, carbonated-drinks, sodas",spain,can,,,c,4.0,,"Agua carbonatada, 3% zumo de limón a partir de concentrado, acidulantes: ácido málico y ácido cítrico, edulcorantes: ciclamato sódico, acesulfamo K y sucralosa, aromas naturales, extractos vegetales (patata dulce, zanahoria, cereza) y conservador sorbato potásico.",,
0853718007911,Cranberry fantasy,,,united-states,,,,unknown,,unknown,,66.666666666667,400.0
4260301520089,Fanta Exotic,,,germany,,,,unknown,,,,,
9771129923747,fantasia cucina,,,italy,,,,unknown,,,,,
5000112552133,Fanta twiat,Fanta,,united-kingdom,,,,unknown,,,,,
2608106007879,Guimauve fantaisie enrobée de chocolat blanc,,"snacks, sweet-snacks, cocoa-and-its-products, confectioneries, chocolate-candies, marshmallows-coated-with-chocolate",france,,,,unknown,,,,,
2608104013711,Guimauve fantaisie au chocolat,,,france,,,,unknown,,,,,
5449000170026,Soda Orange,Fanta,"plant-based-foods-and-beverages, beverages, plant-based-beverages, fruit-based-beverages, beverages-with-orange",belgium,,Carrefour,,e,,,"eau gazefiee (e330), caramel eau, (1.50cl) eau gazeuse caramel (e1.50cl) orange soda water caramel boissons (e330).",,
4061462723254,Super Soup Crazy Fantasy,,,austria,,,,unknown,,,,,
87354317,Fanta Mentos,"Mentos, Perfetti","snacks, sweet-snacks, confectioneries",germany,,,,e,4.0,,"sugar, glucose syrup, orange juice from concentrate (2%), coconut oil, acid (citric acid), starch, flavouring, maltodextrin, cocoa butter, thickeners (gellan gum, cellulose gum, gum arabic), emulsifier (sucrose esters of fatty acids), glazing agent (carnauba wax), colour (beta-carotene),",,
0067000110238,Fanta,,,canada,,,,unknown,4.0,,"Carbonated water, Sugar/glucose-fructose, Concentrated orange juice, Citric acid, Beta-carotene, Sodium phosphate, Modified cornstarch, Potassium sorbate, Natural flavour, Malic acid, Ascorbic acid, Guar gum",,
4260596640004,Fanta Berry,,,germany,,,,unknown,,,,,
8004263682005,Insalata di riso fantasia,Pam & Panorama,,italy,,,,unknown,,,,,
5449000285799,Fanta raspberry,Fanta,,united-kingdom,ldpe-bag,,,unknown,,,,,
9310155001663,Delites,Fantastic,,australia,,,,unknown,,,,6.8,382.4
8019730095974,Fantasia di verdure,MD,,italy,,MD,,unknown,,,,,
54017245,Mango & Dragonfruit,Fanta,"beverages-and-beverages-preparations, beverages, carbonated-drinks, sodas",germany,glass,Edeka,Deutschland,e,4.0,,"Wasser, Zucker, Orangensaftkonzentrat (2,7%), Kohlensäure, Säuerungsmittel (Citronensäure, Äpfelsäure), Antioxidationsmittel Ascorbinsäure, Mangosaft aus Mangosaftkonzentrat (0,1%), Drachenfruchtpüree (0,1%), Zitronensaft aus Zitronensaftkonzentrat (0,1%), Aroma, Süßungsmittel Steviolglykoside, Stabilisatoren (E 414, E 412, E 445). Konservierungsstoff Kaliumsorbat, Farbstoff Carotin",,
90370755,Fanta,Fanta,,uganda,,,,unknown,,,,37.5,148.0
8033866610665,fantasia di gamberi vongole e zucchine,,,italy,,,,unknown,,,,,
8052789530577,La fantasia di funghi porcini,"Frosta, La valle degli orti","plant-based-foods-and-beverages, plant-based-foods, fruits-and-vegetables-based-foods, vegetables-based-foods, frozen-foods, frozen-plant-based-foods, mushrooms-and-their-products, mushrooms, frozen-mushrooms",italy,"envelope, it:c-pap-81",Coop,Italia,a,1.0,,"Prataiolo coltivato (Agaricus bisporus) 45%, Gelone (Pleurotus ostreatus), Boleto giallo (Suillus luteus), Boleto balo (Xerocomus badius), Porcino (Boletus edulis) 5%",,
5000112650723,Fanta Orange,Fanta,"beverages-and-beverages-preparations, plant-based-foods-and-beverages, beverages, plant-based-beverages, carbonated-drinks, fruit-based-beverages, sodas, fruit-sodas, sweetened-beverages",united-kingdom,,,,unknown,,,,,
8015167005258,Gusto e fantasia,Gusto e fantasia,"desserts, frozen-foods, frozen-desserts, ice-creams-and-sorbets, ice-creams, ice-cream-cones",italy,,,,unknown,,,,,
5449000010995,Fanta μπλέ,Fanta,"beverages-and-beverages-preparations, beverages, carbonated-drinks, sodas",spain,,,,e,,,,,
9501101330566,Fanta Stawberry 500 Ml,,,maldives,,,,unknown,,unknown,,,
4260301520690,Fanta lemon,Fanta,"plant-based-foods-and-beverages, beverages, plant-based-beverages, carbonated-drinks, fruit-based-beverages, sodas, fruit-sodas, sweetened-beverages",austria,"metal, recyclable-metals, aluminium",,,e,4.0,,"Wasser, Zucker, Zitronensaft aus Zitronensaftkonzentrat (5%), Kohlensäure. Säuerungsmittel: E330, E331), Konservierungsstoff: E300, Stabilisator: (E414, E445), Süßungsmittel: E960, natürliches Zitronenaroma.",,
5449000308146,Fanta Cherry,Fanta,,united-kingdom,,,,unknown,,,,,
4260231225948,Fanta Guarana,Fanta,"ro:fanta, ro:fanta-zero-acucares-adicionados",germany,,,,unknown,,,sem AÇÚCARE ADIÇÃO DE FANT SABOR Guarana,,
5449000030252,Orange,Fanta,"beverages-and-beverages-preparations, plant-based-foods-and-beverages, beverages, plant-based-beverages, carbonated-drinks, fruit-based-beverages, sodas, fruit-sodas, orange-soft-drinks",iraq,,,,e,,,,11.1,44.4
5425029346536,Pot fantasy bleu,,,belgium,,,,unknown,,,,,
5057621216599,Fantasy colouring book,,,united-kingdom,,,,unknown,,,B FANTASY Anti-stress colouring book Rejuvenate & Happy Colouring Travel Colouring Book TRY ME! We'll refund or replace if you are not happy with our quality. 321659 This does not affect your statutory rights ¡PRUÉBEME! Si no le satisface la calidad de nuestro producto se lo cambiamos o le devolvemos el rostringe,,
8001246209952,Fantasia di pasta,Fratelli Tempestini,,italy,,,,unknown,,,,,
7616500672864,Fantastic Berry Sugarfree gum,skai,"snacks, sweet-snacks, confectioneries",switzerland,,Migros,,c,4.0,,"Süssungsmittel : Xylit 30%; Isomalt, Manitol, Maltitsirup, Sucralose und Steviolglycoside, Kaumasse (mit Antioxidationsmittel: E306), Aromen, pickungsmittel: Gummi arabicum, Säuerungsmittel: Citronensäure und Apfelsäure, Feuchthaemittel: E1618 und E422, Überzugsmittel: E903, Schwarzkarottenkonzentrat. Kann bei übermässig Verzehr abführend wirken.",,
8005525037366,Chiodi di garofano,Fantasie Aromatiche,,italy,,,,unknown,,,,,
6130003006038,Fanta Fraise,Coca Cola,"beverages-and-beverages-preparations, beverages, carbonated-drinks, sodas",algeria,,,,unknown,,,,,
9310155612173,The big cheese,Fantastic Snacks,,australia,,Woolworths,,unknown,4.0,,"pasta (81%) (durum wheat semolina (gluten)), beverage whitener (milk rotein), modified starch (1422), milk powder, cheese powders (4%) (milk, soy, colour (paprika soresins), flavour), salt, maltodextrin, stabiliser, (508) sugan. buttermilk powder (milk). flavour (mike), aydrolysed vegetable protex (soy), emulsifier (322, (soy)). vegetable oil antioxidant (3201) colour annatto extracts). contains wheat, gluten, milk, soy, 'sulphites. may contain traces of: peanut sesame, egg, fish, crustace",,
0049000069211,Strawberry Fanta,Fanta,,united-states,,,,unknown,,unknown,,12.6,46.0
3665676000418,Fanta framboise,,,french-polynesia,,,,unknown,,,,9.1,37.0
8006476110047,Fantasy,Gelati Royal,"desserts, frozen-foods, frozen-desserts, ice-creams-and-sorbets, ice-creams",italy,,,,d,,,,,
0260025003282,Baguette Fantaisie,,"plant-based-foods-and-beverages, plant-based-foods, cereals-and-potatoes, breads, baguettes",france,,,,c,,,,,
0049000033298,Fanta,,,united-states,,,,unknown,,unknown,,11.816578483245,44.091710758377
5449000265203,,Fanta,,united-kingdom,,,,unknown,,unknown,,,
8901725112202,Fantastik Chico Bar XL,Candyman,,india,,,,unknown,,unknown,,51.6,536.0
8015167005159,Gusto e Fantasia - ghiaccioli,Gusto e fantasia,"desserts, frozen-foods, frozen-desserts",italy,,,,unknown,,,,,
78936478,Refrigerante Laranja Fanta Garrafa 200ml,FANTA,"beverages-and-beverages-preparations, beverages, carbonated-drinks, sodas, sweetened-beverages",brazil,plastic,,,unknown,,,,,
7771605000032,Fanta sabor Naranja,"Fanta,Coca-Cola","beverages-and-beverages-preparations, beverages, carbonated-drinks, artificially-sweetened-beverages, non-alcoholic-beverages, sodas, sweetened-beverages",bolivia,"plastic, recycled-material, pet-polyethylene-terephthalate, recycled-plastic, bottle, rpet-recycled-polyethylene-terephthalate, transparent-pet, transparent-rpet",,"Cochabamba,Bolivia",e,4.0,,"AGUA CARBONATADA, AZÚCAR, ACIDULANTE (ÁCIDO CÍTRICO), SABORIZANTE A NARANJA (SABORIZANTES NATURALES Y ARTIFICIALES), BENZOATO DE SODIO (PRESERVANTE), ACETATO ISOBUTIRATO DE SACAROSA (ESTABILIZANTE), EDULCORANTES (SUCRALOSA (0.0002%), ACESULFAME K (0.0002%)), COLORANTES (SIN110, SIN125).",,
8013027004229,Fantasia di funghi con porcini secchi,,"plant-based-foods-and-beverages, plant-based-foods, fruits-and-vegetables-based-foods, vegetables-based-foods, mushrooms-and-their-products, mushrooms",italy,,,,unknown,,,,,
8901725118457,Dark fantasy,Sunfeast,,india,,,,unknown,,unknown,,,
87354270,Mentos Fanta Orange,Mentos,"snacks, sweet-snacks, confectioneries, candies, bonbons-drageifies",france,,A2Pas,,e,,,,,
5449000440747,Pink Grapefruit,Fanta,,luxembourg,,,,unknown,,unknown,,0.30000001192092896,3.0
6130003014446,Fanta fraise,,,algeria,,,,unknown,,unknown,,0.0,
2608104014763,Guimauve fantaisie,,,france,,,,unknown,,,,,
9434830296936,Fanta orange,Fanta,,new-zealand,,,,unknown,,unknown,,6.5,27.0
6133166000790,Fanta fraise,,,algeria,,,,unknown,,,,33.6,135.3
4902102035415,Orange soft drink,Fanta,,united-states,,,,unknown,,,,26.0,110.0
4316268433518,Sandwich Classic,"ICE Fantasy, Netto","desserts, frozen-foods, frozen-desserts, ice-creams-and-sorbets, ice-creams, ice-cream-sandwiches",germany,,,,e,4.0,,"81,1% Bourbon-Vanilleeis (entrahmte Milch, Molkenerzeugnis, Glukose-Fruktose-Sirup, Kokosfett, Zucker, Emulgator: Mono - und Diglyceride von Speisefettsäuren; Stabilisator: Johannisbrotkernmehl, Guarkernmehl; Bourbon-Vanilleextrakt), 15,1% kakaohaltige Fettglasur (pflanzliche Fette [Kokos, Palm], Zucker, 10% fettarmes Kakaopulver, Emulgator: Lecithine [enthält Soja]), 3,8% Waffel (Weizenmehl, pflanzliche Fette [Kokos, Palm], Speisesalz, Emulgator: Lecithine (enthält Soja]; Karamellzuckersirup).",,
0027000002124,Snack pack fanta grape,,,united-states,,,,unknown,,unknown,,,
0859592003513,Whey Fantastic - Chocolate,,dietary-supplements,united-states,,,,c,,unknown,,5.5555555555556,372.22222222222
5900643047378,Fantasia z truskawkami,Fantazja,"dairies, fermented-foods, fermented-milk-products, desserts, dairy-desserts, fermented-dairy-desserts, yogurts, desery-mleczne",poland,,,,c,4.0,,"Jogurt: mleko odtłuszczone, śmietanka, cukier, mleko odtłuszczone w proszku, żywe kultury bakterii jogurtowych; wsad owocowy 23 % (truskawki 52 %, cukier), woda, skrobia modyfikowana, substancje zagęszczające (karagen, guma ksantanowa), regulatory kwasowości (cytryniany sodu, kwas cytrynowy), sok z czarnej marchwi zagęszczony, naturalny aromat. Może zawierać zboża zawierające gluten, soje, orzechy, orzeszki ziemne, jaja.",,
3352750300020,Confiserie fantaisie vertes menthol,,,france,,,,unknown,,,,,
9300675090643,Fanta zero sugar orange,Fanta,,australia,,,,unknown,,,,,
0049000058024,Fanta pineapple,Fanta,,puerto-rico,,,,unknown,,unknown,,48.0,180.0
6001704011709,MR Sweet Fantazz 125g,,,south-africa,,,,unknown,,,,,
5449000309440,Fanta,Fanta,,san-marino,,,,unknown,,unknown,,0.1,1.0
3352750300143,Guimauve fantaisie couleur,,"snacks, sweet-snacks, confectioneries, candies, marshmallows",france,,,,unknown,,,,,
5449000310507,Fanta whatthefanta,Fanta,,turkey,,,,unknown,,unknown,,0.0,7.0
5449000295088,Fanta,,,france,,,,unknown,,,,,
8423915099860,Tarta Fantasy,,,spain,,,,unknown,,,,,
0049000547559,#whatthefanta,Fanta,,united-states,,,,unknown,,unknown,,0.0,0.0
57089621,Fanta,Fanta,"beverages-and-beverages-preparations, plant-based-foods-and-beverages, beverages, plant-based-beverages, carbonated-drinks, fruit-based-beverages, sodas, fruit-sodas",denmark,,,,d,,,,7.2,30.0
8712857974831,Fanta BERRY,,"beverages-and-beverages-preparations, beverages, carbonated-drinks, sodas",netherlands,,,,e,,not-applicable,,40.0,150.0
6415600567770,What the fanta,Fanta,,france,,,,unknown,,,,,
7501055317462,Fanta,Fanta,,mexico,,,,unknown,,,"NO CONTIENE JUGO. INGREDIENTES: AGUA CARBONATADA, AZUCARES ANADIDOS (JARABE
DE ALTA FRUCTOSA), CONCENTRADO FANTA SABOR UVA, BENZOATO DE SODIO, AZUL 1,
AMARILLO 5 Y ROJO 5. ELABORADO CON AUTORIZACION DE THE COCA-COLA COMPANY
PROPIETARIA DE LA MARCA REGISTRADA &quot;FANTA&quot;. HECHO EN MEXICO.
D.R. THE COCA-COLA COMPANY 2020. DECLARACION NUTRIMENTAL: CONTENIDO
ENERGETICO POR ENVASE: 1 620 kcal (6 885 kJ)
CONTENIDO ENERGETICO 54 kcal (229.5 kJ)
DISPONIBLES 13.5 g AZUCARES 13.5 g AZUCARES
DIETETICA 09-PROTEINAS 0 g-GRASAS TOTALES 0g
GRASAS TRANS 0 mg SODIO 15 mg
800-704-4400. CONSERVE EL AMBIENTE. DEPOSITE EL ENVASE VACIO EN LA
BASURA. LOTE Y FECHA DE CONSUMO PREFERENTE INDICADO EN EL ENVASE.
CONTENIDO POR 100 ml:
HIDRATOS DE CARBONO
ANADIDOS 13.5 g FIBRA
GRASAS SATURADAS O g.
INFORMACION AL CONSUMIDOR",,
5000112655803,Fanta Watermelon Zero Sugar,Fanta,,switzerland,,,,unknown,,,,,
6130003007035,Fanta pomme,,"beverages-and-beverages-preparations, plant-based-foods-and-beverages, beverages, plant-based-beverages, carbonated-drinks, fruit-based-beverages, sodas, fruit-sodas, apple-soft-drinks",algeria,,,,unknown,,,,,
0049000030747,Grape,Fanta,,united-states,,,,unknown,,unknown,,44.0,170.0
7771609001646,Fanta sabor Naranja,"Fanta,Coca-Cola","beverages-and-beverages-preparations, beverages, carbonated-drinks, artificially-sweetened-beverages, non-alcoholic-beverages, sodas, flavoured-drinks, sweetened-beverages",bolivia,"plastic, recycled-material, pet-polyethylene-terephthalate, recycled-plastic, bottle, rpet-recycled-polyethylene-terephthalate, transparent-pet, transparent-rpet","Farmacorp,Amarket,Mega Licor,FSA,IC Norte","Cochabamba,Bolivia",unknown,4.0,,"Agua carbonatada, azúcar, ácido cítrico (acidulante), saborizantes naturales y artificiales a naranja, benzoato de sodio (preservante), acetato isobutirato de sacarosa (estabilizante), edulcorantes [sucralosa (0.0006%), acesulfame K (0.0046%)], colorantes (SIN 110, SIN 129).",,
8410564004383,Tabooh murciélagos y fantasmas sabor queso,Frit Ravich,"snacks, salty-snacks, appetizers",spain,,,,d,4.0,,"Patata deshidratada aceite de girasol, harina de arroz, harina de maíz, fecula de patata, aroma a queso [maltodextrina, sal, aroma, sacarosa, co-lorante (E-160c), aroma de humo], levadura y sal. Puede contener gluten y leche",,
7771609001639,Fanta sabor Guaraná,"Fanta,Coca-Cola","beverages-and-beverages-preparations, plant-based-foods-and-beverages, beverages, plant-based-beverages, carbonated-drinks, fruit-based-beverages, artificially-sweetened-beverages, non-alcoholic-beverages, sodas, fruit-sodas, flavoured-drinks, sweetened-beverages",bolivia,"plastic, recycled-material, pet-polyethylene-terephthalate, recycled-plastic, bottle, rpet-recycled-polyethylene-terephthalate, transparent-pet, transparent-rpet","Farmacorp,Amarket,Fidalga,FSA,Hipermaxi,Louisiana Fried Chicken","Cochabamba,Bolivia",unknown,4.0,,"AGUA CARBONATADA, AZÚCAR, SABORIZANTES NATURALES, REGULADOR DE LA ACIDEZ (SIN 330), COLORANTE (SIN 150d), SUSTANCIAS CONSERVADORAS (SIN 211, SIN 202), EXTRACTO DE GUARANÁ, EDULCORANTES (SIN 950 ACESULFAME K (0.006%), SIN 951 ASPARTAME (0.007%)).",,
4260231225931,fanta,,,italy,,,,unknown,,,,,
90490705,Fanta exotic,Coca Cola,"beverages-and-beverages-preparations, plant-based-foods-and-beverages, beverages, plant-based-beverages, carbonated-drinks, fruit-based-beverages, sodas, fruit-sodas, sweetened-beverages",united-kingdom,"1-plastic-bottle-to-recycle, 1-plastic-lid",,,d,3.0,,"orange juice concentrate, blackberries, carrots, aronia, elderberry, lemon, safflower",,
18585889,Fanta limon,Fanta,,spain,,,,unknown,,,,,
8723400795803,Fanta mentos,Mentos,"snacks, sweet-snacks, confectioneries",united-kingdom,,,,e,4.0,,"sugar, glucose syrup, orange juice from concentrate (2%), coconut oil, acid (citric acid), starch, flavouring, maltodextrin, cocoa butter, thickeners (gellan gum, cellulose gum, gum arabic), emulsifier (sucrose esters of fatty acids), glazing 4x37,5ge agent (carnauba",,
3290270205589,Meringues fantaisie,,,france,,,,unknown,,,,,
4032549023017,Fanta shokata,,,germany,,,,unknown,,,,,
5281013010308,Fantasia Cheese Bals,,,lebanon,,,,unknown,,unknown,,4.0,467.7
3850116036144,Quattro fantasy,ledo,"desserts, frozen-foods, frozen-desserts, ice-creams-and-sorbets, ice-creams, ice-cream-tubs","croatia, france","plastic, pp-polypropylene",,,unknown,4.0,,"Voda, obrano MLIJEKO u prahu, kokosovo ulje, šećer, nougat preljev 5 % (šećer, suncokretovo ulje, ulje repice, kakaov prah smanjene masti 9%, obrano MLIJEKO u prahu, kokosovo ulje, pasta od LJEŠNJAKA 7 %, emulgator amonijevi fosfatidi), preljev okusa čokolade 5 % (voda, glukozni sirup, šećer, kakaov prah smanjene masti 6 %, modificirani škrob, aroma, jodirana sol), glukozni sirup, dekstroza, komadići od čokolade i bijele čokolade 0,9 % (šećer, kakaova masa, kakaov maslac, punomasno MLIJEKO u prahu, emulgator suncokretov lecitin), pasta od LJEŠNJAKA 0,8 %, pasta s PISTACIJAMA 0,67 % (glukozni sirup, BADEMI, šećer, voda, PISTACIJE 5 %, bojilo klorofili, emulgator mono - i digliceridi masnih kiselina, stabilizator pektini, arome), emulgator mono - i digliceridi masnih kiselina, stabilizatori (brašno sjemenke rogača, guar guma), arome, bojila (bakreni kompleksi klorofila i klorofilina, beta karoten, SULFITNO amonijačni karamel). 

Može sadržavati jaja, gluten, kikiriki i ostalo orašasto voće.",,
5430002378060,Fanta orange,,,belgium,,,,unknown,,,,,
5449000185556,Fanta-orange Soda-185ml-jordan,,,france,,,,unknown,,,,,
5449000305619,Fanta Apple,Fanta,"beverages, carbonated-drinks, sodas, non-alcoholic-beverages",egypt,"can, drink-can",,Ägypten,e,4.0,not-applicable,"Kohlensäurehaltiges Wasser, Fruktosesirup oder Zucker, Säureregulatoren (Citronensäure, Trinatriumcitrat), Apfelaroma, Karamell, Konservierungsstoffe (Natriumbenzoat).",13.0,52.0
6928804019414,Jasmine Peach,Fanta,"beverages-and-beverages-preparations, beverages, carbonated-drinks, sodas",united-states,,,,e,,,,5.5,81.0
6132007700219,Fanta lemon,,,algeria,,,,unknown,,unknown,,,
5000112660098,Fanta Lemon,Fanta,"beverages-and-beverages-preparations, beverages, carbonated-drinks, sodas",germany,,,,unknown,,,,,
40682938,Fanta Orange,Fanta,,switzerland,,,,unknown,,,,,
0089087240554,Tropical fantasy,,,united-states,,,,unknown,,unknown,,,
4260231225818,Fanta,Fanta,"beverages-and-beverages-preparations, beverages, artificially-sweetened-beverages",germany,,,,b,,,,,
5449000310019,What the fanta,Fanta,,austria,,,,unknown,,,,,
5000112651645,Fanta Orange,Fanta,"beverages-and-beverages-preparations, plant-based-foods-and-beverages, beverages, plant-based-beverages, carbonated-drinks, fruit-based-beverages, sodas, fruit-sodas, orange-soft-drinks, sweetened-beverages",lithuania,,,,unknown,,,,4.7,20.0
0176239151377,ICE Fantasy,,,italy,,,,unknown,,,,,
5000112651669,Fanta 1.5,Fanta,"plant-based-foods-and-beverages, beverages, plant-based-beverages, carbonated-drinks, fruit-based-beverages, sodas, fruit-sodas, orange-soft-drinks, sweetened-beverages","poland, switzerland","plastic, pet-polyethylene-terephthalate, bottle",,,d,4.0,,"woda, sok pomarańczowy z koncentratu 5%, cukier, dwutlenek węgla, kwasy (kwas cytrynowy, kwas jabłkowy), regulator kwasowości (glukonian sodu), substancje słodzące (cyklaminiany i sacharyny), naturalne aromaty, przeciwutleniacz (kwas askorbinowy), stabilizator (guma guar), barwnik (karoteny)",,
0833125001108,Organic Brown Rice Pasta Fantasia,Rizopia,,"canada, world",,,,unknown,,,Riz brun aux grains entiers biologique,,
5449000246370,Aranciata,Fanta,,italy,,,,unknown,,,,,
8001724107381,Dark fantasy,,,india,,,,unknown,,,,,
8032771274153,fantasia di cozze,,,italy,,,,unknown,,,,,
0089087157791,Tropical fantasy,,,united-states,,,,unknown,,unknown,,0.6015037593985,3.0075187969925
0049000545531,Pineapple flavored soda,Fanta,"plant-based-foods-and-beverages, beverages, plant-based-beverages, carbonated-drinks, fruit-based-beverages, waters, sodas, fruit-sodas, carbonated-waters, flavored-waters, flavored-sparkling-waters",united-states,,,,unknown,,not-applicable,,,
5000112647839,lemon,Fanta,"beverages-and-beverages-preparations, beverages, carbonated-drinks, sodas",netherlands,,,,unknown,4.0,,"Sprankelend water; citroensap uit sapconcentraat (6%); voedingszuren: citroenzuur, natriumcitraat; zoetstoffen: aspartaam,acesulfaam-K, natrium-sacharine; conserveermiddel: kaliumsorbaat; stabilisatoren: arabische gom,glycerolesters van houthars; antioxidant: ascorbinezuur; natuurlijke citroenaroma's met ander natuurlijk aroma.",,
5449000310859,,Fanta,,slovakia,,,,unknown,,unknown,,,
9300675092005,Fanta Raspberry No Sugar,,,australia,,Woolworths,,unknown,,,"TM FANTA zero sugar NUTRITION INFORMATION Servings per package: 5 Serving size: 250 ml LO 5 250 SERVES PER PANCH Average Quantity Per Serving Per 100 mL Soft Drink Contains: Energy 7.1kJ 2.8kJ 10c Sweeteners (955,950), Preservative (202), Carbonated Water, Flavour, Food Acid (330), 1.7 Cal Protein Og Og 0.7 Cal RE DEPOT POIN STATE Og Fat, total Og Og Og - saturated Og Carbohydrate Og Og Og - sugars Og Dietary Fibre Og 1.0 mg 2.5 mg Sodium Colour (122) Made in Australia from imported and local ingredients. Store in a cool place. For best before date see neck of bottle. Prepared and bottled by Coca-Cola Europacific Partners Australia Pty Ltd, 102 Briens Road, Northmead NSW 2152 Australia, under authority of The Coca-Cola Company owner of the trade mark 'Fanta'. coca-colacompany.com/au G 02023 The Coca-Cola Company 1800 025 123",0.0,
93567244,Fanta zero sugar orange,Fanta,,australia,,,,unknown,,,,0.0,2.8
8600939346020,Jimmy Fantastic Crispy Wafers,Atlantic Grupa,"snacks, sweet-snacks, cocoa-and-its-products, biscuits-and-cakes, biscuits-and-crackers, biscuits, chocolates, wafers, chocolate-with-wafers",croatia,,,,unknown,,c,,,
6130003014729,Fanta ananas,null,,algeria,,,,unknown,4.0,,"EAU, SUCRE, GAZ CO2, RÉGULATEURS D'ACIDITÉ: SIN 330, NATURELS ET IDENTIQUES AUX NATURELS, CONSERVATEURS: SIN 202, SIN 211, EDULCORANTS: SIN 950,SIN 955; COLORANTS: SIN 150d, SIN 104, SIN 110. LES ADDITIFS UTILISÉS SONT ALIMENTAIRES. DÉCONSEILLÉ AUX G الانتاج: (F) ويحبذ الإستهلاك قبل نهاية: (E) أنظر أعلى التصريح الغذائيد 100 مل ار حول ت: 10 لكل 250 مل: الله",,
5449000314987,Fanta Mango,Fanta,"beverages, carbonated-drinks, sodas",italy,,,,unknown,4.0,,"Apă, suc de portocale din concentrat (3%), dioxid de carbon, extract de citrice, acidifianti: acid citric, acid malic, indulcitori: ciclamati de sodiu, acesulfam-K, sucraloză, glicozide steviolice din stevia, corector de aciditate: citrati de sodiu, conservant: sorbat de potasiu, antioxidant: acid ascorbic, stabilizatori: guma de guar, gumă de acacia, esteri glicerici ai răşinilor din lemn, aromă naturală de mango cu alte arome naturale, colorant: caroteni.",,
05659791,Fanta citron 500ml,Fanta,,france,,,,unknown,,,,,
8024749001267,Fantasie di verdure al naturale,Il Nutrimento,"plant-based-foods-and-beverages, plant-based-foods",italy,,,,unknown,,,,,
4902102139731,Japan melon,Fanta,,france,,,,unknown,,,,,
4316268650922,Peanut Champion Ice Cream - Erdnusseisriegel,"Ice Fantasy,Netto MD","snacks, desserts, frozen-foods, sweet-snacks, frozen-desserts, ice-creams-and-sorbets, bars, ice-creams, ice-cream-candy-chocolate-bars",germany,,,,e,4.0,,"50 % Eiscreme mit Erdnuss (entrahmte Milch, 25 % Schlagsahne, Glukose-Fruktose-Sirup, Molkenerzeugnis, Zucker, 3 % Erdnusspaste, Emulgator: Mono - und Diglyceride von Speisefettsäuren; Stabilisator: Johannisbrotkernmehl, Guarkernmehl; Karamellzuckersirup, natürliches Aroma, natürliches Erdnussaroma), 30 % Vollmilchschokolade (Zucker, Kakaobutter, Magermilchpulver, Kakaomasse, Butterreinfett, Kokosfett, Emulgator: Lecithine [enthält Soja], Polyglycerin-Polyricinoleat; Bourbon-Vanilleextrakt), 12 % gesalzene Karamellsauce (Glukosesirup, gezuckerte Kondensmagermilch [Magermilch, Zucker], Zucker, Karamellzuckersirup, Wasser, Kokosfett, Stärke, Speisesalz, Stabilisator: Pektine; natürliches Aroma), 8 % gehackte und geröstete Erdnusskerne. 

Das Produkt kann Spuren von Gluten, Hühnereiern und Schalenfrüchten enthalten.",,
5000112650587,fanta,,,austria,,,,unknown,,unknown,,,
8422915268610,Snacks fantasmas,,,spain,,,,unknown,,,,,
0176233151328,Fantaisie glacé bianca amarena,,,france,,,,unknown,,,,,
8992761002039,Fanta,Fanta,,indonesia,,,,unknown,,,,11.0,50.0
6415600560573,Fanta zero sugar appelsiini,Fanta,"beverages, carbonated-drinks, sodas",finland,,,,b,,,,0.394,3.03
6132007700325,Fanta fraise,,"beverages-and-beverages-preparations, beverages, carbonated-drinks, sodas",algeria,,,,unknown,,,,,
2328210007243,Spiedini Fantasia,Fileni,skewers,italy,,,,b,,,,,
5449000297730,Fanta Tropical,Fanta,"beverages, carbonated-drinks, sodas",north-macedonia,,,,unknown,,not-applicable,,13.2,53.0
7441003596238,Fanta kolita,,,costa-rica,,,,unknown,,unknown,,32.0,130.0
04907817,Fanta Grape,Coca-Cola,,italy,,,,unknown,,,,,
5000112650426,fanta,Fanta,"beverages-and-beverages-preparations, plant-based-foods-and-beverages, beverages, plant-based-beverages, carbonated-drinks, fruit-based-beverages, sodas, fruit-sodas",austria,,,,unknown,,,,,
5449000003034,Fanta 1 litre,,"beverages-and-beverages-preparations, beverages, carbonated-drinks, sodas",turkey,,,,unknown,,,,,
3481294500297,Truffes fantaisie,SO DÉLICE,frozen-foods,france,,,,e,4.0,,"Graisse végétale (coprah), sucre, cacao maigre en poudre, lactosérum en poudre, éclats de popcorn 5% (mais, sucre, huile de tournesol, sirop de glucose de maïs, sel). pâte de cacao, cacao en poudre, émulsifiant: lécithines de soja",,
9300675091961,Fanta orange,Coca-Cola,,australia,,,,unknown,,unknown,,0.0,0.9
7501055371082,Fanta,Fanta,,united-states,,,,unknown,,unknown,,,
6130003015825,Fanta cassis,,,algeria,,,,unknown,4.0,unknown,"eau, sucre, gaz CO2, colorant : sin 150d, sin 124, régulateurs d'acidité : sin 296, sin 330, séquestrant: sin 576, édulcorants : sin 951, sin 950, conservateur sin 211, arômes artificiels",,
5449000315007,Fanta mango,Coca-Cola,"beverages, carbonated-drinks, sodas, ro:fanta-mango",romania,,,,unknown,,not-applicable,,0.3,3.0
5449000309761,Fanta no sugar what the fanta,Fanta,"beverages, carbonated-drinks, sodas",belgium,,,,unknown,,,,,
8723400796671,Mentos Fanta,Mentos,"snacks, sweet-snacks, confectioneries",belgium,,,,e,,,,,
8002970125105,bruschetta fantasia,,,italy,,,,unknown,,,,,
5449000015075,Fanta 2 litre portakal,,,turkey,,,,unknown,,unknown,,,
2608106023022,Guimauve fantaisie enrobee de chocolat blanc,,"snacks, sweet-snacks, cocoa-and-its-products, confectioneries, chocolate-candies, marshmallows-coated-with-chocolate",france,,,,unknown,,,,,
8033673202251,Coldì Fantasia di legumi,,,italy,,,,unknown,,,,,
8015361224769,Sotto Pentola a Fantasia,,,italy,,,,unknown,,,,,
2608106014235,Guimauves fantaisies enrobée de chocolat blanc,,"snacks, sweet-snacks, cocoa-and-its-products, confectioneries, chocolate-candies, marshmallows-coated-with-chocolate",france,,,,unknown,,,,,
8013554110905,Nervetti fantasia,Chef a casa,meals,italy,,,,c,,,,,
8001364200022,Fantasia di funghi leggeri,Novella,"plant-based-foods-and-beverages, plant-based-foods, fruits-and-vegetables-based-foods, vegetables-based-foods",italy,,,,c,,,,,
8050262610105,CremoSi - Il fantastico biscotto ripieno,,,italy,,,,unknown,,,,,
5449000269430,Fanta Zero Lemon,Fanta,"beverages-and-beverages-preparations, beverages, carbonated-drinks, artificially-sweetened-beverages, non-alcoholic-beverages, sodas, diet-beverages, diet-sodas",malta,"plastic, pet-polyethylene-terephthalate",,,c,4.0,,"Carbonated Water, Lemon Juice from concentrate 3% Citric acid and Malic acid, Sweeteners (Ciclamates, Acesulfame-K, Sucralose, Steviol glycosides, Neohesperidin DC), Natural lemon flavourings with other natural flavourings, Acidity Regulator: sodium citrates, Pervative: Potassium sorbate, Stabilizers: Acacia gum and E445, Antioxidant: Ascorbic acid, Colour: Carotenes",,
8058773230041,Fantasia di frollini,,,italy,,,,unknown,,,,,
4001686378977,Haribo fantastic mix,Haribo,"snacks, sweet-snacks, confectioneries, candies",russia,,,,unknown,,,Unknown,53.0,345.0
4061458013017,Französische Salami,fantastique,"meats-and-their-products, prepared-meats, cured-sausages, salami",germany,,,,e,,,,,
5000112651638,Fanta orange,Fanta,"plant-based-foods-and-beverages, beverages, plant-based-beverages, carbonated-drinks, fruit-based-beverages, sodas, fruit-sodas, orange-soft-drinks",norway,,,,c,,,,4.1,17.0
8015167000123,Gusto e Fantasia,Gusto e fantasia,"desserts, frozen-foods, frozen-desserts",italy,,,,unknown,,,,,
0810038680712,Large Fantail Shrimp,Schwan's,"seafood, crustaceans, shrimps",united-states,,,,c,,f,,0.0,235.29411764706
8935049501565,Fanta cream soda,Coca-Cola,"beverages, carbonated-drinks, sodas",canada,,,,e,,,,,
3850116818252,quattro fantasy,ledo,"desserts, frozen-foods, frozen-desserts, ice-creams-and-sorbets, ice-creams",croatia,,,,d,4.0,b,"Voda, obrano mlijeko u prahu, kokosovo ulje, šećer, dekstroza, nougat preljev 5,4 % (šećer, suncokretovo ulje, ulje repice, kakaov prah smanjene masti 9%, obrano mlijeko u prahu, kokosovo ulje, lješnjak pasta 7 %, emulgator E442), preljev okusa čokolade 5,4 % (voda, glukozni sirup, šećer, kakaov prah smanjene masti 6 %, modificirani škrob, aroma, sol), glukozni sirup, komadići od čokolade i bijele čokolade 1,2 % (šećer, kakaova masa, kakaov maslac, punomasno mlijeko u prahu, emulgator suncokretov lecitin), lješnjak pasta 0,8 %, pasta okusa pistacije 0,65 % (glukozni sirup, bademi, šećer, voda, pistacije 5 %, bojilo E140, emulgator E471, stabilizator E440, arome), emulgator E471, stabilizatori (E410, E412), arome, bojila (E141, E160a, E150d).",21.6,208.0
2355784004682,Stizioso fantasia,,,belgium,,,,unknown,,,,,
8033378343174,Cioccolatini la nostra fantasia,,,italy,,,,unknown,,,,,
9310155010795,Delites Sea Salt & Balsamic Vinegar Flavour,Fantastic,,australia,,,,unknown,,,,,
57112831,fanta,fanta,,denmark,,,,unknown,,,,,
0089087240578,Tropical Fantasy,,,united-states,,,,unknown,,unknown,,9.6446700507614,37.225042301184
4260231224767,Fanta Elderflower&Lemon,Fanta,,germany,,,,unknown,,,,,
8906000379134,Orange,Fanta,"beverages-and-beverages-preparations, beverages, carbonated-drinks, sodas, sweetened-beverages",india,,,,e,4.0,,"CARBONATED WATER, SUGAR, ACIDITY REGULATOR (330) STABILIZERS (414, 445), PRESERVATIVE (211), COLOUR (110) FLAVOURS NATURAL & NATURE-IDENTICAL FLAVORING SUBSTANCES)",13.7,56.0
8015167005173,Gelato al gusto panna,Gusto e fantasia,"desserts, frozen-foods, frozen-desserts",italy,,,,d,,,,,
7771609002254,Fanta sabor Papaya,"Fanta, Coca-Cola","beverages-and-beverages-preparations, beverages, non-alcoholic-beverages, carbonated-drinks, soft-drinks, artificially-sweetened-beverages, sodas, flavoured-drinks, sweetened-beverages",bolivia,"plastic, recycled-material, pet-polyethylene-terephthalate, recycled-plastic, bottle, rpet-recycled-polyethylene-terephthalate, transparent-pet, transparent-rpet",,,e,4.0,,"Agua carbonatada, azúcar, saborizante idéntico al natural de papaya, regulador de la acidez (SIN 330), sustancias conservadoras (SIN 211, SIN 385), edulcorantes (SIN 950 ACESULFAME K (0.004%), SIN 951 ASPARTAME (0.0008%)), colorantes artificiales (SIN 102, SIN 110).",,
4780069000178,Fanta,Coca Cola,"beverages-and-beverages-preparations, beverages, carbonated-drinks, sodas",russia,,,,unknown,,,"ong 78 20% TESE*** JADVALI (100 m) 32/135 kJ Iltimos, iflos qilmang ST UzTR 345-035:2020 ГОСТ 28188-2014 PET 24-UZB-403880913 4 780069 000178 MENI QAYTA ISHLA",,
7771609001455,Fanta sabor Naranja,"Fanta,Coca-Cola","beverages-and-beverages-preparations, beverages, carbonated-drinks, artificially-sweetened-beverages, sodas, non-alcoholic-beverages, flavoured-drinks, sweetened-beverages",bolivia,"plastic, recycled-material, bottle-or-vial, pet-1-polyethylene-terephthalate, recycled-plastic, bottle, rpet-recycled-polyethylene-terephthalate","Fidalga,Farmacorp","Cochabamba,Bolivia",e,4.0,not-applicable,"Agua carbonatada, azúcar, ácido cítrico (acidulante), saborizantes a naranja (saborizantes naturales y artificiales), benzoato de sodio (preservante), acetato isobutirato de sacarosa (estabilizante), sucralosa 0.006% (edulcorantes), acesulfame k 0.0046% (edulcorantes), SIN 110 (colorantes), SIN 129 (colorantes).",7.33,31.0
8003100001726,Mix fantasia di semi tostati biologici,Selex,,italy,,,,unknown,,,,,
4061458253390,Pizza Fantasia,"Aldi,Pizz'Ah,Roncadin","frozen-foods, meals, pizzas-pies-and-quiches, pizzas, frozen-pizzas-and-pies, frozen-pizzas",germany,,,,c,4.0,,"Weizenmehl, 15% geräucherter Provolone (Kuhmilch, Salz, mikrobielles Lab, Rauch), Tomatenpüree, Wasser, 7,5 % Mozzarella-Käse (Kuhmilch, Salz, mikrobielles Lab, Starterkulturen), 7,5% gegrillte Auberginenscheiben, 7,5% gegrillte Paprikafilets, 6,2% gegrillte Zucchini, 3,7 % Brokkoli, 2% Spargel, Olivenöl, Salz, Dextrose, Weizenmalzmehl, Hefe, Oregano. Kann Spuren von Fisch, Krebstieren, Senf und Soja enthalten.",,
8015167000055,Gusto e fantasia,Gusto e fantasia,"desserts, frozen-foods, frozen-desserts",italy,,,,e,,,,,
7501055362585,Fanta,Fanta,"beverages-and-beverages-preparations, beverages, carbonated-drinks, sodas",mexico,,,,unknown,,,,,
5000112660166,Fanta,Fanta,,france,,,,unknown,,,,,
8050534994247,Fantasia di olive piccanti,,,italy,,,,unknown,,,,,
3481294500938,Truffes Fantaisie,,"snacks, sweet-snacks, cocoa-and-its-products, confectioneries, chocolate-candies, bonbons, chocolate-truffles",france,,,,e,,,,,
8026252001758,Fantasia  di forme,Paatificio Curti,"plant-based-foods-and-beverages, plant-based-foods, cereals-and-potatoes, cereals-and-their-products, pastas, cereal-pastas, dry-pastas, durum-wheat-pasta",italy,,,,unknown,,,,,
8723400795827,Mentos Fanta Orange flavour,Mentos Fanta,,germany,,,,unknown,4.0,,"FANTA&quot;is a trademark of The Coca-Cola Company. 2022 The Coca-Cola Company.

10 202

Dragees mit Orangengeschmack. Zutaten: Zucker, Glukosesirup, Orangensaft (2%), Kokosöl, Säuerungsmittel (Citronensäure), Stärke, Aroma, Maltodextrin, Kakaobutter, Verdickungsmittel (Gellan, Cellulosegummi, Gummi arabicum), Emulgator (Zuckerester von Speisefettsäuren), Überzugsmittel (Carnaubawachs), Farbstoff (Beta Carotin). Bonbons parfum orange. Ingrédients: sucre, sirop de glucose, jus d'orange (2%), huile de noix de coco, acidifiant (acide citrique), fécule, arome, maltodextrine, beurre de cacao, épaississants (gomme gellane, gomme de cellulose, gomme arabique), émulsifiant (sucroesters d'acides gras), agent d'enrobage (cire de carnauba), colorant (bêta-carotène).

Mindestens ha A consommer

Perfetti Van Melle Benelux B.V., P.O. Box 3000, 4800 DA Breda, Holland. Hersteller/Producteur: Perfetti Van Melle Benelux B.V., P.O. Box 3000, 4800 DA Breda, Niederlande / Pays Bas.",,
5449000219206,,Fanta,,united-states,,,,unknown,,unknown,,,
4316268648110,Sandwich Classic,ICE Fantasy,"desserts, frozen-foods, frozen-desserts, ice-creams-and-sorbets, ice-creams, ice-cream-sandwiches",germany,"plastic, box, cardboard, film, fsc-cardboard",,,e,4.0,,"Entrahmte _Milch_, _Molkenerzeugnis_, 12,5% kakaohaltige Fettglasur (Kokosfett, Zucker, 9% fettarmer Kakao, Sonnenblumenöl, Emulgator: Lecithine [enthält _Soja_]), Zucker, Kokosfett, Glukosesirup, 3,8% Waffel (_Weizenmehl_, _Weizenstärke_, Emulgator: Lecithine [enthält _Soja_]; Speisesalz, Backtriebmittel: Natriumcarbonate), Emulgator: Mono - und Diglyceride von Speisefettsäuren; Stabilisator: Johannisbrotkernmehl, Guarkernmehl; Bourbon-Vanilleextrakt",,
9300675092326,Fanta Mystery Flavour,,,australia,,,,unknown,,unknown,,0.0,0.4
90377259,Boisson gazeuse Fanta,Fanta,,algeria,,,,unknown,,unknown,,,
6130003015573,Fanta pomme,Fanta,"beverages-and-beverages-preparations, beverages, carbonated-drinks, sodas",france,,,,unknown,,,,,
9310155620505,Noodles Chicken Flavour,Fantastic,"plant-based-foods-and-beverages, plant-based-foods, dried-products, pastas, dried-products-to-be-rehydrated, noodles, instant-noodles","australia, new-zealand",fantastic,,,unknown,4.0,,"Wheat flour, vegetable oil (contains antioxidant (320)), salt, flavour enhancers (621, 635), flavours (soy), herbs ,  spices, sugar, yeast extract, colour (turmeric), vegetable oil (contains antioxidant (319)), dehydrated carrot, green onion, garlic",,
3266481766140,Amande fantaisie Provençale Bio,,,france,,,,unknown,,,,,
8723400796008,Mentos Fanta,Mentos,,germany,,,,unknown,,,,,
7750182002363,Gaseosa Fanta Kola Inglesa x 500ml,Fanta,"beverages-and-beverages-preparations, beverages, non-alcoholic-beverages, carbonated-drinks, soft-drinks, sodas",peru,,,,unknown,4.0,,"Agua carbonatada, azúcar, regulador de acidez (INS 330), saborizantes a fresa (artificiales), sustancia conservadora (INS 211), edulcorantes (INS 950 y INS 955), cafeína, colorante (INS 129), estabilizador (INS 414)",,
6415600571043,Fanta etelän hedelmät sokeriton,Fanta,"plant-based-foods-and-beverages, beverages, plant-based-beverages, carbonated-drinks, fruit-based-beverages, artificially-sweetened-beverages, sodas, fruit-sodas",finland,,,,unknown,,not-applicable,,,8.0
3665676000432,Fanta Saveur Framboise,Fanta,,french-polynesia,,,,unknown,,unknown,,9.1,37.0
9259402285003500000,Grissini fantasia di cereali,,,italy,,,,unknown,,,,,
2608106022636,Guimauve fantaisie enrobée de chocolat blanc,,"snacks, sweet-snacks, cocoa-and-its-products, confectioneries, chocolate-candies, marshmallows-coated-with-chocolate",france,,,,unknown,,,,,
5000112650372,Fanta,CocaCola,"beverages-and-beverages-preparations, beverages, carbonated-drinks, sodas",bosnia-and-herzegovina,,,,unknown,,,,,
2034000085673,Farfalle Fantasia,Cucina Nobile,,spain,,,,unknown,,,,,
42399520,Orange,Fanta,"beverages-and-beverages-preparations, beverages, carbonated-drinks, sodas",netherlands,,,,unknown,,not-applicable,,,
0049000063059,Fanta Big Red,Fanta,,germany,,,,unknown,,,,,
0049000076301,Fanta Banana,Fanta,"beverages-and-beverages-preparations, beverages, carbonated-drinks, sodas",germany,,,,unknown,,,,,
5000112650419,Zero Sugar - Lemon,Fanta,"beverages-and-beverages-preparations, beverages, carbonated-drinks, sodas",sweden,,,,b,,,,,
04906346,Fanta pêche,Fanta,,france,,,,unknown,,,,,
0089087024093,Tropical Fantasy Black Cherry Soda,,,united-states,,,,unknown,,unknown,,5.414551607445,20.304568527919
5449000664754,fanta,Fanta,,israel,,,,unknown,,,,,
8712857974237,Fanta pineapple,,,france,,,,unknown,,,,,
8001120711908,Fantasia Vegetale con ceci soia pomodorini e peperoni,Coop,,italy,,Coop,,unknown,,,,,
8001120711748,Fantasia di calamari con carciofi,Coop,"seafood, mollusc",italy,,Coop,,b,,,,,
5281013040749,Fantasia,,,lebanon,,,,unknown,,,,3.0,510.0
0088009150643,Fanta Orange,Fanta,,french-polynesia,,,,unknown,,,,13.0,54.0
2608105029520,Guimauve fantaisie enrobée de chocolat noir,,,france,,,,unknown,,,,,
0260503003612,Baguette fantaisie,,,france,,,,unknown,,,,,
2014000085675,Farfalle Fantasia,,,spain,,,,unknown,,,,,
7790895647277,misterio,fanta,,argentina,,,,unknown,,unknown,,,
35468752,Fanta Zero Azúcar,Fanta,,spain,,,,unknown,,,,,
0062100010686,Soda gingembre au canneberge diete,Fanta,,canada,,,,unknown,,,,,
8006460023056,Fantasie di sgombro,Delicius,"seafood, fishes-and-their-products, fishes, fatty-fishes, fish-preparations, mackerels",italy,,,,c,,,,,
8723400796091,Mentos au Fanta,Mentos,"snacks, sweet-snacks, confectioneries",france,,,,e,4.0,,"Sucre, sirop de glucose, jus d'orange (2%), huile de noix de coco, acidifiant (acide citrique), fécule, arôme, maltodextrine, beurre de cacao, épaississants (gomme gellane, gomme de cellulose, gomme arabique), émulsifiant (sucroesters d'acides gras), agent d'enrobage (cire de carnauba), colorant (carotenoides)",,
0049000051056,Fanta,Fanta,,puerto-rico,,,,unknown,,unknown,,57.0,232.0
0049000545548,Caffeine Free Strawberry,Fanta,,united-states,,,,unknown,,unknown,,,
8005525037489,Peperoncino Polvere,Fantasie Aromatiche,,italy,,,,unknown,,,,,
7730197009427,Fanta,Misterio,,uruguay,,,,unknown,,unknown,,,20.0
6130003015634,Fanta Fraise.DZ,Fanta,,france,,,,unknown,,,,,
8723400795780,Mentos Fanta,Mentos,,germany,,,,unknown,4.0,,"1646 kJ/388 kcal 44/10 kcal 0% Perf demark of The Co-Cola Company. 7022 The Coca-Cola Company. Dragees mit Orangengeschmack Zutate aubawachs), Farbstoff (Beta-Carotin). Chewy orange flavour sweets. Ingredients: sugar, glucose orange juice angsmittel (Gellan, Cellulosegummi, Gummi arabicum), Emulgator Zuckerester von Speisefettsäuren), Oberzugsmi Cakesesirup, Orangensaft (2%), Kokaso, Säuerungsmittel (citronensäure), Stärke, Aroma, Maltodextrin, Kakaobutt har his Ende Best before and oncentrate (2%), coconut oil, acid (Giric acid), starch, flavouring, maltodextrin, cocoa butter, thickeners (gan cellulos Melle Benelux B.V.. P.O. Box 3000, 4800 DA Breda Ho land. Distributed in UK by Teen Windsor, SL4 2SE, UK. Meile-PVM UK 105 aight P mentos",,
8007228006014,Fantasmini,Commerciale Dolciumi,"snacks, sweet-snacks",italy,,,,unknown,,,,,
3701175700388,Truffe fantaisie aux éclats de noisettes avec arôme,,,france,,,,unknown,,,,,
8005525036093,Menta essiccata,Fantasie Aromatiche,,italy,,,,unknown,,,,,
9345156192676,Fantastic Flaxseed with Chia + Almond,,,australia,,,,unknown,,unknown,,1.6666666666667,530.0
4260616560688,Fanta Peach,Fanta,"beverages-and-beverages-preparations, beverages, carbonated-drinks, sodas",germany,,,,unknown,,,,,
8002130210078,Riso Fantasia Integrale,,,italy,,,,unknown,,,,,
5000112649727,Fanta Sitron,Fanta,"plant-based-foods-and-beverages, beverages, plant-based-beverages, carbonated-drinks, fruit-based-beverages, artificially-sweetened-beverages, sodas, fruit-sodas",norway,"plastic, bottle",,,c,4.0,,"Kullsyreholdig vann, sitronsaft fra konsentrat (6%), surhetsregulerende middel (E330, E331), søtstoff (aspartam, acesulfam-K, natriumsakkarin), konserveringsmiddel (E202), stabilisator (E414, E445), antioksidant (E300), naturlige sitronaromaer med andre naturlige aromaer. Inneholder en kilde til fenylalanin.",0.0,2.0
6415600570992,Etelän hedelmät,Fanta,,finland,,,,unknown,,unknown,,0.4000000059604645,3.0
8001120711755,Fantasia con salmone riso nero e legumi,Coop,,italy,,Coop,,unknown,,,,,
8421691429307,Fantasmas sabor queso,,,spain,,,,unknown,4.0,,"Harina de patata, fécula de patata, aceite de girasol (19%), aroma con sabor a queso (6%) (lactosa, leche, sal, aromas, maltodextrina y colorante (extrac to de pimentón)), almidón modificado de patata. maltodextrina, azúcar y sal. Puede contener trazas de soja y gluten.",,
9000170546514,Fanta Orange,Fanta,"beverages-and-beverages-preparations, beverages",germany,,,,unknown,,,,,
5449000010049,Orange flavoured drink,Fanta,"beverages, carbonated-drinks, sodas, sweetened-beverages, cold-drink",south-africa,bottle,,,unknown,4.0,,"soft drink with sugar and non-nutritive sweeteners, enetts: carbonated water, sugar, citric acid, stabilisers, non-nutritive sweeteners (acesulfame-kaspartame cluse preservatives (potassium sorbate, sodium benzoate), flavouring, sodium gluconate, ascorbic agi e nder authority of the coca-cola company owner of the trademark fanta,ⓒ2020, coca-cola pemsila e pty) ltd, 57 industria ring road, parow industria, cape town, 7499, south africa,  e information call: 0860 112526, manufactured in south africa tippal",,
2024000079604,Fantasmas sabor ketchup,,,spain,,,,unknown,,,,,
42117520,Strawberry,Fanta,,france,,,,unknown,,,,,
0089087024543,Tropical Fantasy,,,united-states,,,,unknown,,unknown,,,
9300675092340,Fanta mystery flavour,Fanta,,australia,,,,unknown,,unknown,,0.0,0.4
6130003015160,/!\ Interdit en Europe,Fanta,"beverages-and-beverages-preparations, beverages, carbonated-drinks, sodas","algeria, france",,,,unknown,,,,,
4056489720829,Halloween fantasmini con zucca,,,italy,,,,unknown,,,,,
8029404006533,Fantasmini glassati,,,italy,,,,unknown,,,,,
3588400264668,Meringue fantaisie aromatisée,Valdélice,"snacks, sweet-snacks, confectioneries, biscuits-and-cakes, candies, pastries, candy-meringues, meringues",france,,,,e,,,,,
3481292400575,Truffes fantaisie biologiques,,,france,,,,unknown,,,,,
4056489633716,Fantasmini  ripieni,Lidl,,italy,,,,unknown,,,,,
7894900030396,Refrigerante Laranja Fanta Lata 220ml,FANTA,,brazil,can,,,unknown,,,,,
6130003015894,whatTHEfanta,,,algeria,,,,unknown,,unknown,,,
8053259606839,Fantasia di semi,AmoreTerra,,switzerland,,,,unknown,,,,,
3481294501089,Truffes fantasie,Mathez,"snacks, sweet-snacks, cocoa-and-its-products, confectioneries, chocolate-candies, bonbons, chocolate-truffles",france,,,,e,,,,,
2608104027480,Guimauve fantaisie enrobée de chocolat au lait,,,france,,,,unknown,,,,,
5411642445077,Fantasia wafel gaufres avec Fantasie De caco,,,belgium,,,,unknown,,,,,
8435201703610,Fantasy brownies,Brompton House,,united-kingdom,,,,unknown,4.0,,"Sugar, Vegetable Oil (Sunflower), Eggs, Wheat Flour, Milk Chocolate Dragees 6.5% (Sugar, Cocoa Butter, Whole Milk Powder, Cocoa Mass, Whey Powder (Milk), Rice Starch, Thickener Agent (Gum Arabic), Emulsifier (Lecithins), Glucose Syrup, Glazing Agents Camauba Wax, Beeswax, Shellac), Salt, Colours (Carminic Acid, Mixed Carotenes, Curcumin, Brilliant Blue FCS Acidity Regulator (Citric Acid)), Glucose Syrup, Cocoa Powder, Water, Humectants (Glycerol, Sorbitol), Wheat Starch, Com Starch, Salt, Flavouring, Preservative (Sodium Propionate), Emulsifiers (Polyglycerol Esters of Fatty Acids, Polyoxyethylene Sorbitan Mono-Oleate), Raising Agents (Diphosphates, Sodium Carbonates), Acid (Citric Acid), Thickener (Guar Gum). For allergens, including cereals containing Gluten, see ingredients in bold. May also contain Mustard and Soya. Made in the EU For EU Brompton House S.L Cuesta del Cerro 71 28109 Madrid Spain For UK Brompton House Cakes Ltd 14 Park Row Nottingham NG16GR",,
78938571,Refrigerante de Uva,Fanta,"beverages-and-beverages-preparations, beverages, sweetened-beverages",brazil,,,,unknown,,,,,
6415600549585,Fanta appelsiini,"Fanta,Coca-Cola",,finland,,,,unknown,,,,,
06359536,Meringue Fantaisie,,"snacks, sweet-snacks, confectioneries, biscuits-and-cakes, candies, candy-meringues",france,,,,unknown,,,,,
78937765,Refrigerante Guaraná Fanta Garrafa 200ml,FANTA,"beverages-and-beverages-preparations, beverages, carbonated-drinks, sodas, sweetened-beverages",brazil,,,,unknown,,,,,
8431876321562,Fantasmas con sabor a Kétchup,Carrefour,"plant-based-foods-and-beverages, plant-based-foods, snacks, cereals-and-potatoes, salty-snacks, appetizers, potatoes-and-their-products, salty-snacks-made-from-potato, puffed-salty-snacks, puffed-salty-snacks-made-from-potato",spain,,,,e,4.0,,"Harina de patata, fécula de patata, aceite de girasol (18%), almidón modificado de patata y aroma con sabor a kétchup [aroma natural, azúcar, tomate (0,6%), sal y corrector de acidez (ácido cítrico)], maltodextrina, azúcar y sal. Puede contener trazas de leche y derivados. Conservación",,
7426968192879,Fantango,,,spain,,,,unknown,,,,,
2608104023949,Guimauve fantaisie enrobée chocolat,,,france,,,,unknown,,,,,
8053853630124,Fantasie al mix di Cereali,Cerrone,,france,,,,unknown,,,,,
6133166000264,Fanta fraise,Fanta,"beverages-and-beverages-preparations, beverages, carbonated-drinks, sodas",algeria,,,,unknown,,,,,
2608106011098,Guimauve fantaisie enrobée de chocolat blanc,,"snacks, sweet-snacks, cocoa-and-its-products, confectioneries, chocolate-candies, marshmallows-coated-with-chocolate",france,,,,unknown,,,,,
0195893114054,Salsa verde,Fantastic Fuego,,ireland,,,,unknown,,,,,
8033622041054,Fantastic Snack,,,italy,,,,unknown,,,,,
3665676000159,Fanta,Fanta,,french-polynesia,,,,unknown,,unknown,,7.9,33.0
8002126002366,Fantasia di legumi,"Melandri, Melandri Gaudenzio","plant-based-foods-and-beverages, plant-based-foods",italy,,,,unknown,,,,,
7894900091007,Refrigerante Maracujá Fanta Lata 350ml,FANTA,,brazil,,,,unknown,,,,,
2608104015227,Guimauve fantaisie - chocolat au lait,,,france,,,,unknown,,,,,
0841905060412,Dark Fantasy,Sunfeast,,canada,,,,unknown,,,,,
7427246073828,Zeta Drinks Cherry Fantasy,,,spain,,,,unknown,,,,,
5449000285119,Fanta mini,,,germany,,,,unknown,,,,,
0687385000025,Fanta orange,Fanta,"beverages-and-beverages-preparations, plant-based-foods-and-beverages, beverages, plant-based-beverages, carbonated-drinks, fruit-based-beverages, sodas, fruit-sodas, orange-soft-drinks",france,,,,e,,,,,
5281013031020,Fantasia wokkels,Fantasia,,lebanon,,,,unknown,,unknown,,,471.42857142857144
3481291020033,Sachet de truffes fantaisie aux cookies,,,france,,,,unknown,,,,,
8059307291378,Fish fantasy,Mare Gioioso,seafood,italy,,,,c,,,,,
5449000317544,فانتا رمان٤٠٠ملي,Fanta,"beverages-and-beverages-preparations, beverages, carbonated-drinks, sodas",argentina,,,,unknown,,not-applicable,,,
15967862,Truffes fantaisie chocolat,,,france,,,,unknown,,,,,
3588400262596,Truffes fantaisies,,,france,,,,unknown,,,,,
7790895002335,fanta zero 500,Fanta,,argentina,,,,unknown,,,,,
5449000156990,Fanta,Fanta,,united-kingdom,,,,unknown,,,,,
0400005902918,Bebida de fantasía de aloe vera,Amane,,chile,,,,unknown,,unknown,,,
0815825000018,Pommel de fantaisie,,,canada,,,,unknown,,unknown,,,
3222477793323,Truffes fantaisie caramel beurre salé,Beaumesnil,"snacks, sweet-snacks, cocoa-and-its-products, confectioneries, chocolate-candies, bonbons, chocolate-truffles",france,,,,e,,,,,
0837246100429,Truffe fantaisie saveur noisette,Truffettes De France,,france,,,,unknown,,,,,
3346940404018,Sirop Orgeat Fantaisie,,,france,,,,unknown,,,,,
4820026701301,Dolce Halva di Semi di Girasole Fantasia,,,italy,,,,unknown,,,,,
8001364346119,Fantasia di funghi porcini,"Ca' del Bosco, Novella","plant-based-foods-and-beverages, plant-based-foods, fruits-and-vegetables-based-foods, vegetables-based-foods",italy,,,,c,,,,,
3173286812203,Truffes fantaisie,Jacquot,,france,,,,unknown,,,,,
4260231225894,Fanta exotic,Fanta,,spain,,,,unknown,,,,,
18537910,Fanta,Fanta,"beverages, carbonated-drinks, sodas",united-kingdom,,,,unknown,,not-applicable,,,
8015104005563,Ravioli con sfoglia sottile ricotta e spinaci,Pastificio Fantasia,"meals, pasta-dishes, stuffed-pastas",italy,,,,c,,,,,
3481291013578,Truffes fantaisie aux éclats de feves,Mathez,"plant-based-foods-and-beverages, plant-based-foods, fruits-and-vegetables-based-foods, snacks, sweet-snacks, vegetables-based-foods, cocoa-and-its-products, confectioneries, chocolate-candies, mushrooms-and-their-products, bonbons, mushrooms, truffles, chocolate-truffles",france,,,,e,,,,,
5449000310002,Fanta açaï zéro,"Fanta, Fanta-light","beverages, carbonated-drinks, sodas",france,,,,b,,,,,
4260231225665,Fanta Grape,Fanta,,germany,,,,unknown,,,,,
8019289704648,Fantasy,,,italy,,,,unknown,,,,,
8031108000069,Fantasia,,,italy,,,,unknown,,,,,
3701175700401,Truffe fantaisie aux éclats de popcorn,,,france,,,,unknown,,,,,
2024000085674,Farfalle fantasia,,,spain,,,,unknown,,,,,
3481291018641,Truffes fantaisie,,"snacks, sweet-snacks, cocoa-and-its-products, confectioneries, chocolate-candies, bonbons, chocolate-truffles",france,,,,e,,,,,
8005120227148,Frutta & Fantasia - Il Trissico,Noberasco,,italy,,,,unknown,,,,,
5000112662009,Fanta,Fanta,"beverages-and-beverages-preparations, beverages, carbonated-drinks, sodas, sweetened-beverages",united-kingdom,pet-bottle,,,c,,,,,
6133166000257,FANTA Fraise,Fanta,"beverages-and-beverages-preparations, beverages, carbonated-drinks, sodas, sweetened-beverages",france,,,,unknown,,,,,
4260164572867,Camper Pasta,Firlefantastisch,,germany,,,,unknown,,,,,
7350076812476,Fanta peach,Fanta,,france,,,,unknown,,,,,
8015545000356,Pâtes italiennes  à la semoule de blé dur aux épinards \&quot; Fantasi Di Colori\&quot; BIO,"iPiaceri del Grano, Inaudi",,france,,,,unknown,,,,,
9310155006705,ThinnerBite black rice crackers,Fantastic,,australia,,,,unknown,,unknown,,0.0,437.4
3481294501072,Truffes fantaisies,,"snacks, sweet-snacks, cocoa-and-its-products, confectioneries, chocolate-candies, bonbons, chocolate-truffles",france,,,,d,4.0,,"Graisse végétale (coprah), sucre, cacao maigre en poudre, lactosérum en poudre, éclats de noisettes caramélisées 5% (noisettes, sucre), pâte de cacao, cacao en poudre, émulsifiant : lécithines de soja, arôme. Traces éventuelles de gluten, amandes, œufs et pistaches.",,
8003100001979,Fantasiosa,Selex,,italy,,,,unknown,,,,,
7771609002742,Fanta sabor Naranja Mandarina,"Fanta,Coca-Cola","beverages-and-beverages-preparations, beverages, carbonated-drinks, artificially-sweetened-beverages, non-alcoholic-beverages, sodas, sweetened-beverages",bolivia,"plastic, recycled-material, pet-polyethylene-terephthalate, recycled-plastic, bottle, rpet-recycled-polyethylene-terephthalate, transparent-pet, transparent-rpet",FSA,"Cochabamba,Bolivia",unknown,4.0,,"Agua carbonatada, azúcar, saborizantes naturales, reguladores de la acidez (SIN 330, SIN 331(iii), SIN 452(i)), sustancia conservadora (SIN 211), edulcorantes (SIN 951 Aspartame (0.008%), SIN 950 Acesulfame K (0.006%)), colorantes artificiales (SIN 102, SIN 129).",,
5449000051578,"Fanta Orange 0,33lx4 boks",Coca-cola europacific partners norge as,,united-states,card-box,,,unknown,,,,,
8005158009907,Fantasie di vongole,Sgattoni,"seafood, frozen-foods, frozen-seafood",italy,,,,unknown,,,,,
5056283837074,Halloween String Lights,Fantastic Halloween Decorations,,united-states,"card-box, paper-sleeve",,,unknown,,unknown,,,
4056489567035,suikerwerk met cacaofantasie,Delicieux,,belgium,,,,unknown,,,,,
3481292301278,Truffe fantaisie bio crêpe dentelle,,"snacks, sweet-snacks, cocoa-and-its-products, confectioneries, chocolate-candies, bonbons, chocolate-truffles",france,,,,e,3.0,,"Truffe fantaisie aux brisures de crêpe dentelle Ingrédients chocolat noir 70.5% (pâte de cacao&quot;, sucre&quot;, beurre de cacae van poudre&quot;), matière grasse végétale (coprah&quot;), brisures de crêpe dentelle 9% (fa sucre&quot;, beurre, lait écrémé en poudre&quot;, extrait de malt d'orge en poudre&quot;, sel poud 70.5% de chocolat à 55% de cacao.&quot; Produits issus de fagriculture biologique",,
3481294500921,Truffes fantaisie,Mathez,"snacks, sweet-snacks, cocoa-and-its-products, confectioneries, chocolate-candies, bonbons, chocolate-truffles",france,,,,e,,,,,
3481291013028,Truffes fantaisies,,"snacks, sweet-snacks, cocoa-and-its-products, confectioneries, chocolate-candies, bonbons, chocolate-truffles",france,,,,e,,,,,
8055118803014,Farinata,Acqua Farina e Fantasia,,italy,,,,unknown,,,"PRODOTTORA FORNO-INERNA Acqua, farina di Ceci (27%). olio di semi di girasole, sale. Può contenere cereali contenenti glutine, latte, uova, soia, senape e lupino.",,
3760256071441,Sachet meringue fantaisie Noël,,,france,,,,unknown,,,,,
9300675093125,Fanta raspberry no sugar,The coca-cola,,australia,,,,unknown,,,,,0.68
8005525037465,Peperoncino,Fantasie Aromatiche,"plant-based-foods-and-beverages, plant-based-foods, condiments, herbs-and-spices, spices",italy,,,,not-applicable,,,,,
3481294500792,Truffe fantaisie aux bruises de crêpe dentelle,,"snacks, sweet-snacks, cocoa-and-its-products, confectioneries, chocolate-candies, bonbons, chocolate-truffles",france,,,,e,,,,,
3290041001419,Truffe fantaisie aux écorces d'orange confites,Guyaux,,france,,,,unknown,,,,,
58524459,Meringue fantaisie,,,france,,,,unknown,,,,,
5070000358710,,crispy Fantasy,"plant-based-foods-and-beverages, plant-based-foods, breakfasts, cereals-and-potatoes, cereals-and-their-products, breakfast-cereals, extruded-cereals",united-kingdom,,migros,,b,4.0,,"Farine de maïs, protéine de soja, sirop d'agave naturel, huile de colza, inuline (issue de la racine de chicorée), émulsifiant: lécithine de soja, cannelle, sucre, arômes naturels, amidon de pois, protéines de pois, huile d'avocat, sel comestible, steviolglycoside.
Peut contenir des traces de blé et de fruits à coque dure.",,
3421371533398,Truffes fantaisies Bio Eclats de noisettes,Chevaliers d'Argouges,"snacks, sweet-snacks, cocoa-and-its-products, confectioneries, chocolate-candies, bonbons, chocolate-truffles",france,,,,e,,,,,
4260301524995,Fanta watermelon no sugar,Coca cola,,germany,,,,unknown,,,,,
87354355,mentos fanta,mentos,,poland,,,,unknown,,,,,
3481292400551,Truffes Fantaisie Biologiques Noisettes,Chocolat Mathez,"snacks, sweet-snacks, cocoa-and-its-products, confectioneries, chocolate-candies, bonbons, chocolate-truffles",france,,Biocoop,,e,3.0,,"Chocolat noir 69,5% (pâte de cacao*, sucre*, beurre de cacao*, vanille en poudre), matière grasse végétale (coprah*), éclats de noisettes grillées 6%, cacao en poudre. 69,5% de chocolat à 55% de cacao. *Produits issus de l'agriculture biologique. Cacao, sucre, vanille: cultivés et commercialisés conformément aux standards du commerce équitable Fairtrade/Max Havelaar 70,5% du poids total.",,
5000112651683,SHokata,"Fanta, Coca-Cola","beverages-and-beverages-preparations, beverages, carbonated-drinks, artificially-sweetened-beverages, sodas, sweetened-beverages","italy, latvia, spain",,,,b,4.0,,"acqua, succo di limone ottenuto da succo concentrato (3%), anidride carbonica, aromi (incluso aroma di fiore di sambuco), regolatore di acidità: gluconato di sodio; acidi: acido citrico, acido malico; dolcificanti: ciclamati",,
2608105018043,Guimauve  fantasie enrobé de chocolat noir,,,france,,,,unknown,,,,,
2608104016606,Guimauve fantaisie enrobée de chocolat au lait,,,france,,,,unknown,,,,,
5000112644302,,Fanta,,france,,,,unknown,,,,,
8016190100019,Alberello fantasia frutta,,,italy,,,,unknown,,,,,
0691355890820,Fantastic Classic Candies,,"snacks, sweet-snacks, confectioneries, candies",united-states,,,,e,,d,,80.0,366.66666666667
3290041002171,Truffes fantaisie,Guyaux,,france,,,,unknown,,,,,
8005525036086,Maggiorana Foglie,Fantasie Aromatiche,,italy,,,,unknown,,,,,
9369998204786,Fantasy fairy floss,,,australia,,,,unknown,,unknown,,,
3481292400520,Truffe fantaisie au chocolat noir,,,france,,,,unknown,,,"MATHEZ Truffe fantaisie au chocolat noir MATHEz
 Ingrédients chocolat noir 74% (pâte de cacao&quot;, sucre, beurre de cacao, vanille en poudre*), matière grasse végétale (coprah cacao en poudre*. 74% de chocolat à 55% de cacao. &quot;Produits issus de l'agriculture biologique. Cacao, sucre, vanille: cultivés et commercialisés conformément aux standards du commerce équitable Fairtrade/Max Havelaar. 75% du poids total. Cacao, sucre: le bilan de masse est utilisé pour correspondre au volume acheté aux conditions Fairtrade/Max Havelaa www.maxhavelaarfrance.org",,
8032727110665,farfalle Fantasie nudeln,,"plant-based-foods-and-beverages, plant-based-foods, pastas",germany,,,,unknown,,,,,
8901725132866,Dark fantasy coffee,Sunfeast,,india,,,,unknown,,,,,
0628011975201,Fantasty,,,canada,,,,unknown,,,,,
0049000067262,Fanta mini,Fanta,,united-states,,,,unknown,4.0,,"CARBONATED WATER, HIGH FRUCTOSE CORN SYRUP, CITRIC ACID, NATURAL FLAVORS, SODIUM BENZOATE, MODIFIED FOOD STARCH, GLYCEROL ESTER OF ROSIN, YELLOW 6, RED 40.",12.162162162162,45.045045045045
3760238994829,Macarons fantastiques,,"snacks, desserts, sweet-snacks, biscuits-and-cakes, pastries, macarons",france,,,,e,,,,,
8004494318513,fantasia di mandorle,Condorelli,,italy,,,,unknown,,,,,
8435608804002,Kombucha orange fantasy,Flax & Kale,"beverages-and-beverages-preparations, beverages, fermented-foods, fermented-drinks, tea-based-beverages, kombuchas",spain,,,,c,,,,,
8011407010594,Fantasia ai cereali,Ciro Amodio,,italy,,,,unknown,,,,,
0889392000597,Fantasy Vibe Sparkling Mango Maracuja Edition,CELSIUS,"beverages-and-beverages-preparations, beverages, energy-drinks",united-states,,,,unknown,4.0,,"Carbonated Filtered Water, Taurine, Citric Acid, Guarana Seed Extract, Green Tea Extract, Caffeine, Ascorbic Acid, Sucralose, Glucuronolactone, Ginger Root Extract, Natural Flavor, Calcium Pantothenate, Niacinamide, Pyridoxine Hydrochloride, Riboflavin, Beta-Carotene (color), Chromium Chelate, Biotin, Cyanocobalamin",,
3290041002157,Truffes fantaisie nature,Guyaux,,france,,,,unknown,,,,,
5000112661965,red fanta,Fanta,"beverages, carbonated-drinks, sodas",united-kingdom,,,,c,,,,,
8008660890209,Confiture extra au 4 fruits rouges,"Fantasy, Menz & Gasser","plant-based-foods-and-beverages, plant-based-foods, breakfasts, spreads, plant-based-spreads, sweet-spreads, fruit-and-vegetable-preserves, jams, berry-jams, mixed-fruit-jams, mixed-berry-jams, uk:варення",belgium,,,,d,4.0,,"Fruits rouges en proportion variable (fraises, framboises, griottes, groseilles rouges), sucre, eau, gélifiant: pestine de fruit; correcteur d'acidité: acide citrique et citrate de calcium.",,
8029454005401,Tarallini fantasia,La bottega degli antichi sapori,"plant-based-foods-and-beverages, plant-based-foods, snacks, cereals-and-potatoes, cereals-and-their-products, taralli, it:taralli",italy,,,,d,,,,,
0860006400620,Truffes Fantaisie,,,united-states,,,,unknown,,unknown,,35.294117647059,588.23529411765
8005085719207,cioco fantasy,Crispo,"snacks, sweet-snacks, confectioneries",italy,,,,e,,,,,
0052302682200,truffle fantasie,Jacquot,,canada,,,,unknown,,,,,
3481291013370,Truffes fantaisie,"Chocolat Mathez, Mathez","plant-based-foods-and-beverages, plant-based-foods, fruits-and-vegetables-based-foods, snacks, sweet-snacks, vegetables-based-foods, cocoa-and-its-products, confectioneries, festive-foods, chocolate-candies, christmas-foods-and-drinks, mushrooms-and-their-products, bonbons, mushrooms, christmas-chocolates, truffles, chocolate-truffles",france,"box, cardboard, dry",,,e,4.0,,"Graisses végétales (coprah, palmiste), sucre, cacao maigre en poudre, _lactosérum_ en poudre, éclats de _noisettes_ caramélisées 6% (_noisettes_, sucre), cacao en poudre, émulsifiant : lécithines de _soja_, arôme.",,
8013799001143,Zuppa Fantasia Bio,Bettini,"plant-based-foods-and-beverages, plant-based-foods",italy,,,,unknown,,,,,
3421372527679,Truffes fantaisie,Palais D'Ébène,,france,,,,unknown,,,,,
9310155560108,Teriyaki rice crackers,Fantastic,,australia,,,,unknown,,,"BAKED $25 Teriyaki ce Crackers are an irresistible snack an be enjoyed anytime, anywhere. their own, or with a testy dip or topping. you can rely on Fantastic Rice Crackers to satisfy any snacking moment. ZE: 25g per 100g J } ected INGREDIENTS: Rice Flour (91%), Sugar, Vegetable Oil, Salt, Teriyal Powder (1%) (Flavour Enhancer (621) Anticaking Agent(551), Lactose (Milk)), Soy Sauce Powder, Herbs & Spices, Flavour Enhancers (627, 31). Contains: Milk, Soy. May Contain: Sesame, Egg. g g g 00 5g 4 mg STORE IN A COOL, DRY PLACE.",,
7501055303724,Fanta Sabor Naranja,Fanta,,mexico,,,,unknown,,,,,
42116479,fanta Blackcurrent,fanta,,kenya,,,,unknown,,,,,
3481294500396,Truffes fantaisie,,"snacks, sweet-snacks, cocoa-and-its-products, confectioneries, chocolate-candies, bonbons, chocolate-truffles",france,,,,e,,,,,
3472710052926,Truffes fantaisie aux éclats de bretzel,Truffettes De France,"snacks, sweet-snacks, cocoa-and-its-products, confectioneries, chocolate-candies, bonbons, chocolate-truffles",france,,,,e,,,,,
25755336,Fanta orange,,,france,,,,unknown,,,,,
8901725116149,Dark fantasy chocolate shake,Sunfeast,,india,,,,unknown,,,,,
7350076812483,Fanta pineapple,Fanta,,france,,,,unknown,,,,,
5060201181781,Fantasticks! Classic breadsticks,,,united-kingdom,,,,unknown,,,,,
4047247083171,Farfalle Fantasia 6 colori,,,germany,,,,unknown,,,,,
8005525036628,Aglio e peperoncino,Fantasie Aromatiche,,italy,,,,unknown,,,,,
6928804015478,Fanta,,"beverages-and-beverages-preparations, beverages","germany, united-states",,,,unknown,,,,,
9300605151161,Fantales,,,australia,,,,unknown,,unknown,,58.0,454.1109
9310155004978,Delite curls,Fantastic,,australia,,,,unknown,,unknown,,6.5,463.75
8008660772147,Confettura Extra di frutti di Bosco,"Fantasy, Menz & Gasser","breakfasts, spreads, sweet-spreads",italy,,,,d,,,,,
7894900051513,Garrafa Fanta Uva (Porção),Coca Cola,,,,,,unknown,,,,10.0,47.0
8600939345931,Jimmy fantastic milk chocolate,Atlantic grupa,"snacks, sweet-snacks, cocoa-and-its-products, chocolates",croatia,,,,e,,unknown,,52.0,537.0
5449000046321,Fanta,"Coca Cola, Fanta","beverages, sweetened-beverages",italy,"plastic, pe-polyethylene, hdpe-high-density-polyethylene, ldpe-low-density-polyethylene, pet-polyethylene-terephthalate",,,e,4.0,,"Acqua, succo di arancia da concentrato (12%), zucchero, anidride carbonica, acidificante acido citrico, aromi naturali di agrumi, stabilizzante gomma d'acacia, antiossidante acido ascorbico.",,
4902102148061,Fanta Japan Youth Sweetie,Fanta,,united-states,,,,unknown,,unknown,,10.0,40.0
3800048308543,Fantasia  шоколадови топчета 100g.danone,Danone,"dairies, snacks, desserts, sweet-snacks, cocoa-and-its-products, confectioneries, dairy-desserts, chocolate-candies",bulgaria,,,,c,4.0,,"обезмаслено мляко, сметана, захар, обезмаслено какао на прах, какаова маса, емулгатор, соев лецитин, аромат на ванилия",14.1,147.0
3800048310546,Fantasia   млечен шоколад 106г.,,,bulgaria,,,,unknown,,,,,
5000112661958,Fanta fruit twist,Fanta,,united-kingdom,,,,unknown,,,,,
9310974002506,Fantismo fantasy belts sour,,,australia,,,,unknown,,unknown,,,
90418129,,Fanta,"beverages-and-beverages-preparations, beverages, carbonated-drinks, sodas","france, morocco",,,,unknown,,,,,
8723400796657,Mentos Fanta,Mentos,"snacks, sweet-snacks, confectioneries",germany,,,,e,4.0,,"CHEWY DRAGEES me &quot;FANTA&quot; is a trademark of The Coca-Cola Company. 2022 The Coca-Cola Company. GB cellulose gum, gum arabic), emulsifier (sucrose esters of fatty acids), glazing agent (carna arôme, maltodextrine, beurre de cacao, épaississants (gomme gellane, gomme de cellul Zutaten: Zucker, Glukosesirup, Orangensaft (2%), Kokosöl, Säuerungsmittel (Citronensä (Beta-Carotin). Kühl und trocken lagern. IT-Caramelle confettate al gusto di arancia. In arabica), emulsionante (esteri di saccarosio degli acidi grassi), agente di rivestimento(cera acidulante (ácido cítrico), almidón, aroma, maltodextrina, manteca de cacao, espesantes (g com sabor a laranja. Ingredientes: açúcar, xarope de glicose, sumo de laranja (2%), gord agente de revestimento (cera de carnaúba), corante (beta-caroteno). Conservar em lugar (gellangummi, cellulosegummi, arabisk gummi), emulgator (saccharoseestere af fedtsyrer), glukoosisiirappi, appelsiinimehu (2%), kookosöljy, happo (sitruunahappo), tärkkelys, ard pintakäsittelyaine (karnaubavaha), väri (beta-karoteeni). Säilytys viileässä ja kuivassa. SE kakagomor, fortjockningsmedel (gellangummi, cellulosagummi, gummy arable",,
8032993692391,Fantasia di verdure al forno,,,italy,,,,unknown,,,,,
8005834000969,Fantasia di mare,,,italy,,,,unknown,,,,,
0628011975126,Fantasty Got Chocolate,,,canada,,,,unknown,,,,,
7392022002241,Blockchoklad,Fantasy,,sweden,,,,unknown,,,,,
8029804009820,bevanda solubile di fantasia cioccolato fondente,,,italy,,,,unknown,,,,,
3700699916046,Truffes Fantaisies,De Marlieu,"snacks, sweet-snacks, cocoa-and-its-products, confectioneries, chocolate-candies, bonbons, chocolate-truffles",france,,,,unknown,,,,,
5310153006671,Компот от праскови,Synny fantasy,"plant-based-foods-and-beverages, plant-based-foods, fruits-and-vegetables-based-foods, desserts, fruits-based-foods, compotes, peach-compotes",bulgaria,,,,b,3.0,a,"праскови, вода, захар, лимонена киселина",12.3,60.4
4792229036897,Fanta cream,,,sri-lanka,,,,unknown,,unknown,,,
5000112662016,Fanta Orange,Fanta,"beverages-and-beverages-preparations, plant-based-foods-and-beverages, beverages, plant-based-beverages, carbonated-drinks, fruit-based-beverages, sodas, fruit-sodas, orange-soft-drinks",united-kingdom,,,,unknown,,,,,
6133166000202,فانتا اناناس 2ل,Fanta,,france,,,,unknown,,,,,
8600939345993,jimmy fantastic milk chocolate,"jilmy fantastic,atlantic grupa,atlantic trade","snacks, sweet-snacks, cocoa-and-its-products, chocolates, milk-chocolates",czech-republic,"paper, al",,,e,4.0,e,"HR Mliječna čokolada. Sastojci: šećer, punomasno mlijeko u prahu, kakaov maslac, kakaova masa, emulgator (sojin lecitin), prirodna aroma vanilije. Mliječna čokolada sadrži: kakaovi dijelovi 30,9% min., min. 21,7% ukupne suhe tvari mlijeka, min. 5,8% mliječne masti. Proizvod može sadržavati kikiriki, orašasto voće, gluten (pšenica), jaja, celer, gorušicu i sezam.",52.0,
8003073047202,Fantasia di funghi,,,italy,,,,unknown,,,,,
2608104024403,Guimauve fantaisie enrobée de chocolat,,,france,,,,unknown,,,,,
5281013772084,Vinegreat potato chips,Fantasia,,lebanon,,,,unknown,4.0,,"بطاطا طبيعية، زيت نباتي (النخيل) نكهة الخل والملح معزز النكهة إي ،621 طحين الذرة مواد مانعة للتكتل (نكهة طبيعية، ملح ،مالتودکسترین اسيد إي 330 ي 341 ) أي (551) زيت السلجم المهدرج مضاد للأكسدة إي (392). خال من منتجات الكحول و الخنزير ومشتقاتهما. يحفظ في مكان بارد و جاف بعيدا عن أشعة الشمس. قد يحتوي على آثار الغلوتن والصويا، والحليب والفستق. Ingredients: Natural Potatoes, Vegetable oil (Palm), Salt & Vinegar Flavor (Natural Flavoring, Salt, Maltodextrin, Acid 330, Flavor Enhancer E621, Corn flora Anticaking Agents (E341 (iii), E551) artially hydrogenated Rapeseed Oil, Antioxidant E392). free from alcoholic & pork products and their derivatives. Store in a cool dry place, away from sunlight May contains traces of gluten, Soya beans, Milk & peanuts FOLLOW US ON FANTASIA LEBANON",3.0,510.0
0049000546644,Fanta orange,Fanta,,united-states,,,,unknown,,unknown,,12.112676056338,45.070422535211
59004387,Fantasia su sūre karamele,Danone,,poland,,,,unknown,,,,,
54012172,,Fanta,,norway,,,,unknown,,unknown,,,
9310155000963,Chesder cheese rice crackers,Fantastic,,australia,,,,unknown,,unknown,,4.0,390.0
83151651,Decomagia fantasia,Dr. Oetker,,spain,,,,unknown,,,,,
6957342998486,Funti,Fanta,,georgia,,,,unknown,,,,,
0067000011627,Orange,Fanta,"beverages-and-beverages-preparations, beverages, carbonated-drinks, sodas, sweetened-beverages",canada,"plastic, bottle",Buck or Two,"Calgary,Alberta,Canada",e,4.0,,"Carbonated water, Sugar/glucose-fructose, Citric acid, Sodium benzoate, Natural flavour, Modified cornstarch, Sunset yellow FCF, Allura red, Ascorbic acid",,
3481294000643,Truffes fantaisie,,"snacks, sweet-snacks, cocoa-and-its-products, confectioneries, chocolate-candies, bonbons, chocolate-truffles",france,,,,unknown,,,,,
3290041001433,Truffes fantaisie aux éclats de crêpes dentelles,Guyaux,"snacks, sweet-snacks, cocoa-and-its-products, confectioneries, chocolate-candies, bonbons, chocolate-truffles",france,,,,e,,,,,
6253503590484,Fantazy Chips,,,palestinian-territories,,,,unknown,,unknown,,,
5281013040640,Hot and spicy,Fantasia,,lebanon,,,,unknown,,unknown,,,514.0
2608104020665,Guimauve fantaisie enrobee de chocolat au lait,,,france,,,,unknown,,,,,
2608105014373,Guimauve fantaisie chocolat noir,,,france,,,,unknown,,,,,
6132007700721,Fraise,Fanta,,france,,,,unknown,,,,,
5281013000491,Honey mustard,Fantasia,,lebanon,,,,unknown,,unknown,,,514.0
2608105031813,Guimauve fantaisie enrobée de chocolat noir,,,france,,,,unknown,,,,,
3481294500389,Truffes Fantaisie,,"snacks, sweet-snacks, cocoa-and-its-products, confectioneries, chocolate-candies, bonbons, chocolate-truffles",france,,,,e,,,,,
8720589548305,Fish fantasy,,"seafood, fishes-and-their-products, fish-preparations, breaded-products, breaded-fish",france,,,,b,,,,,
5281013040572,Puffed corn,Fantasia,,lebanon,,,,unknown,,unknown,,,550.0
8886015403034,Nyam nyam Fantasy Stick Strawberry,,,philippines,,,,unknown,,,,,
3472710058331,Truffes fantaisie,,"snacks, sweet-snacks, cocoa-and-its-products, confectioneries, chocolate-candies, bonbons, chocolate-truffles",france,,,,e,,,,,
6415600567831,,Fanta,,finland,,,,unknown,,,,,2.12
8595002109360,Magická ostružina,"Fantasia,Danone","dairies, fermented-foods, fermented-milk-products, desserts, dairy-desserts, fermented-dairy-desserts, fermented-dairy-desserts-with-fruits, yogurts, fruit-yogurts",czech-republic,,COOP,"Český Krumlov,Česká Republika",unknown,4.0,,"Jogurt (odstředěné MLÉKO, SMETANA, cukr, jogurtové kultury, sušené odstředěné MLÉKO), Ostružinová složka 22 % [ostružinové pyré 55%, cukr, ostružiny 15 %, modifikovaný škrob, regulátory kyselosti (citronan sodný, kyselina citrónová), stabilizátory (karagenan, xanthan), přírodní aroma]",,
5449000032423,What fanta,Fanta,,france,,,,unknown,4.0,,"Eau gazéfiée ; acidifiants : acide malique, acide citrique ; jus de citron à base de concentré (1%) ; arôme naturels ; stabilisants : gomme d'acacia, polyphosphates, esters glycériques de résine de bois, acétate isobutyrate de saccharose ; édulcorants : cyclamate de sodium, acésulfame-k, sucralose ; conservateur : sorbate de potassium, benzoate de sodium ; concentrés de patate douce, pomme, radis, cerise ; colorant : bleu brillant FCF.",,
2608105016735,Guimauve fantaisie enrobée de chocolat noir,,"snacks, sweet-snacks, cocoa-and-its-products, confectioneries, chocolate-candies, marshmallows-coated-with-chocolate",france,,,,e,4.0,,"Sirop de glucose-fructose, chocolat noir 30% (sucre, pâte de cacao, beurre de cacao, émulsifiant lécithine de tournesol, arôme natural de vanille), sirop de glucose, sucre, gélatine, arôme. Contient des FRUITS A COQUE. Traces possibles de gluten, lait, soja et sulfites",,
6921211118572,mentos fanta,,"snacks, sweet-snacks, confectioneries, candies",new-zealand,,,,unknown,4.0,,"sugar, glucose syrup, reconstituted orange juice, hydrogenated coconut oil, acidity regulator (citric acid), flavouring, rice starch, thickeners (gum arabic, gellan gum), glazing agent (carnauba wax), emulsifier (sucrose esters of fatty acids), colour (carotenes), made in china by: perfetti van melle confectionery(shenzhen) co,, ltd,, no, 42, shenkui road, tu yang sui chong, dapeng new district, shenzhen,  518119 china, imported ,",,
8991001663252,Goya chacha bits girl fantasy,,,philippines,,,,unknown,,unknown,,,
5281013040589,Peanuts curls,Fantasia,,lebanon,,,,unknown,,unknown,,,405.0
2608105016605,Guimauve fantaisie enrobée de chocolat noir,,,france,,,,unknown,,,,,
8435201703641,Fantasy brownies,Brompton House,"snacks, sweet-snacks, biscuits-and-cakes, cakes, chocolate-cakes, brownies",united-kingdom,,B&M,,e,4.0,,"BROWNIE DECORATED WITH MILK CHOCOLATE IN A CRISP SUGAR SHELL:Sugar, Vegetable Oil (Sunflower) Eggs, Wheat Flour, Milk Chocolate in a Crisp Sugar Shell 8% (Sugar, Whole Milk Powder, Skimmed Milk Powder, Cocoa Butter Cocoa Mass, Rice Starch, Salt, Emulsifiers (Sunflower Lecithin, Soya Lecithin), Glazing Agents (Arabic Gum, Camauba Wax and Beeswax, Glucose Syrup, Colours (Carminic Acid Carotenes, Anthocyanins Riboflavin) Acidity Regulator (Citric Acid), Natural Vanilla Flavour), Glucose Syrup, Cocoa Powder Stabilisers (Sorbitol, Glycerol, Guar Gum), Emulsifiers (Mono and Diglycerides of Fatty Acids, Propylene Glycol Mono-and Diesters of Fats and Fatty Acids), Raising Agents (Sodium Acid Pyrophosphate, Sodium Bicarbonate) Dextrose, Preservative (Sodium Propionate), Wheat Starch, Acid (Citric Acid), Natural Vanilla Flavouring, Ferrous Sulfate, Folic Acid. For allergens, including cereals containing Gluten, see ingredients in bold. May also contain Nuts and Peanuts. JUTRITION INFORMATION",,
0067000011535,Fanta,Fanta,"beverages-and-beverages-preparations, beverages, carbonated-drinks, sodas",canada,,,,unknown,4.0,,"Carbonated water, Sugar/glucose-fructose, Citric acid, Sodium benzoate, flavour, Modified cornstarch, Sunset yellow FCF, Allura red, Ascorbic acid. Ingrédients: Eau gazélfiée, Sucre/glucose-fructose, Acide citrique, Benzoate de sodium Essence naturelle, Amidon de maïs modifié, Jaune solell FCF, Rouge allura, Acide ascorb 0 67000 01153 AMD GOCA-COLA ITOLUTEE, TORONTO ONTARIO USED UNDER LICENSE/UTILISEE SOUS LICENCE 1-800-438-2653 RETURN FOR REFUND WHERE APPLIC RETOURNER POUR REMBOURSEMENT 5 LA OU APPLICABLE Protein/Pr Sugars Sodium 25 c'est beau *5% or l *5% ou mo FAN",,
7790895004308,Fanta zero naranja,Fanta,,argentina,,,,unknown,,,,,
2608104014565,Guimauve fantaisie enrobée de chocolat au lait,,"snacks, sweet-snacks, cocoa-and-its-products, confectioneries, chocolate-candies, marshmallows-coated-with-chocolate",france,,,,unknown,,,,,
8847100564061,Fruit Punch Flavor,Fanta,"beverages-and-beverages-preparations, beverages, carbonated-drinks, sodas, sweetened-beverages",cambodia,,,,d,4.0,,"Carbonated Water, Sugar, Flavorings, Citric Acid (E330), Sweeteners (Sucralose, E955; Acesulfame Potassium, E950), Preservative, Colorings",4.6,19.2
2608105024402,Guimauve fantaisie enrobée de chocolat noir,,,france,,,,unknown,,,,,
8005525036192,Aglio in polvere,Fantasie Aromatiche,,italy,,,,unknown,,,,,
8847100567376,Orange Flavour,Fanta,"beverages-and-beverages-preparations, plant-based-foods-and-beverages, beverages, plant-based-foods, fruits-and-vegetables-based-foods, fruits-based-foods, carbonated-drinks, fruits, citrus, sodas, oranges",cambodia,,,,e,4.0,,"Carbonated Water, Sugar, Citric Acid (E330), Flavorings, Preservative, Sweetener (Steviol Glycosides, E960), Colorings",11.0,44.0
5000112624083,Fanta orange sockerfri,COCACOLA,"beverages-and-beverages-preparations, plant-based-foods-and-beverages, beverages, plant-based-beverages, carbonated-drinks, fruit-based-beverages, artificially-sweetened-beverages, sodas, diet-beverages, fruit-sodas, diet-sodas, light-fruit-sodas",austria,,,,b,,,,,
8711000495223,Cacao fantasy,Douwe Egberts,,france,,,,unknown,4.0,,"Suiker, MAGERE MELKPOEDER, magere cacaopoeder (15%), WEIPOEDER (MELK) LACTOSE, glucosestroop, anti-klontermiddel (E341), geheel gehard plantaardig vet (kokosnoot), zout, stabilisator (E340), MELKEIWIT",,
5449000302946,Fanta Exotic ss sucre,Fanta,,france,,,,unknown,4.0,,"Νερό, χυμοί φρούτων από συμπυκνωμένους χυμούς 4% (πορτοκάλι 3%, ροδάκινο 0,8%, χυμός πασιφλόρας 0,2%), διοξείδιο του άνθρακα, οξέα (κιτρικό οξύ, μηλικό οξύ), γλυκαντικά (ισομαλτο-ολιγοσακχαρίτης, ακεσουλφάμη Κ, σουκραλόζη), φυσικές αρωματικές ύλες, σταθεροποιητές (E445, E410), χρώμα (β-καροτένιο), πηγή φαινυλαλανίνης",,
05675612,Fanta,Fanta,"beverages, carbonated-drinks, sodas",france,,,,unknown,,,,,
4260261960680,Fanta Strawberry & Kiwi,,,germany,,,,unknown,,,,,
5400101006942,Mini Gaufres avec Fantaisie au Cacao,"Carrefour, Carrefour Original","snacks, sweet-snacks, biscuits-and-cakes, cakes, pastries, waffles, cocoa-glaze-coated-waffles","belgium, france",,,,e,4.0,,"Farine de blé, glaçage au cacao 20% (sucre, graisses végétales (palme, coco, palmiste ; en proportion variable), cacao maigre en poudre** 2,8%, émulsifiants : tristéarate de sorbitane - lécithine de soja, arôme naturel de vanille), margarine (graisse de palme, eau, huile de colza, sel, émulsifiants : lécithine de soja - mono - et diglycérides d'acides gras, correcteur d'acidité : acide citrique, colorant :bêta-carotène issu de Blakeslea trispora, arôme naturel), sucre, oeufs, farine de soja, sirop de sucre inverti, sel, arôme, stabilisant : sirop de sorbitol, poudre à lever : carbonate acide d'ammonium, émulsifiant : lécithine de soja. Peut contenir des traces de lait.**Certifié Rainforest Alliance.",,
8480017241658,Marcelo caramelo,día de fantasía,"snacks, sweet-snacks, confectioneries, candies, gummi-candies",romania,10,,,e,,,,59.0,337.0
8992761002046,Fanta orange pet 390ml,Fanta,"beverages-and-beverages-preparations, plant-based-foods-and-beverages, beverages, plant-based-beverages, carbonated-drinks, fruit-based-beverages, sodas, fruit-sodas",indonesia,,,,unknown,,,,,
5051413983102,The fantastic BAKERY 20 CHOCOLATE ASDA CARAMEL MIN,Asda,"snacks, sweet-snacks, biscuits-and-cakes, biscuits",united-kingdom,,ASDA,,e,,,,,
7340154809757,Fanta fruittwist,Fanta,,sweden,,,,unknown,,,,,
5000112651706,Fanta Orange Zero,Fanta,"beverages-and-beverages-preparations, plant-based-foods-and-beverages, beverages, plant-based-beverages, carbonated-drinks, fruit-based-beverages, artificially-sweetened-beverages, sodas, fruit-sodas, orange-soft-drinks",latvia,,,,unknown,,,,0.4,2.6290630971
4902102149655,,Fanta,"plant-based-foods-and-beverages, beverages, plant-based-beverages, carbonated-drinks, fruit-based-beverages, sodas, fruit-sodas, sweetened-beverages","finland, france",,,,e,4.0,,"Hiilihapotettu vesi, glukoosi-fruktoosisiirappi, luonnolliset aromit. happamuudensäätöaineet (sitruunahappo, omenahappo, E331), väri (E150a) säilöntäaineet (E211. E202)",,
8712857978907,Fanta raisin,Fanta,,france,,,,unknown,,,,,
8851959141175,แฟนต้าน้ำแดง,Fanta,"beverages-and-beverages-preparations, beverages",thailand,,,,c,4.0,,"น้ำตาล 4.5% สารให้กับคาร์บอนไดออกไซด์ (INS 290, สารควบคุมความเป็นกรด (INS 330) วัตถุกันเสีย (INS 211) สารให้ความหวาน (ซูคราโลสและเอเลเฟนแทสเซียม) สีสังเคราะห์ (INS 122, INS110) - แต่งกลิ่นสังเคราะห์",4.5,20.0
4902102034494,Fanta Orange,Fanta,,france,,,,unknown,,,,,
5449000039644,Fanta Watermelon,Fanta,,,,,,unknown,,unknown,,0.3,2.0
0067000011559,Fanta Orange,"Fanta, Coca-Cola","beverages-and-beverages-preparations, plant-based-foods-and-beverages, beverages, plant-based-beverages, carbonated-drinks, sweetened-beverages",canada,,Metro,,unknown,4.0,,"Eau gazéifiée, Sucre/glucose-fructose, Acide citrique, Benzoate de sodium, Essence naturelle, Amidon de maïs modifié, Jaune soleil FCF, Rouge allura, Acide ascorbique.",,
2608104016927,Guimauve fantaisie enrobée de chocolat au lait,,,france,,,,unknown,,,,,
8595002108837,Fantasia borůvka,Danone,"dairies, fermented-foods, fermented-milk-products, desserts, dairy-desserts, fermented-dairy-desserts, fermented-dairy-desserts-with-fruits, yogurts, fruit-yogurts",czech-republic,,COOP,"Czech Republic,Český Krumlov",unknown,,,,,
13738990,fanta light,Orangina,,france,,,,unknown,,,,,
2608101011093,Crocodile confiserie gélifiée fantaisie,,"snacks, sweet-snacks, confectioneries, candies, gummi-candies, gummy-crocodiles",france,,,,unknown,,,,,
8901764021251,Fanta orange added flavors can 300ml,,"beverages-and-beverages-preparations, beverages, carbonated-drinks, sodas",united-states,,,,e,,,,13.0,52.0
2608104027756,Guimauve fantaisie enrobée de chocolat au lait,,,france,,,,unknown,,,,,
8595002052741,Fantasia višeň,Danone,"dairies, fermented-foods, fermented-milk-products, desserts, dairy-desserts, fermented-dairy-desserts, fermented-dairy-desserts-with-fruits, yogurts, fruit-yogurts",czech-republic,,COOP,"Česká republika,Český Krumlov",unknown,,,,,
8032755706502,Fantasiotti prosciutto e formaggio,,"meats-and-their-products, prepared-meats, hams",italy,,,,e,,,,,
3481291019822,Truffe fantaisie pop-corn,,,france,,,,unknown,,,,,
8032591054508,Misto fantasia,La casa de I Pasticcini,,italy,,,,unknown,,,,,
5000112510263,,Fanta,,france,,,,unknown,,,,,
5449000013279,Fanta mystère,Fanta,"beverages, carbonated-drinks, artificially-sweetened-beverages, sodas, diet-beverages, diet-sodas",romania,,,,b,,not-applicable,"declaraţie nutritională 100 ml 6 kj/ 2 kcal og le rediente: apa, grasimi: de lamaie din din care acizi graşi ma de acacia, saturati: at izobutirat de glucide: 0g a, conservanti din care zaharuri: fructe si legume proteine: og 0g (0%) stru briliant fcf). sare: 0,05 g (1%) 0,02 g de unica folosinta la primul rand). consumul de referintă al unui adult obisnuit (8400 kj/2000 kcal). 500 ml-2x 250 ml pentru: valoare energetica: c 0800-080-800 teleacces gratuit un produs de calitate al the coca cola company 6 og 09 09 og 250 ml (%*) 15 kj/ 5 kcal (0%) og (0%) 0g (0%) (0%) (0%) fanta.ro ده",0.0,2.0
57089614,,Fanta,,denmark,,,,unknown,,,,,
7894900027334,Kit Refrigerante Coca Cola Original Fanta Guaraná 2l Cada Leve Mais Pague Menos,FANTA GUARANÁ,,brazil,,,,unknown,,,,,
2110543004736,Fanta,,,italy,,,,unknown,,,,,
9310155000574,Delites,Fantastic,,australia,,,,unknown,4.0,,"Rice Flour (54%), Maize Starch, Vegetable Oil (Ant ioxidant (E320)), Potato Starch, Cheese Powder (4% ) (Milk), Potato Flakes (Preservative (E222)), Tap ioca Starch, Sugar, Salt, Flavours (Milk, Soy), Ba mboo Fibre, Onion Powder, Garlic Powder, Yeast Ext ract, Anti-caking Agent (E551), Flavour Enhancer ( E635), Colour (PaprikaOleoresin), Food Acid (E330) . e.",,
5000112654356,Fanta Orange Zero,Fanta,"plant-based-foods-and-beverages, beverages, plant-based-beverages, carbonated-drinks, fruit-based-beverages, sodas, fruit-sodas, orange-soft-drinks",poland,,,,unknown,,,,,
5000112503258,,Fanta,"beverages-and-beverages-preparations, beverages, carbonated-drinks, artificially-sweetened-beverages, sodas",germany,,,,unknown,4.0,,"Wasser, Säuerungsmittel (Äpfelsäure, Citronensäurel Zitronensaft aus Zitronensaftkonzentrat (1%), Kohlensäure, natürliches Aroma, Stabilisatoren (E 414, E 452(i), E 445, E 444), Süßungsmittel (Natriumcyclamat, Acesulfam K, Sucralose färbendes Lebensmittel (Konzentrat aus Süßkartoffel, Apfel, Rettich und Kirsche), Farbstoff E 133.",,
4902102035378,Fanta grappe,Fanta,,canada,,,,unknown,,,,,
8003535055493,Fantasy praline di cioccolato assortite,,,france,,,,unknown,,,,,
3660806512465,Guimauve Fantaisie à la violette,Comtesse du Barry,"snacks, sweet-snacks, confectioneries, candies, marshmallows",france,,,,unknown,,,,,
8435201703658,Fantasy brownies,Brompton House,,spain,,,,unknown,4.0,,"Sugar, Vegetable Oil (Sunflower), Eggs, Wheat Flour, Milk Chocolate in a Crisp Sugar Shell 8% (Sugar, Cocoa Butter, Cocoa Mass, Dried Whole Milk, Dried Skimmed Milk, Emulsifier (Soya Lecithin), Natural Vanilla Flavouring, Rice Starch, Glazing Agents (Gum Arabic, Carnauba Wax and Beeswax), Colours (Red Cabbage, Carmine, Riboflavins, Beta Carotene)), Glucose Syrup, Cocoa Powder, Stabilisers (Guar Gum, Sorbitol, Glycerol), Emulsifiers (Mono and Diglycerides of Fatty Acids, Propylene Glycol Mono-and Diesters of Fats and Fatty Acids), Raising Agents (Sodium Acid Pyrophosphate, Sodium Bicarbonate), Dextrose, Preservative (Sodium Propionate), Wheat Starch, Acidity Regulator (Citric Acid), Natural Vanilla Flavouring",,
9312165915916,Fanta Grape,,"beverages, carbonated-drinks, sodas",australia,,,,unknown,4.0,not-applicable,"carbonated water, high frutose corn syrup, flavours, acidity regulator (330, 334), preservative (202, 211), colours (129, 133).",,
0035826105875,Café Fantastico Instant Coffee Dark Roast,Food Lion,"plant-based-foods-and-beverages, beverages, plant-based-foods, coffees, instant-beverages, instant-coffees",united-states,,,,unknown,,f,,,
77529831,Fanta de naranja,Fanta,,spain,,,,unknown,,,,,
8032727119590,Farfalle Fantasia,Qualità gourmet,"plant-based-foods-and-beverages, plant-based-foods, pastas",france,,,,unknown,,,,,
5449000260710,fanta,,"beverages-and-beverages-preparations, beverages",germany,,,,unknown,,,,,
5449000295040,Fanta citrus,Fanta,"beverages, carbonated-drinks, sodas",saudi-arabia,,,,unknown,,,,,
6130003015443,Fanta,Fanta,,france,,,,unknown,,,,,
5000112661996,Fanta,Fanta,"beverages-and-beverages-preparations, beverages, sweetened-beverages",united-kingdom,,,,c,,,,,
5281013003898,Bugles,Fantasia,,lebanon,,,,unknown,,unknown,,,606.0
4262398360029,Fanta Pineapple,Fanta,,germany,,,,unknown,,,,,
5449000000460,#whatthefanta,Fanta,"beverages, carbonated-drinks, artificially-sweetened-beverages, sodas, diet-beverages, diet-sodas",romania,,,,b,,not-applicable,,0.0,2.0
6130003014989,,Fanta,"beverages-and-beverages-preparations, plant-based-foods-and-beverages, beverages, plant-based-beverages, carbonated-drinks, fruit-based-beverages, sodas, fruit-sodas, orange-soft-drinks",france,,,,d,,,,,
5449000034366,Fanta,Fanta,"beverages, carbonated-drinks, sodas",belgium,,,,unknown,,,,,
5449000106889,Fanta Pineapple & Grapefruit 2ltr,Fanta,"beverages-and-beverages-preparations, plant-based-foods-and-beverages, beverages, plant-based-beverages, carbonated-drinks, fruit-based-beverages, sodas, fruit-sodas",united-kingdom,,,,c,,,,,
5449000046529,fanta zero,"Fanta, Fanta-light",,france,,,,unknown,,,,,
5000112503272,#WhatTheFanta,Fanta,"beverages-and-beverages-preparations, beverages, carbonated-drinks, artificially-sweetened-beverages, sodas",germany,,,,unknown,,,ohne ZUCKER ? WHAT THE FANTA,,
5449000009524,What the fanta,Fanta,"beverages, carbonated-drinks, sodas",united-kingdom,,,,unknown,,,,,
2608101014230,crocodile - confuserie gélifiée fantaisie,,"snacks, sweet-snacks, confectioneries, candies, gummi-candies, gummy-crocodiles",france,,,,unknown,,,,,
8886015401030,Nyam nyam fantasy choco,Arnott's,,indonesia,,,,unknown,,,RH 30,,
5449000083333,What the FANTA,"Coca-Cola, Fanta","plant-based-foods-and-beverages, beverages, plant-based-beverages, carbonated-drinks, fruit-based-beverages, sodas, fruit-sodas",bulgaria,,,,unknown,,not-applicable,,0.0,2.0
8005525036369,Curry,Fantasie Aromatiche,"plant-based-foods-and-beverages, plant-based-foods, condiments, spices, curry-powder",italy,,,,not-applicable,,,,,
5281013003966,Bugles,Fantasia,,lebanon,,,,unknown,,unknown,,,619.0
5070000358734,Crispy fantasy,Crispy Fantasy,,france,,,,unknown,,,,,
5000112654035,Fanta orange,Fanta,,france,,,,unknown,,,,,
6132007700165,فانتا برتقال,Fanta,,argentina,,,,unknown,,unknown,,,
5449000102423,What The Fanta,Fanta,"plant-based-foods-and-beverages, beverages, plant-based-beverages, carbonated-drinks, fruit-based-beverages, sodas, fruit-sodas, sweetened-beverages",france,,,,c,4.0,,"Eau gazéifiée ; acidifiants : acide malique, acide citrique ; jus de citron à base de concentré (1%) ; arômes naturels ; stabilisants : gomme d'acacia, polyphosphates, esters glycériques de résine de bois, acétate isobutyrate de saccharose ; édulcorants : cyclamate de sodium, acésulfame-K, sucralose ; conservateurs : sorbate de potassium, benzoate de sodium ; concentrés de patate douce, pomme, radis, cerise ; colorant : bleu brillant FCF.",,
0030505036075,Fanta,The Coca cola Company,,indonesia,,,,unknown,,unknown,,4.4,20.0
5449000090485,Fanta zero pineapple & grapefruit,Fanta,"beverages, carbonated-drinks",united-kingdom,,,,c,4.0,,"Carbonated Water, Fruit Juices From Concentrate 5% (Pineapple, Grapefruit). Acid (Citric Acid). Acidity Regulator (Sodium Citrates), Sweeteners (Aspartame, Acesulfame K), Flavourings, Preservative (Potassium Sorbate), Antioxidant (Ascorbic Acid). Stabilisers (Guar Gum, Glycerol Esters Of Wood Rosins), Colour (Carotenes). Contains a Source of Phenylalanine.",,
5449000054128,,Fanta,,moldova,,,,unknown,,,,,
6130003016006,Fanta mangue,the coca-cola company,"beverages, carbonated-drinks, sodas",algeria,,,,e,4.0,,"EAU, SUCRE, GAZ CO2, RÉGULATEUR D'ACIDITÉ: SIN 330, AROMES NATURELS ET ARTIFICIELS, ÉMULSIFIANTS: SIN 414, SIN 445; CONSERVATEUR: SIN 211, ÉDULCORANTS: SIN 950, SIN 951; COLORANT: SIN 110. LES ADDITIFS UTILISÉS SONT ALIMENTAIRES. DÉCONSEILLÉ AUX ENFANTS",8.0,33.1
0150003000016,Fanta sabor Guaraná,"Fanta,Coca-Cola","beverages, carbonated-drinks, artificially-sweetened-beverages, non-alcoholic-beverages, unsweetened-beverages",bolivia,"plastic, recycled-material, bottle-or-vial, pet-1-polyethylene-terephthalate, recycled-plastic, bottle, rpet-recycled-polyethylene-terephthalate, rpet-transparent",,Bolivia,e,4.0,unknown,"AGUA CARBONATADA, AZÚCAR, SABORIZANTES NATURALES, REGULADOR DE LA ACIDEZ (SIN 330), COLORANTE (SIN 150d), SUSTANCIAS CONSERVADORAS (SIN 211, SIN 202), EXTRACTO DE GUARANA, EDULCORANTES (SIN 950 0.007% (ASPARTAME), SIN 951 0.006% (ACESULFAME K)).",7.5,29.5
5281013781055,Sweet chili,Fantasía,,lebanon,,,,unknown,,unknown,,,505.0
3481292400568,Truffes fantaisie biologique,,,france,,,,unknown,,,,,
4260168546666,Fanta Madness,Fanta,"beverages-and-beverages-preparations, beverages, carbonated-drinks, sodas, sweetened-beverages",germany,,,,unknown,,,,,
5449000094131,Fanta exotic,Fanta,"beverages-and-beverages-preparations, plant-based-foods-and-beverages, beverages, plant-based-beverages, carbonated-drinks, fruit-based-beverages, artificially-sweetened-beverages, sodas, fruit-sodas, sweetened-beverages","france, germany, switzerland",,noz,,c,4.0,,"Eau pétillante; jus de fruits à base de concentré 4,4% (prange 3,4%, pêche 0,5%, pomme 0,4%, fruit de la passion 0,1%); acide carbonique acidifiant: acide citrique, acide malique; colorant: concentré de carotte et de carthame; édulcorants: aspartame, acésulfame-K, aspartame; conservateur: sorbate de potassium; arômes naturels; stabilisant: E445. Contient une source de phénylalanine. Une consommation excessive peut avoir des effets laxatifs. Garder dans un endroit frais et sec à l'abri des odeurs forts, de la chaleur et de la lumière directe du soleil.",,
5449000036766,Watermelon Fanta Zero,Fanta,,united-kingdom,,,,unknown,,,,,
8034013890114,Pasta di semola di grano duro Fantasia,,,italy,,,,unknown,,,,,
87366228,Mentos Fanta,Fanta,,spain,,,,unknown,,,,,
5449000001993,Fanta Zero Zahăr #WhatTheFanta Bezea de Lămâie,Coca Cola,"beverages, artificially-sweetened-beverages",romania,plastic,,,c,4.0,,"Ană, dioxid de carbon, acidifianţi (acid malic, acid citric), suc de lămâie din concentrat (1%), arome naturale, stabilizatori (gumă de acacia, polifosfati, esteri glicerici ai răşinilor din lemn, acetat izobutirat de zaharoză), îndulcitori (ciclamați, acesulfam-K, sucraloză), conservanti (sorbat de potasiu, benzoat de sodiu), concentrate din fructe și legume (cartofi dulci, mere, ridichi, cirese), colorant (albastru briliant FCF). A se consuma de preferinţă inainte de: vezi pe ambalaj (primul rând).",0.0,2.0
3760107843180,Soucoupes fantaisie,Au temps des gourmets,,france,,,,unknown,,,,,
7290011018443,Fanta,Fanta,,palestinian-territories,,,,unknown,,unknown,,,
3481291022952,Truffes fantaisie au sucre pétillant,,,france,,,,unknown,,,,,
5000112307184,Orange no sugar,Fanta,"beverages, carbonated-drinks, sodas",netherlands,,,,unknown,,not-applicable,,,
5449000008176,Fanta Zero Zahăr #WhatTheFanta Vanilie și Lime,Coca Cola,"beverages-and-beverages-preparations, beverages, carbonated-drinks, sodas",romania,plastic,,,unknown,4.0,not-applicable,"Apă, dioxid de carbon, acidifianţi (acid malic, acid citric), suc de lămâie din concentrat (1%), arome naturale, stabilizatori (gumă de acacia, polifosfati, esteri glicerici ai răşinilor din lemn, acetat izobutirat de zaharoză), îndulcitori (ciclamați, acesulfam-K, sucraloză), conservanti (sorbat de potasiu, benzoat de sodiu), concentrate din fructe și legume (cartofi dulci, mere, ridichi, cireșe), colorant (albastru briliant FCF). A se consuma de preferinţă inainte de: vezi pe ambalaj (primul rând).",0.0,
0067000011566,Fanta orange,,,canada,,,,unknown,,,,,
5000112638028,FANTA Strawberry & Kiwi,Fanta,"beverages-and-beverages-preparations, beverages, carbonated-drinks, sodas",sweden,,,,e,,,,,
5997001365274,Lunaldin,fantail,,romania,,,,unknown,,unknown,,,
8000633023379,Fantasía di verdure,Unes,,"germany, italy",,Unes,,unknown,,,,,
8005525037304,Aglio,Fantasie Aromatiche,"plant-based-foods-and-beverages, plant-based-foods, fruits-and-vegetables-based-foods, condiments, vegetables-based-foods, culinary-plants, garlic-and-their-products, garlic",italy,,,,unknown,,,,,
5290074003884,Fantastico orange juice,,ro:suc,cyprus,,,,c,,,,10.1,53.0
5290074004775,Fantastic banana strawberry juice,,,cyprus,,,,unknown,,unknown,,,
1234063003060,Fanta orange glass bottle,,,cyprus,,,,unknown,,unknown,,,
3608580103233,Le fantastique brassé myrtille cassis,Andros,"plant-based-foods-and-beverages, fermented-foods, dairy-substitutes, desserts, non-dairy-desserts, non-dairy-fermented-foods, non-dairy-yogurts, almond-milk-yogurts",france,,,,c,4.0,,"Lait d'AMANDE 73% (eau, AMANDE 5,4%), fruits 12% (myrtille 6,4%, cassis 5,6%), sucre, amidon, jus de citron concentré, citrates de calcium, épaississant : farine de graines de caroube, arômes naturels, ferments. Peut contenir du SOJA et d'autres FRUITS À COQUE.",,
5000112512748,,Fanta,"beverages-and-beverages-preparations, beverages, carbonated-drinks, waters, artificially-sweetened-beverages, sodas, carbonated-waters, diet-beverages",sweden,,,,c,4.0,,"Kolsyrat vatten, juice från koncentrat syra (E330), citrusextrakt, frukt - och vegetabiliskt koncentrat (aronia, morot, fläderbär, färgtistel, citron, svartvinbär), sötningsmedel (aspartam, acesulfam K), surhetsreglerande medel (E331), konserveringsmedel (E202), naturliga aromer, stabiliseringsmedel (E412). Innehåller en källa till fenylalanin.",,
5449000214539,Fruit Twist Zero,"Fanta, Fanta-light",,france,,,,unknown,4.0,,"carbonated water, fruit juices from concentrate 4,4% (orange 3,4%, peach 0,5%, apple 0,4%, passion fruit 0,1%), acids (citric acid, malic acid), preservative (potassium sorbate), vegetable and plant concentrates (carrot, safflower), sweeteners (aspartame, acesulfame k), natural flavourings, stabilisers (glycerol esters of wood rosins, guar gum), contains a source of phenylalanine,",,
2608104014305,"Guimauve, fantaisie, enrobés de chocolat au lait",,,france,,,,unknown,,,,,
5449000033185,Fanta mystère,Fanta,"beverages, carbonated-drinks, sodas, non-alcoholic-beverages",bulgaria,,,,c,4.0,not-applicable,"Вода, въглероден диоксид, киселини (ябълчена киселина, лимонена киселина), сок от лимон от концентрат (1%), естествени ароматизанти, стабилизатори (акациева гума, полифосфати, глицеролови естери на дървесни смоли, захароза ацетат изобутират, подсладители (цикламати, ацесулфам к, сукралоза), консерванти калиев сорбат, натриев бензоат), плодово-зеленчукови концентрати (сладък картоф, ябълка, репичка, череша), оцветител Най-добър по - виж капашката или плото на бутилката. (брилянтно синьо FCF)",0.0,2.0
4262378650140,Emyo Limonade Mermaid Fantasy,Emyo,"beverages-and-beverages-preparations, beverages, carbonated-drinks, sodas","austria, germany",,,,d,4.0,,"Wasser, Zucker, Apfelsaftkonzentrat, Kohlensäure, Zitronensaftkonzentrat, Sauerkirschsaftkonzentrat, Drachenfruchtsaftkonzentrat, Wassermelonensaftkonzentrat, Konzentrat aus Karotte, Konservierungsstoff E202, Säuerungsmittel Citronensäure, natürliches Aroma, Vitamin B12.",,
0067000011641,Orange Soda,Fanta,"beverages, carbonated-drinks, sodas",canada,"plastic, bottle-or-vial, bottle",Urban Fare,"Calgary,Alberta,Canada",e,4.0,,"Carbonated water, Sugar/glocuse-fructose, Citric acid, Sodium benzoate, Natural flavour, Modified cornstarch, Sunset yellow FCF, Allura red, Ascorbic acid",,
5000112646122,Orange,Fanta,"beverages-and-beverages-preparations, plant-based-foods-and-beverages, beverages, plant-based-beverages, carbonated-drinks, fruit-based-beverages, sodas, fruit-sodas, orange-soft-drinks",netherlands,,,,unknown,4.0,,"Sprankelend water; suiker; sinaasappelsap uit concentraat (3%); voedingszuren: appelzuur, citroenzuur; zoetstoffen: natriumcyclamaat, acesulfaam-K, sucralose; conserveermiddel: kaliumsorbaat; natuurlijke sinaasappelaroma's met andere natuurlijke aroma's; antioxidant: ascorbinezuur; stabilisatoren: guarpitmeel, arabische gom, glycerolesters van houthars; zuurteregelaar: natriumcitraten; wortelconcentraat; kleurstof: carotenen.",,
59094487,Fantasia wiśniowa,"Fantasia, Danone",,poland,,,,unknown,,,,,
3554740402350,Infusions fantastiques de Noël Bio coffret duo,,,france,,,,unknown,,,,,
3348630007134,Fanta 50ML,Fanta,,new-caledonia,,,,unknown,,unknown,,4.5,19.0
42115700,Fanta grenade,Fanta,,morocco,,,,unknown,,unknown,,,
5281013030023,Frites,Fantasía,,lebanon,,,,unknown,,unknown,,,520.0
8698313599667,Fantasia ring,Fantasia,,turkey,,,,unknown,,unknown,,27.0,249.0
9310155006699,Thinnerbite black rice cakes,Fantastic,,australia,,,,unknown,,unknown,,0.0,423.6
5000112505634,#WhatTheFanta Uten Sukker,"Fanta,Coca-Cola,Coca-Cola Company","beverages, carbonated-drinks, artificially-sweetened-beverages, sodas, diet-beverages, diet-sodas",norway,"plastic, bottle-or-vial, bottle",Kiwi,"Bergen,Norway",unknown,4.0,not-applicable,"Kullsyreholdig vann. syrer (E296, E330), sitronjuice fra konsentrat (1 %), naturlige aromaer. stabilisatorer (E414, E452(i), E445. E444), søtstoffer (natriumsyklamater. acesulfam K, sukralose). konserveringsmidler (E202, E211). frukt - og vegetabilske konsentrater (søtpotet, eple, reddik, kirsebær), fargestoff (E133).",0.0,2.0
2608105023887,Guimauve fantaisie enrobée de chocolat noir,,,france,,,,unknown,,,,,
6132007700226,fanta citron,fanta citron,,algeria,,,,unknown,,,,,
5000112503265,?,Fanta,,germany,,,,unknown,,,LE MICH ohne ZUCKER ? #WHAT THE FANTA,,
5000112597868,Raspberry No Sugar,"Fanta,Coca-Cola Company,Coca-Cola","plant-based-foods-and-beverages, beverages, plant-based-beverages, carbonated-drinks, fruit-based-beverages, artificially-sweetened-beverages, sodas, diet-beverages, fruit-sodas, diet-sodas",norway,"plastic, bottle-or-vial, pet-1-polyethylene-terephthalate, bottle, pet-transparent",Circle K,Norway,unknown,4.0,not-applicable,"Kullsyreholdig vann, juice fra konsentrat 3,1% (sitron 3%, bringebær 0,1%), syrer (sitronsyre, eplesyre), frukt - og vegetabilsk konsentrat (søtpotet, guirot). søtstoff (natriumsyklamater, acesulfam K. sukralose), surhetsregulerende middel (E331), konserveringsmiddel (E202), naturlige aromaer.",0.2,2.0
5449000086969,what the Fanta,Fanta,"beverages-and-beverages-preparations, plant-based-foods-and-beverages, beverages, plant-based-beverages, carbonated-drinks, fruit-based-beverages, sodas, fruit-sodas, orange-soft-drinks","germany, switzerland",,,,unknown,,,回回 猎 FANT 153 NATERIENNECKBARBON STRINK zero,,
4316268545143,Eis am Stiel,"Ice Fantasy, Joghurt","desserts, frozen-foods, frozen-desserts, ice-creams-and-sorbets, ice-creams, ice-cream-bars",germany,,,,e,,,,,
5735656343465,Fanta orange,Fanta,,france,,,,unknown,,,,,
5070000358727,Céréales chocolat crispy,Crispy Fantasy,,switzerland,,,,unknown,,,,,
8907525020112,ফ্যান্টা অরেঞ্জ ফ্লেভার্ড,"Coca cola,Fanta","beverages, carbonated-drinks",bangladesh,"plastic, bottle-or-vial, bottle",,Bangladesh,e,,,"কার্বোনেটেড ওয়াটার, সুগার, অ্যাসিডিটি রেগুলেটর (সাইট্রিক অ্যাসিড (৩৩০)), স্ট্যাবলাইজার (সোডিয়াম হেক্সামেটাফসফেট (৪৫২(i)), প্রিজারভেটিভ (সোডিয়াম বেনজয়েট (২১১)), কালার (সানসেট ইয়েলো (১১০)), অনুমোদিত কৃত্রিম রঞ্জক এবং অনুমোদিত প্রাকৃতিক সুগন্ধি ব্যবহৃত।",12.74,55.91
0313739170228,Gelato fantastico,,,italy,,,,unknown,,,,,
5740700981043,Fanta no SUGAR,Fanta,"beverages-and-beverages-preparations, plant-based-foods-and-beverages, beverages, plant-based-beverages, carbonated-drinks, fruit-based-beverages, artificially-sweetened-beverages, sodas, diet-beverages, fruit-sodas, diet-sodas, lemon-soft-drinks, light-fruit-sodas, light-lemon-soft-drinks",france,,,,c,4.0,,"carbon dioxide, acid (E330). lemon juice from concentrate (1 acesulfame K, sodium cyclamate, aspartame), acidity regulator (EX E300, preservative (E202), stabilizers (E414, E445), natural lemon flavour vid atural flavours, colour (E160a). Contains a source of phenylalanine. Laskedrik med citronsmag. Indeholder sødestoffer. Ingrediense kuldioxid, syre (E330), citronsaft fra koncentrat (12), sødestoffer (ace konserveringsmiddel (E202), stabilisatorer (E414, E445), naturlig cam ariumcyclamat, aspartam), surhedsregulerende middel (E331), afinidad El andre naturlige aromaer, farvestof (E160a).",,
0004504311099,Kist naranja 600ml,Fanta,,spain,,,,unknown,,,,,
2608106018967,Guimauve fantaisie enrobée de chocolat blanc,,"snacks, sweet-snacks, cocoa-and-its-products, confectioneries, chocolate-candies, marshmallows-coated-with-chocolate",france,,,,unknown,,,,,
4890008123308,Fanta Grape Flavor,Fanta,"beverages, carbonated-drinks, artificially-sweetened-beverages, sodas, diet-beverages, carbonated-soft-drinks-without-fruit-juice, carbonated-soft-drinks-without-fruit-juice-with-reduced-sugar, sweetened-beverages",mongolia,"metal, recycle, recyclable-metals, aluminium, can, 330ml",,,d,4.0,not-applicable,"Carbonated Water, Sugar, Acidity Regulators (E330, E296), Flavourings, Preservative (E211), Sweeteners (E955, E950), Stabilizer (E452i), Colours (E129, E133)",4.6,19.0
8032628700156,fantasia di cereali affettato,granforno italia,"plant-based-foods-and-beverages, plant-based-foods, cereals-and-potatoes, breads, sliced-breads, multigrain-sliced-breads",italy,,,,c,4.0,,"Farina di GRANO tenero tipo &quot;00&quot;, acqua, semi di girasole 7%, semi di lino 7%, farina integrale ci GRANO tenero, farina di AVENA, crusca di GRANO, granella di SOIA, farina di mais estruso, GLUTINE DI FRUMENTO, farina di ORZO maltato, lievito, sale.",,
5000112659634,Fanta Zero Sugar Exotic,Fanta,"beverages-and-beverages-preparations, beverages, carbonated-drinks, artificially-sweetened-beverages, sodas, carbonated-fruit-soft-drink, carbonated-fruit-soft-drink-with-less-than-10-of-fruit-juice","netherlands, russia",,,,b,,,"Frisdrank met vruchtensap, met zoetstoffen. Ingrediënten: Sprankelend water: vruchtensap uit concentraat 4% (sinaasappel 3%, perzik 0.5%. appel 0.4% passievrucht 0.1%); voedingszuren: citroenzuur, appelzuur Conserveermiddel: kaliumsorbaat: wortel - en saffloerconcentraat; zoetstoffen: acesulfaam-K, aspartaam: natuurlijke aroma's: stabilisatoren: guarpitmeel, glycerolesters van houthars. Bevat een bron van fenylalanine.",0.515,3.03
75006068,Fanta orange,Fanta,,united-states,,,,unknown,,unknown,,,
8003100817648,Fantasia di verdure patate carote piselli,selex,,italy,,,,unknown,,,,,
5000112662238,Fanta Pineapple & Grapefruit,Fanta,,united-kingdom,,,,unknown,,,,,
4049321627707,Truffes Fantaisie Chili,,,germany,,,,unknown,,,,,
5000112514124,"Fanta Exotic 0,33 Dose","Fanta, Coca-Cola Company","beverages-and-beverages-preparations, plant-based-foods-and-beverages, beverages, plant-based-beverages, carbonated-drinks, fruit-based-beverages, sodas, fruit-sodas, orange-soft-drinks, sodas-with-exotic-fruits, de:Getränke mit Zucker und Süßungsmitteln",germany,,,,e,4.0,,"Wasser, Zucker, Orangensaft aus Orangensaftkonzentrat (4,6%), Kohlensäure, Säuerungmittel Citronensäure, Apfelsäure), Pfirsichsaft aus Pfirsichsaftkonzentrat (0,5%), Apfelsaft aus Apfelsaftkonzentrat (0,4%), färbendes Lebensmittel (Konzentrat aus Karotte und Färberdistel Passionsfruchtsaft aus Passionsfruchtsaftkonzentrat (0,1%) Süßungsmittel (Acesulfam K, Aspartam), natürliches Aroma, Stabilisatoren E414, E445 und E412. Enthält eine Phenylalaninquelle",,
4901762817447,Double fantasy milk tea (cream puff ),Chateraise,,singapore,,,,unknown,,unknown,,14.2,253.0
6415600571135,Fanta Sokeriton Vadelma,Fanta,"beverages-and-beverages-preparations, plant-based-foods-and-beverages, beverages, plant-based-beverages, carbonated-drinks, fruit-based-beverages, sodas, fruit-sodas",finland,,,,b,,,,0.2,2.0
5449000232977,,Fanta,,moldova,,,,unknown,,unknown,,,
5449000089359,Pineapple And Grapefruit Soda,Fanta,,united-kingdom,,,,unknown,4.0,,"carbonated water, fruit juices from concentrate 5% (pineapple, grapefruit), sugar, acid (citric acid), antioxidant (ascorbic acid), sweeteners (acesulfame k, aspartame, saccharins), preservative 32) (potassium sorbate), 12) flavourings, stabilisers (acacia gum, guar gum, sucrose acetate isobutyrate, glycerol esters of wood rosins), colour (carotenes), contains a source of phenylalanine, best before: see base of can store cool and dry,",,
5900643047385,Fantasia z płatkami w czekoladzie,Fantasia,"dairies, fermented-foods, fermented-milk-products, desserts, dairy-desserts, fermented-dairy-desserts, yogurts","lithuania, poland",,,,c,4.0,,"jogurt, mleko odtłuszczone, śmietanka, cukier, mleko odtłuszczone w proszku, żywe kultury bakterii jogurtowych, kukurydziane płatki 17% w czekoladzie mlecznej (kukurydza 32%, cukier, tłuszcz kakaowy, mleko pełne w proszku, miazga kakaowa, sól, emulgator (lecytyny [z soi i słonecznika]), ekstrakt słodu jęczmiennego, aromat waniliowy)",,
2608104035164,Guimauve fantaisie enrobée de chocolat au lait,,,france,,,,unknown,,,,,
6928804011456,Apple,Fanta,"beverages, carbonated-drinks, sodas",finland,,,,unknown,,,,11.2,47.0
7750182220378,Fanta de naranja,Fanta,bebida-gasificada-sabor-naranja,bulgaria,,,,unknown,,,,,
8656021373832,,Fanta,,mongolia,,,,unknown,,unknown,,,
8723400798637,Mentos alla fanta,Mentos,,italy,,,,unknown,,,,,
8723400799313,Mentos Fanta,Fanta,,italy,,,,unknown,,,,,
2608105029711,Guimauve fantaisie enrobée de chocolat noir,,,france,,,,unknown,,,,,
5449000298836,Fanta,Fanta,,france,,,,unknown,,,,,
90377907,,Fanta,,qatar,,,,unknown,,unknown,,,
0554449524493,Fanta lemon 500ml,Fanta,,spain,,,,unknown,,,,,
6132007700707,Fanta pomme,Fanta,,france,,,,unknown,,,,,
6130003014828,Fanta lemon,Fanta,"beverages-and-beverages-preparations, beverages, carbonated-drinks, sodas, boisson-fanta","algeria, france",,,,unknown,,,,,
3482750000573,ELEFANTAISY,Julie et Nicolas,,france,,,,unknown,,,,,
5000112515848,Fanta Mango Drachenfrucht,"Fanta, Coca-Cola","beverages-and-beverages-preparations, plant-based-foods-and-beverages, beverages, plant-based-beverages, carbonated-drinks, fruit-based-beverages, sodas, fruit-sodas, lemon-soft-drinks, sweetened-beverages",germany,,,,d,,,"FANTA Erfrischungsgetränk mit geschmack, mit Zucker und S Zucker, Orangensaft aus Orangen säure, Säuerungsmittel (Citroen dationsmittel Ascorbinsäure, konzentrat (0,1%), Drachenfruchti Zitronensaftkonzentrat (0,1%), Arm glycoside aus Stevia, Stabilisator Konservierungsstoff Kaliumsorbat, Fa Brennwert:",,
9310155753913,Fantastic barbewue chicken rice cracker,Fantastic,,australia,,,,unknown,,,,,
8851959144176,แฟนต้า น้ำเเดง,"Fanta, Coca-Cola, Coca-Cola Company","beverages-and-beverages-preparations, plant-based-foods-and-beverages, beverages, plant-based-beverages, carbonated-drinks, fruit-based-beverages, sodas, fruit-sodas, sweetened-beverages",thailand,,,,c,4.0,,"น้ำตาล 4.5%, สารให้ก๊าซคาร์บอนไดออกไซด์ (INS 290), สารควบคุมความเป็นกรด (INS 330), วัตถุกันเสีย (INS 211), สารให้ความหวาน (ซูคราโลสและแอซีซัลเฟม โพแทสเซียม), สีสังเคราะห์ (INS 122, INS 110), แต่งกลิ่นสังเคราะห์",,
4316268650939,Caramel Star Ice Cream - Karamelleisriegel,"Ice Fantasy, Netto MD","snacks, desserts, sweet-snacks, frozen-foods, frozen-desserts, bars, ice-creams-and-sorbets, ice-creams, ice-cream-candy-chocolate-bars",germany,,,,e,4.0,,"58% Karamelleiscreme (entrahmte Milch, 25% Schlagsahne¹, Glukose-Fruktose-Sirup, Molkenerzeugnis, Zucker, 4% Karamell, fettarmes Kakaopulver³, Emulgator: Mono - und Diglyceride von Speisefettsäuren; Stabilisator: Johannisbrotkernmehl, Guarkernmehl; Speisesalz, natürliches Aroma), 30% Milchschokolade (Zucker, Kakaomasse, Kakaobutter³, Magermilchpulver, Butterreinfett, Kokosfett, Emulgator: Lecithine [enthält Soja], Polyglycerin-Polyricinoleat; Bourbon-Vanilleextrakt), 12% gesalzene Karamellsauce (Glukosesirup, gezuckerte Kondensmagermilch [Magermilch, Zucker], Wasser, Zucker, Kokosfett, Stärke, Gerstenmalzextrakt, Stabilisator: Pektine; Speisesalz, natürliches Bourbon Vanillearoma). Das Produkt kann Spuren von Hühnereiern, Erdnüssen und Schalenfrüchten enthalten.",,
80908432,Big babol fantastic world,,,turkey,,,,unknown,,unknown,,,
4260430650664,Steaks,fantastic foods,,germany,,,,unknown,,,,,
3290041001310,Truffes fantaisie,Guyaux,,france,,,,unknown,,,,,
8005525022201,Maggiorana Foglie,Fantasie Aromatiche,,italy,,,,unknown,,,,,
0667064012396,Fanta Added Orange Flavour,,,canada,,,,unknown,,,,,
8901725132934,Dark fantasy,Sunfeast,,bahrain,,,,unknown,,,,38.4,520.0
5449000211989,,Fanta,uk:солодка-газована-вода,ukraine,,,,unknown,,,,,
0440072035003,"Fanta puszka 0,33",,,poland,,,,unknown,,,,,
59080275,Fantasia biała czekolada,Fantasia,"dairies, fermented-foods, fermented-milk-products, desserts, dairy-desserts, fermented-dairy-desserts, yogurts",poland,,,,unknown,,,,,
4316268434034,Mini King Spezial,"ICE Fantasy, Netto","desserts, frozen-foods, frozen-desserts, ice-creams-and-sorbets, ice-creams, ice-cream-bars, ice-cream-bars-coated-with-chocolate",germany,,,,e,4.0,,"54% Eis mit Erdbeere (entrahmte Milch, Molkenerzeugnis, 14 % Erdbeermark¹, Zucker, Glukosesirup, Kokosfett, Emulgator: Mono - und Diglyceride von Speisefettsäuren; Stabilisator: Johannisbrotkernmehl, Guarkernmehl; Säuerungsmittel: Citronensäure; färbendes Lebensmittel: Rote-Betekonzentrat; natürliches Aroma), 35 % weiße Schokolade (Zucker, Kakaobutter2², Vollmilchpulver, Butterreinfett, Molkenerzeugnis, Emulgatoren: Lecithine (enthält Soja), Polyglycerin-Polyricinoleat; Bourbon Vanilleextrakt), 9 % Erdbeer - sauce (45% Erdbeersaft aus Erdbeersaftkonzentrat³, Zucker, Invertzuckersirup, modifizierte Stärke, Säuerungsmittel: Citronensäure; Stabilisator: Guarkernmehl; färbendes Lebensmittel: Karottenkonzentrat, Karottensaftkonzentrat, Rote-Bete-Saftkonzentrat; natürliches Aroma), 2 % gefriergetrocknetes Erdbeergranulat (Glukosesirup, Zucker, 25% Erdbeeren, Verdickungsmittel: Natriumalginat). entspricht 7,6 % Erdbeermark bezogen auf das Gesamtprodukt. 2Rainforest Alliance-zerti - fiziert, entspricht 4,1 % Erdbeersaft aus Erdbeersaftkonzentrat bezogen auf das Gesamtpro - dukt. entspricht 0,5 % Erdbeeren bezogen auf das Gesamtprodukt. Das Produkt kann Spuren von Gluten, Hühnerei, Erdnüssen und Schalenfrüchten enthalten. Durchschnittliche Nährwerte Brennwert Fett davon: - gesättigte Fettsäuren Kohlenhydrate davon: - Zucker pro 100 g 1405 kJ/ 336 kcal 18,6 g Eiweiß Salz 12,9 g 39,8 g pro Portion 36 g, 1 Stück 506 kJ/121 kcal 6,7 g 35,5 g 2,1 g 0,13 g 4,6 g 14,3 g % RM* pro 36 g 12,8 g 14% 0,8 g 2% 0,05 g &lt;1% Referenzmenge für einen durchschnittlichen Erwachsenen (8400 kJ/2000 kcal) Bourbon Vanilleeis verstrudelt mit 9 % Schokoladensauce, überzogen mit 35 % Vollmilchschokolade 6% 10% 23% 6% Zutaten: 56% Bourbon-Vanilleeis (entrahmte Milch, Molkenerzeugnis, Glukosesirup, Kokosfett, Zucker, Emulgator: Mono - und Diglyceride von Speisefettsäuren; Stabi - lisator: Johannisbrotkernmehl, Guarkernmehl, Bourbon Vanilleextrakt), 35 % Voll - milchschokolade (Zucker, Kakaobutter, Magermilchpulver, Kakaomasse, But - terreinfett, Molkenerzeugnis, Emulgator: Lecithine (enthält Soja), Polyglycerin - Polyricinoleat), 9% Schokoladensauce (Zucker, Wasser, Glukose-Fruktose-Sirup,",,
5449000308269,Fanta What the Fanta,Fanta,,italy,,,,unknown,,,,,
5000112519747,Zero sugar watermelon fanta,Fanta,,united-kingdom,,,,unknown,,unknown,,,
5449000318671,Fanta,Fanta,,morocco,,,,unknown,,unknown,,,
5449000275394,,fanta,de:getränk,germany,,,,unknown,,,,,
5740700987977,Fanta kiwi aardbei,Fanta,"beverages-and-beverages-preparations, plant-based-foods-and-beverages, beverages, plant-based-beverages, carbonated-drinks, fruit-based-beverages, sodas, fruit-sodas",france,,,,unknown,,,,,
5000112638035,Fanta orange zero sugar,Fanta,"beverages-and-beverages-preparations, beverages, carbonated-drinks, sodas, nb:brus",belgium,,,,unknown,,,,,
8935049501671,Fanta Nho Hương,"Fanta,Coca-Cola,Coca-Cola Company","plant-based-foods-and-beverages, beverages, plant-based-beverages, carbonated-drinks, fruit-based-beverages, sodas, fruit-sodas",vietnam,,Lotte Mart,Vietnam,unknown,,not-applicable,"Nước bão hòa CO2, đường mía, đường HFCS, chất điều chỉnh độ acid (330, 331(iii), 452()), hương nho tự nhiên và tổng hợp, chất tạo ngọt tổng hợp (955, 950), chất bảo quản (211), màu tổng hợp (129, 133), hon hop vitamin (B3, B5, B6).",4.6,19.0
8935049510833,Hương Xá Xị chai,"Fanta,Coca-Cola Company","beverages-and-beverages-preparations, beverages, carbonated-drinks, sodas",vietnam,,Lotte Mart,,d,4.0,not-applicable,"Nước bão hòa CO2, đường HFCS, (caramen nhóm IV), chất điều chỉnh độ acid (330, 331(1), chất tạo ngọt tổng hợp (sucralose, acesulfame potassium), chất bảo quản (202).",4.6,18.6
5000112659610,Fanta Cassis tray,Fanta,"beverages-and-beverages-preparations, beverages, carbonated-drinks, sodas, sweetened-beverages",netherlands,,,,e,4.0,,"Sprankelend water, suiker, zwarte bessensap uit concentraat 5%, voedingszuur (citroenzuur), kleurstof (anthocyanen), natuurlijke zwarte bessenaroma's, conserveermiddel (kaliumsorbaat)",,
5038026904335,Fanta frozen,Fanta,,france,,,,unknown,,,,,
4260261960994,Fanta Pineapple,Fanta,,germany,,,,unknown,,,,,
4032549028524,tropical,Fanta,,germany,,,,unknown,4.0,,"Wasser, Zucker, 3,0% Orangensaft aus Orangensaftkonzentrat, Kohlensäure 0,7% Orangenextrakt, 0,2% Passionsfruchtsaft aus Passionsfruchtsaftkonzentrat, 0,2% Phirsichsaft aus Pfirsichsaftkonzentrat, Sauerungsmittel: Citronensäure, natürliche Aromen Konservierungsstoff: Kaliumsorbat, Farbstoff: Carotin.",,
2608104020337,Guimauve fantaisie enrobée de chocolat au lait,,,france,,,,unknown,,,,,
04412755,Fanta,Cocacola comp.,,italy,,,,unknown,,,,,
5000112530292,Fanta Shokata,Fanta,,france,,,,unknown,,,,,
4902102151122,ミステリースイーツ #WhatTheFanta,"Fanta,ファンタ","beverages, carbonated-drinks, sodas",japan,,,,unknown,4.0,not-applicable,"炭酸,香料,酸味料,着色料（アントシアニン,青1）,保存料 （安息香酸Na）,甘味料（スクラロース,アセスルファムK）, メタリン酸Na,（一部にりんごを含む）",,0.0
2608106013382,guimauve fantaisie enrobée de chocolat blanc,,"snacks, sweet-snacks, cocoa-and-its-products, confectioneries, chocolate-candies, marshmallows-coated-with-chocolate",france,,,,unknown,,,,,
5000112514100,,"Coca-Cola, Coca-Cola Company, Fanta","beverages-and-beverages-preparations, plant-based-foods-and-beverages, beverages, plant-based-beverages, carbonated-drinks, fruit-based-beverages, artificially-sweetened-beverages, sodas, fruit-sodas, sweetened-beverages",germany,,Edeka,Weimar,e,4.0,,"Erfrischungsgetränk mit Zitronen - und Holunderblüte geschmack, mit Zucker und Süßungsmitteln. Zutaten Wasser, Zucker, Zitronensaft aus Zitronensaftkonzentrat 10%), Kohlensäure, Säureregulator Natriumgluconat Sauerungsmittel (Citronensäure, Apfelsäure), Stabilisato ren (E414, E445), Aroma, Süßungsmittel (Acesulfam K, Sucralose), Antioxidationsmittel Ascorbinsäure, Holunder - blütenextrakt.",,
59094494,Fantasia z nadzieniem karmelowym,Danone,"snacks, sweet-snacks, bars",poland,,,,e,,,,,
5000112659306,Fanta,Coco cola,"beverages-and-beverages-preparations, plant-based-foods-and-beverages, beverages, plant-based-beverages, carbonated-drinks, fruit-based-beverages, juices-and-nectars, artificially-sweetened-beverages, sodas, fruit-juices, fruit-sodas, orange-juices",netherlands,,,,d,4.0,,"Sprankelend water: suiker: sinaasappelsap concentraat (32): voedingszuren: appelzuur, citroenzuur zoetstof natriumcyclamaat, acesulfaam-K, sucralose: conserveermiddel msorbaat natuurlijke sinaasappelaroma's met andere nuk aroma's: antioxidant: ascorbinezuur: stabilisatoren: guarpine arabische gom, glycerolesters van houthars: zuurteregela natriumcitraten: wortelconcentraat: kleurstof: carotenen.",,
8935049501589,Fanta Huong Xá Xi,"Fanta, Coca-Cola","beverages-and-beverages-preparations, beverages, carbonated-drinks, sodas, carbonated-soft-drinks-without-fruit-juice, carbonated-soft-drinks-without-fruit-juice-with-sugar-and-artificial-sweeteners","france, germany",,,,d,4.0,,"Eau pétillante, sirop de glucose-fructose, arôme de salsepareille, colorant (E150d), correcteurs d'acidité (E330, E331iii), édulcorants (E950 E955),  conservateur (E202).",,
2608106025194,Guimauve fantaisie,,"snacks, sweet-snacks, cocoa-and-its-products, confectioneries, chocolate-candies, marshmallows-coated-with-chocolate",france,,,,unknown,,,,,
3596710527458,Les Truffes Fantaisie Chocolat,Vendome,"snacks, sweet-snacks, cocoa-and-its-products, confectioneries, chocolate-candies, bonbons, chocolate-truffles",france,,,,e,4.0,,"Graisses végétales (palmiste, palme), sucre, cacao maigre en poudre 14%, LACTOSÉRUM en poudre, arôme naturel de vanille, beurre de cacao. Traces éventuelles de céréales contenant du gluten et de fruits à coque.",,
3596710527441,Les truffes fantaisie chocolat,Vendome,"snacks, sweet-snacks, cocoa-and-its-products, confectioneries, chocolate-candies, bonbons, chocolate-truffles",france,,,,e,4.0,,"Graisses végétales (palmiste, palme), sucre, cacao maigre en poudre 13%, lactosérum (LAIT) en poudre, éclats de caramel 3,9% (sucre, sirop de glucose, crème fraîche (LAIT), poudre de LAIT écrémé, sel, dextrose, arôme naturel de vanille), beurre de cacao, arômes. Traces éventuelles de céréales contenant du gluten et de fruits à coque.",,
3596710527434,Truffes fantaisie chocolat,Vendome,"snacks, sweet-snacks, cocoa-and-its-products, confectioneries, chocolate-candies, bonbons, chocolate-truffles",france,,,,e,4.0,,"Graisses végétales (palmiste, palme), sucre, cacao maigre en poudre 13%, éclats de NOISETTES caramélisés 5% (NOISETTES, sucre), lactosérum (LAIT) en poudre, beurre de cacao, arômes, Traces éventuelles de céréales contenant du gluten et d'autres fruits à coque.",,
4770777191947,Fantazija Sausainiai,Baltasis Pyragas,,lithuania,,,,unknown,,,,33.0,512.0
7804643820048,bebida de fantasía con jugo de limón,love lemon,"beverages-and-beverages-preparations, beverages, sweetened-beverages, bebida-de-fantasia-con-jugo-de-limon",argentina,,,,e,,,,4.9,24.4
5000112530339,Fanta citron,Fanta,,france,,,,unknown,,,,,
5000112651676,fanta,Fanta,,lithuania,,,,unknown,,,,,
2608105031165,Guimauve fantaisie,,,france,,,,unknown,,,,,
03383302,Fanta,,,france,,,,unknown,,,,,
9449534600088,,Fanta,,morocco,,,,unknown,,unknown,,,
2608106016017,Guimauve fantaisie enrobee de chocolat blanc,,"snacks, sweet-snacks, cocoa-and-its-products, confectioneries, chocolate-candies, marshmallows-coated-with-chocolate",france,,,,unknown,,,,,
5000112659269,Lemon (Zero Sugar),Fanta,"beverages-and-beverages-preparations, beverages, carbonated-drinks, sodas",netherlands,,,,c,4.0,,"Sprankelend water; citroensap uit sapconcentraat (6%); voedingszuren: citroenzuur, natriumcitraat; zoetstoffen: aspartaam, acesulfaam-K, natrium-sacharine; conserveermiddel: kaliumsorbaat; stabilisatoren: arabische gom, glycerolesters van houthars; antioxidant: ascorbinezuur; natuurlijke citroenaroma's met ander natuurlijk aroma.",,
6130003003037,فانتا برتقال,Fanta,"beverages-and-beverages-preparations, beverages, carbonated-drinks, sodas",argentina,,,,unknown,,,,,
2608105034968,Guimauve fantaisie noir,,,france,,,,unknown,,,,,
5449000307408,fanta,,"beverages-and-beverages-preparations, beverages, carbonated-drinks, sodas",turkey,,,,unknown,4.0,unknown,"Fanta Karışık Aromalı Gazoz FADI ET! 2 Tatlandirici içerir, dekiler, Su, karbondioksit, asitliği düzenleyiciler (malik asit, sitrik asit), a senal esterleri), meyve ve sebze ekstraktları (tatlı patates, elma, turp, k nyacular (potasyum sorbat, sodyum benzoat), stabilizator, sodyum heksameta ne Kayt Namaralan: Ankara (ANK) TR-06-K-011780, Bursa (BRS) TR-16-K-009424 Can THEH-108236, Dretim yeri kısaltması ambalajrine kodlanmıştır, Uretim tarihi ve saa CTR-59-4-002244, Elaziğ (ELZ) TR-23-K-002340, Izmir (KMP) TR-35-K-015355, Mersin (MRS) sie izerindedir, Kuru ve serin yerde sanız, Alkolsüz içecekler Tebliğine uygu Bu Umraniye/Istanbul, The Coca-Cola Company'nin izni ile üretilmiştir, Menşei Tuje PANTA The Coca-Cola Company'nin tescilli markasıdır, © 2023 THE COCA-COLA COMPANY ist Gida Işletmecisi: Coca-Cola Içecek A,S OSB Mah, Deniz Feneri Sk, No: 4 34776 Heat Paz, Dan, San, ve Tic, A,Ş, tarafından düzenlenmektedir, &quot;INDIR KAZAN 4042023 e 30 09 2023 arasında T,C, sınırları içinde geçerli olan bu promosyon Co-Cal the mobil uygulamasına girdikten sonra elde edeceğiniz puanlaris pe wisk pema hakke saklıdır, Promosyon detaylahaa www,dahadata,com promosyonlu ürünlerin kapaklarının altındaki kodu www,dahadaha,com w a Coca-Cola Meşrubat Paz, Dan, San, ve Tic, A,Ş, in pramay a vso,com Yden ulaşabilirsiniz, Promosyona 18 yaşdan 444 30 40 veya 0850 201 30 40 numaralı ücretsiz tel #1",,
8605002341414,Fantazija mix,The fun & fit company,"dry-grapes, fried-peanuts, nuts-mix, trail-mix",serbia,,,,d,1.0,,"Brazil nuts, hazelnuts, blanched almonds, cashews, roasted peanuts, raisins, may contain (gluten, soy, other stone fruits and sesame)",23.0,512.0
0559049204493,Fanta Lemon 500ml,Fanta,,ireland,,,,unknown,,unknown,,,
5000112659566,Zero sugar,Fanta,"beverages-and-beverages-preparations, beverages, carbonated-drinks, artificially-sweetened-beverages, sodas",netherlands,,,,c,4.0,,"Sprankelend water; sinaasappelsap uit concentraat (4%); voedingszuren: citroenzuur, appelzuur, natriumcitraat; zoetstoffen: aspartaam, acesulfaam-X; conserveermiddel: kaliumsorbaat; antioxidant: ascorbinezuur; natuurlijke sinaasappelaroma's met andere natuurlijke aroma's; wortelconcentraat; stabilisator: guarpitmeel; kleurstof: carotenen.",0.4,3.0
6133166000219,فانتا 1ل,Fanta,"beverages-and-beverages-preparations, beverages, sweetened-beverages","algeria, argentina",,,,e,4.0,,ماء، سكر، CO2، SIN 330، SIN 331iii، SIN 1450، SIN 444، SIN 445، SIN 202، SIN 211، SIN 950، SIN 955، SIN 150d، SIN 104، SIN 110,10.0,41.0
5070000358741,Crispy fantasy honey,Crispy Fantasy,,united-kingdom,,,,unknown,,,,,
6928804014679,Fanta pomme,Fanta,"plant-based-foods-and-beverages, beverages, plant-based-beverages, carbonated-drinks, fruit-based-beverages, sodas, fruit-sodas, apple-soft-drinks",france,,,,e,4.0,,"eau gazéifiée, sucre, acidifiants : E330,E331, conservateur : E202, arôme pomme, colorant : E110",,
3948764022913,fanta coca cola,Everest Turmeric powder tikha lal,"beverages, carbonated-drinks, sodas, pran-lichi",india,,,,unknown,,,Everest black pepper,,
6009223800477,Fantastical Caramel Millionare Eggs,,,south-africa,,,,unknown,,unknown,,74.0,554.0
5795007660085,Eis Frozen Skyr Zitrone,Ice Fantasy,"desserts, frozen-foods, frozen-desserts, ice-creams-and-sorbets, frozen-sticks, ice-creams, ice-cream-bars",united-kingdom,,,,d,4.0,,"69,5% Eis mit Frischkäse (eingedickte entrahmte Milch, 30% Frischkäse, Glukosesirup, Molkenerzeugnis, Zucker, Dextrose, Zitronensaftkonzentrat, Speisegelatine [Rind], Emulgator: Mono - und Diglyceride von Speisefettsäuren; Stabilisator: Johannisbrotkernmehl, Guarkernmehl), 16% joghurthaltige Fettglasur (pflanzliche Fette [Kokos, Shea], Zucker, 11% Magermilchjoghurtpulver, Emulgator: Lecithine; natürliches Vanillearoma, Säuerungsmittel: Citronensäure), 14,5% Zitronensauce (Wasser, Zucker, 11% Zitronensaft aus Zitronensaftkonzentrat³, Dextrose, Stabilisator: Johannisbrotkernmehl, Pektine; färbendes Lebensmittel: Karottenkonzentrat, Saflorkonzentrat; Säuerungsmittel: Citronensäure; Säureregulator: Natriumcitrate; natürliches Aroma). Das Produkt kann Spuren von Gluten, Hühnerei, Erdnüssen, Soja und Schalenfrüchten enthalten.",,
2608104015814,Guimauve fantaisie,,,france,,,,unknown,,,,,
5740600975470,Fanta lelon zero,Fanta,,belgium,,,,unknown,,,,,
6133166000981,Fanta fraise,Fanta,"beverages, carbonated-drinks, sodas",france,,,,unknown,,,,,
7894900031706,Refrigerante Laranja Fanta Garrafa 3l Embalagem Econômica,FANTA,,brazil,,,,unknown,,,,,
5290003003060,Fanta glass bottle,Fanta,,cyprus,,,,unknown,,unknown,,,
8710398526281,dip - Fantasia,Lays,,germany,,,,unknown,,,,,
6133166000448,Fanta orange,Fanta,,france,,,,unknown,,,,,
5400141452136,Fantasia pasta,Colruyt,"plant-based-foods-and-beverages, plant-based-foods, pastas, dry-pastas",luxembourg,,,,unknown,,,,3.0,351.0
7790895648670,Fanta Uva,"Fanta,Coca-Cola","beverages-and-beverages-preparations, beverages, carbonated-drinks, carbonated-fruit-soft-drink, sweetened-beverages",argentina,,Coto,Buenos Aires,d,4.0,b,"Agua carbonatada, JMAF, acidulante (INS 330, INS 334), aromatizante, edulcorante (acesulfame K 1.8%, sucralosa 0.9%), conservante (benzoato de sodio), regulador de acidez (INS 331iii), colorantes (INS 122, INS 133, tartrazina)",4.9,20.0
6928804015454,Fanta pastèque,Fanta,"beverages-and-beverages-preparations, plant-based-foods-and-beverages, beverages, plant-based-beverages, fruit-based-beverages, beverages-with-orange","france, germany",,,,unknown,4.0,,"i anguria alto contenuto di esulfame K, colorante Fanta Watermelon 330ml CHN (IT) Bevanda gassata analcolica al sap Composizione: acqua gassata, sciroppo di ma fruttosio, acido citrico, E211, E452, sucralosio, caramello, E129 e E102, aroma. Avvertenza: E129 e E102 possono avere effetti negativi sull'attività e l'attenzione dei bambini. Sale: Energia per 100 ml: Energia: 80 kJ /",,
7501055383955,,Fanta,,mexico,,,,unknown,,unknown,,,
5000112661941,Fanta fruit twist,Fanta,,cyprus,,,,unknown,,unknown,,,
4061464009226,Flammkuchen Birne-Gorgonzola,Fantastique! Cuisine à la française,,germany,,,,unknown,,,,,
0260026004660,Baguette fantaisie,,,france,,,,unknown,,,,,
8851959149164,แฟนต้าส้ม,Fanta,,thailand,,,,unknown,,,,,
0049000551051,Fanta? Zero sugar,Fanta,"beverages, carbonated-drinks, artificially-sweetened-beverages, sodas",united-states,,,,unknown,,not-applicable,,,
5449000107077,Fanta Pine Grfr 500ml,Fanta,,luxembourg,,,,unknown,4.0,,"Carbonated Water, Fruit Juices From Concentrate 5% (Pineapple, Grapefruit), Sugar, Acid (Citric Acid), Antioxidant (Ascorbic Acid), Sweeteners (Acesulfame K, Aspartame, Sodium Saccharin), Preservative (Potassium Sorbate), Flavourings, Stabilisers (Acacia Gum, Guar Gum, Sucrose Acetate Isobutyrate, Glycerol Best Behre Store cal Esters of Wood Rosins), Colour (Carotenes) Contains a Source of Phenylalanine. CCEP GB UB8 1EZ Coca-Cola.co.uk 0800 227711 2025 The Coca-Cola Company MADE GB",,
9310155008211,Goodies grains & seeds crackers,Fantastic,"snacks, salty-snacks, appetizers, biscuits-and-crackers, crackers-appetizers, cracker-biscuits-with-grains-seeds",australia,,,,unknown,,,,,
90494680,Exotic,Fanta,"beverages-and-beverages-preparations, beverages",germany,,,,e,,,,,
7894900095104,Mistério,Fanta,,brazil,,,,unknown,,,,,
8595002109728,Slaný karamel,Fantasia,"dairies, fermented-foods, fermented-milk-products, desserts, dairy-desserts, fermented-dairy-desserts, yogurts","czech-republic, slovakia",,,Česko,c,,,,,
5000112517163,Fanta Strawberry & Kiwi,Fanta,"beverages-and-beverages-preparations, plant-based-foods-and-beverages, beverages, plant-based-beverages, carbonated-drinks, fruit-based-beverages, artificially-sweetened-beverages, sodas, fruit-sodas, non-alcoholic-beverages, sweetened-beverages",germany,,Edeka,,e,4.0,,"Wasser, Zucker, Zitronensaft aus Zitronensaftkonzentrat (3%), Kohlensäure, natürliches Kiwiaroma mit anderen natürlichen Aromen, färbendes Lebensmittel (Konzentrat aus Karotte und Distel), Säuerungsmittel Citronensäure, Stabilisatoren (E414, E445)",,
5000112650730,Fanta,Fanta,"beverages-and-beverages-preparations, plant-based-foods-and-beverages, beverages, plant-based-beverages, carbonated-drinks, fruit-based-beverages, artificially-sweetened-beverages, sodas, fruit-sodas, orange-soft-drinks, sweetened-beverages","germany, sweden",,,,e,4.0,,"Carbonated water, sugar, 6% orange juice from concentrate, acids (E330, E296), stabilizers (E414, E445), natural orange flavor with other natural flavors, acidity regulator (E331), sweetener acesulfame K, aspartame, sucralose), antioxidant (E300) ), dye (E16 Contains a source of phenylalanine)",,
2609811021525,Melange fantasia olives cuisinees,,,france,,,,unknown,,,,,
7894900027327,Kit Refrigerante Coca Cola Original Fanta Laranja 2l Cada,FANTA LARANJA,,brazil,,,,unknown,,,,,
7894900091014,Refrigerante Maracujá Fanta Garrafa 2l,FANTA MARACUJÁ,,brazil,,,,unknown,,,,,
7894900039061,Kit Refrigerante Coca Cola Original Laranja Fanta 2l Cada Leve Mais Pague Menos,COCA COLA,,brazil,,,,unknown,,,,,
7894900096002,Refrigerante Tutti Frutti Fanta Garrafa 2l,FANTA,,brazil,,,,unknown,,,,,
7894900031591,"Refrigerante Laranja Fanta Garrafa 2,5l Embalagem Econômica",FANTA,,brazil,,,,unknown,,,,,
7894900094022,Refrigerante Guaraná Zero Adição De Açúcar Fanta Garrafa 2l,FANTA,,brazil,,,,unknown,,,,,
7894900031157,Refrigerante Laranja Fanta Lata 310ml,FANTA,,brazil,,,,unknown,,,,,
7895144208442,"Bala Fanta Laranja Mentos Pacote 37,5g",MENTOS,,brazil,,,,unknown,,,,,
7894900093025,Refrigerante Guaraná Fanta Lata 220ml,SESTINI,,brazil,,,,unknown,,,,,
7894900031607,Refrigerante Laranja Fanta Garrafa 600ml,FANTA,,brazil,,,,unknown,,,,,
7894900051759,Fanta Uva 1 5l,FANTA UVA,,brazil,,,,unknown,,,,,
7894900094640,Kit 6 Refrigerantes Coca Cola Original 3 Guaraná Fanta 3 Laranja Fanta 200ml Cada Leve Mais Pague Menos,COCA COLA,"beverages-and-beverages-preparations, beverages, artificially-sweetened-beverages",brazil,,,,unknown,,,,,
7894900093278,"Refrigerante Guaraná Fanta Garrafa 1,5l",FANTA,,brazil,,,,unknown,,,,,
7894900033632,Fanta Laranja Garrafa Pet,FANTA,,brazil,,,,unknown,,,,,
7894900033564,Refrigerante Laranja Fanta Garrafa 500ml,FANTA,,brazil,,,,unknown,,,,,
7894900151510,Refrigerante Laranja Zero Adição De Açúcar Fanta Garrafa 2l,Fanta,,brazil,,,,unknown,,,,,
5900643047316,Fantasia z brzoskwiniami,,,poland,,,,unknown,,,,,
5449000212054,Fanta,Fanta,,france,,,,unknown,,,,,
0582597488435,Miel de fleurs,Fantasia,,ireland,,,,unknown,,,,,
8056149708361,The fantastic four,,dietary-supplements,italy,,,,,,unknown,,,
9310155010450,Rice Squares - Black Pepper Flavour,Fantastic,"snacks, salty-snacks, appetizers, biscuits-and-crackers, crackers-appetizers, glut",australia,,,,e,4.0,,"Rice (76%), Vegetable Oil (Antioxidant (307b)), Sugar, Modified Tapioca Starch (1442), Salt, Maltodextrin, Soy Sauce Powder, Black Pepper (0.5%), White Pepper, Antioxidant (307b), Flavour Enhancers (635). Contains soy. May contain traces of milk, egg and sesame. Suitable for vegetarians and vegans. No added MSG. No artificial colours or flavours.",6.2,
5000112604726,Fanta orange,"Fanta, Coca Cola","beverages-and-beverages-preparations, plant-based-foods-and-beverages, beverages, plant-based-beverages, carbonated-drinks, fruit-based-beverages, sodas, fruit-sodas, orange-soft-drinks, sweetened-beverages",germany,,,,d,4.0,,"Wasser, Zucker, Orangensaft aus Orangen saftkonzentrat (3%), Kohlensäure, Säuerungsmittel Äpfelsäure), Citrusextrakt, Citronensäure, SE412 und E445), Aroma, Antioxidationsmittel Säureregulator Natriumgluconat, Stabilisatoren (E414 Ascorbinsäure, Farbstoff Carotin.",,
5901529060078,Chałwa sezamowa fantazyjna,Kino!,,poland,,,,unknown,,,,,
5000112659559,Orange,Fanta,"beverages-and-beverages-preparations, plant-based-foods-and-beverages, beverages, plant-based-beverages, carbonated-drinks, fruit-based-beverages, artificially-sweetened-beverages, sodas, fruit-sodas, orange-soft-drinks, sweetened-beverages",netherlands,can,,,d,4.0,,"Sprankelend water; sinaasappelsap uit Concentraat (6.5%); suiker; voedingszuren: appelzuur, natriumcitraten; natuurlijke sinaasappelaroma's met andere natuurlijke aroma's; zoetstoffen: natriumcyclamat, acesulfaam-K, sucralose; conserveermiddel: kaliumsorbaat; antioxidant: ascorbinezuur; wortelconcentraat; stabilisator: guarmeel; kleurstof: carotenen.",,
7501055383948,Fanta misterio,Fanta,,spain,,,,unknown,,,,,
5449000110305,FANTA  Pineapple flavoured drink 1.25 L,Fanta,"beverages-and-beverages-preparations, beverages, carbonated-drinks, sodas",south-africa,,,,unknown,,,,,
5449000112774,FANTA  Grape flavoured drink Returnable 1.25 L,Fanta,"beverages-and-beverages-preparations, beverages, carbonated-drinks, sodas",south-africa,,,,unknown,,,,,
5449000025234,FANTA Orange Returnable 1.25 L,Coca-Cola,"plant-based-foods-and-beverages, beverages, plant-based-beverages, carbonated-drinks, fruit-based-beverages, sodas, fruit-sodas, orange-soft-drinks",south-africa,,,,unknown,,,,,
3481294000742,Truffe fantaisie au chocolat,,,france,,,,unknown,,,,,
5900643047309,Fantazja Płynny Karmel,Danone,,"germany, united-states",,,,unknown,,,,,
7894900049831,Fanta Laranja Zero Lt 350 Ml 6/1,,,brazil,,,,unknown,,,,,
8711000487631,Cocoa Fantasy,JDE,,germany,,,,unknown,,,,,
9555589216256,Fanta Anggur,,,,,,,unknown,,unknown,,,
2608104016200,Guimauve fantaisie enrobée de chocolat au lait,,,france,,,,unknown,,,,,
0016008103377,FANTA Grape 2l,,,,,,,unknown,,unknown,,,
5449000139757,Fanta,Fanta,,,,,,unknown,,,1 litre,,
4002971845006,Almighurt Fantasie Blutorange,"Almighurt, Ehrmann","dairies, fermented-foods, fermented-milk-products, desserts, dairy-desserts, fermented-dairy-desserts, yogurts, flavoured-fermented-dairy-desserts, flavoured-yogurts",germany,,,,c,4.0,,"JOGHURT mild, Wasser, Zucker, Blutorangensaft aus Blutorangensaftkonzentrat 4,3 %, modifizierte Stärke, Verdickungsmittel (Pektine, Guarkernmeh), Aroma, Farbstoffe (Paprikaextrakt, E 120).",,
5000112659283,Cassis,Fanta,,netherlands,,,,unknown,,,"9283 20 Con Frisdrank met zwarte bessensap, hgredienten sprankelend water, suiker, zwarte be sapconcentraat (5), voedingszuur: citroenzuur Kleur sthocyanens natuurlijke zwarte bessenarod Unserveermiddel kaliumsorbaat VOEDINGSWAARDE ww www.verzadigde vetzuren gleden or sikers Futten Vot 250mle FANTA Cassis 191478113 M 10.90 10.90 21/18/3 - Ten minste houdbaar tot: zie bodem blik. od, droog en geurvrij bewaren. 221 The Coca-Cola Company, Co Coca Cola Europacific Partners Nederland B Footus 8775,3009 AT Rotterdam. 990-26222652 fanta. 60",,
3266051020108,Bebe Soufflage - Meringue Fantaisie,,,france,,,,unknown,,,,,
8008660890049,Fantasy Confiture Extra De Framboises,"Fantasy, Menz & Gasser","plant-based-foods-and-beverages, plant-based-foods, breakfasts, spreads, plant-based-spreads, sweet-spreads, fruit-and-vegetable-preserves, jams, berry-jams",france,,,,unknown,4.0,,"Framboises 45%, sucre, sirop de glucose-fructose, gélifiant : pectine, correcteur d’acidité : acide citrique et citrate de calcium",,
9120018539055,Fanta Tropicool,,"beverages-and-beverages-preparations, beverages, carbonated-drinks, sodas",germany,,,,unknown,,,,,
00006900,Truffes Fantaisie Biologiques,,"snacks, sweet-snacks, cocoa-and-its-products, confectioneries, chocolate-candies, bonbons, chocolate-truffles","france, germany",,,,unknown,,,,,
0049000004540,Fanta zero sugar,Fanta,,united-states,,,,unknown,,unknown,,,
9444143308165,Fanta zero,"Fanta, Fanta-light",,france,,,,unknown,,,,,
3481291022846,Truffes fantaisie,Chocolat mathez,"snacks, sweet-snacks, cocoa-and-its-products, confectioneries, chocolate-candies, bonbons, chocolate-truffles",france,,,,e,,,,,
5000112519877,Fanta Raspberry zero sugar,Fanta,,united-kingdom,,,,unknown,,,,,
3481291020378,Truffes Fantaisie,,,france,,,,unknown,,,,,
0860066831273,fanta,,"beverages-and-beverages-preparations, beverages, carbonated-drinks, sodas",germany,,,,unknown,,,,,
5449000161345,Fanta Tropical,Fanta,"beverages-and-beverages-preparations, plant-based-foods-and-beverages, beverages, plant-based-beverages, carbonated-drinks, fruit-based-beverages, sodas, fruit-sodas",germany,,,,unknown,,,"• Нето-количина: Sasia neto: ANTA 450 ml Освежителен безалко Состојки: вода, шеќер, сокра концентрат (2,80, јаглер киселина лимонска киселина, ароми, конзерванс: калиум сорбат, станка глицерол естери на смола од дрва, гума арабика и гуар гума, антиоксида киселина. Употребливо до датумот е означен на пакувањето. Да се чува на суво и партне заштитено од замрзнување и директна сончева светлина. / Pije freskuese / freskouse jalkovile suje steger, leng portokali nga koncentrati (2,8%), dioksid karboni, acidifikues/ acid: acid citil, andines nes, sorbat kaliumi, stabilizues: estere glicerolit nga kolofonët e drurit, gomë akacie / akace ma antioksidues: acid askorbik. Për përdorim deri më/Të përdoret më së largu deri më i shënuar n date dhe të thatë, i mbrojtur nga ngrirja dhe larg rrezeve të diellit. HYIPMTMBHM BPEDHOCO slim breprijal Energil/ Mera energjetke. 277 kJ/53 кса. Масти / Упфута. О д. од кои застен кат 6. (Референтен внес за просечен возрасен човек /(*) Referenca e marre per nje te mini mesteross блог 0 g Јаглехидрати / Karbohidrate: 13,2 д. од кои шеќери / prej te cilave sheger: 13,2 д. Простыни person femoshes mesatare (8400 kJ /",,
3481292400582,Truffes fantaisie biologiques Crêpe dentelle,Chocolat Mathez,,france,,,,unknown,,,,,
6016600014273,Fanta pineapple,,,france,,,,unknown,,,,,
3481294501775,Truffes fantaisie,,"snacks, sweet-snacks, cocoa-and-its-products, confectioneries, chocolate-candies, bonbons, chocolate-truffles",france,,,,e,,,,,
0444545054669,Foie gras fantaisie de bloc du sud ouest,,,,,,,unknown,,unknown,,4.8,525.0
3481294500563,Truffe fantaisie nature,,,france,,,,unknown,,,,,
7896052607044,Refrigerante Guaraná Zero Adição de Açúcar Fanta Lata 350ml,,snacks,,,,,a,,,"Água gaseificada, extrato de guaraná, aroma sintético idêntico ao natural, acidulante ácido cítrico, edulcorantes ciclamato de sódio (67mg) e sacarina de sódio (11mg) por 100ml, corante caramelo IV, reguladores de acidez citrato de potássio e citrato de sódio, conservadores sorbato de potássio e benzoato de sódio.",0.0,0.0
3481292400544,Truffes fantaisie,,"snacks, sweet-snacks, cocoa-and-its-products, confectioneries, chocolate-candies, bonbons, chocolate-truffles",france,,,,e,,,,,
0026169039033,perfume,Body Fantasies,,,,,,unknown,,unknown,,,
3173287639748,Truffes fantaisie,,"snacks, sweet-snacks, cocoa-and-its-products, confectioneries, chocolate-candies, bonbons, chocolate-truffles",france,,,,e,,,,,
8935049501688,Fanta raisin,Fanta,,france,,,,unknown,,,,,
3481290032259,Truffes fantaisie fèves de cacao,Mathez,"snacks, sweet-snacks, cocoa-and-its-products, confectioneries, chocolate-candies, bonbons, chocolate-truffles",france,,,,e,,,,,
3481294501232,Truffe fantaisie,,,france,,,,unknown,,,,,
7771609002261,Fanta sabor Guaraná,"Fanta,Coca-Cola","beverages-and-beverages-preparations, plant-based-foods-and-beverages, beverages, plant-based-beverages, carbonated-drinks, fruit-based-beverages, artificially-sweetened-beverages, non-alcoholic-beverages, sodas, fruit-sodas, flavoured-drinks, sweetened-beverages",bolivia,,,"Cochabamba,Bolivia",unknown,4.0,,"Agua carbonatada, azúcar, saborizantes naturales, regulador de la acidez (SIN 330), colorante (SIN 150d), sustancias conservadoras (SIN 211, SIN 202), extracto de guaraná, edulcorantes (SIN 950 ASPARTAME (0.007%), SIN 951 ACESULFAME K (0.006%)).",,
8851959144183,น้ำอัดลมกลิ่นผลไม้,"แฟนต้า น้ำเขียว กลิ่นฟรุตพันช์,FANTA","beverages, carbonated-drinks, sodas",thailand,,,,b,4.0,,"ส่วนประกอบที่สำคัญ น้ำตาล 4.5% สารให้ก๊าซคาร์บอนไดออกไซด์ (INS290) สารควบคุมความเป็นกรด (INS330) วัตถุกันเสีย (INS211) สารให้ความหวาน (ซูคราโลสและแอซีซัลเฟม โพแทสเซียม) สีสังเคราะห์ (INS102,INS133) แต่งกลิ่นเลียนธรรมชาติ",0.72,2.8
3290041000948,Truffes fantaisie,,,france,,,,unknown,,,,,
3441331524181,Truffes fantaisies Bio,,,france,,,,unknown,,,,,
0860046665928,Fanta Lemon zero,Gsnta,"beverages-and-beverages-preparations, beverages",germany,,,,unknown,,,,,
4316268489447,Sandwich Classic,ICE Fantasy,"desserts, frozen-foods, frozen-desserts, ice-creams-and-sorbets, ice-creams, ice-cream-sandwiches",germany,,,,d,4.0,,"81% Bourbon-Vanilleeis (entrahmte _Milch_, _Molkenerzeugnis_, Glukosesirup, Kokosfett, Zucker, Emulgator: Mono - und Diglyceride von Speisefettsäuren; Stabilisator: Johannisbrotkernmehl, Guarkernmehl; Bourbon-Vanilleextrakt), 15% kakaohaltige Fettglasur (pflanzliche Fette [Kokos, Palm, Zucker, 11% fettarmer Kakao, Emulgator: Lecithine [enthält _Soja_]), 4% Waffel (_Weizenmehl_, Palmöl, Zucker, _Weizengluten_, Emulgator: Lecithine [enthält _Soja_]; Backtriebmittel: Natriumcarbonate; Speisesalz)",,
3481292301568,Truffes Fantaisie,Mathez,"snacks, sweet-snacks, cocoa-and-its-products, confectioneries, chocolate-candies, bonbons, chocolate-truffles",france,,,,e,,,,,
8423236002587,Sucette fantaisie,,,france,,,,unknown,,,,,
9310155648073,2 Minute Noodles Oriental,Fantastic,,,,,,unknown,,unknown,,,
8992761145033,Fanta Strawberry 250ml,Coca-cola,"beverages, carbonated-drinks, sodas, sweetened-beverages, id:cocacola, id:fanta",,,,,c,,,"AIR BERKARBONASI, GULA, PENGATUR KEASAMAN (ASAM SITRAT), PERISA SINTETIK, PEMANIS BUATAN (ASESULFAM-K SUKRALOSA), PENGAWET (NATRIUM BENZOAT), PEWARNA SINTETIK (KARMOISIN CI NO. 14720 & KUNING FCF CI 15985), BUBUK STROBERI (0.005%). 50 kkal SANG 11 25mg 2% www.Ada MENGANDUNG PEMANIS BUATAN, DISARANKAN TIDAK DIKONSUMSI OLEH ANAK DI BAWAH 5 (LIMA) TAHUN, IBU HAMIL DAN IBU MENYUSUI. E FANTA OX 3 500 90",4.4,20.0
5449000090096,Fanta Passion,Fanta,,france,,,,unknown,,,,,
3843800000002,Truffes fantaisies noisettes,,,france,,,,unknown,,,,,
5449000319630,,Fanta,"beverages-and-beverages-preparations, beverages, artificially-sweetened-beverages, Fanta Zero Sugar à l'ananas et au pamplemousse",luxembourg,,,,c,4.0,,"Sprankelend water; vruchtensap uit concentraat 5% (ananas, pompelmoes); voedingszuur: citroenzuur; zuurteregelaar: natriumcitraten; zoetstoffen: aspartaam, acesulfaam-K; aroma’s; conserveermiddel: kaliumsorbaat; antioxidant: ascorbinezuur; stabilisatoren: guarpitmeel, glycerolesters van houthars; kleurstof: carotenen.",,
6936782131110,carpeta de  oso tiponsobre,fantastic,,,,,,unknown,,unknown,,,
9400559003018,orange,Fanta,"beverages-and-beverages-preparations, plant-based-foods-and-beverages, beverages, plant-based-beverages, carbonated-drinks, fruit-based-beverages, sodas, fruit-sodas, orange-soft-drinks",new-zealand,,,,unknown,,,,,32.8
6130003015962,Fanta mangue,Fanta,,,,,,unknown,,unknown,,,
9799223019609,Fanta,,,,,,,unknown,,unknown,,,
5000112532128,Fanta,Fanta,,france,,,,unknown,,,,,
5449000322944,Fanta,Fanta,,"argentina, morocco",,,,unknown,,,,,
2608106015812,Guimauve fantaisie enrobée de chocolat blanc,,,france,,,,unknown,,,,,
2608105017381,Guimauve fantaisie enrobée de chocolat noir,,,france,,,,unknown,,,,,
0541190540100,Seaweed Rice Crackers,Fantastic,,germany,,,,unknown,,,,,
7622202019364,Fantastic Friends,Cote d’Or,,switzerland,,,,unknown,,,,,
0067000011733,Zero Sugar Naturally Flavoured Sparkling Beverage,Fanta,"beverages, carbonated-drinks, artificially-sweetened-beverages, sodas, diet-beverages, diet-sodas",canada,,Urban Fare,"Calgary,Alberta,Canada",c,4.0,,"Carbonated water, Citric acid, Natural flavour, Caramel colour, Sodium citrate, Malic acid, Potassium benzoate, Sucralose, Acesulfame-potassium, Allura red, Brilliant blue.",,
0067000011726,Zero Sugar Naturally Flavoured Sparkling Water Beverage,Fanta,"beverages, carbonated-drinks, artificially-sweetened-beverages, sodas, diet-beverages, diet-sodas",,,Urban Fare,"Calgary,Alberta,Canada",c,4.0,not-applicable,"Carbonated water, Citric acid, Natural flavour, Caramel colour, Sodium citrate, Malic acid, Poyassium benzoate, Sucralose, Acesulfame-potassium, Allura red, Brilliant blue.",0.0,0.0
3481290001392,Truffe fantaisie nature,,,france,,,,unknown,,,,,
5449000258304,Fanta Orange,Fanta,"beverages-and-beverages-preparations, plant-based-foods-and-beverages, beverages, plant-based-beverages, carbonated-drinks, fruit-based-beverages, sodas, fruit-sodas, orange-soft-drinks",,,,,unknown,4.0,,"Carbonated Water, Sugar, Acidulants (Citric Acid, Malic Acid), Emulsifiers (Gum Arabic, Sucrose Acetate Isobutyrate, and Glycerol Ester of Wood Rosin), Acidity Regulators (Magnesium Lactate, Tricalcium Citrate), Preservative (Sodium Benzoate), Sweeteners (Sucralose (183 mg/L) and Acesulfame Potassium (18 mg/L)).",4.5,18.0
5400101104136,Carrefour Original Galettes Parisiennes Fantaisie Cacao 22 Pièces,"Carrefour,Carrefour Original","snacks, sweet-snacks, biscuits-and-cakes, cakes, pastries, waffles","belgium, france",,Carrefour,,e,4.0,,"Farine de blé, fantaisie au cacao 24% (sucre, graisses végétales (palme, palmiste, coco ; en proportion variable), cacao** maigre en poudre 3,3%, arôme naturel de vanille, émulsifiants : lécithine de soja - tristéarate de sorbitane), margarine (huiles végétales (palme, colza), graisse de palme, eau, sel, arôme naturel, émulsifiants : lécithine de soja - mono - et diglycérides d'acides gras, acidifiant : acide citrique, colorant : bêta-carotène issu de Blakeslea trispora), sucre, oeufs, sel, arôme, émulsifiant : lécithine de soja, poudre à lever : carbonate acide d'ammonium. Peut contenir des traces de lait.**Certifié Rainforest Alliance. Plus d'informations sur ra.org",,
5449000039651,Fanta fioletowa,Fanta,"beverages, carbonated-drinks, sodas",poland,,,,unknown,,,,,
0044111547849,,Fanta,,germany,,,,unknown,,,,,
0613269676598,Fanta zero,Fanta,"plant-based-foods-and-beverages, beverages, plant-based-beverages, carbonated-drinks, fruit-based-beverages, sodas, fruit-sodas, orange-soft-drinks",poland,,,,unknown,,,,,
8056149708361,The fantastic four,Goovi,dietary-supplements,italy,,,,not-applicable,,,,,
5000112520095,Raspberry taste zero sugar,Fanta,"beverages-and-beverages-preparations, beverages, carbonated-drinks, artificially-sweetened-beverages, sodas, diet-beverages, diet-sodas",netherlands,,,,c,4.0,,"Sprankelend water; vruchtensap uit concentraat 3.1% (citroen 3.0%, framboos 0.1%); voedingszuren: citozuur, natriumcitraat, appelzuur; concentraten van zoete aardappel en wortel; zoetstoffen: cyclamaat; acesulfame-K, sucralose; conserveermiddel: kaliumsorbaat; natuurlijke aroma's.",0.5,2.0
2608104016408,Guimauve fantaisie,,,france,,,,unknown,4.0,,"Sirop de glucose-fructose, chocolat au lait 30% (sucre, beurre de cacao, pâte de cacao, LAIT entier an poudra, émulsifiant : lécithines, arôme natural de vanille), sirop de glucose, sucre, gélatine, arôme. Traces possibles de gluten, soja et sulfites. Fabriqué en France.",,
5000112669862,,Fanta,,turkey,,,,unknown,,,,0.3,2.0
3481292301544,Mademoiselle Truffes fantaisie,,"snacks, sweet-snacks, cocoa-and-its-products, confectioneries, chocolate-candies, bonbons, chocolate-truffles",france,,,,unknown,3.0,,"Chocolat noir 74% (pâte de cacao*, sucre*, beurre de cacao*, vanille en poudre*), matière grasse végétale (coprah*), cacao en poudre*. 74% de chocolat à 55% de cacao. *Produits issus de l'agriculture biologique. Traces éventuelles de gluten, amandes, lait, noisettes, œufs, pistaches et soja.",,
3481291014964,Truffe fantaisie,,,france,,,,unknown,,,,,
2608105014762,Guimauve fantaisie enrobée de chocolat noir,,,france,,,,unknown,4.0,,"Sirop de glucose-fructose, chocolat noir 30% (sucre, pâte de cacao, beurre de cacao, émulsifiant lécithines, arôme naturel de vanille). sirop de glucose, sucre, gélatine, arôme. Traces possibles de gluten, lait, soja et sulfites Fabriqué en France.",,
5017726432614,Fanta pineapple en grapefruit,Fanta,"beverages, carbonated-drinks, sodas",belgium,,,,unknown,,,,,
2608106008791,gimauve fantaisie enrobée de chocolat blanc,,,france,,,,unknown,,,,,
2608104009387,guimauve fantaisie enrobée de chocolat au lait,,,france,,,,unknown,4.0,,"Sirop de glucose-fructose, chocolat au lait 30% (sucre, beurre de cacao, pâte de cacao, LAIT entier en poudre, émulsifiant : lecithines, arôme naturel de vanille), sirop de glucose, sucre, gélatine, arôme. Traces possibles de gluten, soja et sulfites. Fabriqué en France.",,
0073390910372,mentos fanta orange,,,canada,,,,unknown,4.0,unknown,"sugars (sugar, wheat syrup, orange juice concentrate, maltodextrin) coconut oil citric acid corn starch natural and artificial flavours cocoa butter. de sucrose esters of fatty acids gellan gum carnauba wax cellulose gum carotene. gum arabic. contains: wheat.",,
4270000233326,Fanta,,,germany,,,,unknown,,,,,
59492580,Fanta portocale 0.5,"Fanta, Cadia, Coca-Cola, Coca-Cola Company","beverages-and-beverages-preparations, plant-based-foods-and-beverages, beverages, plant-based-beverages, carbonated-drinks, fruit-based-beverages, sodas, fruit-sodas, orange-soft-drinks, sweetened-beverages, ro:Suc-de-portocale, ro:suc de portocale",romania,,,,e,4.0,,"Apa, zahăr, sirop de fructoză-glucoză, suc de portocale din concentrat (5%), dioxid de carbon, Gräsim acidifiant acid citric, arome naturale de din care acizi grasi portocale cu alte arome naturale, antioxidant saturati acid ascorbic, colorant caroteni, stabilizator Glucide: guma de guar. A se consuma de preferință din care zaharur inainte de: vezi pe ambalaj (primul rând). A se Proteine: păstra la loc răcoros, ferit de soare. Ambalaj de Sare: unică folosintă. S.C. COCA-COLA HBC ROMÂNIA (*) Consumul de refen Cladirea 023, Etaj 1, Voluntari, Jud. Ilfov. 6 S.R.L., Şos. Bucuresti Nord, Nr. 10, (8400 kJ/2000 kcal Produs cu autorizarea The Coca-Cola Company. FANTA.ro 0800-080-000 Te (**) STICLA, EXCLUZ un produs de c Sunt o sticla real",,
8711000487648,Cocoa Fantasy Dark,Jacobs Douwe Egberts,"beverages-and-beverages-preparations, beverages",germany,,,,e,,,,,
5000112510379,Fanta Lemon (light),"Coca Cola, Fanta","beverages-and-beverages-preparations, beverages, artificially-sweetened-beverages, erfrischungsgetranke, fruchtgetranke, fruchtlimonaden, getranke, kohlensaurehaltige-getranke, pflanzliche-getranke, pflanzliche-lebensmittel-und-getranke, softdrinks, zitronenlimonaden",germany,,"kaufland,lidl,rewe,penni,aldi,norma,edeka,Karadak",Berlin,d,4.0,,"Wasser, Zitronensaft aus Zitronensaftkonzentrat (6%) Zucker, Kohlensäure, Antioxidationsmittel Ascorbinsäure, Säuerungsmittel (Apfelsäure, Citronensäure), Säureregu lator Natriumcitrate, Süßungsmittel (Acesulfam K, Aspartam Neohesperidin DC), Stabilisatoren (E414, E445), natürliches Zitronenaroma mit anderen natürlichen Aromen, Farbstoff E160a. Enthält eine Phenylalaninquelle.",,
4902102146326,ゴールデン グレープ Golden grape,Fanta,,finland,,,,unknown,,,,11.0,44.0
3481291018382,Truffes Fantaisie,,,france,,,,unknown,,,,,
2608104017382,Guimauve fantaisie enrobée de chocolat au lait,,,france,,,,unknown,,,,,
5740800879462,Fanta zero,Fanta,"plant-based-foods-and-beverages, beverages, plant-based-beverages, carbonated-drinks, fruit-based-beverages, artificially-sweetened-beverages, sodas, fruit-sodas, orange-soft-drinks",belgium,,,,unknown,,,,,
5449000286949,Fanta lemon,Fanta,"plant-based-foods-and-beverages, beverages, plant-based-beverages, carbonated-drinks, fruit-based-beverages, sodas, fruit-sodas",belgium,,,,unknown,,,,,
8901725016296,Dark Fantasy Bourbon Biscuit,Sunfeast,"snacks, sweet-snacks, biscuits-and-cakes, biscuits-and-crackers, biscuits, chocolate-biscuits",india,,,,e,4.0,,"MAIDA (REFINED WHEAT FLOUR), SUGAR (35.0%), REFINED PALM OIL, COLOURS (150a, 150c, 150d, 129), STARCH, COCOA SOLIDS (1.8%), RAISING AGENTS [503(ii), 500(ii), 450(i)], ARTIFICIAL FLAVOURING SUBSTANCES (VANILLA, CHOCOLATE), EMULSIFIERS [MONO AND DIGLYCERIDES OF FATTY ACIDS (FROM PALM OIL), LECITHIN (SOY), POLYSORBATE 60 (FROM PALM)], IODIZED SALT, NATURE IDENTICAL FLAVOURING SUBSTANCES (CHOCOLATE), PLAIN CHOCOLATE (0.01%).",,
6130003015146,Fanta DZ,Fanta,"beverages-and-beverages-preparations, beverages, sweetened-beverages",france,,,,d,,,,,
5942321000206,Fanta portocale 2l,Fanta,"beverages-and-beverages-preparations, plant-based-foods-and-beverages, beverages, plant-based-beverages, carbonated-drinks, fruit-based-beverages, sodas, fruit-sodas, sweetened-beverages, Soft Drinks",romania,,,,e,4.0,,"Water, sugar, fruit syrup, orange concentrate (5%), carbon dioxide, citric acid, natural orange flavor with other flavors, ascorbic acid, coloring carotenes, guar gum stabilizer.",,
2608105019941,Guimauve fantaisie chocolat noir,,"snacks, sweet-snacks, cocoa-and-its-products, confectioneries, chocolate-candies, candies, marshmallows, marshmallows-coated-with-chocolate",france,,,,unknown,,,,,
8008660890216,Abricots,Fantasy,"plant-based-foods-and-beverages, plant-based-foods, breakfasts, spreads, plant-based-spreads, sweet-spreads, fruit-and-vegetable-preserves, jams, apricot-jams",netherlands,,,,unknown,,,C Le lait Chima 27/01/09 01:58 L. S2500009C Confiture extra d'abricots Extra confituur abrikozen ALLÉGÉE EN SUCRE* Fantasy 360 ge MET MINDE SUIKER IN D A M,,
8005158003134,Fantasy point 3,Sgattoni,"seafood, frozen-foods, frozen-seafood",italy,,,,unknown,,,,,
8901725001124,Sunfeast Dark Fantasy Chocolate Shake 300ml,Sunfeast,"beverages, dairies, dairy-drinks, flavoured-milks, milkshakes",india,,,,e,4.0,,"Toned Milk (80.5%), Sugar, Water, Cocoa Solids (1.32%), Nature Identical Flavouring Substances, Stabilizers (INS 407, INS 412), Emulsifier [Mono - and di-glycerides of fatty acids (from Palm oil)]. Belgian Chocolate (0.1%) (Emulsifier [Lecithin (from soyabean)] and Natural Flavours and Natural Flavouring Substances), Artificial Flavouring Substances (Chocolate, Vanilla), Acidity Regulator [INS 339(iii), lodized Salt",,
5449000308481,Fanta citron frappé,Fanta,,france,,,,unknown,,,,,
3290041002164,Truffe fantaisie,Guyaux,,france,,,,unknown,,,,,
7441003596214,Fanta,Coca Cola,,costa-rica,,,,unknown,,,,,
3481291014988,Truffe fantaisie aux brisures de macaron framboise,,"snacks, sweet-snacks, cocoa-and-its-products, confectioneries, chocolate-candies, bonbons, chocolate-truffles",france,,,,unknown,,,,,
5000112668766,Fanta Zero Sugar,Coca-Cola,"beverages-and-beverages-preparations, plant-based-foods-and-beverages, beverages, plant-based-beverages, carbonated-drinks, fruit-based-beverages, artificially-sweetened-beverages, sodas, fruit-sodas, sweetened-beverages",germany,,,,c,4.0,,"Wasser, Orangensaft aus Orangensaftkonzentrat (4%), Kohlensäure, Säuerungsmittel (Citronensäure, Äpfelsäure), Säureregulator Natriumgluconat, Süßungsmittel (Natriumcyclamat, Acesulfam K, Sucralose), natürliches Orangenaroma mit anderen natürlichen Aromen, Antioxidationsmittel Ascorbinsäure, Stabilisatoren (E412, E414 und E445), Farbstoff Carotin.",,
87366099,Mentos fanta orange,Mentos,,france,,,,unknown,,,,,
2608104031883,guimauve fantaisie enrobee de chocolat au lait,,,france,,,,unknown,,,,,
3770013287725,Fantaisies d’ecureuil,,,france,,,,unknown,,,,,
0961475015275,Choco Fills,"Dark Fantasy,Sunfeast","snacks, sweet-snacks, biscuits-and-cakes, biscuits, chocolate-biscuits, drop-cookies, filled-biscuits, chocolate-chip-cookies, biscuit-cookie-snack-w-chocolate-filling, cookies-with-milk-chocolate",india,,,,e,4.0,e,"CHOCO CRÈME (40%) (SUGAR, REFINED PALMOLEIN, REFINED PALM OIL, COCOA SOLIDS, EMULSIFIER [LECITHIN (FROM SOYABEAN)], NATURE IDENTICAL FLAVOURING SUBSTANCES (CHOCOLATE) AND ARTIFICIAL FLAVOURING SUBSTANCES (VANILLA)), REFINED WHEAT FLOUR (MAIDA), HYDROGENATED VEGETABLE OILS, SUGAR, INVERT SYRUP, LIQUID GLUCOSE, RAISING AGENTS [INS 503(ii), INS 500(ii), INS 450(i)], COCOA SOLIDS (0.7%), BUTTER, MILK SOLIDS, IODIZED SALT, &quot;NATURE IDENTICAL FLAVOURING SUBSTANCES (MILK CHOCOLATE), COLOURS (INS 150C, INS 150d), EMULSIFIERS [LECITHIN (FROM SOYABEAN), MONO-AND DI-GLYCERIDES OF FATTY ACIDS (FROM PALM OIL)] AND ARTIFICIAL FLAVOURING SUBSTANCES (MILK, VANILLA).",34.4,513.0
5000112664249,Fanta orange,Fanta,,ireland,,,,unknown,,,,,
5900643047361,Fantasia z gwiazdkami w czekoladzie,Danone,"dairies, fermented-foods, fermented-milk-products, desserts, dairy-desserts, fermented-dairy-desserts, yogurts, hr:mliječni-desert",poland,,,,unknown,4.0,,"Jogurt (mleko odtłuszczone, śmietanka, cukier, mleko odtłuszczone w proszku, żywe kultury bakterii jogurtowych); zbożowe gwiazdki 11 % w czekoladzie (6,6%): cukier, mąka pszenna 28%, miazga kakaowa, tłuszcz kakaowy, mleko pełne w proszku, mąka pszenna pełnoziarnista 7%, mąka pszenna słodowa 1%, słodka serwatka w proszku (z mleka), tłuszcz roślinny (palmowy), substancja glazurująca (guma arabska), syrop glukozowy, sól, emulgator (lecytyny (z soi)), naturalny aromat waniliowy. Może zawierać orzechy, orzeszki ziemne, jaja.",,
0070847896180,Ultra Fantasy Ruby Red,Monster Energy,"beverages-and-beverages-preparations, beverages, carbonated-drinks, sodas, energy-drinks, energy-drink-without-sugar-and-with-artificial-sweeteners",united-states,,,,c,4.0,,"CARBONATED WATER, CITRIC ACID, ERYTHRITOL, TAURINE, SODIUM CITRATE, PANAX GINSENG FLAVOR, NATURAL FLAVORS, L-CARNITINE L-TARTRATE, POTASSIUM SORBATE, CAFFEINE, SUCRALOSE, D-CALCIUM PANTOTHENATE, ESTER GUM, INOSITOL, SODIUM BENZOATE, NIACINAMIDE, CYANOCOBALAMIN.",,
0594420084004,Fanta grape,Coca cola,,united-arab-emirates,,,,unknown,,unknown,,,
42337454,Gaufres fantasia,,,france,,,,unknown,,,,,
5000112650402,Fanta Lemon Zero Sugar,Fanta,"beverages-and-beverages-preparations, plant-based-foods-and-beverages, beverages, plant-based-beverages, carbonated-drinks, fruit-based-beverages, artificially-sweetened-beverages, sodas, fruit-sodas, lemon-soft-drinks",sweden,,,,c,4.0,,"Kolsyrat vatten, citronjuice från koncentrat (62), surhetsreglerande medel (E330 E331), sötningsmedel (aspartam, acesulfam K stabiliseringsmedel (E414, E445), antioxidationsmedel (E300), naturlig citronarom med andra naturliga konserveringsmedel (E202) Innehåller en källa till fenylalanin.",,
7840058005472,Fanta Naranja,Coca-Cola,"plant-based-foods-and-beverages, beverages, plant-based-beverages, carbonated-drinks, fruit-based-beverages, sodas, fruit-sodas, carbonated-fruit-soft-drink, orange-soft-drinks, sweetened-beverages",paraguay,,,,unknown,4.0,not-applicable,"28 AGUA CARBONATADA, AZÚCAR, AROMATIZANTES, ACIDULANTES: ÁCIDO CÍTRICO, CONSERVANTE: BENZOATO DE SODIO, COLORANTE: AMARILLO OCASO. R.S.P.A.: 000026. CONSUMIR PREFERENTEMENTE ANTES DE LA FECHA INDICADA EN EL ENVASE: VER CUELLO/TAPA. ELABORADO POR: PARAGUAY REFRESCOS S.A. - RUTA A NEMBY KM. 3,5, BARCEQUILLO, SAN LORENZO. RUC: 80003400-7, R.E. N°: 800034007/1. SERVICIO DE ATENCIÓN A CLIENTES Y CONSUMIDORES DE PARESA: 0-800115555 *2622 PARA TIGO Y PERSONAL MANTENER EN LUGAR LIMPIO, SECO Y FRESCO. PROTEGER DE LA LUZ SOLAR Y DE AROMAS AGRESIVOS. ENVASE NO RETORNABLE. MATERIAL RECICLABLE *Imagen ilustrativa. INGR: AGUA Una porción de 200 mL aporta GRASAS TOTALES 09 0%VD 0%VD AZUCARES 27 9 ** *% del Valor Diario con base a una dieta de 2000 kcal u 8400 kJ. ** Valor Diario no establecido. REDMI NOTE 8 PRO AI QUAD CAMERA SODIO 10 mg PROola ola Paraguay ©2017 THE COCA-COLA COMAN",27.0,108.0
3415386251040,Gaufres fantasia,Les renardises,,france,,,,unknown,,,,,
5942321000237,Fanta Grepfrut Roz zero zahar,Fanta,"beverages-and-beverages-preparations, beverages, carbonated-drinks, sodas, ro:bautura",romania,,,,b,,,,,
0656750747919,Fantastique finas hierbas,Felices las Vacas,,spain,,,,unknown,,,,,
5449000012401,Fanta citroen 6x1.5,Fanta,"plant-based-foods-and-beverages, beverages, plant-based-beverages, carbonated-drinks, fruit-based-beverages, sodas, fruit-sodas",belgium,,,,unknown,,,,,
5449000211330,"Fanta ecotix 4x1,5",Fanta,"plant-based-foods-and-beverages, beverages, plant-based-beverages, carbonated-drinks, fruit-based-beverages, sodas, fruit-sodas",belgium,,,,unknown,,,,,
4602009750113,Чиа пудинг манго маракуйя,Sweet Fantasy,,russia,,,,unknown,,unknown,,,112.4
5449000318572,Fanta pomme 1'3L,Fanta,,"france, morocco",,,,unknown,,,,,
59074571,fantasia,Fantasia,"snacks, sweet-snacks, confectioneries, candies","germany, united-states",,,,d,,,,,
5942321000244,fanta,Fanta,"beverages, carbonated-drinks, sodas",romania,,,,unknown,,,,,
2608104019553,Guimauve Fantaisie enrobée de chocolat au lait,,,france,,,,unknown,,,,,
861239051292201,Fanta,Fanta,,france,,,,unknown,,,,,
4004172352567,,Fanta,,slovakia,,,,unknown,,,,,
4260513880070,Fanta orange Asia,,"beverages-and-beverages-preparations, beverages",germany,,,,unknown,,,,,
2608104019355,Guimauve fantaisie enrobée de chocolat au lait,,,france,,,,unknown,,,,,
5942321000275,,Fanta,"beverages, carbonated-drinks, carbonated-fruit-soft-drink",romania,,,,unknown,,,,,
5000112665994,Fanta exotic,Fanta,,france,,,,unknown,,,,,
8901725015275,Dark Fantasy,Sunfeast is sold by ITC Limited,"snacks, sweet-snacks, biscuits-and-cakes, biscuits-and-crackers, cocoa-and-its-products, biscuits, chocolates",india,,,,e,4.0,,"CHOCO CRÈME (38.0%) (SUGAR, REFINED PALMOLEIN, REFINED PALM OIL, COCOA SOLIDS, EMULSIFIER [LECITHIN (FROM SOYABEAN)], NATURE IDENTICAL FLAVOURING SUBSTANCES (CHOCOLATE), ARTIFICIAL FLAVOURING SUBSTANCES (VANILLA)), MAIDA (REFINED WHEAT FLOUR), HYDROGENATED VEGETABLE OIL, SUGAR, INVERT SYRUP, LIQUID GLUCOSE, RAISING AGENTS [INS 503(ii), INS 500(ii), INS 450(i)], COCOA SOLIDS (0.7%), BUTTER, MILK SOLIDS, IODIZED SALT, NATURE IDENTICAL FLAVOURING SUBSTANCES (MILK CHOCOLATE), COLOURS (INS 150c, INS 150d), EMULSIFIERS [LECITHIN (FROM SOYABEAN), MONO AND DIGLYCERIDES OF FATTY ACIDS (FROM PALM OIL)], ARTIFICIAL FLAVOURING SUBSTANCES (MILK, VANILLA). CONTAINS WHEAT, MILK, SOY. MAY CONTAIN NUT, SULPHITE.",35.7,507.0
8901725003876,Dark fantasy,Sunfest,,india,,,,unknown,,,,,
8901725015879,Dark Fantasy Choco Fills,Sunfeast,"snacks, sweet-snacks, biscuits-and-cakes, biscuits, biscuit-cookie-snack-w-chocolate-filling",india,,,,e,4.0,,"CHOCO CRÈME (40%) {SUGAR, REFINED PALMOLEIN, REFINED PALM OIL, COCOA SOLIDS, NATURE IDENTICAL FLAVOURING SUBSTANCES (CHOCOLATE) AND ARTIFICIAL FLAVOURING SUBSTANCES (VANILLA)}, REFINED WHEAT FLOUR (MAIDA), HYDROGENATED VEGETABLE OILS, SUGAR, INVERT SYRUP, LIQUID GLUCOSE, RAISING AGENTS [INS 503(ii), INS 500(ii), INS 450(i)], COCOA SOLIDS (0.7%), BUTTER, MILK SOLIDS, IODIZED SALT, *NATURE IDENTICAL FLAVOURING SUBSTANCES (MILK CHOCOLATE), COLOURS (INS 150c, INS 150d), EMULSIFIERS [LECITHIN (FROM SOYABEAN), MONO - AND DI-GLYCERIDES OF FATTY ACIDS (FROM PALM OIL)] AND ARTIFICIAL FLAVOURING SUBSTANCES (MILK, VANILLA). CONTAINS WHEAT, MILK, SOY. MAY CONTAIN NUT, SULPHITE.",34.4,513.0
5000112636444,orange Juice FANTA orange low calorie FIVE ONLY TO,Fanta,,ireland,,,,unknown,,,Carbonated of which Sall Fat Salut &quot;Reference 84002000,,
5000112669169,Fanta Orange Zero Sugar,Fanta,"beverages-and-beverages-preparations, plant-based-foods-and-beverages, beverages, plant-based-beverages, carbonated-drinks, fruit-based-beverages, artificially-sweetened-beverages, sodas, fruit-sodas, orange-soft-drinks, sweetened-beverages",norway,,,,b,4.0,,"Kullsyreholdig vann, appelsinjuice fra konsentrat (4%). syrer (E 330, E 296). setstoffer (acesulfam K aspartam). naturlig appelsinaroma med andre naturlige 331), stabilisator (E 412). gulrotekstrakt, fargestoff (E160a aromaer, antioksidant (E 300), surhetsregulerende middel Inneholder en kilde til fenylalanin.",,
2608106017199,Guimauve fantaisie enrobée de chocolat blanc,,"snacks, sweet-snacks, cocoa-and-its-products, confectioneries, chocolate-candies, marshmallows-coated-with-chocolate",france,,,,e,,,,,
5000112512809,#WHATTHEFANTA,Fanta,"beverages-and-beverages-preparations, beverages, carbonated-drinks, artificially-sweetened-beverages, sodas",netherlands,,coop,,c,4.0,not-applicable,"Sprankelend water; voedingszuren: appelzuur, citroenzuur; citroensap uit concentraat (1%); natuurlijke aroma's; stabilisatoren: arabische gom, polyfosfaten, glycerolesters van houthars, sucroseacetaatisobutyraat; zoetstoffen: natriumcyclamaat, acesulfam - sucralose; conserveermiddelen: kaliumsorbaat, natriumbenzoaat; concentraten van ete aardappel, appel, radijs, kers; kleurstof: briljantblauw FCF.",0.0,2.0
59492627,,"Fanta, Coca-Cola","beverages-and-beverages-preparations, beverages, carbonated-drinks, sodas, ro:suc de struguri",romania,,,,d,4.0,,"Apă, sirop de fructoză-glucoză, dioxid de carbon, arome, extract de fructe și legume (morcovi, mere) acidifianţi acid citric şi acid malic, suc de struguri din ca concentrat (0,1%), corector de aciditate gluconat de satura sodiu, conservant sorbat de potasiu, indulcitori Guci sucraloză şi zaharinat de sodiu.",,
7790895000454,Fanta naranja,Fanta naranja,,spain,,,,unknown,,,,,
7790895647925,Fanta pomelo,Fanta,"beverages-and-beverages-preparations, plant-based-foods-and-beverages, beverages, plant-based-beverages, carbonated-drinks, fruit-based-beverages, sodas, fruit-sodas",spain,,,,unknown,,,,,
7790895647963,Fanta manzana,Fanta,,spain,,,,unknown,,,,,
5000112667646,Fanta orange low calorie,Coca-Cola company,"beverages-and-beverages-preparations, beverages, carbonated-drinks, sodas, carbonated-fruit-soft-drink",sweden,,,,c,,,,,
5449000004215,fant,Fanta,,germany,,,,unknown,,,,,
8901725110833,dark fantasy Choco Fills 600g,,,india,,,,unknown,,unknown,,,
5449000171177,Fanta orange zero sugar,Fanta,"beverages-and-beverages-preparations, plant-based-foods-and-beverages, beverages, plant-based-beverages, carbonated-drinks, fruit-based-beverages, sodas, fruit-sodas, orange-soft-drinks, sweetened-beverages",germany,,,,c,4.0,,"Wasser, Orangensaft aus Orangensaftkonzentrat (4%), Kohlensäure, Säuerungsmittel (Citronensäure, Apfelsäure), Säureregulator Natriumgluconat, Süßungsmittel (Natriumcyclamat, Acesulfam K, Sucralose), natürliches Orangenaroma mit anderen natürlichen Aromen, Antioxidationsmittel Ascorbin - säure, Stabilisatoren (E412, E414 und E445), Farbstoff Carotin.",,
5449000291790,Mango dragonfruit,Fanta,"beverages-and-beverages-preparations, plant-based-foods-and-beverages, beverages, plant-based-beverages, carbonated-drinks, fruit-based-beverages, sodas, fruit-sodas, sweetened-beverages",germany,,,,e,4.0,,"Wasser, Zucker, Orangensaft aus Orangensaft - Koh konzentrat (2,7%), Kohlensäure, Säuerungsmittel (Citronensäure, Äpfelsäure), Antioxidationsmittel Ascorbin - säure, Mangosaft aus Mangosaftkonzentrat (0,1%). Drachenfruchtpüree (0,1%), Zitronensaft aus Zitronen - Ref saftkonzentrat (0,1%), Aroma, Süßungsmittel Steviol - Erv glycoside aus Stevia, Stabilisatoren (E414, E412, E445), Konservierungsstoff Kaliumsorbat, Farbstoff Carotin.",,
0070847896210,Monster Energy Ultra Fantasia Energy Drink,Monster,"beverages-and-beverages-preparations, beverages, energy-drinks",united-states,,,,unknown,4.0,,"CARBONATED WATER, CITRIC ACID (pH CONTROL), ERYTHRITOL, TAURINE, SODIUM CITRATE, PANAX GINSENG, FLAVOR, NATURAL FLAVORS, L-CARNITINE L-TARTRATE, POTASSIUM SORBATE (PRESERVATIVE), CAFFEINE, SUCRALOSE, SODIUM BENZOATE (PRESERVATIVE), NIACINAMIDE (VIT. B3), GUM ARABIC, D-CALCIUM PANTOTHENATE (VIT. B5), ESTER GUM, INOSITOL, PYRIDOXINE HYDROCHLORIDE (VIT. B6), RED 40, GUM TRAGACANTH, YELLOW 6, CYANOCOBALAMIN (VIT. B12)",,
5449000315335,Fanta orange,Fanta,,france,,,,unknown,,,,,
8436026535547,Mona Cacau Fantasia,,,france,,,,unknown,,,,,
7790895002304,Fanta Naranja,Fanta,,spain,,,,unknown,,,,,
0049000076325,Fanta banana,Fanta,,trinidad-and-tobago,,,,unknown,,unknown,,,
5000112662665,FANTA lemon Jow calorie 5% lemon Juice,Fanta,"beverages-and-beverages-preparations, beverages, carbonated-drinks, carbonated-fruit-soft-drink",ireland,,,,c,,,"Carbod Water Lamon Juice From Concentrate SQ Sugar Acidity Regulator Sodium Recanatel Caric Acid Malic Acid, Sweeteners Preservative Patanium Seria Per Energy Carbohydrate of which sugars. L Sall Fat Saturates, Probit-",,
5000112665932,Fanta orange zero sugar,Fanta,,ireland,,,,unknown,,,,,
5000112656206,,Fanta,,united-kingdom,,,,unknown,,,,,
5449000149657,Fanta Orange,,,germany,,,,unknown,,,,,
3278720002872,Limonde a l’ananas,Fanta,,france,,,,unknown,,,,,
8003712009462,fantasia di semi,sarchio,,"germany, united-states",,,,unknown,,,,,
5449000283115,Fanta Raisin,Coca-Cola,,france,,,,unknown,,,,,
6928804015461,Fanta Grape Asia,,"beverages-and-beverages-preparations, beverages, carbonated-drinks, sodas","germany, lithuania",,Maxima,,d,4.0,,"vanduo, cukrus, anglies dioksidas, rūgštingumą reguliuojanti medžiaga (E330), konservantas (E211), emulsiklis (E452i), stabilizatorius (E296), saldiklis (E950), dažikliai (E133, E129), kvapioji medžiaga",,
2608101013455,Crocodile-Confiserie gélifiée fantaisie,,,france,,,,unknown,,,,,
8435201703757,Brownies fantast,,,france,,,,unknown,,,,,
5000112654134,zero sugan,Fanta,,netherlands,,,,unknown,4.0,,"Sprankelend water; sinaasappelsap uit concentraat (4%); voedingszuren: citroenzuur, appelzuur, natriumcitraat; zoetstoffen: aspartaam, acesulfaam-K; conserveermiddel: kaliumsorbaat; antioxidant: ascorbinezuur; natuurlijke sinaasappelaroma's met andere natuurlijke aroma's; wortelconcentraat; stabilisator: guarpitmeel; kleurstof: carotenen.",,
4260374130093,Starberry,Fanta,"beverages-and-beverages-preparations, beverages",germany,,,,unknown,,,,,
0067000011603,Fanta Orange Flavoured Soft Drinks,Coca-Cola,,egypt,,,,unknown,,unknown,,,
0776992042334,DeemAh fantasy Cake,,,saudi-arabia,,,,unknown,,unknown,,,
5942321000176,Fanta madness 2.5,Fanta,"beverages-and-beverages-preparations, beverages, sweetened-beverages, Soft Drinks",romania,,,,e,4.0,,"water, fructose-glucose syrup, carbon dioxide, aroma, fruit and vegetable extract, concentrated grape juice (0.1%), acidity regulator citric acid and malic acid, sodium gluconate, potassium sorbate, sucralose, sodium saccharin",,
6430057694435,Fruit twist,Fanta,,finland,,,,unknown,,unknown,,4.8,20.0
5000112664225,Fanta Fruit Twist 500ml,Fanta,"beverages-and-beverages-preparations, plant-based-foods-and-beverages, beverages, plant-based-beverages, carbonated-drinks, fruit-based-beverages, sodas, fruit-sodas, sweetened-beverages",egypt,,,,e,,,,4.4,19.2
2608121023090,"Confiserie gélifié, fantaisie, Schtroumpfs",,,france,,,,unknown,,,,,
4068706093944,Farfalle fantaisie,Aldi,"plant-based-foods-and-beverages, plant-based-foods, pastas","france, germany",,,,unknown,,,,,
5449000319579,,Fanta,,morocco,,,,unknown,4.0,,"FANTA مشروب بنكهة البرتقال. يحتوي على السكر و المحليات المكونات : ماء غازى ،سكر معدلات حموضة ET E330 ستحلبات : E445 E1450 نكهات طبيعية مادة حافظة 2211 محليات E955. E950 : ملونات : E124 E110 MA: تمت التعبئة في C كوبومي، تكنوبول مطار محمد الخاص بم الدار البيضاء). الترخيص الصحي 7.7.14 .AUT.SMA : B : شركة المشروبات الغازية للجنوبية النواصر الدار البيضاء، لصالح الشركة المركزية للمشروبات العالية تجربة اللي المنطقة الصناعية طريق الصويرة، مراكش، الترخيص الصحي 19.7.13 .B الشركة تعبئة أطلس ش.م. 8. التوسعة الأولى - المنطقة اللوجستية المنطقة الحرة بطح الترخيص الصحي 4.5.1 .AUT.S MA n: EA : شركة تعبئة أطلس ش.م. الحي الصناعي الجزائر، وجدة الترخيص الصحى 45.01.13 .A: AUT.S MA n: BG شركة المشروبات الغازوز بسوس طريق مراكش كلم 12 . ص.ب 135 أكادير الترخيص الصحى 26.13.14 TS MA n: BG التاريخ الانتاج: (P)، رقم الحصة ويستحسن الإستهلاك قبل نهاية (E) و رمز المصنع المعبأ الظرا على الفي بموافقة شركة كوكاكولا . يحفظ في مكان نظيف جاف وبارد . المعلومات الغذائية لكل 100 ملل لكل 250 ملل (%) 175 كيلوجول (kJ) 103 كيلو كالوري %5,2 41,2 كيلو كالوري (kcal) 0 غرام شبعة 0 غرام 0 غرام 10,2 غرام 10,2 غرام 0 غرام 0% 25,4 غرام 28.2 مرجعية بالنسبة الشخص بالغ (8400 كيلوجول (k)) 13,7 ميليغرام 34.3 ميليغرام %10.6 FANTA DE THE MA Coca Cola COMPANY",,
5400601066996,Gaufres au goût vanille avec fantaisie saveur cacao,"365 (Delhaize),Delhaize","snacks, sweet-snacks, biscuits-and-cakes, pastries, waffles, cocoa-glaze-coated-waffles",belgium,,Delhaize,,e,4.0,,"Farine de blé, garniture de cacao fantaisie 22% [sucre, huiles végétales non hydrogénées (coco, palmiste certifié durable, palme certifiée durable, tournesol, karité, colza), poudre de cacao maigre, lactosérum en poudre (lait), lait écrémé en poudre, stabilisant (tristéarate de sorbitane), émulsifiant (lécithines (soja)), arôme], sucre, eau, margarine [huiles végétales non hydrogénées (palme certifiée durable, colza), eau, sel, émulsifiants (mono - et diglycérides d'acides gras, lécithines), acidifiant (acide citrique)], huiles végétales non hydrogénées (palme certifiée durable, colza), œufs de poules élevées au sol, farine de soja, sirop de sucre inverti, lait écrémé en poudre, stabilisants (sorbitols), sel, émulsifiant [lécithines (soja)], poudres à lever (diphosphates, carbonates de sodium, carbonates d'ammonium), amidon de blé, conservateur (sorbate de potassium), arôme au goût vanille. ! Peut contenir: fruits à coque.",,
0402000099655,,Fanta,"beverages-and-beverages-preparations, beverages",serbia,,,,d,,,,7.1,30.0
5000112664256,Fanta pineapple & grapefruit,Fanta,,united-kingdom,,,,unknown,,unknown,,,
8723400796718,mentos fanta,Mentos,,france,,,,unknown,,,,,
8033866611327,Fantasia di gamberi vongole e zucchine,Il pesce gourmet,,italy,,,,unknown,,,,,
7613287494306,FANTASTIC,,,france,,,,unknown,,,,,
0800000245834,,Fanta,,united-kingdom,,,,unknown,,unknown,,,
4820200891460,Батончик шоколадный Infanta fruits арахіс і диня,ТОВ РИФ,ru:батончик,ukraine,,,,d,,,,39.6,436.0
4820200891408,Батончик шоколадний Infanta fruits з Україною та арахісом,ТОВ РИФ,,ukraine,,,,unknown,,,,40.92,421.0
8901764022302,Fanta,Coca Cola,"beverages-and-beverages-preparations, beverages, carbonated-drinks, sodas",india,,,,unknown,,,,,
5449000027351,"Fanta 0,5 l",Fanta,"beverages-and-beverages-preparations, beverages",germany,,,,unknown,,,,,
8718452794669,Strawberry Fantasy - Crunchy Muesli,Jumbo,"plant-based-foods-and-beverages, plant-based-foods, breakfasts, cereals-and-potatoes, cereals-and-their-products, breakfast-cereals, mueslis, crunchy-mueslis",netherlands,,Jumbo,,c,4.0,b,"Volkoren havervlokken 62,9%,suiker,zonnebloemolie,rolletjes van melkchocolade en witte chocolade 7% (suiker, cacaoboter¹, volle melkpoeder, cacaomassa¹, magere melkpoeder, weipoeder [melk] [vegetarisch], lactose [melk], emulgator: zonnebloemlecithine, natuurlijk vanille-aroma),glucosestroop,rijstcrisp (rijstgries, tarwebloem, suiker, gerstemout, zout),gevriesdroogde aardbeistukjes 3% (aardbei 2,9%, zonnebloemolie),honing,volkoren havermeel,zout,vanille-extract,gekarameliseerde suiker,antioxidant: E306.",19.6,444.0
5449000153654,Fanta sans sucres,Fanta,"beverages-and-beverages-preparations, beverages, carbonated-drinks, sodas",france,,,,unknown,,,,,
5942321000213,Fanta Madness 2 l,"Fanta, Coca Cola","beverages-and-beverages-preparations, beverages, carbonated-drinks, sodas, sweetened-beverages","germany, italy, romania, united-kingdom",plastic,,,d,4.0,,"Apă, sirop de fructozǎ-glucoză, dioxid de carbon, arome, extract de fructe şi legume (morcovi, mere), acidifianți acid citric şi acid malic, suc de struguri din concentrat (0,1%), corector de aciditate gluconat de sodiu, conservant sorbat de potasiu, îndulcitori sucraloză şi zaharinat de sodiu. A se consuma de preferinţă înainte de: vezi pe ambalaj (primul rând).",,
5942321000169,FANTA Portocale,Fanta,"beverages-and-beverages-preparations, plant-based-foods-and-beverages, beverages, plant-based-beverages, carbonated-drinks, fruit-based-beverages, sodas, fruit-sodas, orange-soft-drinks, sweetened-beverages, ro:toate produsele",romania,,,,e,4.0,,"Batura racoritoare carbogazoasă cu suc de portocale. grediente: apa, zahăr, sirop de fructoza-glucoză, suc de portocale din concentrat (5%), dioxid de carbon, acidifiant acid citric, arome naturale de portocale cu alte arome naturale, antioxidant acid ascorbic, colorant caroteni stabilizator guma de guar.",,
5281013000675,Peanut Curls,Fantasia,,lebanon,,,,unknown,,unknown,,4.0,405.0
2608104016736,Guimauve fantasie enrobée de chocolat au lait,,,france,,,,unknown,,,,,
7790895649394,K-Wave Zero Fruity Fantasy Flavored,Coca-Cola,"beverages-and-beverages-preparations, beverages, carbonated-drinks, artificially-sweetened-beverages, sodas, diet-beverages, non-alcoholic-beverages, colas, diet-sodas",argentina,,"Coto,Jumbo",Buenos Aires,c,4.0,,"Agua carbonatada, colorante (INS 150d), acidulante (INS 338), aromatizante, edulcorante (acesulfame K 0.016%, aspartamo 0.012%, sucralosa 0.0067%), conservante (benzoato de sodio), regulador de acidez (INS 331iii)",0.0,0.0
3481291020576,Truffes fantaisie,,,france,,,,unknown,,,,,
5449000173850,Fanata exotic zero,Fanta,"beverages-and-beverages-preparations, plant-based-foods-and-beverages, beverages, plant-based-beverages, carbonated-drinks, fruit-based-beverages, artificially-sweetened-beverages, sodas, diet-beverages, fruit-sodas, diet-sodas, light-fruit-sodas",france,,,,unknown,4.0,,"Carbonated Water, Fruit Juices from Concentrate 4.4% (Orange 3.4%, Peach 0.5%, Apple 0.4%, Passion Fruit 0.1%), Citric Acid, Malic Acid, Preservative (Potassium Sorbate), Vegetable and Plant Concentrates (Carrot, Safflower), Sweeteners (Aspartame, Acesulfame K), Natural Flavourings, Stabilisers (Glycerol Esters of Wood Rosins, Guar Gum)",,
0892341269006,FANTA,Orange flavoured drink,,south-africa,,,,unknown,,unknown,,,
5740700979439,Fanta orange,Fanta,"beverages-and-beverages-preparations, beverages, carbonated-drinks, sodas",denmark,,,,c,,,,3.33,43.0
5449000257130,FANTA,Orange flavoured drink,,south-africa,,,,unknown,,unknown,,,
5000112664560,Fanta,Coca Cola,"beverages-and-beverages-preparations, beverages, carbonated-drinks, sodas, sweetened-beverages",turkey,,,,d,,,"i 0.5Le Fanta Portakal Aromalı Gazoz 330 mle Şeker ve tatlandırıcı içerir indekiler: Su, şeker (S) veya fruktoz-glukoz şurubu (F), karbondioksi portakal suyu konsantresi (meyve oranı en az %3), asitliği düzenleyiciler strik asit, malik asit, sodyum sitrat), C vitamini, koruyucu (potasyu Sorbal), aroma vericiler, fatlandırıcılar (sodyum siklamat, sakkarin renklendirici (beta karoten), kıvam arttırıci (keçi boynuzu gam &quot;Kullanılan şeker veya fruktoz-glukoz şurubu paket üzerine kodlanm 1",,
2608106017120,Guimauve fantaisie enrobée de chocolat blanc,,,france,,,,unknown,,,,,
2608106016147,Guimauve fantaisie enrobée de chocolat blanc,,,france,,,,unknown,,,,,
0052000001242,Fanta Grape,,,united-states,,,,unknown,,unknown,,12.4,48.0
5449000115126,,Fanta,,tunisia,,,,unknown,,,,,
0856873071407,Tokyo Fantasy Bento Box A,Inku Sushi,,united-states,,,,unknown,,unknown,,,197.0
6260806400266,,Fanta,,ukraine,,,,unknown,,,,,
3760145856708,Assortiment de chocolat fantaisie,,,france,,,,unknown,,,,,
8851959001318,,"แฟนต้า,Fanta","beverages-and-beverages-preparations, beverages, carbonated-drinks, sodas",thailand,,,,c,4.0,not-applicable,"น้ำตาล 5.3%, สารให้ก๊าซคาร์บอนไดออกไซด์ (INS 290), สารให้ความหวาน(โซเดียม ชัยคลาเมต แอลเฟมโพแทสเซียมและซูคราโลส), สารควบคุมความเป็นกรด(INS 330), วัตถุกันเสีย NS 211,) สีสังเคราะห์(INS 122), แต่งกลิ่นเลียนธรรมชาติ",5.5,22.5
8906080601583,fanta,,,qatar,,,,unknown,,unknown,,,
7790895064111,Fanta,Fanta,,spain,,,,unknown,,,,,
5000112666038,Fanta pineapple grapefruit,Fanta,,ireland,,,,unknown,,,,,
6928804011326,Fanta orange,Fanta,,ireland,,,,unknown,,,,,
5942321000152,Fanta doza,Fanta,ro:băutură răcoritoare,romania,,,,c,,,"Apă, zahăr, sirop de fructoză-glucoză, suc de portocale portocale cu alte arome naturale, antioxidant acid ascorbic, colorant care Datorita continutului de suc pot apărea sedimente naturale. A se consuma de preferinţă înainte de: vezi pe baza cutiei",,
8901725016258,Dark fantasy bourbon,,"snacks, sweet-snacks, biscuits-and-cakes, biscuits-and-crackers, biscuits",india,,,,unknown,,,,,
59492696,Fanta portocale,Fanta,,romania,,,,unknown,,,,,
4960371000220,Fanta Madness,Fanta,"beverages-and-beverages-preparations, beverages, carbonated-drinks, sodas",romania,,,,unknown,,,,,
6415600581974,Zero Sugar Etelän Hedelmät,Fanta,,finland,,,,unknown,,,,,
4316268704311,Double Surprise White Choc Berries,"ICE Fantasy, Netto","desserts, frozen-foods, frozen-desserts, ice-creams-and-sorbets, ice-creams, ice-cream-bars",germany,,,,e,4.0,,"27,6% weiße Schokolade (Kakaobutter', Zucker, Magermilchpulver, Butterreinfett, Laktose, Emulgator: Lecithine [enthält Soja]), entrahmte Milch, Molkenerzeugnis, 9,2% Vollmilchschokolade (Zucker, Kakaobutter, Kakaomasse', Butterreinfett, Magermilchpulver, Süßmolkenpulver, Emulgator: Lecithine [enthält Soja], Polyglycerin-Polyricinoleat), Glukosesirup, Kokosfett, Zucker, 4,5% schwarze Johannisbeerpüree, 3% Himbeerpüree, färbendes Lebensmittel: Karottenkonzentrat, Rote-Bete-Saftkonzentrat; Säuerungsmittel: Citronensäure; Emulgator: Mono - und Diglyceride von Speisefettsäuren; Stabilisator: Johannisbrotkernmehl, Guarkernmehl; natürliches schwarze Johannisbeeraroma, Bourbon-Vanilleextrakt, extrahierte gemahlene Vanilleschoten. Das Produkt kann Spuren von Gluten, Hühnerei und Schalenfrüchten enthalten.",,
5430000204040,Confiserie Fantaisie Gélifié,,,france,,,,unknown,,,,,
2608104015418,Guimauve fantaisie,,,france,,,,unknown,,,,,
4260231226433,Fannta Wassermelone,Fanta,,germany,,,,unknown,,,,,
2609811023550,Mélange fantasia,Grand frais,,ireland,,,,unknown,,,,,
8901725016265,Sunfest dark fantasy Bourbon,SUNFEAST,,india,,,,unknown,,,,,
3481291025915,Truffes fantasie au cacao - Truffee's & co,,,france,,,,unknown,,,,,
5449000252968,Orange Zero Sugar Added,Fanta,"beverages-and-beverages-preparations, plant-based-foods-and-beverages, beverages, plant-based-beverages, carbonated-drinks, fruit-based-beverages, sodas, fruit-sodas, orange-soft-drinks",greece,,,,c,4.0,,"Water, Orange Juice from Concentrate (12%), Carbon Dioxide, Acidifying Agent (Citric Acid), Natural Orange Flavors with other natural flavors, Acidity Regulator (Sodium Citrate), Sweeteners (Sodium Cyclamate, Acesulfame K, Sucralose), Stabilizer Gum acacia), Antioxidant (Ascorbic acid).",1.21,6.06
5449000042132,Fanta eqzotik,Fanta,,turkey,,,,unknown,,unknown,,,
5449000028563,Фанта портокал,Fanta,"beverages-and-beverages-preparations, plant-based-foods-and-beverages, beverages, plant-based-beverages, carbonated-drinks, fruit-based-beverages",bulgaria,,,,e,4.0,d,"вода, фруктозо-глюкозен сироп, портокалов сок от концентрат 5%, въглероден диоксид, киселина: лимонена киселина,натурални аромати от портокал и други натурални аромати, антиоксидант: аскорбинова киселина, оцветител: каротини,стабилизатор: гума гуар",10.8,44.0
9300675094320,Pineapple Fanta Zero Sugar,Fanta,,australia,,,,unknown,,,"2008 TAN zero sugar FANTA NUTRITION INFORMATION Servings per package: 5 Serving size: 250 mL Average Quantity Per Serving Per 100 mL Energy 6.0 kJ 2.4K 10 Soft Drink Contains: 1.4 Cal 0.6 Cal Carbonated Water, Food Acids (330, 331, 296), Protein Og Og Sweeteners (955,950), Preservative (202), Fat, total Og Og Flavour, Colour (102) saturated Og Og Made in Australia from imported and cal ingredients. Carbohydrate 0.04 g 0.02g Store in a cool place. - sugars Og Oq For best before date see neck of bottle. Dietary Fibre Og Og Sodium 17 mg 6.8 mg 口口 Prepared and bottled by Coca-Cola Europacific Partners Australia Pty Ltd, 102 Briens Road, Northmead NSW 2152 Australia, under authority of The Coca-Cola Company, owner of the trade mark 'Fanta'. coca-colacompany.com/au 02023 The Coca-Cola Company 1800 025 123",0.0,0.56
5942321000268,,Fanta,"beverages-and-beverages-preparations, beverages, carbonated-drinks, sodas","romania, switzerland",,,,unknown,,,,,
8435608806945,Kombucha Lemon Fantasy,,,france,,,,unknown,,,,,
6130003014781,,Fanta,,algeria,,,,unknown,,,,,
7801610285817,Fanta Sabor Pomelo,Fanta,"beverages-and-beverages-preparations, beverages, carbonated-drinks, artificially-sweetened-beverages",chile,,,,unknown,,unknown,,,
8000411270957,Fantasia di Funghi,Di Biase,,italy,,,,unknown,,,,,
4316268328074,Sandwich Fürst Pückler Art,ICE Fantasy,"desserts, frozen-foods, frozen-desserts, ice-creams-and-sorbets, ice-creams, ice-cream-sandwiches",germany,,,,d,4.0,,"Bourbon-Vanilleeis, Eis mit Erdbeere und Schokoladeneis zwischen zwei Waffeln Zutaten: Molkenerzeugnis, entrahmte Milch, Zucker, Kokosfett, 8,2% Waffel (Weizenmehl, Kokosfett, Karamellzuckersirup, Emulgator: Lecithine [enthält Soja]; Backtriebmittel: Natrium - carbonate; Speisesalz), Glukosesirup, 3,9% Erdbeermark, 1,2% Kakaopulver, Emulgator: Mono - und Diglyceride von Speisefettsäuren; Stabilisator: Johannisbrotkernmehl, Guarkernmehl; färbendes Lebensmittel: Rote-Bete-Saftkonzentrat; natürliches Aroma, Säuerungsmittel: Citronensäure; Bourbon-Vanilleextrakt. Rainforest Alliance-zertifiziert Das Produkt kann Spuren von Hühnerei, Schalenfrüchten und Senf enthalten. Bei - 18°C mindestens haltbar bis: siehe Aufdruck Seitenlasche Hergestellt für Netto Marken-Discount Stiftung & Co. KG, Industriepark Ponholz 1, 93142 Maxhütte-Haidhof - 801727 - ALLIANCE NATURE Netto Marken-Discount bezieht Kakao von Rainforest Alliance-zertifizierten Farmen und unterstützt damit den nachhaltigeren Kakaoanbau. Mehr unter www.ra.org Dur Näh Bre Fet - da Ko - d Eiv Sal F Kakao",,
8012666021956,Fantasia di Pasta,Classic,,germany,,,,unknown,,,,,
5449000029423,Fanta Orange 8pk,Fanta,"beverages-and-beverages-preparations, plant-based-foods-and-beverages, beverages, plant-based-beverages, carbonated-drinks, fruit-based-beverages, sodas, fruit-sodas, carbonated-fruit-soft-drink, orange-soft-drinks","spain, united-kingdom",,,,d,4.0,,Carbonated Water. Sugar: Orange Juice From Concentrate (23%) Lemon Juice From Concentrate (1%): Citrus Fruit From Concentrate (0.6 %). Acids (Malic Acid. Citric Acid). Sweeteners (Cyclamates. Acesulfame K. Saccharins). Acidity Regulators (Calcium Lactate. Calcium Gluconate). Stabilisers (Acacia Gum Guar Gum). Preservative (Potassium Sorbat Natural Orange Flavouring With Other Natural Flavourings Antioxidant (Ascorbic Acid). Colour (Carotenes),,
7801610591116,Fanta 591 ml,Fanta,,spain,,,,unknown,,,,,
4260517180152,Peach,Fanta,,germany,,,,unknown,,,,,
5449000290946,Sechserträger Fanta,Fanta,"beverages-and-beverages-preparations, beverages",germany,,,,unknown,,,,,
4316268684866,Waffel Hörnchen Vanille Erdbeere,"ICE Fantasy,Netto","desserts, frozen-foods, frozen-desserts, ice-creams-and-sorbets, ice-creams, ice-cream-cones, strawberry-vanilla-ice-cream-cones",germany,,,,d,4.0,,"Entrahmte Milch, 16% Erdbeersauce (50% Erdbeermark, Glukose - Fruktose-Sirup, Zucker, Wasser, Säuerungsmittel: Citronensäure; Stabilisator: Johannisbrotkernmehl, Pektine; färbendes Lebensmittel: Schwarzkarottensaftkonzentrat; natürliches Aroma), 15% Waffelhörnchen (Weizenmehl, Zucker, Kokosfett, Emulgator: Lecithine (enthält Soja]: Speisesalz), 8,5% kakaohaltige Fettglasur (Zucker, Kokosfett, pflanzliche Öle [Sonnenblume, Raps in veränderlichen Gewichtsanteilen], 9% fettarmer Kakao, Emulgator: Lecithine [enthält Soja]), Zucker, 6,1% Erdbeermark, Molkenerzeugnis, Kokosfett, Glukose-Fruktose-Sirup, Emulgator: Mono - und Diglyceride von Speisefettsäuren; Stabilisator: Johannisbrotkernmehl, Guarkernmehl; Säuerungsmittel: Citronensäure; natürliches Aroma, färbendes Lebensmittel: Rote-Bete - Saftkonzentrat; Erdbeersaftkonzentrat, Bourbon-Vanilleextrakt. Das Produkt kann Spuren von Hühnereiern, Erdnüssen, Schalenfrüchten und Senf enhalten.",,
8008660772116,Aprikose,Fantasy,,italy,,,,unknown,,,,,
7501055399949,,Fanta,,mexico,,,,unknown,,,,,
5740700979422,,Fanta,"beverages-and-beverages-preparations, plant-based-foods-and-beverages, beverages, plant-based-beverages, carbonated-drinks, fruit-based-beverages, sodas, fruit-sodas, orange-soft-drinks, sweetened-beverages","denmark, france",,,,e,4.0,,"Water, Sugar, Orange Juice From Concentrate (5%). Carson Dioxide, Acid (E330). Natural Orange Flavouring With Other Natural Flavourings, Antxidant (E300). Acidity Regulator (E331). Stabilizers (E414, E445. E412). Fruit and Vegetale Concentrates (Carrot, Blackcurrant), Colour (E160a).",,
4260301521451,Fanta Fruit Twist,Cocacola,"beverages-and-beverages-preparations, beverages, carbonated-drinks, artificially-sweetened-beverages, sodas, sweetened-beverages, de:erfrischungsgetränk-mit-zucker-und-süßungsmittel",germany,,,,d,4.0,,"Wasser, Kohlensäure, Zucker, Mehrfruchtsaftkonzentrat 4,4% (Orange 3,4%, Pfirsich 0,5 %, Apfel 0,4%, Passions - frucht 0,1%), Gemüse und Pflanzenkonzentrate: Karotte, Distel; Säuerungsmittel: Zitronensäure, Apfelsäure; Süßstoffe: Acesulfam-K, Aspartam; Konservierungsstoff: Kaliumsorbat; natürliches Aroma, Stabilisatoren: Glycerinester von Wurzelharz, Guarkernmehl. Enthält eine Phenylalaninquelle.",,
0850036791171,Tropical Fantasy Aloe Vera Veggie Drink,Alovated,,world,,,,unknown,,unknown,,,
0600983001287,Organic Brown Rice Pasta Fantasia,Rizopia,,world,,,,unknown,,unknown,,,
0000599266993,Sandía 0 azúcares,Fanta,,united-states,,,,unknown,,unknown,,,7.0
9300675094306,Zero Sugar Pineapple,Fanta,,australia,,,,unknown,,unknown,,,0.583
5000112664232,Fanta zero suger,Fanta,,united-kingdom,,,,unknown,,unknown,,,
5449000211972,Fanta zero sugar mango taste,Fanta,,france,,,,unknown,,,,,
4262432810039,Pizza Fantastic Funghi,Freda,,germany,,,,unknown,,,,,
4780069000185,,Fanta,,uzbekistan,,,,unknown,,,,,
8901725132804,Dark Fantasy Sandwich Crème,Sunfeast,"snacks, sweet-snacks, biscuits-and-cakes, biscuits-and-crackers, biscuits, plam-oil",india,,,,e,,,,36.6,480.0
3701175700982,Truffes fantaisie nature,,,france,,,,unknown,,,,,
7750182007238,Gaseosa,Fanta roja,,spain,,,,unknown,,,,,
7750182007009,Gaseosa,Fanta naranja,,spain,,,,unknown,,,,,
5070000358789,Peanut Butter Crunch Cereal,Crispy Fantasy,,united-arab-emirates,,,,unknown,,unknown,,11.0,403.0
0006004000640,Fanta,Naranja,,spain,,,,unknown,,,,,
0442062066943,Fanta,Limon,,spain,,,,unknown,,,,,
5449000324351,Fanta zéró cukor málnaízű,Fanta,,luxembourg,,,,unknown,,unknown,,0.2,2.0
4061458139274,Französische Salami luftgetrocknet,Fantastique von Aldi,"meats-and-their-products, prepared-meats, cured-sausages, salami",germany,,Aldi,,e,4.0,,"Schweinefleisch (EU), Speisesalz, Laktose, Dextrose, Pfeffer, Knoblauch, Muskatnuss, Konservierungsstoffe: E250, E252, Fermente, Kollagendarm.",,
5908258401936,Fantazja (Mixed Greens),Prima Natura,,united-states,,,,unknown,,unknown,,2.7,23.0
59497240,Fanta Tropical 0.5,Coca Cola,"beverages-and-beverages-preparations, beverages, carbonated-drinks, sodas, sweetened-beverages",romania,plastic,,,unknown,4.0,,"Apă, zablir, suc de portocale din concentrat (2,8%), dioxid de at acid citric, arome, servant: sorbat de potasiu, estori glicerici ai răşinilor din lemn, guma de acacia, gumi aidant: acid ascorbic. A se consuma de preferința inainte de (primul rand). A se past loc răcoros, ferit de soare. de unica folosinta SC COCA-COLA HBC ROMANIA SRL 50s, Bucuresti Nord Nr. 10, Eta 1, Voluntan, Jud. sc area The Coca-Cola Company - TetAcces Gratuit The Coca-Cola Company",13.2,53.0
5942321003122,Fanta Tropical 2l,Coca Cola,"beverages-and-beverages-preparations, beverages, carbonated-drinks, sodas",romania,plastic,,,unknown,4.0,,"Hár, suc de portocale din concentrat (2,8%), dioxid de acidifiant: acid citric arome, conservant: sorbat de tai stabilizatori: esteri glicerici al rasinilor din lemn, gumă de acacia, gumă de guar, antioxidant: acid ascorbic ma de preferința inainte de: vezi pe ambalaj (primul rand la foc racores, ferit de soare. Ambalaj de unică folosin The Coca-Cola Company",,53.0
4316268704342,Stieleis White chocolate cookie,"ICE Fantasy, Netto","desserts, frozen-foods, frozen-desserts, ice-creams-and-sorbets, ice-creams, ice-cream-bars, ice-cream-bars-coated-with-chocolate",germany,,,,e,4.0,,"57,1% Eis (entrahmte Milch, Molkenerzeugnis, Zucker, Glukose-Fruktose-Sirup, Kokosfett, 6,2% Schlagsahne¹, Emulgator: Mono - und Diglyceride von Speisefettsäuren; Stabilisator: Johannisbrotkernmehl, Guarkernmehl; natürliches Aroma), 31,9% weiße Schokolade (Kakaobutter, Zucker, Magermilchpulver, Butterreinfett, Laktose, Emulgator: Lecithine [enthält Soja]), 6,9% Schokoladensauce mit Keksgeschmack (Wasser, Glukosesirup, Zucker, gezuckerte Kondensmilch [Vollmilch, Zucker], 6,0% fettarmer Kakao23, Kakaobutter², modifizierte Stärke, natürliche Aromen, Speisesalz), 4,1% kakaohaltige Gebäckstückchen (Weizenmehl, Zucker, Kokosfett, Butter, 6,4% fettarmer Kakao, Backtriebmittel: Natriumcarbonate; Speisesalz). Das Produkt kann Spuren von Hühnereiern, Erdnüssen, Schalenfrüchten und Senf enthalten.",,
5000112673036,Exotic Fruits,Fanta,,turkey,,,,unknown,,,,6.36,26.1
9310155012300,Thai Chilli & Lemongrass,Fantastic Delites,,australia,,,,unknown,,unknown,,4.4,363.0
9300675003766,FANTA ORANGE 24X375ML,,,australia,,,,unknown,,unknown,,,
4316268684873,Waffel-Hörnchen - Vanille-Haselnuss,"Ice Fantasy,Netto MD","desserts, frozen-foods, frozen-desserts, ice-creams-and-sorbets, ice-creams, ice-cream-cones",germany,,Netto MD,,e,4.0,,"Entrahmte Milch, 16% Waffelhörnchen (Weizenmehl, Zucker, Kokosfett, Emulgator: Lecithine [enthält Soja]; Speisesalz), 14% Haselnusssauce (Wasser, Glukose-Fruktose-Sirup, Zucker, 6% Haselnussmark, Magermilchpulver, fettarmer Kakao, Stabilisator: Carrageen, Guarkernmehl; Emulgator: Mono - und Diglyceride von Speisefettsäuren; natürliche Aromen), Molkenerzeugnis, 9,1% kakaohaltige Fettglasur (Zucker, Kokosfett, pflanzliche Öle [Sonnenblume, Raps in veränderlichen Gewichtsanteilen], 9% fettarmer Kakao, Emulgator: Lecithine [enthält Soja]), Kokosfett, Glukose-Fruktose-Sirup, Zucker, 2,1% Haselnusskrokant (Zucker, 20% geröstete gehackte Haselnusskerne), 1,4% Haselnussmark, Emulgator: Mono - und Diglyceride von Speisefettsäuren; Stabilisator: Johannisbrotkernmehl, Guarkernmehl; fettarmer Kakao, Bourbon-Vanilleextrakt.",,
6430056289670,Fantasy vibe - orange,"Celsius live fit, Celcius","beverages-and-beverages-preparations, beverages, energy-drinks","finland, ireland",,Near By,,unknown,4.0,,"Carbonated Water, Taurine, Caffeine (0.03%), Glucuronolactone, Extracts of Guarana, Green tea and Ginger, Vitamins (Riboflavin (B2), Niacin (83), Pantothenic Acid (B5), B6, Biotin (B7), B12, Vitamin C), Acid (Citric Acid), Colour (Beta Carotenes). Vegetable Oils (Coconut, Rapeseed), Stabiliser (E1450), Natural Flavourings, Sweeteners (Sucralose, Acesulfame K). 

Contains 200 mg caffeine per 355 ml can.",,
5281013771087,Salt chips,Fantasia,,lebanon,,,,unknown,,unknown,,2.0,511.0
8005085719955,cioco fantasy fondente,crispo,it:cioccolatini,italy,,,,e,4.0,,"cioco FANTASY Bauletti di finissimo cioccolato fondente Fine dark chocolates BAULETTI DI FINISSIMO ciocCOLATO FONDENTE INGREDIENTi cioccolato fondente (100%) (zucchero, pasta di cacao, burro di cacao, emulsionante lecitina di SOIA, aroma naturale di vaniglia. Cacao min. 49%).",,
7750182002394,Gaseosa Fanta Kola Inglesa x 3lt,Fanta,"beverages-and-beverages-preparations, beverages, carbonated-drinks, food-additives, sodas, anticaking-agents, bicarbonates-of-soda",spain,,,,not-applicable,,,,,
7750182495301,Gaseosa Fanta Naranja x 3lt,Fanta,,spain,,,,unknown,,,,,
2030000025558,petit pain fantaisie,,,france,,Auchan,,unknown,,,,,
4890008120369,Fanta Orange,Fanta,,hong-kong,,,,unknown,,,,8.0,32.0
2761900034219,Fanta uva - Coca cola,,,ireland,,,,unknown,,,,,
7894900054217,Fanta uva,,,brazil,,,,unknown,,,,,
9310155570107,Chicken rice crackers,Fantastic,"snacks, salty-snacks, appetizers, biscuits-and-crackers, crackers-appetizers, rice-crackers",france,,,,unknown,,,,,
87363456,FANTA 1700 400kcal Wilhelmina,Wilhelmina,,united-states,,,,unknown,,,40g Wilhelmin,25.0,100.0
5000112667622,Fanta Orange,Fanta,"beverages-and-beverages-preparations, beverages, carbonated-drinks, sodas",iceland,,,,unknown,4.0,,"VALUE PACK Kolsyrad läskedryck med apelsinsmak. Innehåller socker och sötningsmedel. Ingredienser: Kolsyrat vatten, socker, apelsinjuice fran koncentrat (5 %), syror (E 330, E 296), naturlig apelsinarom med andra naturliga aromer, sötningsmedel (acesulfam K, aspartam stabiliseringsmedel (E 414, E 445), surhetsreglerande medel (E 331), antioxidationsmedel (E 300), färgämne (E 160a). Innehåller en källa till fenylalanin. NÄRINGSINNEHÅLL 250ml (z*) 79 kJ /",,19.0
8001440135415,Fantasia di lenticchie e cereali,Cirio,"plant-based-foods-and-beverages, plant-based-foods, legumes-and-their-products, cereals-and-potatoes, legumes, seeds, cereals-and-their-products, legume-seeds",italy,,,,unknown,,,,,
7750182004336,Fanta Piña,Fanta,,spain,,,,unknown,,,,,
9345577002677,LIT FAT LAMB FANTASY PET 1.25L,,,australia,,,,unknown,,,,,
4316268704304,Double surprise white choc mandel,"ICE Fantasy, Netto","desserts, frozen-foods, frozen-desserts, ice-creams-and-sorbets, ice-creams, ice-cream-bars, vanilla-ice-cream-bars",germany,,,,e,4.0,,"Entrahmte Milch, 27,6% weiße Schokolade (Kakaobutter', Zucker, Magermilchpulver, Butterreinfett, Laktose, Emulgator: Lecithine [enthält Soja]), 9,2% Milchschokolade (Zucker, Kakaobutter, Butterreinfett, Süßmolkenpulver, Kakaomasse', Magermilchpulver, Laktose, Emulgator: Lecithine [enthält Soja], Polyglycerin-Polyricinoleat), Glukosesirup, Zucker, Molkenerzeugnis, Kokosfett, Schlagsahne, 3% geröstete gehackte Mandeln, eingedickte entrahmte Milch, 0,7% Mandelmark, Karamellzuckersirup, Emulgator: Mono - und Diglyceride von Speisefettsäuren; Stabilisator: Johannisbrotkernmehl, Guarkernmehl; färbendes Lebensmittel: Karottenkonzentrat; natürliches Aroma, Bourbon-Vanilleextrakt, extrahierte gemahlene Vanilleschoten. Das Produkt kann Spuren von Gluten, Hühnerei und anderen Schalenfrüchten enthalten.",,
9404850429393,Refresco naranja,Fanta,,spain,,,,unknown,,,,,
6415600577601,Fanta Zero sugar lemon,Fanta,,finland,,,,unknown,,,,,
7771605000650,Fanta sabor Naranja Mandarina,"Fanta,Coca-Cola","beverages-and-beverages-preparations, beverages, carbonated-drinks, artificially-sweetened-beverages, non-alcoholic-beverages, sodas, flavoured-drinks, sweetened-beverages",bolivia,,"FSA,Farmacorp,Amarket,Miniso,Fidalga,Farmacias Chávez","Cochabamba,Bolivia",unknown,4.0,,"Agua carbonatada, azúcar, saborizantes naturales, reguladores de la acidez (SIN 330, SIN 331 (iii), SIN 452 (i)), sustancia conservadora (SIN 211), edulcorantes (SIN 951 ASPARTAME (0.008%), SIN 950 ACESULFAME K (0.006%)), colorantes artificiales (SIN 102, SIN 129).",,
5400101092297,Simpl Gaufres Waffle avec Fantaisie au Cacao,Simpl,"snacks, sweet-snacks, biscuits-and-cakes, pastries, waffles, cocoa-glaze-coated-waffles","belgium, france",,,,e,4.0,,"Farine de blé, glaçage au cacao 17% (sucre, graisses végétales (coco, palme, palmiste ; en proportion variable), cacao* maigre en poudre 2,4%, stabilisant : tristéarate de sorbitane, émulsifiant : léicithine de soja, arôme naturel de vanille), margarine (graisse de et huiles végétales (palme, colza ; en portion variable)), sel, émulsifiants : lécithine de soja - mono - et diglycérides d'acides gras, acidifiant : acide citrique, arômes naturels, colorant : bêta-carotène issu de Blakeslea trispora), sucre, huile de colza, oeufs, farine de soja, sirop de sucre inverti, stabilisant : sirop de sorbitol, humectant : glycérol, sel, poudre à lever : carbonate acide d'ammonium, émulsifiant : lécithine de soja, arôme. Peut contenir des traces de lait.*Certifié Rainforest Alliance. Plus d'informations sur ra.org.",,
5400101057418,Carrefour Original Gaufres de Liège avec Fantaisie au Cacao,"Carrefour,Carrefour Original","snacks, sweet-snacks, biscuits-and-cakes, pastries, waffles, cocoa-glaze-coated-waffles","belgium, france","plastic, bag",Carrefour,Belgique,e,4.0,,"Farine de blé, margarine (huiles végétales (palme, colza), graisse de palme, eau, sel, arôme naturel, émulsifiants : lécithine de soja - mono - et diglycérides d'acides gras, acidifiant : acide citrique, colorant : bêta-carotène issu de Blakeslea trispora), sucre perlé 17%, fantasie au cacao 14% (sucre, graisses végétales (palme, palmiste, coco ; en proportion variable), cacao** maigre en poudre 1,9%, arôme naturel de vanille, émulsifiants : lécithine de soja - tristéarate de sorbitane), levure, sirop de sucre inverti, oeufs, sucre, farine de soja, sel, arôme, stabilisant : sirop de sorbitol, émulsifiant : lécithine de soja. Peut contenir des traces de lait.**Certifié Rainforest Alliance. Plus d'informations sur ra.org",,
5400101011656,Simpl Gaufres de Liège avec Fantaisie au Cacao,"Simpl,carrefour","snacks, sweet-snacks, biscuits-and-cakes, pastries, waffles, cocoa-glaze-coated-waffles","belgium, france",,Carrefour,,e,4.0,,"Farine de blé, margarine (graisse de palme, eau, huile de colza, sel, émulsifiants : lécithine de soja - mono - et diglycérides d'acides gras, acidifiant : acide citrique, arômes naturels, colorant : bêta-carotène issu de Blakeslea trispora), sucre 20,4%, fantaisie au cacao 13,6% (sucre, graisses végétales (palme, coco), cacao maigre en poudre, stabilisant : tristéarate de sorbitane, émulsifiant : lécithine de tournesol, arôme naturel de vanille), oeufs, levure, sirop de sucre inverti, farine de soja, stabilisant : sirop de sorbitol, sel, émulsifiant : lécithine de soja, arôme. Peut contenir des traces de lait.",,
5000112662672,Lemon,Fanta,,united-kingdom,,,,unknown,,,,,
5000112659320,exotic taste,Fanta,"beverages-and-beverages-preparations, beverages, carbonated-drinks, sodas",netherlands,,,,c,4.0,,"Sprankelend water, vruchtensap uit concentraat 4% (sinaasappel, perzik 0.5%, appel 0.4%. passievrucht 0.12): voedingszuren: citroenzuur, appelzuur; conserveermiddel kaliumsorbaat wortel - en saffloerconcentraat; zoetstoffen: acesulfaam-K, aspartaam,
natuurlijke aroma's: stabilisatoren: guarpitmeel glycerolesters van houthars.",,
5449000329417,,Fanta,,morocco,,,,unknown,,,,,
5000112637847,FANTA orange 5% calorie orange juice Delicious Tas,Fanta,,ireland,,,,unknown,4.0,,"Carbonated Water. Orange Juice From Concentrate 51. Sagar Acids (Citric Acid. Malic Acid). Stabilisers (Acacia Gum, Sucrose Acetate Isobutyrate. Glycerol Esters Of Wood Rosins. Guar Gum). Sweeteners (Acesulfame K. Aspartame). Acidity Regulator (Sodium Citrates). Preservative (Potassium Sorbate), Natural Orange Flavouring With Other Natural Flavourings, Colour (Carotenes), Antioxidant (Ascorbic Acid Contains a source of phenylalanine.",,
0850017589209,Fantasy Mix,Hi--Chew,,united-states,,,,unknown,4.0,,"GLUCOSE SYRUP, SUGAR, HYDROGENATED PALM KERNEL OIL, GELATIN, MALIC ACID, CITRIC ACID, NATURAL AND ARTIFICIAL FLAVORS, SPIRULINA EXTRACT (COLOR), FRUIT JUICE CONCENTRATE (COLOR), VEGETABLE JUICE CONCENTRATE (COLOR), SUCROSE FATTY ACID ESTERS, SORBITAN TRISTEARATE, RED RASPBERRY JUICE CONCENTRATE, LEMON JUICE CONCENTRATE, PINEAPPLE JUICE CONCENTRATE, BETA-CAROTENE (COLOR)",,
5901398084403,Fantazje Naleśnikowe,U Jędrusia,,poland,,,,unknown,,,,,
5000112659313,Orange,Fanta,"beverages-and-beverages-preparations, beverages, carbonated-drinks, sodas",netherlands,,,,c,4.0,,"Sprankelend water; sinaasappelsap uit concentraat (4%); voedingszuren: citroenzuur, appelzuur, natriumcitraat; zoetstoffen: aspartaam, acesulfaam-K; conserveermiddel: kaliumsorbaat; antioxidant: ascorbinezuur; natuurlijke sinaasappelaroma’s met andere natuurlijke aroma’s; wortelconcentraat; stabilisator: guarpitmeel; kleurstof: carotenen.",,
5900643047354,Fantazja Jagoda,Danone,,poland,,,,unknown,,,,,
2608104016330,Guimauve fantaisie enrobée de chocolat au lait,,,france,,,,unknown,,,,,
5000112662658,Fanta Lemon,Fanta,,ireland,,,,unknown,,,,,
5000112636437,Fanta orange,Fanta,,ireland,,,,unknown,4.0,,"carbonated water, orange juice from concentrate (82). sugar. acids (citric acid, malic acid). stabilisers acacia gum, sucrose acetate isobutyrate, glycerol esters of wood rosins), sweeteners (acesulfame-k, aspartame, nechesperid preservative (potassium sorbate). acidity regulator (sodium citrates). natural orange flavourings with other natural flavourings antioxidant (ascorbic acid). colour (carotenes). contains a source of phenylalanine. per:",,
42358725,FANTA Orange ZERO SUCRES,,,tunisia,,,,unknown,,unknown,,,
5000112667585,Fanta orange,COCACOLA,,el-salvador,,,,unknown,,,,4.0,19.0
5000112629705,Fanta exotic zero,COCACOLA,,el-salvador,,,,unknown,,,,,
8901725016159,Dark Fantasy Choco Fills,,,india,,,,unknown,,unknown,,,
8901725001735,Darkfantasy) Vanilla Creme,,,india,,,,unknown,,unknown,,,
8901725001728,Dark Fantasy Sandwich Crème,,,india,,,,unknown,,unknown,,,
4316268704335,Stieleis Maracuja,"ICE Fantasy, Netto","desserts, frozen-foods, frozen-desserts, ice-creams-and-sorbets, frozen-sticks, ice-creams, ice-cream-bars, ice-cream-bars-coated-with-chocolate",germany,,,,e,4.0,,"41,3% Eis (entrahmte Milch, Molkenerzeugnis, Zucker, Glukose-Fruktose-Sirup, Kokosfett, 6,2% Schlagsahne', Emulgator: Mono - und Diglyceride von Speisefettsäuren; Stabilisator: Guarkernmehl, Johannisbrotkernmehl; natürliches Aroma), 35,6% weiße Schokolade (Kakaobutter², Zucker, Magermilchpulver, Butterreinfett, Laktose, Emulgator: Lecithine [Soja]), 20,6% Maracujasorbet (Wasser, 29,6% Maracujasaft aus Maracujasaftkonzentrat, Zucker, Glukose-Fruktose-Sirup, Glukosesirup, färbendes Lebensmittel: Karottenkonzentrat; Emulgator: Mono - und Diglyceride von Speisefettsäuren; Stabilisator: Guarkernmehl, Johannisbrotkernmehl; Säuerungsmittel: Citronensäure), 2,5% Baiser-Stückchen (Zucker, Hühnereiweiß). Das Produkt kann Spuren von Gluten, Erdnüssen und Schalenfrüchten enthalten.",,
2860900302233,Fanta sabor laranja - Coca Cola,,,ireland,,,,unknown,,,,,
7501055310586,Fanta Fresa,Fanta,,mexico,,,,unknown,,unknown,,,
0049000080780,Fanta,,,united-states,,,,unknown,,unknown,,21.0,40.0
5942321000190,,Fanta,,romania,,,,unknown,,,,,
4316268704298,Eis Joghurt Himbeere,ICE Fantasy,"desserts, frozen-foods, frozen-desserts, ice-creams-and-sorbets, ice-creams, ice-cream-bars, ice-cream-bars-coated-with-chocolate",germany,,,,e,4.0,,"57,6% Eis mit Joghurt (entrahmte Milch, 30% Joghurt', Zucker, Kokosfett, Glukosesirup, eingedickte entrahmte Milch, Zitronensaftkonzentrat, Emulgator: Mono - und Diglyceride von Speisefettsäuren; Stabilisator: Johannisbrotkernmehl, Guarkernmehl), 27% Vollmilchschokolade (Zucker, Kakaobutter, Kakaomasse, Butterreinfett, Mager milchpulver, Süßmolkenpulver, Emulgator: Lecithine [enthält Soja], Polyglycerin-Polyricinoleat), 15,4% Himbeersauce (30% Himbeerpüree, Zucker, Wasser, Glukosesirup, Zitronensaftkonzentrat, Stabilisator: Pektine, Johannisbrotkernmehl).",,
3948764022272,Fanta,Fanta,"beverages-and-beverages-preparations, plant-based-foods-and-beverages, beverages, fruit-based-foods-and-beverages, non-alcoholic-beverages, plant-based-beverages, carbonated-drinks, fruit-based-beverages, soft-drinks, sodas, fruit-sodas, orange-soft-drinks",india,,,,unknown,,,,,
0194457000093,Fanta de  limón 500ml,Fanta,,ireland,,,,unknown,,,,,
8050519314442,Friselle integrali,Fantasie pugliesi,,italy,,,,unknown,,,,,
0955004011449,Fanta Pomme Verte,Fanta,,malaysia,,,,unknown,,unknown,,11.199999809265137,47.0
4316268704359,Stieleis Salted Caramel,"ICE Fantasy,Netto","desserts, frozen-foods, frozen-desserts, ice-creams-and-sorbets, ice-creams, ice-cream-bars",germany,,,,e,4.0,,"58,2% Gesalzenes Karamelleis (entrahmte Milch, Molkenerzeugnis, Zucker, Kokosfett, Glukosesirup, 3,5% Karamellpaste' [Zucker, Glukosesirup, Wasser], Karamellzuckersirup, Emulgator: Mono - und Diglyceride von Speisefettsäuren; 0,18% Speisesalz², natürliches Aroma, Stabilisator: Johannisbrotkernmehl, Guarkermehl), 29,7% Milchschokolade (Zucker, Kakaobutter³, Kakaomasse³, Butterreinfett, Magermilchpulver, Süßmolkenpulver, Emulgator: Lecithine [enthält Soja], Polyglycerin-Polyricinoleat), 8,1% gesalzene Karamellsauce (Glukose-Fruktose-Sirup, Zucker, gezuckerte Kondensmilch [Vollmilch, Zucker, Laktose], Wasser, Kokosfett, Butterreinfett, Karamellzuckersirup, 0,9% Speisesalz, Emulgator: Mono - und Diglyceride von Speisefettsäuren; färbendes Lebensmittel: Karottenkonzentrat; Stabilisator: Pektine, Guarkernmehl; natürliches Aroma (enthält Milch]), 4% gehackte geröstete Mandeln. Das Produkt kann Spuren von Gluten, Hühnerei, Erdnüssen und anderen Schalenfrüchten enthalten.",,
4316268687485,Sandwich Stracciatella Keks,"Ice Fantasy, Netto","desserts, frozen-foods, frozen-desserts, ice-creams-and-sorbets, ice-creams, ice-cream-sandwiches",germany,,,,e,4.0,,"62% Eis mit Sahnegeschmack (eingedickte entrahmte Milch, Molkenerzeugnis, Glukose-Fruktose-Sirup, Kokosfett, Zucker, Emulgator: Mono-und Diglyceride von Speisefettsäuren; Stabilisator: Johannisbrotkernmehl, Guarkernmehl; natürliches Aroma), 22,2% kakaohaltiger Keks (Weizenmehl, Zucker, Margarine [Palmöl, Wasser], Glukosesirup, fettarmes Kakaopulver', Magermilchpulver, Gerstenmalzextrakt, Gerstenmalzmehl, Backtriebmittel: Natriumcarbonate, Ammoniumcarbonate; natürliches Aroma, Speisesalz), 11% kakaohaltige Fettglasur (Kokosfett, Zucker, Palmfett, fettarmes Kakaopulver', Emulgator: Lecithine [enthält Soja]), 3,2% Zartbitterschokoladenstückchen (Zucker, Kakaomasse¹, Kakaobutter, Butterreinfett, fettarmes Kakaopulver', Emulgator: Lecithine [enthält Soja]), 0,8% Haselnussstückchen, 0,8% Waffelbrösel (Weizenmehl, Zucker, Kokosfett, Emulgator: Lecithine [enthält Soja]; Karamellzuckersirup, Speisesalz). Das Produkt kann Spuren von Hühnereiern, Erdnüssen und anderen Schalenfrüchten enthalten.",,
5449000324313,Fanta frambuesa,,,luxembourg,,,,unknown,,,,0.2,2.0
4316268704120,Big Choc - Joghurt-Himbeere,"Ice Fantasy, Netto MD","desserts, frozen-foods, frozen-desserts, ice-creams-and-sorbets, ice-creams, ice-cream-bars, ice-cream-bars-coated-with-chocolate",germany,,Netto MD,,e,4.0,,"58% Eis mit Joghurt (30% Joghurt, entrahmte Milch, Molkenerzeugnis, Glukose sirup, Zucker, Kokosfett, Emulgator: Mono - und Diglyceride von Speisefettsäuren; Stabilisator: Johannisbrotkernmehl, Guarkernmehl), 27% Milchschokolade (Zucker, Kakaobutter, Kakaomasse, Molkenerzeugnis, Butterreinfett, Magermilchpulver, Emulgator: Lecithine, Polyglycerin-Polyricinoleat; Vanilleextrakt), 15% Himbeersauce (Glukosesirup, 21% Himbeerpüree, Zucker, Wasser, 8,4% Himbeersaft aus Himbeerkonzentrat, Stärke, Säureregulator: Natriumcitrate, Citronensäure; Verdickungsmittel: Pektine; färbendes Lebensmittel: schwarzes Karottenkonzentrat; natürliches Himbeeraroma).",,
4316268684224,White Peanut Ice Cream - Erdnusseisriegel,"Ice Fantasy, Netto MD","snacks, desserts, sweet-snacks, frozen-foods, frozen-desserts, bars, ice-creams-and-sorbets, ice-creams, ice-cream-candy-chocolate-bars",germany,,,,e,4.0,,"50% Eiscreme mit Erdnuss (33% Schlagsahne, entrahmte Milch, Glukose-Fruktose-Sirup, Molkenerzeugnis, Zucker, 3,5% Erdnusspaste², Emulgator: Mono - und Diglyceride von Speisefettsäuren; natürlichés Aroma, Karamellzuckersirup, Stabilisator: Johannisbrotkernmehl, Guarkernmehl), 30% weiße Schokolade (Zucker, Kakaobutter, Magermilchpulver, Kokosfett, Butterreinfett, Emulgator: Lecithine [enthält Soja], Polyglycerin-Polyricinoleat Bourbon-Vanilleextrakt), 12% gesalzene Karamellsauce (Glukosesirup, gezuckerte Kondensmagermilch [Magermilch, Zucker], Zucker, Karamellzuckersirup, Wasser, Kokosfett, Stärke, Speisesalz, Stabilisator: Pektine; natürliches Aroma), 8% gehackte und geröstete Erdnusskerne. Das Produkt kann Spuren von Gluten, Hühnereiern und Schalenfrüchten enthalten.",,
7750182004367,Fanta piña,Coca-Cola,,spain,,,,unknown,,,,,
4068706221798,Farfalle Fantasia 6 colori,Cucina Nobile,"plant-based-foods-and-beverages, plant-based-foods, pastas",germany,,,,unknown,,,,,
4068706221781,Farfalle Fantasia,Cucina Nobile,,germany,,,,unknown,,,,,
7790895000331,Fanta Retonable 2L Sabor Naranja,Fanta,,spain,,,,unknown,,,,,
7790895000072,Fanta Pomelo Retonable 2L,Fanta,,spain,,,,unknown,,,,,
8790878444786,Fanta Naranja,Fanta,,spain,,,,unknown,,,,,
6928804011562,Lime Flavor,Fanta,"beverages-and-beverages-preparations, beverages, carbonated-drinks, artificially-sweetened-beverages, sodas",france,,,,e,4.0,,"Water, high fructose corn syrup, sugar, food additives (carbon dioxide, citric acid, sodium benzoate, sodium hexametaphosphate, stevia glycoside, lemon yellow), flavoring essence",,
6928804010800,,Fanta,,france,,,,unknown,4.0,,"Netto Winde Herku mport Chippy Wasser mit Kohlensäure, Glukose-Fruktosesirup, Zitronensäure, natürliche Aromen, modifizierte Stärke, Konservierungsstoffe (E202, E211), Säureregulator (E331), Preußen Pflanzenöl, Salz, Emulgator (E444), Farbstoffe (E102, E110). Allergene: Kann die Aktivität und Aufmerksamkeit von Kindern beeinträchtigen Aufbewahrungshinweis:",,
3663350101567,Soucoupe confiserie fantaisie,,,france,,,,unknown,,,,,
2608106018639,Guimauve fantaisie enrobée de chocolat blanc,,"snacks, sweet-snacks, confectioneries",france,,,,unknown,,,,,
5449000043412,Fanta Citrus 355ml By Coca Cola,Fanta,,saudi-arabia,,,,unknown,,unknown,,13.0,52.0
5060466519237,BURN ENERGY DRINK,Fanta,"beverages-and-beverages-preparations, beverages, energy-drinks",south-africa,,,,c,,,313343 1018 5 060466 519237 HIGH CAR,3.8,400.0
40822921,King size FANTA ORANGE,Fanta,"beverages-and-beverages-preparations, plant-based-foods-and-beverages, beverages, plant-based-beverages, carbonated-drinks, fruit-based-beverages, sodas, fruit-sodas, orange-soft-drinks, sweetened-beverages",south-africa,,,,unknown,,,,,
5449000027085,RETURNABLE FANTA ORANGE,Fanta,,south-africa,,,,unknown,,,,,
7894900460018,Fanta laranja sem açúcar,,,brazil,,,,unknown,,,,,
7750182005609,Fanta Roja 2.25,,,spain,,,,unknown,,,,,
8435608806938,Orange Fantasy,Flax Kombucha,"beverages-and-beverages-preparations, beverages, fermented-foods, fermented-drinks, tea-based-beverages, kombuchas",belgium,,,,unknown,4.0,,"90,4% kombuchathee (water, suiker*, 0,5% groene thee, kombuchacultuur [symbiose van bacteriën en gisten]), 7,9% koudgeperst sinaasappelsap, 1,7% koudgeperst citroensap, zoetstoffen (steviolglycosiden uit Stevia), kleurstof (bètacaroteen), koolzuur. *bijna volledig geabsorbeerd tijdens de fermentatie.",,
5000112557022,Fanta - Fanta,,,united-kingdom,,,,unknown,,,,,
5000112637823,Orange (Low Calorie 8% Orange Juice),Fanta,,ireland,,,,unknown,,,,,
34624340,MINI KING FRUIT,ICE Fantasy,,germany,,,,unknown,,,,,
8600939346648,Mlil Chocolate,Jimmy Fantastic,,croatia,,,,unknown,,,,52.0,551.0
5449000323590,Fanta citron 50cl,Fanta,,france,,,,unknown,,,,,
8057204092241,Insalata fantasia,,,italy,,,,unknown,,,,,
8901764022906,fanta,fanta,,india,,,,unknown,,,,,
57122724,Fanta orange,,,denmark,,,,unknown,,,,11.0,43.0
6415600549493,Fanta appelsiini,Fanta,,finland,,,,unknown,,,,4.300000190734863,79.0
7509546060231,Fresh essence cool fantasy 2yrs prod,Lady speed stick,,saudi-arabia,,,,unknown,,unknown,,,
4262450680577,Fanta berry,,,germany,,,,unknown,,,,,
7501055376810,fanta,Fanta,,mexico,,,,unknown,,,,,
3296969160320,Fanta peach,,,france,,,,unknown,,,,,
8435608807065,Lemon Fantasy,Flax,"beverages-and-beverages-preparations, beverages, fermented-foods, fermented-drinks, tea-based-beverages, kombuchas",spain,,Lidl,Galicia,c,4.0,,"89,6% té kombucha (agua, azúcar*, 0,5% té verde, cultivo de kombucha [simbiosis de bacterias y levaduras]), 7,2% zumo de limón cold-pressed, 2,7% zumo de lima cold-pressed, aroma natural de limón, edulcorante (glucósidos de esteviol procedentes de estevia), dióxido de carbono. *Consumido casi en su totalidad durante la fermentación.",,
4260616561067,Fanta cassis,Fanta,,germany,,,,unknown,,,,,
7750182003704,Gaseosa Fanta Naranja x 300ml,Fanta,,spain,,,,unknown,,,,,
7750182007801,Gaseosa Fanta Kola Inglesa x 300ml,Fanta,,spain,,,,unknown,,,,,
7861024607872,fanta,cola,,ecuador,,,,unknown,,unknown,,,
28075685,fanta berry,,,germany,,,,unknown,,,,,
6928804019155,fanta plum,,,germany,,,,unknown,,,,,
4262450680621,fanta peach dose,,"beverages-and-beverages-preparations, beverages",germany,,,,unknown,,,,,
4262450680706,fanta grape,,"beverages-and-beverages-preparations, beverages",germany,,,,unknown,,,,,
4262471870001,fanta blau,,"beverages-and-beverages-preparations, beverages",germany,,,,unknown,,,,,
8935049501572,Fanta cam,Fanta,,virgin-islands-of-the-united-states,,,,unknown,,unknown,,,
9310151050801,Delites Sour Cream And Chives,Fantastic,,australia,,,,unknown,,unknown,,6.5,397.0
5449000314789,Fanta Zero Sugar Shokata,Fanta,"beverages-and-beverages-preparations, beverages, carbonated-drinks, artificially-sweetened-beverages, sodas","belgium, france",,,,c,4.0,,"Eau pétillante; jus de citron à base de concentré (3%); correcteur d'acide poate de sodium; acidifiants: acide citrique, acide malique; arômes; edulcorants amate de sodium, acesulfame-K, sucralose; conservateur: sorbate de potassi alisants: gomme arabique, esters glycériques de résine de bois; extrait de fleur d rea, antioxydant: acide ascorbique.",,
2608104021525,Guimauve fantaisie enrobées de chocolat au lait,,,france,,,,unknown,,,,,
6007875996869,Fantastical yogurt,Woolworths,youghurt,south-africa,,,,unknown,,,,12.78571401323591,110.0
4902888265594,,Fanta,"snacks, sweet-snacks, confectioneries, candies",germany,,Thalia,,e,4.0,,"Glukose, Tapiokastärke, Natron, Emulgator, Aromen, Milch, Farbstoffe ( E110, 163, E170), Süßungsmittel (E951, E950)",,
8992761130992,FANTA 1LTR,,,india,,,,unknown,,,,,
0049000557473,Fanta Haunted Apple,Fanta,,united-states,,,,unknown,,unknown,,12.3,47.0
8001120751539,Fantasia di funghi alla boscaiola con porcini,,,italy,,,,unknown,,,,,
0862853000428,Hawaiian Holiday BBQ Sauce,Mr. Fantastical's Fabulous Formulations,,united-states,,,,unknown,,unknown,,30.6,139.0
5449000150264,FANTA STRAWBERRY,Fanta,,qatar,,,,unknown,,,,,
5449000149183,FANTA CITRUS 1.75,Fanta,,qatar,,,,unknown,,,,,
8935001720652,mentos FANTA,Mentos,,malaysia,,,,unknown,,,,,
2860900050011,Fanta Uva,Fanta,,brazil,,,,unknown,,,,,
5333876054606,Fantazee Sun wave,,,bahrain,,,,unknown,,unknown,,,
5425028540515,Kasmi Fantasy Kipburger,Kasmi,"sandwiches, hamburgers, chicken-hamburgers",netherlands,,,,d,4.0,,"Kippengehakt 80% (Halal Kippenfilet (53%), Halal kippenvel (27%), water, plantaardige vezels, zout, zuurteregelaar: (E267, E262), gedroogde glucosesiroop, specerijen, gedroogde groenten (ui, paprika), paprika-extract, antioxidant CE300, E301)); Paneermeel 8% ((tarwebloem (GLUTEN), zout, kruiden, zout), kruiden en specerijen (bevat MOSTERD), aroma, zout, koolzaadolie).",1.44,159.0
8901764132919,Fanta Apple Delite,Fanta,"beverages-and-beverages-preparations, plant-based-foods-and-beverages, beverages, plant-based-beverages, carbonated-drinks, fruit-based-beverages, sodas, fruit-sodas, apple-soft-drinks",india,,,,e,4.0,not-applicable,"CARBONATED WATER, SUGAR, APPLE JUICE (10.5%)(RECONSTITUTED FROM APPLE JUICE CONCENTRATE), ACIDITY REGULATOR (296), STABILIZER (452) PRESERVATIVES (202, 211), COLOUR (150d), APPLE FLAVOUR (NATURE IDENTICAL FLAVOURING SUBSTANCES).",12.0,48.0
0490000142730,Fanta Mela verde,"Fanta, 芬达","beverages-and-beverages-preparations, beverages, carbonated-drinks, artificially-sweetened-beverages, sodas, non-alcoholic-beverages, sweetened-beverages","china, italy",,,,e,4.0,,"acqua, polpa di frutta, zucchero bianco, additivi alimentari (anidride carbonica, acido citrico, benzoato di sodio, esametafosfato di sodio, glicosidi della stevia, tartrazina, leosotolo), aromi alimentari",,
5000112661569,Orange,Fanta,,jordan,,,,unknown,,unknown,,9.75,39.0
7750182698337,Fanta Naranja x 2.25lt,Fanta,,spain,,,,unknown,,,,,
7750182008587,Fanta Manzana Verde x 500ml,Fanta,,spain,,,,unknown,,,,,
57122823,Fanta zero sugar raspberry,Fanta,,denmark,,,,unknown,,,,0.20000000298023224,2.0
7894900095166,"Fanta, mistério beetlejuice",,,brazil,,,,unknown,,,,,
5449000330949,Afterlife,Fanta,,united-kingdom,,,,unknown,,,,,
6007875466553,Fantastical ice cream berry flavoured,Woolworths Food,,south-africa,,Woolworths,,unknown,,,,,
8595002110281,Čokovločky,Fantasia,,czech-republic,,,,unknown,,unknown,,13.7,152.0
0067000013461,Haunted Apple,Fanta,,canada,,,,unknown,,,,,
5000112646238,lemon zero sugar,Fanta,,netherlands,,,,unknown,4.0,,"Sprankelend water; citroensap uit sapconcentraat (6%); voedingszuren: citroenzuur, natriumcitraat; zoetstoffen: aspartaam,acesulfaam-K, natrium-sacharine; conserveermiddel: kaliumsorbaat; stabilisatoren: arabische gom,glycerolesters van houthars; antioxidant: ascorbinezuur; natuurlijke citroenaroma's met ander natuurlijk aroma.",,
3278720002902,Fanta ananas 50 cl,,"beverages-and-beverages-preparations, beverages, carbonated-drinks, sodas",france,,,,unknown,,,,,
5449000323576,fanta,Fanta,,france,,,,unknown,,,,,
7340154803243,Fanta Grape,Fanta,,sweden,,,,unknown,,,,,
5993330000411,Fanta citrom bodza,Coca-Cola,"beverages-and-beverages-preparations, beverages, non-alcoholic-beverages, carbonated-drinks, soft-drinks, sodas, sweetened-beverages",hungary,,,,b,4.0,,"Viz, citromlé sűrítményből édesítőszerekkel. szabályozó anyag: nátrium-glükonát, étkezési savak: citromsav és almasav, édesítőszerek: nátrium-ciklamat, aceszulfám Kés szukralóz, tartósítószer: kálium-szorbát, stabilizátorok: Szénhidrát: Ag gumiarábikum, fagyanta glicerin-észterei, amelybol cukrok: antioxidáns: aszkorbinsav. Cukormentes. Só",,
4061459179347,Pizzah Fantasia,Aldi,,switzerland,,,,unknown,,,,,
6430056289748,Fantasy vibe,,"beverages-and-beverages-preparations, beverages, energy-drinks, energy-drink-without-sugar-and-with-artificial-sweeteners","finland, france",,,,unknown,4.0,,"Eau, dioxyde de carbone, taurine, caféine, glucuronolactone, préparation en poudre de gingembre (maltodextrine, pulpe de gingembre), extrait de thé vert, extrait de guarana, vitamines (vitamine C, niacine, acide pantothénique, vitamine B6, vitamine B2, biotine, vitamine B12), acidifiant (acide citrique), colorant (carotenoides). huiles végétales (noix de coco, colza), amidon modifié, arôme naturel, édulcorants (sucralose, acesulfame K). 
Contient 114 mg de caféine par canette de 355 ml. Teneur élevée en caféine, déconseillé aux enfants et aux femmes enceintes ou allaitantes (32 mg/100 ml). Nous recommandons un maximum d'une canette par jour. 1 canette apporte: les vitamines B2, B3, B5, B6, B12 et la vitamine C qui contribuent à réduire la fatigue. A consommer avec modération dans le cadre d'une alimentation équilibrée et d'un mode de vie sain. La consommation avec de l'alcool est déconseillée. A servir froid. A consommer le jour de l'ouverture.",,
5449000045812,Fanta,Fanta,,saudi-arabia,,,,unknown,4.0,,"حقائق غذائية لكل وحدة تقديم ١٠٠مل Nutrition Facts per 100ml Serving % Daily Value Energy (kcal) 52 Total Carbohydrates Total Sugars النسبة الاحتياج اليومي % طانة (كيلو كالوري) كربوهيدرات كلية (5) 13.0g سكريات كلية 13.0g بنها سكر مضاف (26) d which Added Sugars 13.0g 14.5mg Calleine Content محتوى الكافيين يحتوي على كميات ضئيلة جدا ( .غ) من : الدهون الكلية والمتحولة والمشبعة نها البروتين والألياف والصوديوم والكوليسترول الصوديوم مادة قال نسبة الاحتياج اليومي على نظام غذائي محتوي على 2000 سعرة حرارية . شروب غازي بنكهة الحمضيات. المكونات مياه غازية، سكر حمضية حامض الستريك، مادة مستحلبة : صمغ عربي، م سوربات البوتاسيوم، مادة منظمة للحموضة سترات م كافيين، نكهات الحمضيات المطابقة للطبيعية مضاد السنة حامض الأسكوربيك كالسيوم ثنائي الصوديوم (EDTA) تارترازين . صنعت بترخيص من شركة كوكاكولا مالكة ة التجارية المسجلة فانتا بواسطة شركة كوكاكولا السعودية لرياض ،۱۱۵۸۵ ، المملكة العربية السعودية تاريخ الإنتاج وتاريخ :الصلاحية أنظر أسفل العلبة. قد يكون لهذه المادة تأثير الرطبات مدينة سدير للصناعة والأعمال، ص.ب. كم على النشاط والتركيز لدى الأطفال. الحفظ في مكان نظيف جاف وبارد Store in a clean, dry and co 250 ml ،٦٢١٤٦ سان حمضيات ca-Cola Company 9000 045812 خدمة المستهلك ۷۷۹۹ ner Service: 92 000 7799 RECYCLAR",,
5000112642711,Fanta zero sugar raspberry taste,Fanta,,united-kingdom,,,,unknown,,,,,
6939343209815,Fanta Bubbles Gum,Fanta,,qatar,,,,unknown,,unknown,,,
6939343224825,Fanta Gum,,,qatar,,,,unknown,,unknown,,,
6001299027581,Super M fantasy,Clover,,south-africa,,,,unknown,,,,,
0724417589209,Hi-Chew Fantasy Mix,Hi-Chew,,united-states,,,,unknown,,unknown,,61.3,419.0
0004504311181,Soda,Fanta,,spain,,,,unknown,,,,,
4605246007941,„Earl Grey Fantasy“ Black Tea,ri,"beverages-and-beverages-preparations, plant-based-foods-and-beverages, beverages, hot-beverages, plant-based-beverages, teas",germany,,,,unknown,,,,,
8018708959348,Fantasia julienne insalata,,,italy,,,,unknown,,,,,
7790895001024,Fanta pomelo,Fanta,,spain,,,,unknown,,,,,
3481291020484,Truffes Fantaisie,Chocolat Mathez,"snacks, sweet-snacks, cocoa-and-its-products, confectioneries, chocolate-candies, bonbons, chocolate-truffles",austria,,,,e,,,,,
5000112670851,Fanta málnaízű zéró cukor,,,united-kingdom,,,,unknown,,,,,
5942321000183,fanta mednes 0.33,Fanta,"beverages-and-beverages-preparations, beverages, carbonated-drinks, sodas",romania,,,,unknown,,,,,
5900643049587,fantazja marakuja,,,france,,,,unknown,,,,,
4933304460262,Fanta,Snack pack,,japan,,,,unknown,,unknown,,22.222222222222225,90.90909090909092
7894900095159,Mistério Beetlejuice,Fanta,"beverages-and-beverages-preparations, beverages, carbonated-drinks, sodas",brazil,,,,unknown,,,,,
0000981435276,Aranciata,Fanta,,italy,it:bottiglia-pet,,,unknown,,,,,
0000112544596,fanta,Fanta,,netherlands,,,,unknown,,,,,
0004300002797,Truffes fantaisie,,,france,,,,unknown,,,,,
0004656701957,"Energy liquid water enhancer, fantasy fruit",,,united-states,,,,unknown,4.0,unknown,"Citric acid, water, propylene glycol, caffeine, sodium citrate, sucralose and acesulfame potassium (sweeteners), caramel color, natural flavor, taurine, niacinamide, ginseng extract (panax), guarana extract, potassium sorbate (preservative), yellow 5, vitamin b6, sulfites, vitamin b12.",0.0,0.0
0054314421237,fantasia,zanier,,france,,,,unknown,,,,,
0001001919762,Fantaisie de truffes,,,france,,,,unknown,,,,,
00010687,Fantasia di Frutta,Santa Maria,"snacks, sweet-snacks, confectioneries, candies",united-kingdom,,,,e,,,,,
0000201801370,Fanta orange,Fanta,,ireland,,,,unknown,,,,,
0000202100052,Berry,Fanta,,ireland,,,,unknown,,,,,
0000202100101,Fanta ananas,Fanta,beverages,ireland,,,,unknown,,,,,
0000202200834,Fanta,Coca-Cola,"beverages, carbonated-drinks",united-states,,,,unknown,,unknown,,,
00002023,Fanta,,,hungary,,,,unknown,,,,,
0000208007443,Fanta,,,indonesia,,,,unknown,,unknown,,,
02453844,Truffles Fantaisie,,,united-states,,,,unknown,,unknown,,39.285714285714,571.42857142857
0034812900011,truffe fantaisie,léon fargues,,france,,,,unknown,,,,,
04022938,,Fanta,,france,,,,unknown,,,,,
0004900000454,Fanta Mystery Flavor,,,,,,,unknown,4.0,unknown,"c nutrition facts serv, size can calories er serving 0 serving % dally value total fat 0g sodium 45mg protein og total carb, og total sugars og fl incl, og added sugars 0% co ww scan here for more food information or call 1-800-432-2553 0% not a significant source of sat fat trans fat, cholest, fiber, vit,  d, calcium, iron and potas, empty before recycling 2% bonated water, less than z% of: citric acid, natural flavor, carame or, soonum citrate, malic acid, potassium benzoate (to protect esucralose, acesulfame potassium, red 40, blue ed under authority of the coca-cola pany, atlanta, ga 3033 by a member of the cola bottlers association, atlanta, ga 3032 metal how2rocycle, info 0%",,
0004900001427,Fanta pineapple,Fanta,,japan,,,,unknown,,unknown,,47.99999828069983,180.0
0004900003393,Fanta peach,Fanta,"plant-based-foods-and-beverages, beverages, plant-based-beverages, carbonated-drinks, fruit-based-beverages, sodas, fruit-sodas, peach-flavoured-sodas",romania,can,,,unknown,,not-applicable,,,
0054490013826,Fanta,,,germany,,,,unknown,,,,,
0691355880458,Fantastic Classic Lollipops,Hammond's,,united-states,,,,unknown,4.0,unknown,"Cane sugar, corn syrup, citric acid, natural & artificial flavor, artificial colors (blue 1, red 3, red 40, yellow 5)",66.67,333.0
0871000370230,Cocoa Fantasy White Chocolate,JDE,,germany,,,,unknown,,,,,
0901764132919,fanta Apple delite,coca cola,,india,,,,unknown,,unknown,,,
00096319,fanta,Fanta,,albania,,,,unknown,,unknown,,,
5740700991691,Fanta Exotic,Fanta,"beverages-and-beverages-preparations, beverages, carbonated-drinks, sodas, sweetened-beverages",denmark,,,,e,,,,13.3,53.0
4068261018802,Gala fleurs avec fantaisie de cacao,Gala,"snacks, sweet-snacks, biscuits-and-cakes, biscuits-and-crackers, biscuits, chocolate-biscuits, crispy-biscuits",belgium,,,,e,,,,,
9350007005715,Fantastically Fudgy Choc Brownie,Bare Bakers,,australia,,,,unknown,,,,41.0,
4262453620143,Fanta Wassermelone,,,germany,,,,unknown,,,,,
8720892104182,Fanta,,,netherlands,,,,unknown,,,,11.0,43.0
5000112673739,Apple lychee zero,Fanta,"beverages-and-beverages-preparations, beverages","germany, united-kingdom",,,,unknown,4.0,,"Wasser, Apfelsaft aus Apfelsaftkonzen-davon Zucker trat (3,3%), Kohlensäure, Säuerungsmittel Eiweiß (Konzentrat aus Färberdistel und Zitrone). *Referenzmene Süßungsmittel (Natriumcyclamat, Acesulfam K, Erwachsener Sucralose), natürliches Aroma, Säureregulator2024 The Cace C Natriumcitrate, Farbstoff E 133.",,
8032727111105,Fantasy pasta,Millers farm,"plant-based-foods-and-beverages, plant-based-foods, pastas",italy,,,,a,,,,,
5000112669442,Fanta zero xukru,,,united-kingdom,,,,unknown,,,,,
8901725015909,Dark Fantasy,Sunfeast,"snacks, sweet-snacks, biscuits-and-cakes, biscuits-and-crackers, biscuits, chocolate-biscuits, biscuit-with-a-chocolate-bar-covering",india,,,,unknown,4.0,,"CHOCO CRÈME (38.0%) (SUGAR, FLAVOURING SUBSTANCES (CHOCOLATE), ARTIFICIAL FLAVOURING SUBSTANCES (VANILLA)}, MAIDA (REFINED WHEAT FLOUR), HYDROGENATED VEGETABLE OILS, SUGAR, INVERT SYRUP, LIQUID GLUCOSE, RAISING AGENTS (INS 503(ii), INS 500(ii), INS 450(i)), COCOA SOLIDS (0.7%), BUTTER, MILK SOLIDS, IODIZED SALT, &quot;NATURE IDENTICAL FLAVOURING SUBSTANCES (MILK CHOCOLATE), COLOURS (INS 150c, INS 150d), EMULSIFIERS (LECITHIN (FROM SOYABEAN), MONO AND DIGLYCERIDES OF FATTY ACIDS (FROM PALM OIL)], ARTIFICIAL FLAVOURING SUBSTANCES (MILK, VANILLA). CONTAINS WHEAT, MILK, SOY. MAY CONTAIN NUT, SULPHITE. REFINED PALMOLEIN, REFINED PALM OIL, COCOA SOLIDS, EMULSIFIER (LECITHIN (FROM SOYABEAN)], NATURE IDENTICAL",,
54020276,(klein blikje),Fanta,,netherlands,,,,unknown,4.0,,"Sprankelend water; suiker; sinaasappelsap uit concentraat (3%); voedingszuren: appelzuur, citroenzuur; zoetstoffen: natriumcyclamaat, acesulfaam-K, sucralose; conserveermiddel: kaliumsorbaat; natuurlijke sinaasappelaroma's met andere natuurlijke aroma's; antioxidant: ascorbinezuur; stabilisatoren: guarpitmeel, arabische gom, glycerolesters van houthars; zuurteregelaar: natriumcitraten; wortelconcentraat; kleurstof: carotenen.",,
5449000295569,فانتا 1 لتر,Fanta,,egypt,,,,unknown,,,,,
9300675095150,Grape,Fanta,,australia,,,,unknown,,unknown,,8.0,33.2
54008151,,Fanta,,"france, morocco",,,,unknown,,,,,
5900643047392,Fantasia,,,poland,,,,unknown,,,,,
7591039000756,Abcitoos fantasía,Maizoritos,,spain,,,,unknown,,,,,
7591039000749,Fruty aros fantasía,Maizoritos,,spain,,,,unknown,,,,,
5449000330932,Afterlife (Apple Zero Sugar),Fanta,,united-kingdom,,,,unknown,4.0,,"carbonated water, apple juice from concentrate (3,3%), acid (citric acid), vegetable and fruit concentrates (safflower, lemon), natural flavourings, sweeteners (cyclamates, acesulfame    k, sucralose), preservative (potassium sorabate), acidity regulator (sodium citrates), colour (brilliant blue fcf)",,
5000112667608,Fanta Orange Low Calories,Fanta,"beverages-and-beverages-preparations, beverages, carbonated-drinks, sodas",sweden,,,,c,,,,,
8024536007038,Fantasia estiva di riso,,,italy,,,,unknown,,,,,
4262453620044,Fanta Pfirsich,Fanta,"beverages-and-beverages-preparations, beverages",germany,,,,unknown,,,,,
0044111669268,Fanta orange (zero suggar),,,united-states,,,,unknown,,unknown,,0.4,3.0
6132007700271,Ananass,Fanta,,algeria,,,,unknown,,,,,
5940541539346,Fanta Strawberry kiwi,Fanta,"beverages-and-beverages-preparations, beverages, carbonated-drinks, sodas",romania,,,,e,4.0,not-applicable,"Apa de lamaie carbogazoasa, zahar, suc din concentrat(3%), aroma naturala de kiwi,concentrat de morcov si sofran , acid citric E330 , E414 ,E445",10.2,42.0
5993330000428,Fanta zéró cukor citrom- és bodzaízű,Fanta,"beverages-and-beverages-preparations, beverages, non-alcoholic-beverages, soft-drinks",hungary,,,,unknown,4.0,,"Víz, Citromlé sűrítményből (3%), Szén-dioxid, Aromák, Savanyúságot szabályozó anyag: nátrium-glükonát, Étkezési savak: citromsav és almasav, Édesítőszerek: nátrium-ciklamát, aceszulfám K és szukralóz, Tartósítószer: kálium-szorbát, Stabilizátorok: gumiarábikum, Fagyanta glicerin-észterei, Antioxidáns: aszkorbinsav",,
42005902,Pain fantaisie,,,france,,,,unknown,,,,,
8063425590534,Bombones avellana,Fantassy,"snacks, sweet-snacks, cocoa-and-its-products, confectioneries, chocolate-candies, bonbons",spain,,,,unknown,,,,,
5000112676006,Beetlejuice,Fanta,"beverages-and-beverages-preparations, beverages, artificially-sweetened-beverages",slovakia,,,,c,4.0,,"voda, jablečná šťáva z koncentrátu, oxid uhličitý, kyselina citronová, přírodní aromata, sladidla, acesulfam K, sukralóza, regulátor kyselosti, barvivo",,
5000112667707,Fanta Strawberry Kiwi,Fanta,"beverages-and-beverages-preparations, beverages",germany,,,,unknown,,,,,
9300675095839,Raspberry Fanta,Fanta,"beverages-and-beverages-preparations, beverages",new-zealand,,,,d,4.0,,"Carbonated water, sugar, flavor, food acid, preservatives, sweeteners, color",,
7896333049600,Atum Ralado Ao Natural,Fantasia Di Mare,,brazil,,,,unknown,,,,,
7790895002601,FANTA ZERO Naranja,Fanta,,spain,,,,unknown,,,,,
7090062630003,Real Fantasy,Ambijus,,norway,,,,unknown,,unknown,,6.1,32.0
5538004032352,Fanta sabor laranja,,,ireland,,,,unknown,,,,,
7894900032352,Fanta laranja,,,brazil,,,,unknown,,,,,
0004504311112,Fanta,Fanta,,spain,,,,unknown,,,,,
5000112669220,Fanta,Coca Cola Company,"beverages-and-beverages-preparations, beverages, carbonated-drinks, sodas",norway,,,,unknown,,,,,
8901725015916,Sunfeast Dark Fantasy,Sunfeast,,india,,,,unknown,,,,,
6130003014880,6130003014880,Fanta,,algeria,,,,unknown,,,,,
4902102153621,Fanta Muscat,Fanta,"beverages-and-beverages-preparations, beverages, carbonated-drinks, carbonated-fruit-soft-drink",denmark,,,,e,4.0,,"Eau gazéifiée, sirop de maïs à haute teneur en fructose, régulateur d'acidité (E330), arôme, colorant (E150a)",,
8901725017620,fantastik choco delights,Sunfeast,"snacks, sweet-snacks, cocoa-and-its-products, chocolates, dark-chocolates, chocolate-bar-with-dried-fruits",india,,,,unknown,4.0,c,"SUGAR, HYDROGENATED VEGETABLE OIL, MILK SOLIDS, ALMOND BITS (7.0%), RAISINS (6.0%), COCOA SOLIDS (5.4%), CASHEW BITS (3.0%), EMULSIFIER [LECITHIN (FROM SOYABEAN)] AND NATURE IDENTICAL FLAVOURING SUBSTANCES. CONTAINS MILK, SOY & NUT.",,
5449000323774,,Fanta,"beverages-and-beverages-preparations, beverages",ukraine,,,,b,,,,0.5,3.0
5449000330987,Fanta zero,,,luxembourg,,,,unknown,,unknown,,,3.0303030303030303
93574686,"Raspberry Fanta Mini Bottle, Zero Suger",Fanta,,australia,,,,unknown,,unknown,,0.0,2.031548757170172
0404004149183,Fanta,Fanta,,qatar,,,,unknown,,unknown,,,
9300675095198,Grape Fanta,Fanta,,australia,,,,unknown,,unknown,,8.0,33.1
4061462369520,oven Cook 20 mins from fro FRYER FANTASTIC FOUR SE,Four Seasons,,united-kingdom,,,,unknown,,,"ESTATE SUNFLOWER OIL Modified PetatoLarch. furlour, Pra Hibre. todia, Curcum DIETASY AESutable for vegas s No artiflavourings NUTRITION TYPICAL VALLES (oven cooked) Energy",,
4066447100945,Balea Ersatzklingen Fantastique 8 Stück,Balea,,germany,,,,unknown,,,,,
8851959002247,,"FANTA,แฟนต้า","beverages-and-beverages-preparations, beverages, unsweetened-beverages",thailand,,,,b,4.0,unknown,"สารให้กับการ์บอนไดออกไซด์ (INS 290), สารควบคุมความเป็นกรด (INS 330, INS 333(ii), สารให้ความหวาน (ซูคราโลส), วัตถุกันเสีย (INS 212), สีสังเคราะห์ (INS 110, INS 129), แต่งกลิ่นธรรมชาติ",0.0,0.0
7702174088039,Trolli fantasía mix,,,colombia,,,,unknown,,unknown,,,316.6666666666667
8909081000249,Dark Fantasy,Sunfeast,"snacks, sweet-snacks, biscuits-and-cakes, biscuits-and-crackers, cocoa-and-its-products, biscuits, chocolates, biscuit-cookie-snack-w-chocolate-filling",india,,,,e,3.0,,"Maida,sugar,refined palm oil,hrdrogenated vegetable oil,cocoa solids (2.4%),",,
8909081000300,Dark Fantasy Sandwich Crème Vanilla Flavoured Crème,Sunfeast,"snacks, sweet-snacks, biscuits-and-cakes, biscuits-and-crackers, biscuits, biscuit-cookie-snack-w-chocolate-filling",india,,,,unknown,,,,,
89000571,,Fanta,,india,,,,unknown,,,,,
8901725015886,Dark Fantasy Choco Fills,Sunfeast,,india,,,,unknown,,,,,507.0
1350067005715,Fantastically Fudgey Choc Brownie,Bare Bakers,,australia,,,,unknown,,,,41.1,442.0
5000112669428,Fanta Zero Cukru Pomeranč,Fanta,,czech-republic,,,,unknown,,,,0.394,3.03
6132007700318,Fanta fraise,Fanta,,france,,,,unknown,,,,,
7750182000437,"Fanta Piña x , 3lt",Fanta,,spain,,,,unknown,,,,,
0028400749749,Cheetos Fantastix! Ranch Flavored,Cheetos,,united-states,,,,unknown,,,,3.92,471.0
7894900096538,Laranja,Fanta,,brazil,,,,unknown,,unknown,,,
7894900094008,Guaraná zero açúcar,Fanta,,brazil,,,,unknown,,unknown,,,
0402000132277,,Fanta,,morocco,,,,unknown,,,,,
7801610333426,Fanta,Coca-Cola,,chile,,,,unknown,,,,,
5000112665147,Fanta 2lt,Fanta,"beverages-and-beverages-preparations, beverages, sweetened-beverages",turkey,,,,unknown,,,,,
5000112665154,2.5 LİTRE FANTA,Fanta,"beverages-and-beverages-preparations, beverages, carbonated-drinks, sodas",turkey,,,,unknown,,,,,
5000112664980,Fanta 1lt,"Fanta, Coca-Cola","beverages-and-beverages-preparations, beverages, carbonated-drinks, non-alcoholic-beverages, sweetened-beverages",turkey,,,,d,4.0,,"Su, şeker (S)* veya fruktoz-glukoz şurubu (F)*, karbondioksit, portakal suyu konsantresi (meyve oranı en az %3), asitlik düzenleyiciler (sitrik asit, malik asit, sodyum sitrat), C vitamini, koruyucu (potasyum sorbat), aroma vericiler, tatlandırıcılar (sodyum siklamat, sakkarin), renklendirici (beta karoten), kıvam arttırıcı (keçi boynuzu gamı). *Kullanılan şeker veya fruktoz-glukoz şurubu paket üzerine kodlanmıştır.",,
4335619018983,Truffes Fantaisie Lait Noisette,Favorina,"snacks, sweet-snacks, cocoa-and-its-products, confectioneries, chocolate-candies, bonbons, chocolate-truffles",france,,,,e,,,,,
5000112676143,Exotic,Fanta,"beverages-and-beverages-preparations, beverages, carbonated-drinks, sodas","germany, united-kingdom",,,,c,,,,,
8699141059286,Boombastic fantastik bar,şölen,"snacks, sweet-snacks, cocoa-and-its-products, confectioneries, chocolate-candies",turkey,,,,unknown,,,,,
3481292301711,Truffes fantaisie,Chocolat Mathez,"snacks, sweet-snacks, cocoa-and-its-products, confectioneries, chocolate-candies, bonbons, chocolate-truffles",france,,Magasins U,,e,3.0,,"Chocolat noir 74% (pâte de cacao*, sucre*, beurre de cacao*, vanille en poudre*), matière grasse végétale (coprah*), cacao en poudre*. 74% de chocolat à 55% de cacao.
*Produits issus de l'agriculture biologique. 
Traces éventuelles de gluten, amandes, lait, noisettes, œufs, pistaches et soja.",,
3800129403013,bino,Fanta,"bg:газирана-напитка, bg:сок",bulgaria,,,,unknown,,unknown,,,
7700825001017,,Fanta,,argentina,,,,unknown,,,,,
4780069000741,Fanta,Fanta,"beverages-and-beverages-preparations, plant-based-foods-and-beverages, beverages, plant-based-beverages, carbonated-drinks, fruit-based-beverages, sodas, fruit-sodas",russia,,,,unknown,,,,,
7290011018467,Fanta Exotic,Fanta,,israel,,,,unknown,,unknown,,,44.0
4260301528825,Fanta White Peach,Fanta,,germany,,,,unknown,,,,,
0751131910873,Mélasse qualité fantaisie pure,,,ireland,,,,unknown,,,,,
5000112650716,"Fanta Appelsin 1,5l flaske",Coca-cola europacific partners norge as,,norway,,,,unknown,4.0,,"Kullsyreholdig vann, sukker, appelsinjuice fra konsentrat 4.5%, surhetsregulerende middel (e330), naturlig appelsinaroma med andre naturlige aromaer, søtstoff (acesulfam k, aspartam), stabilisator (e414, e445, e412), antioksidant (e300), frukt - og vegetabilsk konsentrat (gulrot, solbær), fargestoff (e160a).",,
5000112636901,"Fanta Exotic 0,5l flaske","Fanta, Coca-Cola Company, Coca-cola europacific partners norge as","beverages-and-beverages-preparations, plant-based-foods-and-beverages, beverages, plant-based-beverages, carbonated-drinks, fruit-based-beverages, sodas, fruit-sodas",norway,,,,e,4.0,,"Kullsyreholdig vann, sukker, juice fra konsentrat 3% (appelsin 2,6%, pasjonsfrukt 0,2%, fersken 0,2%), sitrusekstrakt, syre (E330), frukt - og vegetabilsk konsentrat (solbær, gulrot svartsurbær, hyllebær, sitron, saflor) naturlige aromaer, stabilisatorer (E445, E414).",,
5000112595581,"Fanta Appelsin Zero 0,5l flaske",Coca-cola europacific partners norge as,,norway,,,,unknown,4.0,unknown,"Kullsyreholdig vann, appelsinjuice fra konsentrat (7%), surhetsregulerende middel ( e330, e296, e331), søtstoff (acesulfam k, aspartam, sukralose), naturlig appelsinaroma med andre naturlige aromaer, antioksidant (e300), stabilisator (e412), fargestoff (e160a). inneholder en kilde til fenylalanin. med et naturlig innhold av sukker fra fruktjuice",,
5000112669244,Fanta orange zero sucres x24,Fanta,,france,,,,unknown,,,,,
5000112597356,"Fanta Appelsin Zero Sugar 1,5l flaske",Coca-cola europacific partners norge as,,norway,,,,unknown,4.0,unknown,"Kullsyreholdig vann, appelsinjuice fra konsentrat (7%), surhetsregulerende middel ( e330, e296, e331), søtstoff (acesulfam k, aspartam, sukralose), naturlig appelsinaroma med andre naturlige aromaer, antioksidant (e300), stabilisator (e412), fargestoff (e160a). inneholder en kilde til fenylalanin. med et naturlig innhold av sukker fra fruktjuice.",,
93571968,Fanta Raspberry 300ml,Fanta,"beverages-and-beverages-preparations, beverages","australia, germany",,,,d,,,,,
5449000285041,"Fanta Uten Sukker 10stk x 0,33l, 3,3l",COCA-COLA EUROPEAN PARTNERS NORGE A,,norway,,,,unknown,,unknown,,,
5000112673913,Fanta fruit twist,Fanta,,united-kingdom,,,,unknown,,,,,
9556348911252,FANTASY Snack & Chips,,,malaysia,,,,unknown,,unknown,,,
7090010570405,Romstad Fantastisk Krydder 50g,SPESIALGROSSISTEN AS,,norway,,,,unknown,,unknown,,,
5000112626483,"Fanta Orange 0,33l",COCA-COLA EUROPEAN PARTNERS NORGE A,,norway,,,,unknown,,unknown,,,
4028329155948,fantastic Tick,milchschikolade,,germany,,,,unknown,,,,,
5449000319647,,Fanta,,belgium,,,,unknown,,,,,
3481291029104,Truffes Fantaisie,Chocolat Mathez,,france,,,,unknown,,,,,
51619985,,Fanta,,france,,,,unknown,,,,,
5449000102393,Fanta Zero Zuccheri Aggiunti,Fanta,"beverages-and-beverages-preparations, plant-based-foods-and-beverages, beverages, plant-based-beverages, carbonated-drinks, fruit-based-beverages, carbonated-fruit-soft-drink, beverages-with-orange",italy,,,,c,4.0,,"Acqua, succo di arancia da concentrato (12%), anidride carbonica, acidificante acido citrico, aromi naturali di agrumi, correttore di acidità citrato trisodico, edulcoranti ciclammato di sodio, acesulfame K e aspartame, stabilizzante gomma d'acacia, antiossidante acido ascorbico.",,
5449000330420,,Fanta,"beverages-and-beverages-preparations, beverages, carbonated-drinks",bulgaria,,,,unknown,,,,0.2,2.0
4901762818864,Double Fantasy Vietnamese Coffee flavour,Chateraise,,singapore,,,,unknown,,unknown,,14.8,259.0
8901725112646,Dark Fantasy Desserts Choco Chunks,Sunfeast,,india,,,,unknown,,unknown,,39.2,508.0
8901725116828,Dark Fantasy Desserts Choco Nut Dipped,Sunfeast,,india,,,,unknown,,,,38.1,548.0
0367703412036,Fatigued to Fantastic! Energy Revitalization Drink Mix,Terry Naturally,,united-states,,,,unknown,,unknown,,,208.0
7401006420817,Fanta Naranja 2 litros,Fanta,,spain,,,,unknown,,,,,
7401006420152,Fanta Naranja 3 litros,,,spain,,,,unknown,,,,,
7401006421159,Fanta uva 3 lts,Fanta,,spain,,,,unknown,,,,,
7401006420220,Fanta 355 ml,Fanta,,spain,,,,unknown,,,,,
7401006420480,Fanta Naranja 3 litros,Fanta,,spain,,,,unknown,,,,,
3290041002423,Truffes fantaisie,,,france,,,,unknown,,,,,
8710296451272,Cranberry cookis,Fantastic Work!,"snacks, sweet-snacks, biscuits-and-cakes, biscuits-and-crackers, biscuits, drop-cookies",netherlands,,,,e,,,,31.0,480.0
6954767493473,Fanta Pineapple,Fanta,,united-kingdom,,,,unknown,,,,,
5000112673920,Orange,Fanta,,united-kingdom,,,,unknown,,,,,
3481292301681,Truffes fantaisie,Chocolat Mathez,"snacks, sweet-snacks, cocoa-and-its-products, chocolates",france,,Internet,,e,4.0,,"Chocolat noir 70,5% (pâte de cacao*, sucre*, beurre de cacao*, vanille* en poudre), matière grasse végétale (coprah*), éclats de caramel au beurre salé 5% (sirop de glucose*, sucre de canne*, _beurre_* 0,4%, sel de Guérande 0,02%), cacao* en poudre. 70,5% de chocolat à 55% de cacao
*Produits issus de l'agriculture biologique",,
9555589218182,Fanta oren kecil,Fanta,,malaysia,,,,unknown,,,,,
5000112665901,Fanta Zero Ireland,Fanta,,ireland,,,,unknown,,,,,
5449000215789,Fanta Orange,Fanta,"beverages-and-beverages-preparations, plant-based-foods-and-beverages, beverages, plant-based-beverages, carbonated-drinks, fruit-based-beverages, artificially-sweetened-beverages, sodas, fruit-sodas, carbonated-fruit-soft-drink, orange-soft-drinks, sweetened-beverages",united-kingdom,,Tesco,,d,4.0,,"Carbonated Water, Sugar, Orange Juice From Concentrate (3.7%), Citrus Fruit From Concentrate (1.30), Acids (Citric Acid, Malic Acid), Vegetable Extracts (Carrot, Pumpkin), Sweeteners (Acesulfame K, Sucralose), Preservative (Potassium Sorbate), Acidity Regulator (Sodium Citrates), Stabiliser (Guar Gum), Natural Orange Flavourings With Other Natural Flavourings, Antioxidant (Ascorbic Acid).",,
4260517180633,Fanta Traube,Fanta,,germany,,,,unknown,,,,,
4262450680553,fanta,Fanta,,germany,,,,unknown,,,,,
6130003014347,fanta canit 24cl,,"beverages-and-beverages-preparations, beverages, carbonated-drinks, sodas",france,,,,unknown,,,,,
5000112673944,Pineapple & Grapefruit,Fanta,"beverages-and-beverages-preparations, plant-based-foods-and-beverages, beverages, plant-based-beverages, carbonated-drinks, fruit-based-beverages, artificially-sweetened-beverages, sodas, fruit-sodas, carbonated-fruit-soft-drink, sweetened-beverages",united-kingdom,,,,d,4.0,,"Carbonated Water, Fruit Juices From Concentrate 5% (Pineapple, Grapefruit), Sugar, Acid (Citric Acid), Antioxidant (Ascorbic Acid), Sweeteners (Acesulfame K, Aspartame, Sodium Saccharin), Preservative (Potassium Sorbate). Flavourings, Stabilisers (Acacia Gum, Guar Gum, Sucrose Acetate Isobutyrate, Glycerol Esters Wood Rosins), Colour (Carotenes). Contains a Source of Phenylalanine.",,
9310155012348,"Tomatoe, Red Onion & Balsamic Rice Crackers",Fantastic,,australia,,,,unknown,,,,3.2,430.0
9310645255279,Fantasy cones vanilla & raspberry,Coles,,australia,,,,unknown,,,,25.3,295.0
9300675094344,Pineapple No Sugar,Fanta,,australia,,,,unknown,,,,,0.574
5901583920707,Karmelowa fantazja,,,poland,,,,unknown,,,,,
0049000533873,Fanta 12oz can,,,united-states,,,,unknown,,,,44.0,160.0
42358367,FANT fruitwist 40,Fanta,"beverages-and-beverages-preparations, beverages, sweetened-beverages",united-kingdom,,,,c,4.0,,"Carbonated Water, Fruit Juices From Concentrate 4.4% (Orange 3.4%, Peach 0.5%, Apple 0.4%, Passion Fruit 0.12), Sugar, Vegetable And Plant Concentrates (Carrot, Safflower), Acids (Citric Acid, Malic Aci Sweeteners (Acesulfame K spartame). Preservative (Potassium Sorbate). Natural Flavouring, Stabilisers e of an average (Glycerol Esters Of Wood Rosins,",,
5000112659573,Lemon Zero Sugar,Fanta,"beverages-and-beverages-preparations, beverages, carbonated-drinks, sodas",netherlands,,,,unknown,,,,,
03605752,Fanta de naranja,fanta,,spain,,,,unknown,,,,,
59492788,fanta mango,fanta,,romania,,,,unknown,,,,,
4008759119567,Fantasia,Casa di Pietro,,germany,,,,unknown,,,,,
4262453620037,fanta strawberry,,,germany,,,,unknown,,,,,
5942321000251,,Fanta,"beverages-and-beverages-preparations, beverages","germany, romania",,,,b,,,,,
5449000052599,Fanta λεμονάδα 1.5lt,,,greece,,,,unknown,,,,,
9300675095174,Fanta Grape Zero Sugar,Fanta,,australia,,,,unknown,,,"Ⓡ FANTA zero sugar NUTRITION INFORMATION Servings per package: 5 Serving size: 250 m Average Quantity Per Serving Per 100 ml Energy 11.7 kJ 4.7kJ Soft Drink contains: 2.8 Cal 1.1 Cal Carbonated Water, Food Acids (330, 331), Protein Og Og Flavour, Sweeteners (952,950,955), Preservative (202), Colours (122, 142). Fat, total Og local ingredients. Made in Australia from imported and - saturated Og 09 Carbohydrate Og Og Og Store in a cool place. - sugars Og For best before date see neck of bottle. Dietary Fibre Og 10.3 mg 26 mg Sodium 回家 Prepared and bottled by Coca-Cola Europacific Partners Australia Pty Ltd, 102 Briens Road, Northmead NSW 2152 Australia, under authority of The Coca-Cola Company owner of the trade mark 'Fanta coca-colacompany.com/au G 02024 The Coca-Cola Company 1800 025 123",0.0,1.12
5449000270023,fanta zero 2l,Fanta,"beverages-and-beverages-preparations, beverages, carbonated-drinks, sodas",croatia,,,,unknown,,,,,
0046002038276,Insalata di orzo fantasia,,,united-states,,,,unknown,,,,,138.0
4260301525404,Fanta Zero Guaraná,Fanta,,germany,,,,unknown,,,,,
00852952,fanta china apfel,,,germany,,,,unknown,,,,,
8935001718918,Mentos Fanta,Leo Nhai,,germany,,,,unknown,,,,,
3856026707228,Whey Protein Belgian Choco Fantasy,Zoe Nutrition,,croatia,,,,unknown,,,,7.6,444.0
6285602012697,Deemah Fantasy Cake,Deemah,,bahrain,,,,unknown,,,,31.0,391.0
8901725009489,dark fantasy,,,india,,,,unknown,,,,,
6133166000752,فنتا برتقال 33,Fanta,,france,,,,unknown,,,,,
4792229305801,fanta,coca cola,,united-kingdom,,,,unknown,,,,,
5000112673869,Pineapple And Grapefruit Fanta,Fanta,"beverages-and-beverages-preparations, beverages, carbonated-drinks, carbonated-fruit-soft-drink",canada,,,,c,,,,,
7004712646238,Fanta Citroen Zero Sugar,Fanta,,netherlands,,,,unknown,,,,0.2,2.15105162523901
8711000487662,Cocoa Fantasy,Jacobs Douwe Egberts,,germany,,,,unknown,,,,,
9300675095136,Grape Fanta Zero Sugar,Fanta,,australia,,,,unknown,,,,,1.12
4061459492286,Fantastico Hazelnut,Finest Bakery,,switzerland,,,,unknown,,,,,
5000112672558,Fanta Exotic,Fanta,"beverages-and-beverages-preparations, plant-based-foods-and-beverages, beverages, plant-based-beverages, carbonated-drinks, fruit-based-beverages, sodas, fruit-sodas, sweetened-beverages",germany,,,,c,,,"A R ZZZZZZZ 一 chittlichen Erwachsenes 25=1 Partin Kan and tracks lagert, Geil servieren. Mindestens other is Ende sa Dusenden Migung von THE COCA-COLA COMPANY SCAN. PLAYE Brennwert: chun teln. Z Sauerung umcycla hergestell Aroma Ko 13.05 date. Enthält eine Nährwerta Fett: davon gesättigte Fet Kohlenhydrate: davon Zucker: Eiweiß: Salz: *Referenzm (8400 kJ Kühl un haltba Mit hers DE, 838/226 069 069 www.coke.de",,
8585027921498,fantazija paukštukams,,,lithuania,,,,unknown,,,,,
6485696291040,GAUFRES FANTASIA,Les Renardises,"snacks, sweet-snacks, biscuits-and-cakes, pastries, waffles, cocoa-glaze-coated-waffles",france,,,,e,4.0,,"Farine de froment, margarine [huiles et graisses végétales (palme, colza - en proportions variables), eau, émulsifiants (lécithine de soja, mono - et diglycérides d'acides gras), sel, correcteur d'acidité (acide citrique), arômes naturels, colorant (bêta-carotène)], sucre, nappage parfum cacao (15,4%) [sucre, graisses végétales (coco, palme - en proportions variables), cacao maigre en poudre, stabilisant (E492), émulsifiant (lécithine de soja), arôme",,
5714319001409,Fanta Green Apple,Fanta Japan,,norway,,,,unknown,,,,11.2,47.0
0860009657014,Fresh & Clean,Her Fantasy Box,,united-states,,,,unknown,,,"Boric Acid, Vegetable Capsule",,
54011823,fanta lemon 33cl pet,Fanta,"beverages-and-beverages-preparations, beverages, sweetened-beverages",morocco,,,,unknown,,,,,
5310153016854,Лютеница Македонска,Sunny Fantasy,,bulgaria,,,,unknown,,,,2.94,100.9
4068261087266,Fantasia Wafels,Valerie,,netherlands,,,,unknown,,,,30.3,461.0
9310155010771,Sweet Chill & Sour Cream Delites,Fantastic,,australia,,,,unknown,,,,5.0,402.0
4262450680584,Fanta Peach USA,Fanta,,germany,,,,unknown,,,,,
6253002410559,DONUT 52 FANTASY WEEKS RASPBERRY COCONUT,,,argentina,,,,unknown,,,,,
54026834,Orange,Fanta,"beverages-and-beverages-preparations, plant-based-foods-and-beverages, beverages, plant-based-beverages, carbonated-drinks, fruit-based-beverages, sodas, fruit-sodas, orange-soft-drinks, sweetened-beverages",austria,,,,e,4.0,,"Wasser, Zucker, Orangensaft aus Orangensaftkonzentrat 5%, Kohlensäure, Zitronensäure, natürliches Orangenaroma mit anderen natürlichen Aromen, Ascorbinsäure, Guarkernmehl, Carotin",,
8442664214539,fanta fruit twist,,,united-kingdom,,,,unknown,4.0,,"carbonated water, fruit juices from concentrate 4,4% (orange 3,4%, peach 0,5%, apple 0,4%, passion fruit 0,1%), acids (citric acid malic acid), preservative (potassium sorbate), vegetable and plant concentrates (carrot, safflower), sweeteners (aspartame acesulfame k), natural flavourings, stabilisers (glycerol esters of wood rosins, guar gum), contains a source of phenylalanine,",,
8720938893223,Fanta Pineapple,Fanta,,germany,,,,unknown,,,,,
6430057698037,Fanta White Peach,Fanta,,finland,,,,unknown,,,,4.9,20.0764818355641
5714319001386,Japansk Fanta Grape,Fanta,,norway,,,,unknown,,,,0.0,19.0
7441003520486,Fanta Naranja,Dos Pinos,,costa-rica,,,,unknown,,,,,
5000112504859,Fanta Zero,Fanta,,netherlands,,,,unknown,4.0,,"Sprankelend water; sinaasappelsap uit concentraat (4%); voedingszuren: citroenzuur, appelzuur, natriumcitraat; zoetstoffen: aspartaam, acesulfaam-K; conserveermiddel: kaliumsorbaat; antioxidant: ascorbinezuur; natuurlijke sinaasappelaroma's met andere natuurlijke aroma's; wortelconcentraat; stabilisator: guarpitmeel; kleurstof: carotenen.",,
8435608807058,kombucha orange fantasy,Flax,"beverages-and-beverages-preparations, beverages, fermented-foods, fermented-drinks, tea-based-beverages, kombuchas",spain,,,,b,4.0,,"93,8% té kombucha (agua, azúcar*, 0,5% té verde, cultivo de kombucha [simbiosis de bacterias y Levaduras]), 4,7% zumo de naranja cold-pressed, 1% zumo de limón cold-pressed, aroma natural, colorante (beta-caroteno). dióxido de carbono.",,
8909081000270,Sanfeast Dark fantasy chocolate cream,itc,,india,,,,unknown,,,,,
2879730002848,Stek House Fries Fantak,Fantastico,,bulgaria,,,,unknown,,,,0.6,130.0
5000112677324,Raspberry Zero Sugar,Fanta,"beverages-and-beverages-preparations, beverages, carbonated-drinks, carbonated-fruit-soft-drink",united-kingdom,,,,c,4.0,,"Carbonated Water, Lemon Juice From Concentrate (3%), Acids (Malic Acid, Citric Acid). Sweeteners (Cyclamates. Acesulfame-K, Sucralose). Natural Flavourings. Vegetable And Fruit Concentrates (Sweet Potato, Carrot, Cherry). Preservative (Potassium Sorbate).",,
8909081005046,Dark Fantasy Choco Fills,Sunfeast,"snacks, sweet-snacks, biscuits-and-cakes, biscuits-and-crackers, biscuits, chocolate-biscuits",india,,,,e,,,,35.7,504.0
4260517181319,Houng Soda Kem Trai Cay,Fanta,,germany,,,,unknown,,,,,
4974364648013196,"Applebee's, Orange Fanta, 16 Oz",Applebee's,"beverages-and-beverages-preparations, beverages",united-states,,,,b,,,undefined,1.27,5.92
7850304592947357382072,"Applebee's, Orange Fanta, 30 Oz",Applebee's,"beverages-and-beverages-preparations, beverages",united-states,,,,b,,,undefined,0.564,2.25
950271224898226242249,"Applebee's, Strawberry Fanta, 16 Oz",Applebee's,"beverages-and-beverages-preparations, beverages",united-states,,,,b,,,undefined,1.48,5.92
43269046973380493,"Applebee's, Strawberry Fanta, 30 Oz",Applebee's,"beverages-and-beverages-preparations, beverages",united-states,,,,b,,,undefined,0.676,2.71
4182909984557823403862,"Auntie Anne's, Orange Fanta, 16 Oz",Auntie Anne's,"beverages-and-beverages-preparations, beverages",united-states,,,,c,,,undefined,2.11,8.45
122427342499919789416,"Auntie Anne's, Orange Fanta, 21 Oz",Auntie Anne's,"beverages-and-beverages-preparations, beverages",united-states,,,,b,,,undefined,1.61,6.44
922719684228388954224,"Auntie Anne's, Orange Fanta, 32 Oz",Auntie Anne's,"beverages-and-beverages-preparations, beverages",united-states,,,,b,,,undefined,1.06,4.23
21606694599463276743,"Burger King, Fanta Orange, 16 Fl Oz",Burger King,"beverages-and-beverages-preparations, beverages",united-states,,,,c,,,undefined,2.75,11.8
28470880407488954015536,"Burger King, Fanta Orange, 20 Fl Oz",Burger King,"beverages-and-beverages-preparations, beverages",united-states,,,,c,,,undefined,2.37,9.47
47364972767889,"Burger King, Fanta Orange, 29 Fl Oz",Burger King,"beverages-and-beverages-preparations, beverages",united-states,,,,b,,,undefined,1.63,6.53
89833676489354538681,"Burger King, Fanta Orange, 38 Fl Oz",Burger King,"beverages-and-beverages-preparations, beverages",united-states,,,,b,,,undefined,1.25,4.98
101817004962879742861,"Burger King, Frozen Fanta Cherry ICEE",Burger King,"beverages-and-beverages-preparations, beverages",united-states,,,,b,,,undefined,1.48,5.92
307526704168469618281,"California Pizza Kitchen, Fanta Orange",California Pizza Kitchen,"beverages-and-beverages-preparations, beverages",united-states,,,,e,,,undefined,37.0,152.0
59028449388798250777,"California Pizza Kitchen, Fanta Punch",California Pizza Kitchen,"beverages-and-beverages-preparations, beverages",united-states,,,,e,,,undefined,38.0,152.0
85359415523365927632,"Church's Chicken, Fanta Apple, Large",Church's Chicken,"beverages-and-beverages-preparations, beverages",united-states,,,,b,,,undefined,1.58,6.31
144091455895900,"Church's Chicken, Fanta Apple, Regular",Church's Chicken,"beverages-and-beverages-preparations, beverages",united-states,,,,c,,,undefined,2.15,8.61
9046709410334678307,"Church's Chicken, Fanta Cherry, Large",Church's Chicken,"beverages-and-beverages-preparations, beverages",united-states,,,,b,,,undefined,1.58,6.31
48900643853941789,"Church's Chicken, Fanta Cherry, Regular",Church's Chicken,"beverages-and-beverages-preparations, beverages",united-states,,,,b,,,undefined,2.0,7.99
55245239246590048969,"Church's Chicken, Fanta Grape, Large",Church's Chicken,"beverages-and-beverages-preparations, beverages",united-states,,,,b,,,undefined,1.58,6.31
22316965024883629299,"Church's Chicken, Fanta Grape, Regular",Church's Chicken,"beverages-and-beverages-preparations, beverages",united-states,,,,c,,,undefined,2.15,8.61
3274730417452589,"Church's Chicken, Fanta Orange, Large",Church's Chicken,"beverages-and-beverages-preparations, beverages",united-states,,,,b,,,undefined,1.58,6.31
57934348838214761,"Church's Chicken, Fanta Orange, Regular",Church's Chicken,"beverages-and-beverages-preparations, beverages",united-states,,,,b,,,undefined,2.0,8.61
70117765448718336239339,"Church's Chicken, Fanta Strawberry, Large",Church's Chicken,"beverages-and-beverages-preparations, beverages",united-states,,,,b,,,undefined,1.69,6.76
383664941922118935390,"Church's Chicken, Fanta Strawberry, Regular",Church's Chicken,"beverages-and-beverages-preparations, beverages",united-states,,,,c,,,undefined,2.31,9.22
666509438382184177355,"Del Taco, Fanta Orange, Kids, 12 Oz",Del Taco,"beverages-and-beverages-preparations, beverages",united-states,,,,unknown,,,undefined,2.54,11.3
8438654770677068498,"Del Taco, Fanta Orange, Macho, 42 Oz",Del Taco,"beverages-and-beverages-preparations, beverages",united-states,,,,unknown,,,undefined,0.725,3.22
8082963418334282785,"Del Taco, Fanta Orange, Medium, 30 Oz",Del Taco,"beverages-and-beverages-preparations, beverages",united-states,,,,unknown,,,undefined,1.01,4.51
65544928578158,"Del Taco, Fanta Orange, Small, 20 Oz",Del Taco,"beverages-and-beverages-preparations, beverages",united-states,,,,unknown,,,undefined,1.69,6.76
91798671424266227060760,"El Pollo Loco, Fanta Orange, Large",El Pollo Loco,"beverages-and-beverages-preparations, beverages",united-states,,,,b,,,undefined,1.9,8.22
42432344904539931,"El Pollo Loco, Fanta Orange, Small",El Pollo Loco,"beverages-and-beverages-preparations, beverages",united-states,,,,c,,,undefined,2.78,12.1
50356574431855461911,"Firehouse Subs, Diet Fanta Vanilla, Specialty, 12 Fl Oz",Firehouse Subs,"beverages-and-beverages-preparations, beverages",united-states,,,,b,,,undefined,0.0,0.0
6302546489985531157672,"Firehouse Subs, Diet Fanta Vanilla, Specialty, 22 Fl Oz",Firehouse Subs,"beverages-and-beverages-preparations, beverages",united-states,,,,b,,,undefined,0.0,0.0
46919350461965674877,"Firehouse Subs, Diet Fanta Vanilla, Specialty, 32 Fl Oz",Firehouse Subs,"beverages-and-beverages-preparations, beverages",united-states,,,,b,,,undefined,0.0,0.0
6458454006211772790,"Firehouse Subs, Diet Fanta Vanilla, Specialty, 44 Fl Oz",Firehouse Subs,"beverages-and-beverages-preparations, beverages",united-states,,,,b,,,undefined,0.0,0.0
780545249849599103,"Firehouse Subs, Fanta Cherry, 12 Fl Oz",Firehouse Subs,"beverages-and-beverages-preparations, beverages",united-states,,,,c,,,undefined,3.66,14.7
238865954748045371067173,"Firehouse Subs, Fanta Cherry, 22 Fl Oz",Firehouse Subs,"beverages-and-beverages-preparations, beverages",united-states,,,,b,,,undefined,2.0,7.99
78608510048770938784,"Firehouse Subs, Fanta Cherry, 32 Fl Oz",Firehouse Subs,"beverages-and-beverages-preparations, beverages",united-states,,,,b,,,undefined,1.37,5.49
360606241931989650,"Firehouse Subs, Fanta Cherry, 44 Fl Oz",Firehouse Subs,"beverages-and-beverages-preparations, beverages",united-states,,,,b,,,undefined,0.999,4.0
80529645838443,"Firehouse Subs, Fanta Fruit Punch, 12 Fl Oz",Firehouse Subs,"beverages-and-beverages-preparations, beverages",united-states,,,,c,,,undefined,3.66,14.7
345516824828620722452,"Firehouse Subs, Fanta Fruit Punch, 22 Fl Oz",Firehouse Subs,"beverages-and-beverages-preparations, beverages",united-states,,,,b,,,undefined,2.0,7.99
6497804944936869777,"Firehouse Subs, Fanta Fruit Punch, 32 Fl Oz",Firehouse Subs,"beverages-and-beverages-preparations, beverages",united-states,,,,b,,,undefined,0.211,5.49
7539239447824607597,"Firehouse Subs, Fanta Fruit Punch, 44 Fl Oz",Firehouse Subs,"beverages-and-beverages-preparations, beverages",united-states,,,,b,,,undefined,0.999,4.0
355019844698876496738999,"Firehouse Subs, Fanta Grape, 12 Fl Oz",Firehouse Subs,"beverages-and-beverages-preparations, beverages",united-states,,,,c,,,undefined,3.66,14.7
337450632711122,"Firehouse Subs, Fanta Grape, 22 Fl Oz",Firehouse Subs,"beverages-and-beverages-preparations, beverages",united-states,,,,b,,,undefined,2.0,7.99
567572431116977004,"Firehouse Subs, Fanta Grape, 32 Fl Oz",Firehouse Subs,"beverages-and-beverages-preparations, beverages",united-states,,,,b,,,undefined,1.37,5.49
904303413209368673,"Firehouse Subs, Fanta Grape, 44 Fl Oz",Firehouse Subs,"beverages-and-beverages-preparations, beverages",united-states,,,,b,,,undefined,0.999,4.0
93428848848561578,"Firehouse Subs, Fanta Lime, 12 Fl Oz",Firehouse Subs,"beverages-and-beverages-preparations, beverages",united-states,,,,c,,,undefined,3.66,14.7
9485157424909165883,"Firehouse Subs, Fanta Lime, 22 Fl Oz",Firehouse Subs,"beverages-and-beverages-preparations, beverages",united-states,,,,b,,,undefined,2.0,7.99
97335884738134426577907,"Firehouse Subs, Fanta Lime, 32 Fl Oz",Firehouse Subs,"beverages-and-beverages-preparations, beverages",united-states,,,,b,,,undefined,1.37,5.49
426769294691729914,"Firehouse Subs, Fanta Lime, 44 Fl Oz",Firehouse Subs,"beverages-and-beverages-preparations, beverages",united-states,,,,b,,,undefined,0.999,4.0
8492485423973563907,"Firehouse Subs, Fanta Orange, 12 Fl Oz",Firehouse Subs,"beverages-and-beverages-preparations, beverages",united-states,,,,c,,,undefined,3.66,14.7
3980416935467443585,"Firehouse Subs, Fanta Orange, 22 Fl Oz",Firehouse Subs,"beverages-and-beverages-preparations, beverages",united-states,,,,b,,,undefined,2.0,7.99
51835472044988448121731078,"Firehouse Subs, Fanta Orange, 32 Fl Oz",Firehouse Subs,"beverages-and-beverages-preparations, beverages",united-states,,,,b,,,undefined,1.37,5.49
351732664504907929,"Firehouse Subs, Fanta Orange, 44 Fl Oz",Firehouse Subs,"beverages-and-beverages-preparations, beverages",united-states,,,,b,,,undefined,0.999,4.0
16047571245220465,"Firehouse Subs, Fanta Peach, 12 Fl Oz",Firehouse Subs,"beverages-and-beverages-preparations, beverages",united-states,,,,c,,,undefined,3.66,14.7
36565795204958020097081726,"Firehouse Subs, Fanta Peach, 22 Fl Oz",Firehouse Subs,"beverages-and-beverages-preparations, beverages",united-states,,,,b,,,undefined,2.0,7.99
19283606489977760070580,"Firehouse Subs, Fanta Peach, 32 Fl Oz",Firehouse Subs,"beverages-and-beverages-preparations, beverages",united-states,,,,b,,,undefined,1.37,5.49
78034947479371368712,"Firehouse Subs, Fanta Peach, 44 Fl Oz",Firehouse Subs,"beverages-and-beverages-preparations, beverages",united-states,,,,b,,,undefined,0.999,4.0
43684273895020110,"Firehouse Subs, Fanta Raspberry, 12 Fl Oz",Firehouse Subs,"beverages-and-beverages-preparations, beverages",united-states,,,,c,,,undefined,3.66,14.7
80009904394400,"Firehouse Subs, Fanta Raspberry, 22 Fl Oz",Firehouse Subs,"beverages-and-beverages-preparations, beverages",united-states,,,,b,,,undefined,2.0,7.99
62753974929977504143440,"Firehouse Subs, Fanta Raspberry, 32 Fl Oz",Firehouse Subs,"beverages-and-beverages-preparations, beverages",united-states,,,,b,,,undefined,1.37,5.49
44189143680693168381,"Firehouse Subs, Fanta Raspberry, 44 Fl Oz",Firehouse Subs,"beverages-and-beverages-preparations, beverages",united-states,,,,b,,,undefined,0.999,4.0
5385044606144938658,"Firehouse Subs, Fanta Strawberry, 12 Fl Oz",Firehouse Subs,"beverages-and-beverages-preparations, beverages",united-states,,,,c,,,undefined,3.66,14.7
145346498414778858319,"Firehouse Subs, Fanta Strawberry, 22 Fl Oz",Firehouse Subs,"beverages-and-beverages-preparations, beverages",united-states,,,,b,,,undefined,2.0,7.99
6926254995276652482,"Firehouse Subs, Fanta Strawberry, 32 Fl Oz",Firehouse Subs,"beverages-and-beverages-preparations, beverages",united-states,,,,b,,,undefined,1.37,5.49
346842874509588666668,"Firehouse Subs, Fanta Strawberry, 44 Fl Oz",Firehouse Subs,"beverages-and-beverages-preparations, beverages",united-states,,,,b,,,undefined,0.999,4.0
29196470260388901636,"Firehouse Subs, Fanta Vanilla, Specialty, 12 Fl Oz",Firehouse Subs,"beverages-and-beverages-preparations, beverages",united-states,,,,c,,,undefined,3.66,14.7
31159046488895083183,"Firehouse Subs, Fanta Vanilla, Specialty, 22 Fl Oz",Firehouse Subs,"beverages-and-beverages-preparations, beverages",united-states,,,,b,,,undefined,2.0,7.99
50837424558985892249,"Firehouse Subs, Fanta Vanilla, Specialty, 32 Fl Oz",Firehouse Subs,"beverages-and-beverages-preparations, beverages",united-states,,,,b,,,undefined,1.37,5.49
2372974492665619350,"Firehouse Subs, Fanta Vanilla, Specialty, 44 Fl Oz",Firehouse Subs,"beverages-and-beverages-preparations, beverages",united-states,,,,b,,,undefined,0.999,4.0
27545991408125968,"Firehouse Subs, Fanta Zero Cherry, 12 Fl Oz",Firehouse Subs,"beverages-and-beverages-preparations, beverages",united-states,,,,b,,,undefined,0.0,0.0
2291421439917456002,"Firehouse Subs, Fanta Zero Cherry, 22 Fl Oz",Firehouse Subs,"beverages-and-beverages-preparations, beverages",united-states,,,,b,,,undefined,0.0,0.0
33719621498625192323,"Firehouse Subs, Fanta Zero Cherry, 32 Fl Oz",Firehouse Subs,"beverages-and-beverages-preparations, beverages",united-states,,,,b,,,undefined,0.0,0.0
53926295674113458030428,"Firehouse Subs, Fanta Zero Cherry, 44 Fl Oz",Firehouse Subs,"beverages-and-beverages-preparations, beverages",united-states,,,,b,,,undefined,0.0,0.0
737684320687343,"Firehouse Subs, Fanta Zero Fruit Punch, 12 Fl Oz",Firehouse Subs,"beverages-and-beverages-preparations, beverages",united-states,,,,b,,,undefined,0.0,0.0
4170147342866895425,"Firehouse Subs, Fanta Zero Fruit Punch, 22 Fl Oz",Firehouse Subs,"beverages-and-beverages-preparations, beverages",united-states,,,,b,,,undefined,0.0,0.0
89206499217388029162,"Firehouse Subs, Fanta Zero Fruit Punch, 32 Fl Oz",Firehouse Subs,"beverages-and-beverages-preparations, beverages",united-states,,,,b,,,undefined,0.0,0.0
3450379724128838801312,"Firehouse Subs, Fanta Zero Fruit Punch, 44 Fl Oz",Firehouse Subs,"beverages-and-beverages-preparations, beverages",united-states,,,,b,,,undefined,0.0,0.0
272127494272644203,"Firehouse Subs, Fanta Zero Grape, 12 Fl Oz",Firehouse Subs,"beverages-and-beverages-preparations, beverages",united-states,,,,b,,,undefined,0.0,0.0
32721491256897593673,"Firehouse Subs, Fanta Zero Grape, 22 Fl Oz",Firehouse Subs,"beverages-and-beverages-preparations, beverages",united-states,,,,b,,,undefined,0.0,0.0
8074241428423418653,"Firehouse Subs, Fanta Zero Grape, 32 Fl Oz",Firehouse Subs,"beverages-and-beverages-preparations, beverages",united-states,,,,b,,,undefined,0.0,0.0
61413778547488564497,"Firehouse Subs, Fanta Zero Grape, 44 Fl Oz",Firehouse Subs,"beverages-and-beverages-preparations, beverages",united-states,,,,b,,,undefined,0.0,0.0
3892375446452306825,"Firehouse Subs, Fanta Zero Lime, 12 Fl Oz",Firehouse Subs,"beverages-and-beverages-preparations, beverages",united-states,,,,b,,,undefined,0.0,0.0
277214045517734281,"Firehouse Subs, Fanta Zero Lime, 22 Fl Oz",Firehouse Subs,"beverages-and-beverages-preparations, beverages",united-states,,,,b,,,undefined,0.0,0.0
677214448354254157,"Firehouse Subs, Fanta Zero Lime, 32 Fl Oz",Firehouse Subs,"beverages-and-beverages-preparations, beverages",united-states,,,,b,,,undefined,0.0,0.0
43234653494383530882024,"Firehouse Subs, Fanta Zero Lime, 44 Fl Oz",Firehouse Subs,"beverages-and-beverages-preparations, beverages",united-states,,,,b,,,undefined,0.0,0.0
7692032674238330553432,"Firehouse Subs, Fanta Zero Orange, 12 Fl Oz",Firehouse Subs,"beverages-and-beverages-preparations, beverages",united-states,,,,b,,,undefined,0.0,0.0
6009614446767130,"Firehouse Subs, Fanta Zero Orange, 22 Fl Oz",Firehouse Subs,"beverages-and-beverages-preparations, beverages",united-states,,,,b,,,undefined,0.0,0.0
592749125489771565839531,"Firehouse Subs, Fanta Zero Orange, 32 Fl Oz",Firehouse Subs,"beverages-and-beverages-preparations, beverages",united-states,,,,b,,,undefined,0.0,0.0
273740707409641171,"Firehouse Subs, Fanta Zero Orange, 44 Fl Oz",Firehouse Subs,"beverages-and-beverages-preparations, beverages",united-states,,,,b,,,undefined,0.0,0.0
523223850547592003186,"Firehouse Subs, Fanta Zero Peach, 12 Fl Oz",Firehouse Subs,"beverages-and-beverages-preparations, beverages",united-states,,,,b,,,undefined,0.0,0.0
29978394580530,"Firehouse Subs, Fanta Zero Peach, 22 Fl Oz",Firehouse Subs,"beverages-and-beverages-preparations, beverages",united-states,,,,b,,,undefined,0.0,0.0
233731438856359582,"Firehouse Subs, Fanta Zero Peach, 32 Fl Oz",Firehouse Subs,"beverages-and-beverages-preparations, beverages",united-states,,,,b,,,undefined,0.0,0.0
68421992104938,"Firehouse Subs, Fanta Zero Peach, 44 Fl Oz",Firehouse Subs,"beverages-and-beverages-preparations, beverages",united-states,,,,b,,,undefined,0.0,0.0
12196132834529661787406727,"Firehouse Subs, Fanta Zero Raspberry, 12 Fl Oz",Firehouse Subs,"beverages-and-beverages-preparations, beverages",united-states,,,,b,,,undefined,0.0,0.0
767198835408555326583916,"Firehouse Subs, Fanta Zero Raspberry, 22 Fl Oz",Firehouse Subs,"beverages-and-beverages-preparations, beverages",united-states,,,,b,,,undefined,0.0,0.0
8992090841532178015,"Firehouse Subs, Fanta Zero Raspberry, 32 Fl Oz",Firehouse Subs,"beverages-and-beverages-preparations, beverages",united-states,,,,b,,,undefined,0.0,0.0
63946146299275732211,"Firehouse Subs, Fanta Zero Raspberry, 44 Fl Oz",Firehouse Subs,"beverages-and-beverages-preparations, beverages",united-states,,,,b,,,undefined,0.0,0.0
53033168724323859309,"Firehouse Subs, Fanta Zero Strawberry, 12 Fl Oz",Firehouse Subs,"beverages-and-beverages-preparations, beverages",united-states,,,,b,,,undefined,0.0,0.0
31398042390045102252,"Firehouse Subs, Fanta Zero Strawberry, 22 Fl Oz",Firehouse Subs,"beverages-and-beverages-preparations, beverages",united-states,,,,b,,,undefined,0.0,0.0
8485004268774072,"Firehouse Subs, Fanta Zero Strawberry, 32 Fl Oz",Firehouse Subs,"beverages-and-beverages-preparations, beverages",united-states,,,,b,,,undefined,0.0,0.0
573397540655769145,"Firehouse Subs, Fanta Zero Strawberry, 44 Fl Oz",Firehouse Subs,"beverages-and-beverages-preparations, beverages",united-states,,,,b,,,undefined,0.0,0.0
361406891370398,"Friendly's, Fanta Orange",Friendly's,"beverages-and-beverages-preparations, beverages",united-states,,,,e,,,undefined,30.0,120.0
4160636439979177575829,"Friendly's, Fantastic Floats, Barqs Root Beer",Friendly's,"beverages-and-beverages-preparations, beverages",united-states,,,,e,,,undefined,40.0,160.0
64615424492619829,"Golden Corral, Fanta Orange",Golden Corral,"beverages-and-beverages-preparations, beverages",united-states,,,,c,,,undefined,3.66,14.7
317794680474976862361613,"Golden Corral, Fanta Strawberry",Golden Corral,"beverages-and-beverages-preparations, beverages",united-states,,,,c,,,undefined,3.66,14.7
8709498255776718,"IHOP, Fanta Orange, 16 Fl Oz",IHOP,"beverages-and-beverages-preparations, beverages",united-states,,,,b,,,undefined,1.48,6.76
6802338164728863436284,"IHOP, Fanta Orange, 30 Fl Oz",IHOP,"beverages-and-beverages-preparations, beverages",united-states,,,,b,,,undefined,0.902,3.61
993252242329099527435,"Jack In The Box, Fanta Zero, 16 Fl Oz",Jack in the Box,"beverages-and-beverages-preparations, beverages",united-states,,,,b,,,undefined,0.0,0.0
102643696893633,"Jack In The Box, Fanta Zero, 20 Fl Oz",Jack in the Box,"beverages-and-beverages-preparations, beverages",united-states,,,,b,,,undefined,0.0,0.0
9408109460683424536,"Jack In The Box, Fanta Zero, 30 Fl Oz",Jack in the Box,"beverages-and-beverages-preparations, beverages",united-states,,,,b,,,undefined,0.0,0.0
57618519446935612097,"Jack In The Box, Fanta Zero, 40 Fl Oz",Jack in the Box,"beverages-and-beverages-preparations, beverages",united-states,,,,b,,,undefined,0.0,0.0
2120449740839569964,"Jack In The Box, Fanta, 16 Fl Oz",Jack in the Box,"beverages-and-beverages-preparations, beverages",united-states,,,,c,,,undefined,2.75,11.0
8470906444804683710124,"Jack In The Box, Fanta, 20 Fl Oz",Jack in the Box,"beverages-and-beverages-preparations, beverages",united-states,,,,c,,,undefined,2.2,8.79
67174411929307,"Jack In The Box, Fanta, 30 Fl Oz",Jack in the Box,"beverages-and-beverages-preparations, beverages",united-states,,,,b,,,undefined,1.47,5.86
21170024628746787912,"Jack In The Box, Fanta, 40 Fl Oz",Jack in the Box,"beverages-and-beverages-preparations, beverages",united-states,,,,b,,,undefined,1.1,4.4
67111040994117056691476600,"McDonald's, Fanta Orange, Extra Small",McDonald's,"beverages-and-beverages-preparations, beverages",united-states,,,,e,,,undefined,32.0,132.0
116738516642822672915,"McDonald's, Fanta Orange, Large",McDonald's,"beverages-and-beverages-preparations, beverages",united-states,,,,e,,,undefined,32.0,132.0
7422624994147364,"McDonald's, Fanta Orange, Medium",McDonald's,"beverages-and-beverages-preparations, beverages",united-states,,,,e,,,undefined,32.0,132.0
110427876177880,"McDonald's, Fanta Orange, Small",McDonald's,"beverages-and-beverages-preparations, beverages",united-states,,,,e,,,undefined,43.0,176.0
742169344364187421129,"Papa John's, Fanta Orange, 2 Liter",Papa John's,"beverages-and-beverages-preparations, beverages",united-states,,,,e,,,undefined,254.0,1020.0
93448191326363052,"Perkins, Add On Breaded Fantail Shrimp, Fried, 4 Shrimp",Perkins,entrees,united-states,,,,c,,,undefined,2.68,180.0
1559735148424259218,"Popeyes, Fanta Orange",Popeyes,"beverages-and-beverages-preparations, beverages",united-states,,,,b,,,undefined,2.0,7.99
429202047462986884776,"Popeyes, Fanta Strawberry",Popeyes,"beverages-and-beverages-preparations, beverages",united-states,,,,b,,,undefined,2.0,7.99
25359530446855734184022,"Red Robin, Fanta Orange, Adult",Red Robin,"beverages-and-beverages-preparations, beverages",united-states,,,,e,,,undefined,48.0,196.0
8106349084415070168,"Red Robin, Fanta Orange, Kid",Red Robin,"beverages-and-beverages-preparations, beverages",united-states,,,,e,,,undefined,26.0,104.0
370067445982413443997,"Sonic, Fanta Orange, Large",Sonic,"beverages-and-beverages-preparations, beverages",united-states,,,,e,,,undefined,78.0,312.0
901415242306031677,"Sonic, Fanta Orange, Medium",Sonic,"beverages-and-beverages-preparations, beverages",united-states,,,,e,,,undefined,51.0,204.0
687201049095479642060,"Sonic, Fanta Orange, RT 44",Sonic,"beverages-and-beverages-preparations, beverages",united-states,,,,e,,,undefined,105.0,420.0
3539940764913412638,"Sonic, Fanta Orange, Small",Sonic,"beverages-and-beverages-preparations, beverages",united-states,,,,e,,,undefined,31.0,124.0
3801454059340886,"Sonic, Fanta Orange, Wacky Pack",Sonic,"beverages-and-beverages-preparations, beverages",united-states,,,,e,,,undefined,20.0,80.0
5652214173336512951,"TGI Friday's, Fanta",TGI Friday's,"beverages-and-beverages-preparations, beverages",united-states,,,,e,,,undefined,63.0,260.0
162287324480820688030,"TGI Friday's, Fanta Orange, Kids",TGI Friday's,"beverages-and-beverages-preparations, beverages",united-states,,,,e,,,undefined,48.0,196.0
93906487644626288692752,"Wendy's, Fanta Orange, Large",Wendy's,"beverages-and-beverages-preparations, beverages",united-states,,,,e,,,undefined,115.0,468.0
75413043876076210205968,"Wendy's, Fanta Orange, Medium",Wendy's,"beverages-and-beverages-preparations, beverages",united-states,,,,e,,,undefined,92.0,376.0
14698662425942247620,"Whataburger, Fanta Orange, Kids",Whataburger,"beverages-and-beverages-preparations, beverages",united-states,,,,b,,,undefined,1.9,8.45
9006434746272446580936,"Whataburger, Fanta Orange, Large, 44 Oz",Whataburger,"beverages-and-beverages-preparations, beverages",united-states,,,,b,,,undefined,0.692,3.07
43860090644674952974,"Whataburger, Fanta Orange, Medium, 32 Oz",Whataburger,"beverages-and-beverages-preparations, beverages",united-states,,,,b,,,undefined,1.37,5.49
95407074265490804751806164,"Whataburger, Fanta Orange, Small, 20 Oz",Whataburger,"beverages-and-beverages-preparations, beverages",united-states,,,,b,,,undefined,1.69,6.76
95465044099708892,"Whataburger, Fanta Strawberry, Kids, 16 Oz",Whataburger,"beverages-and-beverages-preparations, beverages",united-states,,,,b,,,undefined,1.9,7.61
75055079749759983158520,"Whataburger, Fanta Strawberry, Medium, 32 Oz",Whataburger,"beverages-and-beverages-preparations, beverages",united-states,,,,b,,,undefined,1.37,5.49
8855244447837301748689,"Whataburger, Fanta Strawberry, Small, 20 Oz",Whataburger,"beverages-and-beverages-preparations, beverages",united-states,,,,b,,,undefined,1.69,6.76
3812284866681700,"White Castle, Crave Cooler Fanta Wild Cherry, Large",White Castle,"beverages-and-beverages-preparations, beverages",united-states,,,,b,,,undefined,0.338,1.35
3893136447470287,"White Castle, Crave Cooler Fanta Wild Cherry, Medium",White Castle,"beverages-and-beverages-preparations, beverages",united-states,,,,b,,,undefined,0.564,2.25
373385445129687258790099,"White Castle, Crave Cooler Fanta Wild Cherry, Small",White Castle,"beverages-and-beverages-preparations, beverages",united-states,,,,b,,,undefined,0.805,3.22
6709864006919787758408,"White Castle, Fanta Grape Soda, Kids",White Castle,"beverages-and-beverages-preparations, beverages",united-states,,,,c,,,undefined,4.73,18.9
115082740445518155598721,"White Castle, Fanta Grape Soda, Large",White Castle,"beverages-and-beverages-preparations, beverages",united-states,,,,b,,,undefined,1.27,5.07
4806253042813945746420,"White Castle, Fanta Grape Soda, Medium",White Castle,"beverages-and-beverages-preparations, beverages",united-states,,,,b,,,undefined,1.69,6.76
847132634368756606752,"White Castle, Fanta Grape Soda, Small",White Castle,"beverages-and-beverages-preparations, beverages",united-states,,,,c,,,undefined,2.42,9.66
22697310461950002670,"White Castle, Fanta Orange Soda, Kids",White Castle,"beverages-and-beverages-preparations, beverages",united-states,,,,c,,,undefined,5.41,21.6
216885149411877649,"White Castle, Fanta Orange Soda, Large",White Castle,"beverages-and-beverages-preparations, beverages",united-states,,,,b,,,undefined,1.27,5.07
56844784917779058,"White Castle, Fanta Orange Soda, Medium",White Castle,"beverages-and-beverages-preparations, beverages",united-states,,,,b,,,undefined,1.69,6.76
18101840195232772,"White Castle, Fanta Orange Soda, Small",White Castle,"beverages-and-beverages-preparations, beverages",united-states,,,,c,,,undefined,2.42,9.66
37032274350433144669,"White Castle, Fanta Strawberry Soda, Kids",White Castle,"beverages-and-beverages-preparations, beverages",united-states,,,,c,,,undefined,4.73,18.9
455000144662022103169823,"White Castle, Fanta Strawberry Soda, Large",White Castle,"beverages-and-beverages-preparations, beverages",united-states,,,,b,,,undefined,1.27,5.07
13371014747009615199,"White Castle, Fanta Strawberry Soda, Medium",White Castle,"beverages-and-beverages-preparations, beverages",united-states,,,,b,,,undefined,1.69,6.76
13747849494421600595,"White Castle, Fanta Strawberry Soda, Small",White Castle,"beverages-and-beverages-preparations, beverages",united-states,,,,c,,,undefined,2.42,9.66
31059350488869172245699,"Zaxby's, Fanta Cherry, 12 Oz",Zaxby's,"beverages-and-beverages-preparations, beverages",united-states,,,,c,,,undefined,3.66,14.7
285231694744216840599,"Zaxby's, Fanta Cherry, 22 Oz",Zaxby's,"beverages-and-beverages-preparations, beverages",united-states,,,,b,,,undefined,2.0,7.99
96273947423370034,"Zaxby's, Fanta Cherry, 32 Oz",Zaxby's,"beverages-and-beverages-preparations, beverages",united-states,,,,b,,,undefined,1.37,5.49
52352244686797840866,"Zaxby's, Fanta Cherry, 42 Oz",Zaxby's,"beverages-and-beverages-preparations, beverages",united-states,,,,b,,,undefined,1.05,4.19
105395384341510560909,"Zaxby's, Fanta Orange, 12 Oz, Kiddie",Zaxby's,"beverages-and-beverages-preparations, beverages",united-states,,,,c,,,undefined,3.66,14.7
56432548343382872184,"Zaxby's, Fanta Orange, 22 Oz",Zaxby's,"beverages-and-beverages-preparations, beverages",united-states,,,,b,,,undefined,2.0,7.99
577636379640494380193,"Zaxby's, Fanta Orange, 32 Oz",Zaxby's,"beverages-and-beverages-preparations, beverages",united-states,,,,b,,,undefined,1.37,5.49
245048642114523546,"Zaxby's, Fanta Orange, 42 Oz",Zaxby's,"beverages-and-beverages-preparations, beverages",united-states,,,,b,,,undefined,1.05,4.19
9625774079230239903953,"Zaxby's, Fanta Peach, 12 Oz, Kiddie",Zaxby's,"beverages-and-beverages-preparations, beverages",united-states,,,,c,,,undefined,3.66,14.7
77388645994969679,"Zaxby's, Fanta Peach, 22 Oz",Zaxby's,"beverages-and-beverages-preparations, beverages",united-states,,,,b,,,undefined,2.0,7.99
3247285306643007442533213,"Zaxby's, Fanta Peach, 32 Oz",Zaxby's,"beverages-and-beverages-preparations, beverages",united-states,,,,b,,,undefined,1.37,5.49
418361841259081296494,"Zaxby's, Fanta Peach, 42 Oz",Zaxby's,"beverages-and-beverages-preparations, beverages",united-states,,,,b,,,undefined,1.05,4.19
10781974779955320576,"Zaxby's, Fanta Strawberry, 12 Oz, Kiddie",Zaxby's,"beverages-and-beverages-preparations, beverages",united-states,,,,c,,,undefined,3.66,14.7
95019054447986942975766,"Zaxby's, Fanta Strawberry, 22 Oz",Zaxby's,"beverages-and-beverages-preparations, beverages",united-states,,,,b,,,undefined,2.0,7.99
97699047892118677953,"Zaxby's, Fanta Strawberry, 32 Oz",Zaxby's,"beverages-and-beverages-preparations, beverages",united-states,,,,b,,,undefined,1.37,5.49
294112849408085963695,"Zaxby's, Fanta Strawberry, 44 Oz",Zaxby's,"beverages-and-beverages-preparations, beverages",united-states,,,,b,,,undefined,0.999,4.0
5449000323750,Fanta shockata 1.25L,,,moldova,,,,unknown,,,,,
558538248228924878604,"McDonald's, Fanta Orange, Extra Small",McDonald's,"beverages-and-beverages-preparations, beverages",united-states,,,,e,,,undefined,32.0,132.0
17484947343224877378,"McDonald's, Fanta Orange, Large",McDonald's,"beverages-and-beverages-preparations, beverages",united-states,,,,e,,,undefined,32.0,132.0
43003824239371001655,"McDonald's, Fanta Orange, Medium",McDonald's,"beverages-and-beverages-preparations, beverages",united-states,,,,e,,,undefined,32.0,132.0
212370067464973659298937,"McDonald's, Fanta Orange, Small",McDonald's,"beverages-and-beverages-preparations, beverages",united-states,,,,e,,,undefined,43.0,176.0
38306703453046703,"Papa John's, Fanta Orange, 2 Liter",Papa John's,"beverages-and-beverages-preparations, beverages",united-states,,,,e,,,undefined,254.0,1020.0
5942321002286,Fanta Portocale 1.5l,Coca Cola,"beverages-and-beverages-preparations, plant-based-foods-and-beverages, beverages, fruit-based-foods-and-beverages, non-alcoholic-beverages, plant-based-beverages, carbonated-drinks, fruit-based-beverages, soft-drinks, sodas, fruit-soft-drinks, lemonades, sweetened-beverages",romania,,,,e,4.0,,"Apa, zahar, sirop de fructoza-glucoza, suc de portocale minimum 5%, dioxid de carbon, acidifiant acid citric – conform retetei, arome naturale de portocale cu alte arome naturale, antioxidant acid ascorbic, coloranti beta-caroten, stabilizator guma de guar.",,
309188244073272011,"Perkins, Add On Breaded Fantail Shrimp, Fried, 4 Shrimp",Perkins,entrees,united-states,,,,c,,,undefined,2.68,180.0
94502373407829237984616,"Popeyes, Fanta Orange",Popeyes,"beverages-and-beverages-preparations, beverages",united-states,,,,b,,,undefined,2.0,7.99
4357302248669355755889,"Popeyes, Fanta Strawberry",Popeyes,"beverages-and-beverages-preparations, beverages",united-states,,,,b,,,undefined,2.0,7.99
62610494009352217328,"Red Robin, Fanta Orange, Adult",Red Robin,"beverages-and-beverages-preparations, beverages",united-states,,,,e,,,undefined,48.0,196.0
4043725448896579788,"Red Robin, Fanta Orange, Kid",Red Robin,"beverages-and-beverages-preparations, beverages",united-states,,,,e,,,undefined,26.0,104.0
53672633470930470156,"Sonic, Fanta Orange, Large",Sonic,"beverages-and-beverages-preparations, beverages",united-states,,,,e,,,undefined,78.0,312.0
8651785048615105721844,"Sonic, Fanta Orange, Medium",Sonic,"beverages-and-beverages-preparations, beverages",united-states,,,,e,,,undefined,51.0,204.0
749402545091867773673,"Sonic, Fanta Orange, RT 44",Sonic,"beverages-and-beverages-preparations, beverages",united-states,,,,e,,,undefined,105.0,420.0
786452829374897833,"Sonic, Fanta Orange, Small",Sonic,"beverages-and-beverages-preparations, beverages",united-states,,,,e,,,undefined,31.0,124.0
451146561264128846625038,"Sonic, Fanta Orange, Wacky Pack",Sonic,"beverages-and-beverages-preparations, beverages",united-states,,,,e,,,undefined,20.0,80.0
812309143297028543898,"TGI Friday's, Fanta",TGI Friday's,"beverages-and-beverages-preparations, beverages",united-states,,,,e,,,undefined,63.0,260.0
5965323842590041302798,"TGI Friday's, Fanta Orange, Kids",TGI Friday's,"beverages-and-beverages-preparations, beverages",united-states,,,,e,,,undefined,48.0,196.0
69716873406246903432,"Wendy's, Fanta Orange, Large",Wendy's,"beverages-and-beverages-preparations, beverages",united-states,,,,e,,,undefined,115.0,468.0
783408408673451651,"Wendy's, Fanta Orange, Medium",Wendy's,"beverages-and-beverages-preparations, beverages",united-states,,,,e,,,undefined,92.0,376.0
3948322245483656646437,"Whataburger, Fanta Orange, Kids",Whataburger,"beverages-and-beverages-preparations, beverages",united-states,,,,b,,,undefined,1.9,8.45
833149333487200733,"Whataburger, Fanta Orange, Large, 44 Oz",Whataburger,"beverages-and-beverages-preparations, beverages",united-states,,,,b,,,undefined,0.692,3.07
852292664848913829602,"Whataburger, Fanta Orange, Medium, 32 Oz",Whataburger,"beverages-and-beverages-preparations, beverages",united-states,,,,b,,,undefined,1.37,5.49
639478241847751675099,"Whataburger, Fanta Orange, Small, 20 Oz",Whataburger,"beverages-and-beverages-preparations, beverages",united-states,,,,b,,,undefined,1.69,6.76
3762505117441320040439343723,"Whataburger, Fanta Strawberry, Kids, 16 Oz",Whataburger,"beverages-and-beverages-preparations, beverages",united-states,,,,b,,,undefined,1.9,7.61
485714494800500995659,"Whataburger, Fanta Strawberry, Medium, 32 Oz",Whataburger,"beverages-and-beverages-preparations, beverages",united-states,,,,b,,,undefined,1.37,5.49
1254033447722179130366,"Whataburger, Fanta Strawberry, Small, 20 Oz",Whataburger,"beverages-and-beverages-preparations, beverages",united-states,,,,b,,,undefined,1.69,6.76
0002845510042,"White Castle, Crave Cooler Fanta Wild Cherry, Large",White Castle,"beverages-and-beverages-preparations, beverages",united-states,,,,b,,,undefined,0.338,1.35
305241459957512826,"White Castle, Crave Cooler Fanta Wild Cherry, Medium",White Castle,"beverages-and-beverages-preparations, beverages",united-states,,,,b,,,undefined,0.564,2.25
791587914434260016,"White Castle, Crave Cooler Fanta Wild Cherry, Small",White Castle,"beverages-and-beverages-preparations, beverages",united-states,,,,b,,,undefined,0.805,3.22
117877833547715787518092,"White Castle, Fanta Grape Soda, Kids",White Castle,"beverages-and-beverages-preparations, beverages",united-states,,,,c,,,undefined,4.73,18.9
615216794783786303081,"White Castle, Fanta Grape Soda, Large",White Castle,"beverages-and-beverages-preparations, beverages",united-states,,,,b,,,undefined,1.27,5.07
36138821448945818356626,"White Castle, Fanta Grape Soda, Medium",White Castle,"beverages-and-beverages-preparations, beverages",united-states,,,,b,,,undefined,1.69,6.76
558953383944709461276183,"White Castle, Fanta Grape Soda, Small",White Castle,"beverages-and-beverages-preparations, beverages",united-states,,,,c,,,undefined,2.42,9.66
7623340906538415,"White Castle, Fanta Orange Soda, Kids",White Castle,"beverages-and-beverages-preparations, beverages",united-states,,,,c,,,undefined,5.41,21.6
21137679994419993844242,"White Castle, Fanta Orange Soda, Large",White Castle,"beverages-and-beverages-preparations, beverages",united-states,,,,b,,,undefined,1.27,5.07
576275946047404949,"White Castle, Fanta Orange Soda, Medium",White Castle,"beverages-and-beverages-preparations, beverages",united-states,,,,b,,,undefined,1.69,6.76
6128247882142894374,"White Castle, Fanta Orange Soda, Small",White Castle,"beverages-and-beverages-preparations, beverages",united-states,,,,c,,,undefined,2.42,9.66
450974570586435,"White Castle, Fanta Strawberry Soda, Kids",White Castle,"beverages-and-beverages-preparations, beverages",united-states,,,,c,,,undefined,4.73,18.9
5958594412263612615,"White Castle, Fanta Strawberry Soda, Large",White Castle,"beverages-and-beverages-preparations, beverages",united-states,,,,b,,,undefined,1.27,5.07
493998745494747470637,"White Castle, Fanta Strawberry Soda, Medium",White Castle,"beverages-and-beverages-preparations, beverages",united-states,,,,b,,,undefined,1.69,6.76
3935374147915122848,"White Castle, Fanta Strawberry Soda, Small",White Castle,"beverages-and-beverages-preparations, beverages",united-states,,,,c,,,undefined,2.42,9.66
249730487995179467845852,"Zaxby's, Fanta Cherry, 12 Oz",Zaxby's,"beverages-and-beverages-preparations, beverages",united-states,,,,c,,,undefined,3.66,14.7
5545083780340313653625795,"Zaxby's, Fanta Cherry, 22 Oz",Zaxby's,"beverages-and-beverages-preparations, beverages",united-states,,,,b,,,undefined,2.0,7.99
4205170540414734503870,"Zaxby's, Fanta Cherry, 32 Oz",Zaxby's,"beverages-and-beverages-preparations, beverages",united-states,,,,b,,,undefined,1.37,5.49
525843304343612543,"Zaxby's, Fanta Cherry, 42 Oz",Zaxby's,"beverages-and-beverages-preparations, beverages",united-states,,,,b,,,undefined,1.05,4.19
2191043668637,"Zaxby's, Fanta Orange, 12 Oz, Kiddie",Zaxby's,"beverages-and-beverages-preparations, beverages",united-states,,,,c,,,undefined,3.66,14.7
95828243996341735531,"Zaxby's, Fanta Orange, 22 Oz",Zaxby's,"beverages-and-beverages-preparations, beverages",united-states,,,,b,,,undefined,2.0,7.99
1123936842549662008927,"Zaxby's, Fanta Orange, 32 Oz",Zaxby's,"beverages-and-beverages-preparations, beverages",united-states,,,,b,,,undefined,1.37,5.49
9135650083488542242004,"Zaxby's, Fanta Orange, 42 Oz",Zaxby's,"beverages-and-beverages-preparations, beverages",united-states,,,,b,,,undefined,1.05,4.19
75169064508490085431,"Zaxby's, Fanta Peach, 12 Oz, Kiddie",Zaxby's,"beverages-and-beverages-preparations, beverages",united-states,,,,c,,,undefined,3.66,14.7
591326131380475184108172316,"Zaxby's, Fanta Peach, 22 Oz",Zaxby's,"beverages-and-beverages-preparations, beverages",united-states,,,,b,,,undefined,2.0,7.99
973148736447216592698,"Zaxby's, Fanta Peach, 32 Oz",Zaxby's,"beverages-and-beverages-preparations, beverages",united-states,,,,b,,,undefined,1.37,5.49
382495384571844573684689,"Zaxby's, Fanta Peach, 42 Oz",Zaxby's,"beverages-and-beverages-preparations, beverages",united-states,,,,b,,,undefined,1.05,4.19
499714274537981284275,"Zaxby's, Fanta Strawberry, 12 Oz, Kiddie",Zaxby's,"beverages-and-beverages-preparations, beverages",united-states,,,,c,,,undefined,3.66,14.7
1896194103459356043745,"Zaxby's, Fanta Strawberry, 22 Oz",Zaxby's,"beverages-and-beverages-preparations, beverages",united-states,,,,b,,,undefined,2.0,7.99
28104444604781547086,"Zaxby's, Fanta Strawberry, 32 Oz",Zaxby's,"beverages-and-beverages-preparations, beverages",united-states,,,,b,,,undefined,1.37,5.49
20330458469161317065,"Zaxby's, Fanta Strawberry, 44 Oz",Zaxby's,"beverages-and-beverages-preparations, beverages",united-states,,,,b,,,undefined,0.999,4.0
8909081000218,Sunfest Dark Fantasy Vanilla Fills,Sunfest,,india,,,,unknown,,,,,
5000112673333,Orange,Fanta,"beverages-and-beverages-preparations, beverages, carbonated-drinks, carbonated-fruit-soft-drink",austria,,,,e,4.0,,"Wasser, Orangensaft aus Orangensaftkonzentrat (5%), 
Kohlensäure, Säuerungsmittel: Citronensäure, natürliches Orangenaroma mit anderen natürlichen Aromen, Antioxidationsmittel: Ascorbinsäure, Stabilisator: Guarkermehl, Farbstoff: Carotin",,
5449000335951,Orange,Fanta,"beverages-and-beverages-preparations, plant-based-foods-and-beverages, beverages, plant-based-beverages, carbonated-drinks, fruit-based-beverages, artificially-sweetened-beverages, sodas, fruit-sodas, orange-soft-drinks","france, greece",,,,c,,,"Νερό, χυμός πορτοκαλιού από συμπυκνωμένο χυμό (12%), Ζάχαρη, Διοξείδιο Άνθρακα, Μέσα Οξύνισης (Μηλικό οξύ, Κιτρικό Οξύ, Τρυγικό οξύ), Ρυθμιστής Οξύτητας (Γλυκονικο Νάτριο), Φυσικές Αρωματικές Ύλες Πορτοκαλιού με άλλες φυσικές αρωματικές ύλες, Συντηρητικό (Σορβικό κάλιο), Γλυκαντικά Κ. Σουκραλόζη), Σταθεροποιητές Κόμμα Δράσης γκουάρ), Αντιοξειδωτικό (Ασκορβικό Οξύ)",,
5449000029249,Orange Zero,Fanta,,united-kingdom,,,,unknown,,,,,
8600939843468,Chocolate Cookies,Jimmy Fantastic,"snacks, sweet-snacks, biscuits-and-cakes, biscuits-and-crackers, biscuits, chocolate-biscuits",slovenia,,,,e,,,,32.0,506.0
8901725016289,Dark Fantasy Bourbon,Sunfest,,india,,,,unknown,,,,,
8901725016272,Dark Fantasy Bourbon,Sunfest,,india,,,,unknown,,,,,
3245390062550,Truffes fantaisie,,"snacks, sweet-snacks, cocoa-and-its-products, confectioneries, chocolate-candies, bonbons, chocolate-truffles",france,,"Carrefour,Shopi,Champion",,unknown,4.0,,"Graisse végétale (coprha, palmiste), sucre, cacao maigre, lactosérum, émulsifiant: lécithine de soja, arôme naturel vanille",,
4262419720160,Fanta Berry,Fanta,,germany,,,,unknown,,,,,
8909081000256,Dark Fantasy Sandwich Crème,Sunfest,,india,,,,unknown,,,,,
8909081000317,Dark Fantasy Sandwich Crème,sunfest,,india,,,,unknown,,,,,
8909081000294,Dark Fantasy Sandwich Crème VANILLA FLAVOURED CREME,sunfest,,india,,,,unknown,,,,,
5449000336019,Fanta,The Coca-Cola Company,"beverages-and-beverages-preparations, beverages, non-alcoholic-beverages, carbonated-drinks, soft-drinks, sodas, sweetened-beverages","greece, italy",,,,d,,,,,
7790895001055,Fanta Sabor a Pomelo,FANTA,,spain,,,,unknown,,,,,
5281013010902,Flippies peanut curls corn puffs,Fantasia,,bulgaria,,,,unknown,,,,2.11,541.0
8909081000331,Dark Fantasy VANILLA FLAVOURED CRÈME,sunfest,,india,,,,unknown,,,,,
5000112673968,Orange Zero Sugar,Fanta,,united-kingdom,,,,unknown,,,,,
8606107963693,fantasy,,,serbia,,,,unknown,,,,,
5940628890940,fanta Lemon 0.33,,,romania,,,,unknown,,,,,
5941934021431,fanta ananas 0.33,,,romania,,,,unknown,,,,,
5941934021264,fanta exotic 0.33,,,romania,,,,unknown,,,,,
5942321002187,fanta 1l,,"beverages-and-beverages-preparations, beverages, carbonated-drinks, sodas",romania,,,,unknown,,,,,
5942321002163,Fanta Madness,Coca-Cola,"beverages-and-beverages-preparations, beverages, carbonated-drinks, sodas, sweetened-beverages",romania,,,,d,4.0,,"Apa, sirop de fructoza, sirop de glucoza, extract de fructe (mere), extract de legume (morcovi), dioxid de carbon, acidifiant: acid citric, acid malic,concentrat de struguri (0.1%), corector de aciditate: gluconat de sodiu, conservant: sorbat de potasiu, indulcitor: sucraloza, zaharinat de sodiu.",,
5449000027368,"Sprite 0,5",Fanta klare Zitrone,,germany,,,,unknown,,,,,
4221560106056,,"Fanta,Coca cola",,tunisia,,,,unknown,,,,,
9555589216423,fanta,,,malaysia,,,,unknown,,,FANTA cream soda flavour 1.75,,
8886015402037,Nam Nam Fantasy Stick Choco Rainbow,Arnott's,,united-states,,,,unknown,4.0,,"sugar, wheat flour, palm oil, cocoa powder, milk powder, whey powder, lactose, malt extract, salt, emulsifier (soy lecithin), leavening agent (sodium bicarbonate), artificial flavor (vanillin), artificial color (tartrazine, sunset yellow, brilliant blue), glazing agent (carnauba wax)",,
9300633395827,Singapore Fresh Noodles,Fantastic,,australia,,,,unknown,,,,,
5449000332530,Fanta Apple Zero Sugar,Coca Cola,,united-kingdom,,,,unknown,,,,,
5993330000343,Fanta narancs 1.75 l,"Fanta, Coca-Cola","beverages-and-beverages-preparations, beverages, carbonated-drinks, non-alcoholic-beverages, hu:Cukros",hungary,,,,e,4.0,,"VIZ fruktóz-glükózszirup, narancslé sűrítményból 15%) szén-dioxid, étkezési sav: citromsay, természetes narancs aroma egyéb természetes aromakkal, antioxidáns: aszkorbinsav, színezék: karotinok, stabilizátor: guargumi. Minőségét megörzi (map/holev): lásd a palack nyakán. Száraz, hűvös helyen tárolja! Ne tegye ki közvetlen napfénynek! Az előforduló kiválas természetes eredetű és nem befolyásolja a termek minőségét.",,
5000112669121,,Fanta,"beverages-and-beverages-preparations, plant-based-foods-and-beverages, beverages, plant-based-beverages, carbonated-drinks, fruit-based-beverages, sodas, fruit-sodas, orange-soft-drinks",norway,,,,e,4.0,,"Kullsyreholdig leskedrikk med appelsinsmak. Ingredienser: Kullsyreholdig vann, sukker, appelsinjuice fra konsentrat (5 %), syre (E330), naturlig appelsinaroma med andre naturlige aromaer, antioksidant (E300), surhetsregulerende middel (E331), stabilisatorer (E414, E445, E412), frukt - og vegetabilske konsentrater (gulrot, solbar fargestoff (E160a).",11.0,43.0
8992761136185,Fanta Strawberry 1Lt,Fanta,"beverages-and-beverages-preparations, beverages, carbonated-drinks, sodas",indonesia,,,,c,,,"AIR BERKARBONASI, GULA, PENGATUR KEASAMAN (ASAM SITRAT), PERISA SINTETIK, PEMANIS BUATAN (ASESULFAM-K, SUKRALOSA), PENGAWET (NATRIUM BENZOAT), PEWARNA SINTETIK (KARMOISIN CI NO. 14720 & KUNING FCF CI 15985). BUBUK STROBERI (0.005%).",,
4270000905148,Pineapple,Fanta,,germany,,,,unknown,,,,,
0067000013737,Fanta Strawberry,"coca cola, Fanta",,canada,,Metro,,unknown,4.0,,"Carbonated water, Sugar/glucose-fructose, Natural flavour, Citric acid, Sodium benzoate, Allura red.",,
5449000070722,Fanta Zero,Fanta,,"germany, united-states",,,,unknown,,,,,
5449000335319,Tutti Frutti: Zero Sugar,Fanta,,united-kingdom,,,,unknown,4.0,,"carbonated water, acids (malic acid citric acid), natural flavourings, colour (lutein), sweeteners (sucralose, acesulfame k), preservative (potassium sorbate), antioxidant (ascorbic acid",,
5449000322241,Orange | Low Calorie,Fanta,,bosnia-and-herzegovina,,,,unknown,,,,3.94,17.9
5000112673630,Apple Zero Sugar,Fanta,,united-kingdom,,,,unknown,,,,,
7771605000605,Fanta sabor Naranja Mandarina,"Fanta,Coca-Cola","beverages-and-beverages-preparations, beverages, carbonated-drinks, artificially-sweetened-beverages, non-alcoholic-beverages, sodas, flavoured-drinks, sweetened-beverages",bolivia,,"Miniso,Hipermaxi,FSA,Farmacorp,Fidalga,Amarket,Farmacias Chávez,Agenbol","Cochabamba,Bolivia",e,4.0,,"Agua carbonatada, azúcar, saborizantes naturales, reguladores de la acidez (SIN 330, SIN 331 (iii), SIN 452(i)), sustancia conservadora (SIN 211), edulcorantes (SIN 951 ASPARTAME (0.008%), SIN 950 ACESULFAME K (0.006%)), colorantes artificiales (SIN 102, SIN 129).",,
7771609001172,Fanta sabor Guaraná,"Fanta,Coca-Cola","beverages-and-beverages-preparations, plant-based-foods-and-beverages, beverages, plant-based-beverages, carbonated-drinks, fruit-based-beverages, artificially-sweetened-beverages, non-alcoholic-beverages, sodas, fruit-sodas, flavoured-drinks, sweetened-beverages",bolivia,,"Amarket,Farmacorp,Miniso,FSA,Fidalga,Hipermaxi","Cochabamba,Bolivia",e,4.0,,"AGUA CARBONATADA, AZÚCAR, SABORIZANTES NATURALES, REGULADOR DE LA ACIDEZ (SIN 330), COLORANTE (SIN 150d), SUSTANCIAS CONSERVADORAS (SIN 211, SIN 202), EXTRACTO DE GUARANÁ, EDULCORANTES (SIN 950 ASPARTAME (0.007%), SIN 951 ACESULFAME K (0.006%)).",,
7771609000854,Fanta sabor Papaya,"Fanta,Coca-Cola","beverages-and-beverages-preparations, beverages, carbonated-drinks, artificially-sweetened-beverages, non-alcoholic-beverages, sodas, flavoured-drinks, sweetened-beverages",bolivia,,"Miniso,Amarket,Farmacorp,FSA,Fidalga,Farmacias Chávez,Agenbol,Hipermaxi","Cochabamba,Bolivia",e,4.0,,"AGUA CARBONATADA, AZÚCAR, SABORIZANTE IDÉNTICO AL NATURAL DE PAPAYA, REGULADOR DE LA ACIDEZ (SIN 330), SUSTANCIAS CONSERVADORAS (SIN 211, SIN 385), EDULCORANTES (SIN 950 ACESULFAME K (0.004%), SIN 951 ASPARTAME (0.0008%)), COLORANTES ARTIFICIALES (SIN 102, SIN 110).",,
4751008970364,"Kreminis Jogurtas Su 9% Javų Burbuliukų Apvalke, 7,8% Riebumo",Fantasia,"dairies, fermented-foods, fermented-milk-products, desserts, dairy-desserts, fermented-dairy-desserts, yogurts",lithuania,,,,c,,,,,
5449000335906,Fanta Orange,Fanta,"beverages-and-beverages-preparations, plant-based-foods-and-beverages, beverages, plant-based-beverages, carbonated-drinks, fruit-based-beverages, artificially-sweetened-beverages, sodas, fruit-sodas, orange-soft-drinks, sweetened-beverages","brazil, france, greece, italy",,,,e,4.0,,"Carbonated water; orange juice from concentrate (5%); sugar; fructose; lemon juice from concentrate (1%); acidifiers: malic acid, citric acid; natural orange flavors with other natural flavors; preservative: potassium sorbate; acidity regulator: sodium citrates; antioxidant: ascorbic acid; sweeteners: sucralose, acesulfame-K; stabilizer: guar gum; colorant: carotenoids.",,
5449000665799,Fanta fruits,Fanta,,france,,,,unknown,,,,,
4902102156097,Fanta Apple,,,france,,,,unknown,,,,,
9300624036449,Fanta zero sugar lemon,Fanta,,australia,,,,unknown,,,,,1.08
5000112680812,UNSTRITED EDITION LIMITE FANT zero sugar TUTTI FRU,Fanta,,netherlands,,,,unknown,4.0,,"Sprankelend water voedingszuren: appelzuur, citroenzuur natuurlike aroma's: kleurstof: luteine: zoetstoffen: sucralose acesulfaam-K: conserveermiddel: kaliumsorbaat antioxidant: ascorbinezuur. PER",0.0,1.2
4260517182583,White Peach,Fanta,,germany,,,,unknown,,,,,
4902102155748,fanta qponska zelena,Fanta,,bulgaria,,,,unknown,,,,12.0,48.0
5449000334534,3CL CAN TUTTI FRUTTI FANTA,Coca-Cola Company,"beverages-and-beverages-preparations, beverages, carbonated-drinks, artificially-sweetened-beverages, sweetened-beverages","belgium, france, switzerland",,"Carefour,Carefour Market,Carefour City,Carefour Express,Carefour Contact,Framprix,E.leclerc",,c,4.0,,"Вода, въглероден диоксид, киселини (ябълчена киселина, лимонена киселина), естествени ароматизанти, оцветител (лутеин), подсладители (сукралоза, ацесулфам К), консервант (калиев сорбат), антиоксидант (аскорбинова киселина)",,
8002590084639,fantasie,,"snacks, sweet-snacks, confectioneries",italy,,,,unknown,,,,,
5449000337115,,Fanta,"beverages-and-beverages-preparations, plant-based-foods-and-beverages, beverages, plant-based-beverages, carbonated-drinks, fruit-based-beverages, sodas, fruit-sodas, carbonated-fruit-soft-drink, orange-soft-drinks, carbonated-fruit-soft-drink-with-less-than-10-of-fruit-juice, carbonated-fruit-soft-drink-with-sugar-and-artificial-sweeteners-and-with-less-than-10-of-fruit-juice",france,,,,e,4.0,,"Boisson rafraichissante aux fruits et arômes naturels, avec sucres et édulcorants Ingrédients: eau gazeifiée ; jus d'orange à base de concentré (5%); sucre; fructose ; jus de citron à base de concentré (1%); acidifiants: acide malique, acide citrique; aromes naturels d'orange avec autres arômes naturels ; conservateur: sorbate de potassium; régulateur d'acidité : citrates de sodium antioxydant : acide ascorbique; edulcorants: sucralose, acesulfame-K stabilisant : gomme guar; colorant : caroténoïdes.",,
7771605000100,Fanta,"Fanta,Coca-Cola","beverages-and-beverages-preparations, beverages, carbonated-drinks, artificially-sweetened-beverages, non-alcoholic-beverages, sodas, flavoured-drinks, sweetened-beverages",bolivia,,,,unknown,,,,,
7771609004203,Fanta sabor Limón,"Fanta,Coca-Cola","beverages-and-beverages-preparations, beverages, carbonated-drinks, artificially-sweetened-beverages, non-alcoholic-beverages, sodas, flavoured-drinks, sweetened-beverages",bolivia,,"Farmacorp,Amarket,Hipermaxi,FSA,Farmacias Chávez","Cochabamba,Bolivia",e,4.0,,"Agua carbonatada, azúcar, saborizante natural de limón, acidulantes (SIN 330, SIN 300), sustancia conservadora (SIN 211), edulcorantes (SIN 951 ASPARTAME (0.005%), SIN 950 ACESULFAME K (0.004%)).",,
5772009001450,FN300OW,fanta,,spain,,,,unknown,,,,,
8901725018092,Fantastik frut n nut,Sunfeast,"snacks, sweet-snacks, cocoa-and-its-products, confectioneries, chocolate-candies, bars, candy-chocolate-bars",india,,,,unknown,,,,,
5000112680546,Fanta Cassis,"Fanta, Coca-Cola","beverages-and-beverages-preparations, beverages, carbonated-drinks, sodas",germany,,,,e,,,"RUB pipday ke Erwachse m Janes don FANTA 6x0,33 Erfrischungsgetränk blütengeschmack, Zutaten: Wasser, saftkonzentrat (3, Natriumgluconat Äpfelsäure), Su Süßungsmittel dationsmittel As 5209 Ler, Konsens auerungsmittel gulator Natriumcr Aspartam, Neohespe natürliches Zitroner Aromen, Farbstoff E16G Nährw Brennwert: Fett: 80 kJ/19 davon gesättigte Fettsäuren: Og Kohlenhydrate: Brennwert: Fett: davon gesättigte Kohlenhydrate davon zucker: Elwain Referenzmenge Erwachsenen Kumt und trock Mit Genehmigu Coc aci davon Zucker: Elweiß: Salz: Referenzmenge Erwachsene aus Zitror ensaft Mit Genehmigu Coca-Cola Europacific Partners Postfach 7 31 56 10207 Bertin 030/226 069 069 6.49 Og 0.029 Jurchsch 900 kcal Onzentra THE www. Macha Foliear Mindestras balth Ende: siebe Dosen NY 4235",,
5449000337122,,Fanta,"beverages-and-beverages-preparations, plant-based-foods-and-beverages, beverages, plant-based-beverages, carbonated-drinks, fruit-based-beverages, artificially-sweetened-beverages, sodas, fruit-sodas, carbonated-fruit-soft-drink, carbonated-fruit-soft-drink-with-sugar",france,,,,e,4.0,,"Boisson rafraîchissante aux fruits et arômes naturels, avec sucres et edulcorants. Ingrédients: eau gazeifiée; jus d'orange à base de concentré (5%); sucre; fructose; jus de citron à base de concentré (1%); acidifiants: acide malique, acide citrique; arômes naturels d'orange avec autres arômes naturels ; conservateur : sorbate de potassium : Correcteur d'acidité: citrates de sodium; antioxydant: acide ascorbique; édulcorants: sucralose, acesulfame-K; stabilisant : gomme guar; Parnes colorant: carotenoides. Pour: Energie DECLARATION NUTRITIONNELLE 100 ml 250 ml (%*) 114 kJ/",,
6009226414909,Fantastical Pink And White Mallow Pop Eggs,Woolworths,,south-africa,,,,unknown,,,,60.0,461.0
8710398529251,Lay's Dipsaus Fantasia Groene kruiden NUTRI-SCORE,Lays,,belgium,,,,unknown,4.0,,"Dextrose, uienpoeder (19%), gedroogde glucosestroop, kruiden [kervel (8,1%), peterselie], smaakversterkers (mononatriumglutamaat, dinatrium 5-ribonucleotiden), voedingszuur (citroenzuur), aroma's, antiklontermiddel (magnesiumzouten van vetzuren, siliciumdioxide), zonnebloemolie. Kan melk, soja, tarwe (gluten), selderij, mosterd en ei bevatten. Kwaliteitsgarantie van Lay's Dit product is met uiterste zorg gemaakt en verpakt. Niet tevreden? Stuur dan de verpakking met inhoud naar onderstaand adres en vermeld in een brief waarom u niet tevreden bent. Vermeld hierbij uw contactgegevens en waar en wanneer u het product gekocht heeft. Een postzegel is niet nodig. Lay's Consumentenservice, Antwoordnummer 2460, 3600 VB Maarssen, Nederland. Of bel gratis 0800-7377426. Zie ook www.lays.nl. PEPSICO PepsiCo Nederland BV, Stadsplateau 22-23, 3521 AZ Utrecht, the Netherlands Lekker bij: chip Gemiddelde voedings - waarde per Energie Vetten waarvan verzadigde vetzuren Koolhydrate waarvan suikers Vezels Eiwitten Zout () Gebaseer Nutriscore A kwark en le Nutriscore mayonaise (Referer gemiddeld (8400 kJ/ 69345 6g Koel en c Ten mins 8 710398 529251&quot;&gt; 11-",,
5352205058979,Tropical,Fanta,,malta,,,,unknown,,,,13.2,53.0
4260231226686,Fanta Raspberry Zero Sugar,Fanta,"beverages-and-beverages-preparations, beverages",germany,,,,unknown,,,,,
6285602012710,Deemah Fantasy Cake,,,saudi-arabia,,,,unknown,,,,,
5449000333780,Fanta Raspberry,Coca Cola,,united-kingdom,,,,unknown,,,,,
5900643049815,Fantazja Z Kulkami O Smaku Truskawkowym,Danone,,poland,,,,unknown,,,,,
4820272980840,Marmalade,Fantazy,,estonia,,,,unknown,,,,68.8,325.0
5000112673852,Fanta Orange,The Coca-Cola Company,,united-kingdom,,,,unknown,,,,,
4068706221774,Farfalle Fantasia,Cucina Nobile,,germany,,,,unknown,,,,,
4316268433341,Big Choc Mandel,"Ice Fantasy,Netto MD","desserts, frozen-foods, frozen-desserts, ice-creams-and-sorbets, ice-creams, ice-cream-bars, ice-cream-bars-coated-with-chocolate, vanilla-ice-cream-bars-coated-with-milk-chocolate-and-almonds",germany,,Netto MD,,e,4.0,,"61,9% Bourbon-Vanilleeis (entrahmte Milch, Kokosfett, Glukose-Fruktose-Sirup, Molkenerzeugnis, Zucker, Glukosesirup, eingedickte entrahmte Milch, Emulgator: Mono - und Diglyceride von Speisefettsäuren; färbendes Lebensmittel: Karottenkonzentrat; Stabilisator: Johannisbrotkernmehl, Guarkernmehl; extrahierte gemahlene Vanilleschoten, Bourbon-Vanilleextrakt), 31% Milchschokolade (Zucker, Kakaobutter', Butterreinfett, Süßmolkenpulver, Kakaomasse, Magermilchpulver, Laktose, Emulgator: Lecithine [enthält Soja], Polyglycerin-Polyricinoleat), 7,1 % blanchierte geröstete Mandelstifte. Rainforest Alliance-zertifiziert Das Produkt kann Spuren von Gluten, Hühnerei, Erdnüssen und anderen Schalenfrüchten enthalten.",,
7840058004673,fanta,coca cola company,,paraguay,,,,unknown,,,,,
0200297008455,Rainbow Fantasy Xtra Sour Belts,World,,united-states,,,,unknown,4.0,,"corn syrup, sugar, wheat flour, modified corn starch, malic acid, palm oil, citric acid, lactic acid, sodium lactate, trisodium citrate, salt, mono-and diglycerides, artificial flavor, glycerin, color: FD, C Blue No.1, FD, C Yellow No.5, FD, C Red No.40",,
5056784905623,Ultra Fantasy Ruby Red,Monster,"beverages-and-beverages-preparations, beverages, artificially-sweetened-beverages, energy-drinks, energy-drink-without-sugar-and-with-artificial-sweeteners, monster",poland,,,,b,,,,,
8400055023689,ESPARRAGO,INFANTADO,,spain,,,,unknown,,,,,
5000112649857,Fanta Zero Sugar Lemon,Fanta,,iceland,,,,unknown,,,,0.2,2.0
5000112673319,Fanta,Coca-Cola,"beverages-and-beverages-preparations, beverages, sweetened-beverages","austria, germany",,,,e,,,,,
0049000071986,"Soda, Fruit Punch",Fanta,"beverages-and-beverages-preparations, beverages, carbonated-drinks, sodas","united-states, world",,,,e,4.0,,"Carbonated Water, High Fructose Corn Syrup, Citric Acid, Natural Flavors, Potassium Sorbate And Sodium Benzoate (To Protect Taste), Acacia Gum, Red 40.",11.8,45.1
0049000071962,"Fanta, Soda, Fruit Punch, Fruit Punch",Fanta,"beverages-and-beverages-preparations, beverages, carbonated-drinks, sodas","united-states, world",,,,e,4.0,,"Carbonated Water, High Fructose Corn Syrup, Citric Acid, Natural Flavors, Potassium Sorbate And Sodium Benzoate (To Protect Taste), Acacia Gum, Red 40.",11.8,44.0
0049000071979,"Fanta, Soda, Fruit Punch, Fruit Punch",Fanta,"beverages-and-beverages-preparations, beverages, carbonated-drinks, sodas","united-states, world",,,,e,4.0,,"Carbonated Water, High Fructose Corn Syrup, Citric Acid, Natural Flavors, Potassium Sorbate And Sodium Benzoate (To Protect Taste), Acacia Gum, Red 40.",11.9,43.9
0049000068641,"Fanta, Soda, Orange, Orange",Fanta,"beverages-and-beverages-preparations, beverages, carbonated-drinks, sodas","united-states, world",,,,e,4.0,,"Carbonated Water, High Fructose Corn Syrup, Citric Acid, Sodium Benzoate (To Protect Taste), Natural Flavors, Modified Food Starch, Sodium Polyphosphates, Glycerol Ester Of Rosin, Yellow 6, Red 40.",12.6,45.2
0049000066999,"Soda, Mango",Fanta,"beverages-and-beverages-preparations, beverages, carbonated-drinks, sodas","united-states, world",,,,e,4.0,,"Carbonated Water, High Fructose Corn Syrup, Natural Flavors, Citric Acid, Potassium Sorbate (To Protect Taste), Malic Acid, Acacia Gum, Sodium Benzoate (To Protect Taste), Yellow 6.",13.5,51.0
0049000064827,"Soda, Cherry",Fanta,"beverages-and-beverages-preparations, beverages, carbonated-drinks, sodas","united-states, world",,,,e,4.0,,"Carbonated Water, High Fructose Corn Syrup, Citric Acid, Potassium Sorbate (To Protect Taste), Natural Flavors, Sodium Benzoate (To Protect Taste), Red 40, Blue 1.",12.4,45.1
0049000059007,"Fanta, Select, Soda, Orange, Orange",Fanta,"beverages-and-beverages-preparations, beverages, carbonated-drinks, sodas","united-states, world",,,,e,4.0,,"Carbonated Water, Sugar, Citric Acid, Natural Flavors, Sodium Benzoate (To Protect Taste), Modified Food Starch, Sodium Hexametaphosphate, Glycerol Ester Of Rosin, Yellow 6, Stevia Leaf Extract, Brominated Vegetable Oil, Red 40.",6.43,25.0
0049000052404,"Fanta, Soda, Orange, Orange",Fanta,"beverages-and-beverages-preparations, beverages, carbonated-drinks, sodas","united-states, world",,,,e,4.0,,"Carbonated Water, High Fructose Corn Syrup, Citric Acid, Sodium Benzoate (To Protect Taste), Natural Flavors, Modified Food Starch, Sodium Polyphosphates, Glycerol Ester Of Rosin, Yellow 6, Red 40.",12.6,45.0
0049000051070,"Fanta, Soda, Pineapple, Pineapple",Fanta,"beverages-and-beverages-preparations, beverages, carbonated-drinks, sodas","united-states, world",,,,e,4.0,,"Carbonated Water, High Fructose Corn Syrup, Citric Acid, Acacia, Sodium Benzoate (To Protect Taste), Sodium Citrate, Natural And Artificial Flavors, Glycerol Ester Of Wood Rosin, Brominated Vegetable Oil, Yellow 5, Yellow 6.",13.5,51.0
0049000048698,"Fanta, Soda, Grapefruit, Grapefruit",Fanta,"beverages-and-beverages-preparations, beverages, carbonated-drinks, sodas","united-states, world",,,,e,4.0,,"Carbonated Water, High Fructose Corn Syrup, Citric Acid, Concentrated Grapefruit Juice, Sodium Benzoate And Edta (To Protect Taste), Acacia, Natural Flavors, Glycerol Ester Of Wood Rosin, Brominated Vegetable Oil, Carob Bean Gum.",10.4,37.9
0049000050677,"Soda, Orange",Fanta,"beverages-and-beverages-preparations, beverages, carbonated-drinks, sodas","united-states, world",,,,e,4.0,,"Carbonated Water, High Fructose Corn Syrup, Citric Acid, Sodium Benzoate (To Protect Taste), Natural Flavors, Modified Food Starch, Sodium Polyphosphates, Glycerol Ester Of Rosin, Yellow 6, Brominated Vegetable Oil, Red 40.",12.4,45.1
0049000048681,"Soda, Grapefruit",Fanta,"beverages-and-beverages-preparations, beverages, carbonated-drinks, sodas","united-states, world",,,,e,4.0,,"Carbonated Water, High Fructose Corn Syrup, Citric Acid, Concentrated Grapefruit Juice, Sodium Citrate, Potassium Sorbate (To Protect Taste), Acacia Gum, Natural Flavors, Sucrose Acetate Isobutyrate, Sodium Benzoate And Calcium Disodium Edta (To Protect Taste), Carob Bean Gum.",11.6,42.0
0049000033090,"Caffeine Free Soda, Apple",Fanta,"beverages-and-beverages-preparations, beverages, carbonated-drinks, sodas","united-states, world",,,,e,4.0,,"Carbonated Water, High Fructose Corn Syrup, Natural Flavors, Citric Acid, Malic Acid, Caramel Color, Sodium Benzoate And Potassium Sorbate (To Protect Taste), Sodium Citrate",13.5,51.0
0049000028652,"Fanta, Soda, Strawberry, Strawberry",Fanta,"beverages-and-beverages-preparations, beverages, carbonated-drinks, sodas","united-states, world",,,,e,4.0,,"Carbonated Water, High Fructose Corn Syrup, Citric Acid, Natural Flavors, Sodium Benzoate (To Protect Taste), Red 40.",13.5,51.0
0038000228469,"Fantastic Fruit Flavored With Glittery Sparkles Cereal, Fantastic Fruit",Llama loops,"plant-based-foods-and-beverages, plant-based-foods, cereals-and-potatoes, cereals-and-their-products",united-states,,,,e,4.0,,"Sugar, Corn Flour Blend (Whole Grain Yellow Corn Flour, Degerminated Yellow Corn Flour), Wheat Flour, Whole Grain Oat Flour, Contains 2% Or Less Of Oat Fiber, Salt, Soluble Corn Fiber, Acacia Gum, Natural Flavor, Fruit Juice Concentrate, Modified Cellulose, Red 40, Color Added, Yellow 5, Yellow 6, Blue 1, Red 3, Bht For Freshness. Vitamins And Minerals: Reduced Iron, Niacinamide, Vitamin B6 (Pyridoxine Hydrochloride), Vitamin B2 (Riboflavin), Vitamin B1 (Thiamin Hydrochloride), Folic Acid, Vitamin D3, Vitamin B12.",38.5,385.0
5000112682052,Fanta tutti-frutti,"Fanta, Coca-Cola","beverages-and-beverages-preparations, plant-based-foods-and-beverages, beverages, fruit-based-foods-and-beverages, non-alcoholic-beverages, plant-based-beverages, carbonated-drinks, fruit-based-beverages, soft-drinks, artificially-sweetened-beverages, sodas, diet-beverages, fruit-sodas, diet-sodas, light-fruit-sodas, sweetened-beverages",norway,,,,c,4.0,,"Kullsyreholdig vann, syrer (E 296, E 330), naturlige aromaer, fargestoff (E 161b), søtstoffer (sukralose, acesulfam K), konserveringsmiddel (E 202), antioksidant (E 300).",,
54026186,Fanta,Fanta,,luxembourg,,,,unknown,,,,,
54026414,Fanta orange 248ml,,,saudi-arabia,,,,unknown,,,,,
3290041001471,Coeurs De Truffes Fantaisie,Guyaux,,united-states,,,,unknown,,,,37.5,625.0
5000112682076,Tutti Frutti,Fanta,,norway,,,,unknown,,,,0.0,1.0
5000112673340,Fanta orange,Coca-Cola,"beverages-and-beverages-preparations, plant-based-foods-and-beverages, beverages, plant-based-beverages, carbonated-drinks, fruit-based-beverages, sodas, fruit-sodas, orange-soft-drinks, sweetened-beverages","austria, germany",,,,e,4.0,,"Wasser, Zucker, Orangensaft (13%), Kohlensäure, Säuerungsmittel: Citronensäure Crangenaroma mit anderen natürlichen Aromen tel: Ascorbinsäure, Stabilisator: Guarkanmehl, Farbstoff, Konservierungsstoff: Kaliumsorbat.",,
7801610002926,Fanta x 591,,fanta,chile,,,,e,,,,,
0641010003003,Fanta x 1.5,,,chile,,,,unknown,,,,,
0641501467222,Fanta Zero x 3 L,,,chile,,,,unknown,,,,,
4260301528375,huong xa xi,Fanta,,germany,,,,unknown,,,,,
5449000087775,Fanta,,"beverages-and-beverages-preparations, beverages",serbia,,,,unknown,,,,,44.0
7894900052350,"refri Fanta pet uva 1,5L",,,brazil,,,,unknown,,,,,
90207730,Fanta,,,somalia,,,,unknown,,,,,
59406327,fanta para 0.5,,,romania,,,,unknown,,,,,
5040000004740,Fanta 2l,,,serbia,,,,unknown,,,,,
5449000335180,Fanta sabor Tutti Frutti,Fanta,"beverages-and-beverages-preparations, plant-based-foods-and-beverages, beverages, plant-based-beverages, carbonated-drinks, fruit-based-beverages, artificially-sweetened-beverages, sodas, sweetened-beverages",spain,,,,c,4.0,,"Agua carbonatada, acidulantes: ácido málico y ácido cítrico, aromas naturales, colorante: luteína, edulcorantes: sucralosa y acesulfamo K, conservador: sorbato potásico, antioxidante: ácido ascórbico.",,
5449000335708,Fanta,,,germany,,,,unknown,,,,,
0052302735401,Truffles Fantaisie,Cémoi,,united-states,,,,unknown,,,,40.0,633.0
5000112673845,Fruit Twist,Fanta,,united-kingdom,,,,unknown,,,,,
5942321004099,Fanta Lămâie Original,Coca Cola,"beverages-and-beverages-preparations, beverages, carbonated-drinks, sodas",romania,plastic,,,d,4.0,,"Apă, suc de lămâie din concentrat (6%), zahar, dioxid de carbon, acidifianti (acid malic, acid citric), îndulcitori (acesulfam-K, aspartam, neohesperidină DC), antioxidant (acid ascorbic), corector de aciditate (citrati de sodiu), conservant (sorbat de potasiu), stabilizatori (E 414, E 445), arome naturale de lămâie cu alte arome naturale, colorant (caroteni). Conţine o sursă de fenilalanină. Sedimente si schimbarea de culoare pot apărea în mod natural. Acestea nu vor afecta calitatea rand).",,
0654403393933,"Fanta 0,33 l",Fanta,,germany,,,,unknown,,,,,
8901725005030,Hazelnu5 Creme Wafer Rolls,Dark Fantasy,,australia,,,,unknown,,,,52.8,488.0
5000112683530,Exotic,Fanta,"beverages-and-beverages-preparations, plant-based-foods-and-beverages, beverages, plant-based-beverages, carbonated-drinks, fruit-based-beverages, sodas, fruit-sodas, sodas-with-exotic-fruits",netherlands,,,,unknown,4.0,,"Sprankelend water; vrachtensap uit concentraat 45 Isinaasappel 3%, perzik 0.5%, appel 0.4%, passievrucht 0.1% wedingszuren: citroenzuur, appelzuar; conserveermiddel kaliumsorbaat; wortel - en saffaerconcentraat; zoetstoffer: acesulfam-K, aspartaam; natuurlijke arama's; stabilisatores: ylalanine.",,
5000112676891,Fanta apple,Fanta,,ireland,,,,unknown,,,,,
5714319001348,Fanta,Fanta,"beverages-and-beverages-preparations, beverages, carbonated-drinks, sodas",finland,,,,e,4.0,,"Hiilihapotettu vesi, fruktoosi, sokeri, E 330, E 211, E 960, E 452i, E 102, E 133, aromi",11.2,47.0
4316268683920,Sunny Ice Maracuja-Orange,ICE Fantasy,,germany,,,,unknown,,,,,
5449000335920,Fanta pack of 6,,,france,,,,unknown,,,,,
8801094112707,Orange Soda,Fanta,,south-korea,,,,unknown,,,,,19.3
5000112673975,Fruit Twist,Fanta,,united-kingdom,,,,unknown,,,,,
57122717,Fanta,The Coca Cola Company,"beverages-and-beverages-preparations, beverages, carbonated-drinks, sodas",denmark,,,,e,4.0,,"Vand, sukker, appelsinjuice fra koncentrat (5%), kuldioxid, syre (E330), naturlig appelsinaroma med andre naturlige aromaer, antioxidant (E300), surhedsregulerende middel (E331), stabilisatorer (E414, E445, E412), frugt - og vegetabilsk koncentrat (gulerod,  solbær), farvestof (E160a)",,
57122809,,Fanta,"beverages-and-beverages-preparations, beverages",united-states,,,,unknown,,,,,
7591127604569,Fanta 355ml,,,spain,,,,unknown,,,,,
6024527022943,Fanta Orange 085 mili,,,poland,,,,unknown,,,,,
4902102158664,FANTA 朝摘み白桃,コカコーラ,,japan,,,,unknown,,,,,28.0
7790895647895,Fanta Pomelo,,,spain,,,,unknown,,,,,
5000112682908,Fanta zero sugar xotic,Fanta,"beverages-and-beverages-preparations, beverages, carbonated-drinks, sodas, lemonade",germany,,Netto Marken-Discount,Bayern,c,4.0,,"Wasser, Orangensaft aus Orangensaftkonzentrat (3 %), Kohlensäure, Säuerungsmittel (Citronensäure und Apfelsäure), Pfirsichsaft aus Pfirsichsaftkonzentrat (0,5 %), Apfelsaft aus Apfelsaftkonzentrat (0,4 %), färbendes Lebensmittel (Konzentrat aus Karotte und Färberdistel), Süßungsmittel (Aspartam und Acesulfam K), Konservierungsstoff E202, Passionsfruchtsaft auf Passionsfruchtsaftkonzentrat (0,1 %), natürliches Aroma, Stabilisatoren (E445 un E412)",,
54000407,Fanta fruits rouges,,,france,,,,unknown,,,,,
7401006421364,FANTA UVA,Fanta,,spain,,,,unknown,,,,,
2848610671313,Fanta Zero pet x 3 L,,,chile,,,,unknown,,,,,
5000112673296,Zero Zucker Orange,Fanta,"beverages-and-beverages-preparations, beverages, carbonated-drinks, artificially-sweetened-beverages, sodas, de:Fanta",austria,,,,c,4.0,,"Wasser, Orangensaft Sauerungsmittel: Citronensäure und Apfelsäure, Sußungsmittel: aus Orangensaftkonzentrat (4%), Kohlensäure, Cyclamat, Acesulfam K, Sucralose; natürliche Orangenaromen mit anderen natürlichen Aromen, Antioxidationsmittel: Ascorbinsaure Farbstoff: Carotin, Stabilisator: Guarkernmehl.",,
4005496224189,Fantasia,D'Angelo,,germany,,,,unknown,,,,,
5449000334657,tutti frutti,fanta,,latvia,,,,unknown,4.0,,"FANT Malorivaba &quot;Tutti Frutti&quot; maitseline karboniseeritud karastusjook chea maitseained, värvaine E 161b, magusained E 955, E 950, säilitusaine E 22 Magusainetega. Koostisosad: vesi, süsihappegaas, happed E 296, E1 Esineda voi looduslik sade ei mõjuta joogi kvaliteeti. Parim enne pake na jabedas ja kuivas kohas. Mitte hoida otsese päikese käes, Valmistandar Coca-Cola Company loal. Turustaja: AS Coca-Cola HBC Eesti, Tammsaare tee 92, 134 Eesti lasta inénteleton 800 2653. www.fanta.ee LV Gázēts bezalkoholiskais bezkatorju sar &quot;ti frutti&quot; garšu. Ar saldinātājiem. Sastāvdaļas: ūdens, oglekla dioksik wists E 300. leteicams līdz: skat. datumu uz iepakojuma. lespējamās nogulsnas E236 E500, dabigi aromatizētāji, krāsviela E 161b, saldinātāji: E 955, E95, konservads des staru iedarbiai, platitajs: SIA &quot;Coca-Cola HBC Latvia&quot;, Ulbrokas iela 4 Riga clones un neiespaido produkta kvalitāti. Uzglabāt sausā un vesa vietā. Nepakla Latvija, 02653.www.fanta.lv LT Be kaloriju gazuotas tutti frulli skonio gaivesis Lacksidantas E 300. Galimos natūralios kilmės nuosėdos, neturinčios itakes produkto So saldikliais. Sudedamosios dalys: vanduo, anglies dioksidas, rialty: E24 & ratios vapiosios medžiagos, dažiklis E 161b, saldikliai: E 955, E 950, konservantas Vakybei. Geriausias iki: data nurodyta ant pakuotės. Nelaikyti tiesioginisse saler spinduliuose Saugoti vėsioje, sausoje vietoje. Pagal The Caca-Cola Dogany galiojima. Platintojas: UAB Coca-Cola HBC Lietuva&quot;, Spandes F-1, LT-15132 Vilnius, Lietuva. Nemokama infolinija 8 800 26533. www.famia.",0.0,1.4340344166
7441003522725,Fanta Kolita,Coca Cola Company,,costa-rica,,,,unknown,,,,,
5000112670523,fanta portakal 2.5 lt,,"beverages-and-beverages-preparations, plant-based-foods-and-beverages, beverages, plant-based-beverages, carbonated-drinks, fruit-based-beverages, sodas, fruit-sodas",turkey,,,,unknown,,,,,
9300624036463,Lemon,Fanta,,australia,,,,unknown,,,,0.0,1.08
9300675096775,Fanta zero sugar,Fanta,,australia,,,,unknown,,,,,1.09
4901762816075,Double Dreamy Fantasy,Chateraise,,singapore,,,,unknown,,,,15.2,304.0
7501055311002,FANTA 1.75L,COCA COLA,,mexico,,,,unknown,,,,,
5310153019411,Kornishoni,Sunny Fantasy,,north-macedonia,,,,unknown,,,,0.5,15.5
5449000149015,Lemon,Fanta,,united-kingdom,,,,unknown,,,,,
8051084009894,Piselli Fantasia,Findus,"plant-based-foods-and-beverages, plant-based-foods, legumes-and-their-products, legumes, seeds, frozen-foods, legume-seeds, pulses, peas",italy,,,,unknown,,,,,
7790895000256,Fanta lata 354ml,,,argentina,,,,unknown,,,,,
3560071573751,Truffes fantaisie,Carrefour,,france,,Carrefour,,unknown,4.0,,"Graisses végétales (coprah, palmiste), sucre, cacao maigre en poudre, _lactosérum_ en poudre, cacao en poudre, émulsifiant : lécithines (_soja_).
Peut contenir des traces de céréales contenant du gluten, amandes, noisettes, pistaches et œufs.",,
4792229306709,fanta orange,fanta,,sri-lanka,,,,unknown,,,,,
5310153030058,Premium Kornishoni,Sunny Fantasy,,north-macedonia,,,,unknown,,,,0.8,10.0
5942321004006,Pară Năzdrăvană,Fanta,"beverages-and-beverages-preparations, beverages, carbonated-drinks, sodas",canada,,,,d,4.0,,"Apa, zahăr, suc de pere din concentrat 3%, dioxid de carbon, acidifianți (acid citric, acid malic), stabilizatori (gumă de acacia, esteri glicerici ai răşinilor din lemn), corector de aciditate (gluconat de sodiu), antioxidanti (acid ascorbic, alfa-tocoferol), conservant sorbat de potasiu), îndulcitori (ciclamați, acesulfam-K, sucraloză), arome, coloranți (E 150d, E 161b)",,
8003170104426,"Riso Rosso, Fantasia Di Verdura E Legumi",Piacersi Conad,"meals, microwave-meals",italy,,,,b,3.0,,"Riso rosso cotto 49% (riso rosso, acqua, sale), legumi cotti in proporzione variabile 27% (ceci, acqua, piselli, sale), carote 5%, mais 5%, olio extra vergine di oliva, semi di zucca, basilico, anacardi, succo di limone, sale.",,
8901262173483,Amul Fruit 'N' Nut Fantasy,Amul,"desserts, frozen-foods, frozen-desserts, ice-creams-and-sorbets, ice-creams, ice-cream-in-a-box","india, united-states",,,,e,4.0,,"Milk solids, sugar, orange jelly,bmikk chocolate chips, cashew pieces, raisins, emulsifier 471, stabilizers (407,412,466,415), artificial flavouring, colours (102,110)",41.3,419.0
8909081005053,8909081005053,dark fantasy,"snacks, sweet-snacks, biscuits-and-cakes, biscuits-and-crackers, biscuits, biscuit-cookie-snack-w-chocolate-filling","india, united-kingdom",,,,e,4.0,,"CHOCO CRÈME (38.0%) {SUGAR, REFINED PALMOLEIN, REFINED PALM OIL, COCOA SOLIDS, EMULSIFIER [LECITHIN (FROM SOYABEAN)], NATURE IDENTICAL FLAVOURING SUBSTANCES (CHOCOLATE), ARTIFICIAL FLAVOURING SUBSTANCES (VANILLA)}, MAIDA (REFINED WHEAT FLOUR), HYDROGENATED VEGETABLE OIL, SUGAR, INVERT SYRUP, LIQUID GLUCOSE, RAISING AGENTS [503(ii), 500(ii), 450(i)], COCOA SOLIDS (0.7%), BUTTER, MILK SOLIDS, IODIZED SALT, NATURE IDENTICAL FLAVOURING SUBSTANCES (*MILK CHOCOLATE), COLOURS (150c, 150d), EMULSIFIERS PKD.: [LECITHIN (FROM SOYABEAN), MONO AND DIGLYCERIDES OF FATTY ACIDS (FROM PALM OIL)], ARTIFICIAL FLAVOURING SUBSTANCES (MILK, VANILLA)",,
4751047860039,Infanta Candy,PIF,,latvia,,,,unknown,,,,40.0,408.0
7441003501980,Fanta Naranja Costa Rica,Fanta,,costa-rica,,,,unknown,,,,9.2,36.0
7441003522152,Fanta Kolita,Fanta,,costa-rica,,,,unknown,,,,,56.0
5056784901151,Ultra Fantasy Ruby Red,Monster,"beverages-and-beverages-preparations, beverages, energy-drinks",united-kingdom,,,,unknown,4.0,,"CARBONATED WATER, ACID (CITRIC CID) FLAVOUR ENHANCER (ERYTHRITOL), TAURINE (4%), ACIDITY REGULATOR (SODIUM CITRATES), FLAVOURINGS, PANAX GINSENG ROOT EXTRACT (0.08%), PRESERVATIVES POTASSIUM SORBATE, SODIUM BENZOATE), CFEINE 0.03%), SWEETENER (SUCRALOSE), L-CARNITINE L-TARTRATE 0.015%), VITAMINS (B3, B5, B6, B12), STABILISER GLYCEROL ESTERS OF WOOD ROSINS), GUARANA SEED EXTRACT (0.002%), INOSITOL, COLOURS (E129, E110).",,
8941161134062,Fresh Fantasy,fresh,,bangladesh,,,,unknown,,,,,
7894900027365,casadinha coca e fanta,,,brazil,,,,unknown,,,,,
4056489611387,Karamel fantazija,"Confiserie Firenze, Lidl","snacks, sweet-snacks, biscuits-and-cakes, confectioneries, cakes",croatia,,,,e,4.0,,"25,7% slani karamel (glukozno-fruktozni sirup, obrano mlijeko u prahu, biljna ulja (palma, kokos), modificirani škrob, kuhinjska sol, zgušnjivač: pektini; šećerni sirup, konzervans: kalijev sorbat; aroma (sadrži ječam i mlijeko), emulgator: esteri limunske kiseline mono-i diglicerida masnih kiselina; bojilo: curcumin], voda, smjesa za biskvit (pšenično brašno, šećer, pšenični škrob, obrano mlijeko u prahu, tvari za rahljenje: difosfati, natrijevi karbonati; arome), nadjev šećer, biljna ulja (shea, repica), rižine pahuljice (rižino brašno, ekstrakt ječmenog slada, šećer, kuhinjska sol), 7% lješnjaci, obrano mlijeko u prahu, mliječne bjelančevine, emulgator: lecitini; arome), margarin za kreme (biljne masti (palma, kokos), suncokretovo ulje, voda, kuhinjska sol, emulgator: mono - i digliceridi masnih kiselina; konzervans: sorbinska kiselina; prirodna aroma, bojilo: karoteni), krema za kolače (šećer, modificirani škrob, mliječne bjelančevine, palmino ulje, bojila: kalcijev karbonat, karoteni; zgušnjivač: natrijev alginat; kuhinjska sol, aroma, mliječne bjelančevine), melanž od jaja (jaja, konzervans: kalijev sorbat; regulator kiselosti: limunska kiselina), suncokretovo ulje, konzervans: kalijev sorbat. *iz podnog uzgoja. Može sadržavati tragove oraha, badema i pistacija.",,
8999889205519,Fanta - Lychee Flavour,Fanta,,singapore,,,,unknown,,,,,
4902102158473,ファンタサワーホワイト,"コカコーラ, Fanta","beverages-and-beverages-preparations, beverages, carbonated-drinks",japan,,,,unknown,4.0,,品名 炭酸飲料 原材料名 砂糖(国内製造)、 脱脂粉乳/香料、 炭酸、酸味料、安定剤(大豆多糖類)、 シリコーン,,
0042000033565,Peach,Fanta,,belgium,,,,,,,,,
4902102151948,Fanta White Peach,Fanta,"beverages-and-beverages-preparations, beverages, carbonated-drinks, sodas",germany,,,,e,,,,,
8901725112479,Dark Fanstasy Fantastik,Dark Fantasy,,maldives,,,,unknown,,,,52.0,488.0
0067000013775,Strawberry,Fanta,,canada,,,,unknown,,,,,
7801610002858,FANTA,Fanta,"beverages-and-beverages-preparations, beverages, carbonated-drinks, sodas, sweetened-beverages",chile,,,,e,,,"AGHA CARBONATADA, ARIONALE IDENTICO AL NATURAL, ACILOXAURENVASES CENTRAL S.A. CALLE MIRAFLORES SATO DE SODIO, AMARILLO CREPUSCUL",,
7801610003046,Fanta original x 1.5 L,Fanta,,chile,,,,unknown,,,,,
7801610671313,Fanta zero azúcar,Fanta,,chile,,,,unknown,,,,,
7801610003084,Bebida Fanta x 3 L,,,chile,,,,unknown,,,,,
7790895067716,Fanta Retonable de Vidrio,Coca Cola,,spain,,,,unknown,,,,,
5000112667462,Mango Dragonfruit,Fanta,"beverages-and-beverages-preparations, beverages",germany,,,,unknown,,,,,
5000112667684,Lemon Elderflower,Fanta,"beverages-and-beverages-preparations, beverages",germany,,,,unknown,,,,,
4779051660643,Peach,Fanta,,latvia,,,,unknown,,,,12.0,48.0
5000112681178,Zero Sugar Tutti Frutti,Fanta,,austria,,,,unknown,,,,,
5310153016731,"Royal Mix (Brokula, Karfiol, Morkov)",Sunny Fantasy,,north-macedonia,,,,unknown,,,,0.1,18.76
8992761002053,fanta anggur 390ml,Coca-Cola Company,,indonesia,,,,unknown,,,,,
5449000333766,Fanta Zero Rapsberry,Fanta,,united-kingdom,,,,unknown,,,,,
6415600564878,Lemon Sugar Free Soda,Fanta,,finland,,,,unknown,,,,,
5000112682960,Fanta,Coca Cola company,"beverages-and-beverages-preparations, beverages",germany,,,,unknown,,,,,
7441003506015,Fanta Kolita,Coca Cola Company,,costa-rica,,,,unknown,,,,9.14,37.6
7790895647161,Fanta Sabor a Naranja,coca cola,,spain,,,,unknown,,,,,
0687385000087,Fruit Punch,Fanta,,belize,,,,unknown,,,,13.2,52.0
3800131305510,Honey 400,Fantastico,,bulgaria,,,,unknown,,,,81.2,327.0
4316268718394,Squeeze,Ice Fantasy,,germany,,,,unknown,,,,,
0404004322203,Gazirano piće Fanta,,"beverages-and-beverages-preparations, plant-based-foods-and-beverages, beverages, plant-based-beverages, carbonated-drinks, fruit-based-beverages, sodas, fruit-sodas, orange-soft-drinks",croatia,,,,unknown,,,,,
54032354,Fanta -  450,Coca-Cola,"beverages-and-beverages-preparations, plant-based-foods-and-beverages, beverages, fruit-based-foods-and-beverages, non-alcoholic-beverages, plant-based-beverages, carbonated-drinks, fruit-based-beverages, juices-and-nectars, soft-drinks, sodas, fruit-juices, sweetened-beverages",italy,,,,unknown,4.0,,"Acqua, zucchero, succo d'arancia da concentrato (9%), succo di limone da concentrato (3%), anidride carbonica, stabilizzanti E 414, E 445, E 444, antiossidante acido ascorbico, aromi naturali di arancia con altri aromi naturali, acidificante acido citrico, colorante E 160a",,
59969273,Fanta Narancs,,"beverages-and-beverages-preparations, beverages, non-alcoholic-beverages, carbonated-drinks, soft-drinks, sodas",hungary,,,,unknown,,,,,
5000112684520,fanta orange,Fanta,,united-kingdom,,,,unknown,,,"2670 FANTA 500mle NUTRITION Par Energy Sparkling Orange Frud Drink With Sugar And Carbohy Sweeteners. Ingres Carbonated War Sign of wh Gray Buce From Corate Citrus Fat From Salt Concrate 11 7 Acids Cnc Acid Malic Acd Fat Sabra Vagable Extract Car Sweeteners cesattame-Reference roses Natural Grange Flash with Other 400 Atural Plasturings Preservaag Potassum Sorbate tity Regulator Setum Cratest, Antioxidant storbic Jee Stand",,
3800131306869,Ketchup,Fantastico,,bulgaria,,,,unknown,,,,5.32,34.0
4779055882102,Jazminų Ir Persikų Skonio Fanta,Fanta,,lithuania,,,,unknown,,,,4.6,19.7
3850116059020,Quattro - Fantasy,Ledo,,hungary,,,,unknown,,,,20.0,203.0
8901725016234,Sunfeast Dark Fantasy Bourbon,Sunfeast,"snacks, sweet-snacks, biscuits-and-cakes, biscuits-and-crackers, biscuits, chocolate-biscuits, biscuit-with-a-chocolate-bar-covering",india,,,,unknown,4.0,,"MAIDA REFINED WHEN FLOUR), SUGAR (34.0%), REFINED PALM OIL, COS (INS 75 INS 1904, INS 1291, STARCH, COCOA SOLIDS (2.1%), RAISING AGENTS (INS 503(1), IN), 40) ARTIFICIAL FLAVOURING SUBSTANCES (VANILLA, CHOCOLATE), EMULSIFIERS [MONO AND DIGLYCERIDES OF FATTY ACID,  LECITHIN,PLAIN CHOCOLATE (0.1%), IODIZED SALT,",,
5449000027672,fanta,,,germany,,,,unknown,,,,,
5000112670288,,Fanta,tr:gazlı-i̇çecek,turkey,,,,unknown,,,,,
4316268719636,Stieleis - Salted Caramel Pecannuss,"Ice Fantasy, Netto MD","desserts, frozen-foods, frozen-desserts, ice-creams-and-sorbets, ice-creams, ice-cream-bars, ice-cream-bars-coated-with-chocolate, de:eis-am-stiel-überzogen-mit-milchschokolade-und-nüssen",germany,,Netto MD,,e,4.0,,"54 % Bourbon-Vanilleeis (entrahmte Milch, Molkenerzeugnis, Zucker, Kokosfett, Magermilchpulver, Emulgator: Mono - und Diglyceride von Speisefettsäuren; färbendes Lebensmittel: Karottenkonzentrat; Stabilisator: Johannisbrotkernmehl, Guarkernmehl; natürliches Bourbon-Vanillearoma, gemahlene extrahierte Vanilleschoten), 31 % Milchschokolade (Zucker, Kakaomasse, Kakaobutter, Molkenerzeugnis, Butterreinfett, Kokosfett, Magermilchpulver, Emulgator: Lecithine, Polyglycerin-Polyricinoleat; Vanilleextrakt), 9 % Karamellsauce mit gesalzener Butter (Glukosesirup, Zucker, teilentrahmte Kondensmagermilch, Wasser, 4,9 % gesalzene Butter [Butter, Speisesalz], Geliermittel: Pektine; natürliches Butteraroma, Verdickungsmittel: Johannisbrotkernmehl), 6 % karamellisierte Pekannüsse (Zucker, 43 % Pekannüsse, 3 % gesalzene Butter [Butter, Speisesalz], Glukosesirup, Speisesalz). 


Das Produkt kann Spuren von anderen Schalenfrüchten enthalten.",,
8994755020678,nyam nyam fantasy choco vanilla,,,malaysia,,,,unknown,,,,,
5000112684773,Fanta Fruit Twist,Fanta,,sweden,,,,unknown,,,,,
5000112670356,Fanta Exotic Zero Sugar,"Fanta, Coca-Cola Company","beverages-and-beverages-preparations, plant-based-foods-and-beverages, beverages, plant-based-beverages, carbonated-drinks, fruit-based-beverages, artificially-sweetened-beverages, sodas, diet-beverages, fruit-sodas, diet-sodas, light-fruit-sodas",norway,,,,c,4.0,,"Kullsyreholdig vann, fruktjuice fra konsentrat 3 % (appelsin 2,6 %, pasjonsfrukt 0,2 %, fersken 0,2 %), syre (E330), sitrusekstrakt, frukt - og vegetabilsk konsentrat (svartsurbær, gulrot, hyllebær, saflor, sitron, solbær), søtstoffer (aspartam, acesulfam K), surhetsregulerende middel (E331), konserveringsmiddel (E202), naturlige aromaer, stabilisator (E412).",,
5449000342263,Fanta Pear,Coca-Cola,,united-kingdom,,,,unknown,,,Carbonated Water Sugar Energy Pear Juice From Concentrate Acids Caric Acid Malic Acid Stabilisers Acacia Sam Rycaral Esters Of Wood Resin Acidity Regulator Gedim Race Aidant carbic Acid Peration Pam Sarbat Sweeters Clamatos Acesulfame Sacral Farings Calours EM Lati 5 449000 342263&quot;&gt; of which saturat Carbohydrate Protein Sa Reference intake of,,
4260767322029,Fanta Grape China,Fanta,,germany,,,,unknown,,,,,
5449000322586,Fanta Zero Sugar,Fanta,,montenegro,,,,unknown,,,,0.4,3.0
4250481912750,Fanta,Frust twist,"beverages-and-beverages-preparations, beverages",germany,,,,unknown,,,,,
8939440014273,FANTA PINEAPPLE,,,france,,,,unknown,,,,,
5449000231178,Fanta Grape,,,germany,,,,unknown,,,,,
0850059475171,Long Grain Rice,Fantastic Rice,,united-states,,,,unknown,,,,0.0,356.0
7350101199480,Truffles Fantasy Sea Salt & Caramel Flavour,Con Amore,,norway,,,,unknown,4.0,,"Vegetable oils (coconut, palm kernel), sugar, fat-reduced cocoa (15.5%), emulsifier: lecithins, natural aroma",39.0,595.0
4890008002542,Grape Flavored,Fanta,,hong-kong,,,,unknown,,,,8.0,32.5
6415600549523,"Fanta, appelsiini",Fanta,"beverages-and-beverages-preparations, plant-based-foods-and-beverages, beverages, plant-based-beverages, carbonated-drinks, fruit-based-beverages, sodas, fruit-sodas",finland,,,,unknown,,,,4.3,19.0
5449000183644,Fanta alma,"Fanta, Coca-Cola Company","beverages-and-beverages-preparations, plant-based-foods-and-beverages, beverages, plant-based-beverages, carbonated-drinks, fruit-based-beverages, sodas, fruit-sodas",turkey,,,,unknown,,,,,
5449000172235,Fanta armud,,,turkey,,,,unknown,,,,,
4262450680775,Fanta Muscat Japan,,,germany,,,,unknown,,,,,
9300624036432,Lemon Fanta,Fanta,,australia,,,,unknown,4.0,,"Carbonated Water, Sugar, Lemon Juice from Concentrate (4.7%), Food Acids (330, 331), Flavour, Preservative (202), Stabiliser (452), Sweeteners (955, 950), Antioxidant (300), Colour (102).",,
3948764022708,FANTA,,,india,,,,unknown,,,,,
4800249699005,pork longganisa,fantastyk,,united-arab-emirates,,,,unknown,,,,,
4800249022841,chili tocino,cdo fantastyk,,united-arab-emirates,,,,unknown,,,,,
4800249004731,young pork tocino,cdo fantastyk,,united-arab-emirates,,,,unknown,,,,,
8941161134055,fresh fantasy biscuits,fresh,,bangladesh,,,,unknown,,,,,
8851959003008,,"Fanta, Fanta",grape-flavored-soft-drink,thailand,,,,unknown,4.0,,"น้ำตาล 4.5%, สารให้ก๊าซคาร์บอนไดออกไซด์ (INS290), สารควบคุมความเป็นกรด (INS 330, INS 331(ii), INS 452(i)), วัตถุกันเสีย (INS211), สารให้ความหวาน (แอสปาร์แตม, แอซีซัลเฟมโพแทสเซียมและซูคราโลส), สีสังเคราะห์ (INS122, INS133, INS129)",,
2587184005642,CACIOTTA DI PECORA FANTASIA,LATTERIA SORRENTINA,,united-states,,,,unknown,,,,0.0,451.0
5000112665130,Fanta orange,,Fanta,united-states,,,,unknown,,,,,
0841905062164,Fantastik Vanilla Crème Water Rolls,Dark Fantasy,,united-states,,,,unknown,,,,48.0,520.0
4260696246090,Fanta Erdbeere,,,germany,,,,unknown,,,,,
5942321004037,Para nazdravana,Fanta,,romania,,,,unknown,,,,,
9300675014694,FANTA PINEAPPLE 1L,,,papua-new-guinea,,,,unknown,,,,,
57123073,Fanta Exotic Zero Sugar,Fanta,,denmark,,,,unknown,,,,0.52,3.2
9300675014632,fanta pineapple 500ml,,,papua-new-guinea,,,,unknown,,,,,
6000851359283,cassis,Fanta,"beverages-and-beverages-preparations, plant-based-foods-and-beverages, beverages, plant-based-beverages, carbonated-drinks, fruit-based-beverages, sodas, fruit-sodas, blackcurrant-soft-drinks",netherlands,,,,e,4.0,,"Sprankelend water: suiker: zwarte bessensap uit concentraat (5%): voedingszuur: citroenzuur: kleurstof anthocyanen; natuurlijke zwarte bessenaroma's, Conserveermiddel: kaliumsorbaat.",10.9,45.0
7801610175118,Fanta Zero x 1.75 cc.,,,chile,,,,unknown,,,,,
5000112647822,Fanta New Taste,Fanta,"beverages-and-beverages-preparations, beverages, carbonated-drinks, artificially-sweetened-beverages, sodas",netherlands,,,,unknown,4.0,,"Sprankelend water; sinaasappelsap uit concentraat (5%); suiker; voedingszuren: citroenzuur, appelzuur, natriumcitraten; zoetstoffen: natriumcyclamaat, acesulfaam-K; natuurlijke sinaasappelaroma's met andere natuurlijke aroma's; conserveermiddel: kaliumsorbaat; antioxidant: ascorbinezuur; wortelconcentraat; stabilisator: guarpitmeel; kleurstof: carotenen.",,
8992761002084,Fanta,,,indonesia,,,,unknown,,,,,
0841905061969,Dark Fantasy Fantastik Choco Crème Filled Wafer Rolls,Sunfeast,,united-states,,,,unknown,4.0,,"sugar, wheat flour, palm oil, skim milk, cocoa powder, corn starch, soy lecithin, palm kernel oil, artificial flavors, iodized salt, sodium bicarbonate",52.0,480.0
0745125345246,100% Gainer - Fantastic Chocolate,:Protein a Co,,czech-republic,,,,unknown,,,,,
8935049500445,Fanta hương cam,,"beverages-and-beverages-preparations, beverages",virgin-islands-of-the-united-states,,,,unknown,,,,,
8935049501657,,Fanta,"beverages-and-beverages-preparations, beverages, carbonated-drinks, carbonated-soft-drinks-without-fruit-juice, carbonated-soft-drinks-without-fruit-juice-with-sugar",russia,,,,d,4.0,,"Вода, сахар, глюкозо-фруктозный сироп, регуляторы кислотности (Е330, Е331), стабилизатор Е452, ароматизатор, подсластители (Е950, E955), консервант Е211, красители (Е129, Е133). Содержит сахар и подсластители. Содержит красители, которые могут оказывать отрицательное влияние на активность и внимание детей.",4.6,19.0
8446426293961,,Fanta,"beverages-and-beverages-preparations, beverages, carbonated-drinks, carbonated-fruit-soft-drink, carbonated-fruit-soft-drink-with-sugar",france,,,,unknown,,,DECLARATION NUTRITIONNELLE 100 ml Energie: 191 kJ/,,
4262378650478,Emyo Ice Balls - Mermaid Fantasy,"Emyo,The Verse Beverages","desserts, frozen-foods, frozen-desserts, ice-creams-and-sorbets, ice-pops",germany,,"Netto MD,Kaufland",,c,,,,,
7503033553152,Mentos fanta,mentos,,spain,,,,unknown,,,,,
90377242,Fanta Pineapple,Fanta,,ghana,,,"Accra,Greater accra,Ghana",unknown,,,,30.0,124.0
5942321003405,Fanta Lămâie Zero Zahăr,Coca Cola,"beverages-and-beverages-preparations, plant-based-foods-and-beverages, beverages, plant-based-beverages, carbonated-drinks, artificially-sweetened-beverages, unsweetened-beverages, carbonated-soft-drinks-without-fruit-juice, carbonated-soft-drinks-without-fruit-juice-with-sugar-and-artificial-sweeteners",romania,plastic,,,c,4.0,,"Apă, suc de lămâie din concentrat (3%), dioxid de carbon, acidifianţi: acid citric, acid malic, îndulcitori: ciclamati, acesulfam-K, sucraloză, glicozide steviolice din stevia, E 959, arome naturale de lămâie cu alte arome naturale, corector de aciditate: citrati de sodiu, conservant: sorbat de potasiu, stabilizatori: gumă de acacia, E 445, antioxidant: acid ascorbic, colorant: caroteni. Acest produs poate suferi modificări de culoare si pot apărea sedimente. Acestea sunt de origine naturală şi vă asigurăm că nu vor afecta calitatea produsului. A se consuma de preferință înainte de: vezi pe ambalaj (primul rând).",,
5900643052174,Fantasia Mars,Danone,,poland,,,,unknown,,,,,
7410010903278,fanta vidrio 1.25,cocacola,,united-states,,,,unknown,,,,,
5281013000668,Cheese Balls,Fantasia,,australia,,,,unknown,4.0,,"جرش الذرة، زيت نباتي (النخيا ) كهة الجبنة الطبيعية والإصطناعية ) مسحوق مصله مالتودکسترین ملح معزز للنكهة (إي 621 إي 627 إي (63) عامل مانع للتكتل (إي 341(iii) وإي 551) ه ونات طبيعية (إي) 100 و إي 160 سي)). خال من منتجات الكحول و الخنزير ومشتقاتهما. يحفظ في مكان بارد وجاف بعيدا عن أشعة الشمس. يحتوي على مشتقات الحليب قد يحتوي على آثار الفستق Ingredients: Corn Grits, Vegetable Oil (Palm), Natural & Artificial Cheese Flavor (Whey Powder, Maltodextrin, Salt, Taste Enhancers (E621, E627 & E631), Anti-caking Agents (E341 (iii) & E551), Natural Coloring Agents (E100, E160c)). Free from alcoholic & pork products and their derivatives. Store in a cool dry place, away from sunlight May Contain traces of Peanuts Contains Milk Derivatives HM Please ca",,
5449000337610,Fanta 500mL,,,italy,,,,unknown,,,,,
0532319780606,Dark Fantasy Choco Fills,,,india,,,,unknown,,,,,
8901725013387,Chocolate Meltz,Dark Fantasy,,australia,,,,unknown,,,,39.2,536.0
4890008120352,Orange Flavoured Soda,Fanta,,hong-kong,,,,unknown,,,,8.0,32.0
0049000560725,chucky's punch,Fanta,,united-states,,,,unknown,4.0,,"CARBONATED WATER, HIGH FRUCTOSE CORN SYRUP, CITRIC ACID, NATURAL FLAVORS, CARAMEL COLOR, SODIUM BENZOATE, SODIUM CITRATE, RED 40",0.0,26000.0
5000112670332,Fanta Exotic Zero,Fanta,,norway,,,,unknown,,,,,
7501055374311,fanta 300,,,spain,,,,unknown,,,,,
9300624036425,Lemon,Fanta,,australia,,,,unknown,,,,7.7,32.0
9342866001441,Ultra Fantasy Ruby Red,Monster Energy,,"australia, united-states",,,,unknown,4.0,,"Carbonated Water, Acidity Regulators (Citric Acid, Sodium Citrate), Sweeteners (Erythritol, Sucralose), Taurine, Flavours, Panax Ginseng Root Extract, Preservatives (Potassium Sorbate, Sodium Benzoate), Caffeine, Vitamins [Niacin (B3), Vitamin B5, Vitamin B6, Vitamin B12], Stabiliser (Glycerol Ester Of Wood Rosin), D-Glucuronolactone, Guarana Seed Extract, Inositol, Colours (Allura Red Ac, Sunset Yellow Fcf).",,
5449000040985,Fanta,,,saudi-arabia,,,,unknown,,,,,
9120054221426,Fanta Berry,,,germany,,,,unknown,,,,,
5310153027171,Champignons,Sunny Fantasy,,north-macedonia,,,,unknown,,,,0.0,35.74
5310153030713,Pomodori Pelati,Sunny Fantasy,,north-macedonia,,,,unknown,,,,3.0,23.0
7730197272968,"Fanta 1,5",,,uruguay,,,,unknown,,,,,
2831900091007,Fanta maracujá lata,,,brazil,,,,unknown,,,,,
5000112680836,Tutti Frutti,Fanta,,germany,,,,unknown,,,,,
7909189270934,secret fantasi stories,,,nicaragua,,,,unknown,,,,,
5449000341457,Fanta saveur fruit des bois,Coca-Cola Company,"beverages-and-beverages-preparations, beverages, artificially-sweetened-beverages",france,,McDonald’s,,c,4.0,,"eau gazéifiée ; jus de citron a base de concentré (3%); acidifiants: acide malique, acide citrique; : eau gazéifiée; jus de citron à base de concentrés de carotte et cassis; colorant: E 150d; édulcorants cyclamate de sodium, acesulfame-K Sucralose arôme naturel conservateur: sorbate de potassium; correcteur d'acidité : citrates de sodium.",,
8992761164409,Fanta Raspberry 300ML,,,papua-new-guinea,,,,unknown,,,,,
5940597033621,fanta,,,romania,,,,unknown,,,,,
0067000014154,chucky's punch,Fanta,,canada,,,,unknown,,,,,
8909081002199,Fantastik,Sunfeast,"snacks, sweet-snacks, cocoa-and-its-products, confectioneries, chocolate-candies, bars, candy-chocolate-bars",india,,,,unknown,,,,,
8901725003142,dark fantasy combi,,,india,,,,unknown,,,,,
5410000334534,Fanta sans sucres saveur tutti frutti,Coca-Cola,,france,,,,unknown,,,,,
4260767322616,Japanese Fanta White Peach,Fanta,,germany,,,,unknown,,,,,
5056784905760,Monster Energy Ultra Fantasy Ruby Red,Monster Energy,,ireland,,,,unknown,4.0,,"CARBONATED WATER, ACID (CITRIC ACID), FLAVOUR ENHANCER (ERYTHRITOL), TAURINE (0.4%) ACIDITY REGULATOR (SODIUM CITRATES), FLAVOURINGS, PANAX GINSENG ROOT EXTRACT (0.08%), PRESERVATIVES POTASS SORBATE, SODIUM BENZOATE), CAFFEINE (0.03%), SWEETENER (SUCRALOSE), L-CARNITINE L-TARTRATE (0.015%) VITAMINS (B3, B5, B6, B12), STABILISER EXTRACT (0.002%), INOSITOL, COLOURS (E129, E110) GLYCEROL ESTERS OF WOOD ROSINS), GUARANA SESO ENERGY",,
8901725132903,Dark Fantasy Choco Fills Luxuria,Sunfeast,,united-kingdom,,,,unknown,,,,,
5310153027195,Shampinjoni,Sunny Fantasy,,north-macedonia,,,,unknown,,,,,
4792229039430,Fanta Cream Soda,Coca Cola,,sri-lanka,,,,unknown,,,,,
5449000341778,"Chucky Zero Lesní Plody 0,5L",Fanta,,czech-republic,,,,unknown,,,,0.2,2.0
4335619153271,Fanta naranja zero,Freeway,"beverages-and-beverages-preparations, beverages",germany,,,,unknown,,,,,
0004504399868,fanta,,,spain,,,,unknown,,,,,
2587184005949,Caciotta di Pecora Fantasia,Latteria Sorrentina,,united-states,,,,unknown,,,,,
5000112684537,Orange,Fanta,,united-kingdom,,,,unknown,,,,,
8994755020661,nyam nyam fantasy choco/banana,,,montserrat,,,,unknown,,,,,
5449000060495,Fanta Fruit Twist,Fanta,,spain,,,,unknown,,,,,
5449000329523,fanta limonata sz.zuccheri,,,italy,,,,unknown,,,,,
8009417082489,PANE AI CEREALI,PANE & Fantasia,,united-states,,,,unknown,,,,,
0049000560749,Fanta Chucky's punch,Fanta,,united-states,,,,unknown,,,,11.8,45.1
7801610003077,Fanta,Fanta,,chile,,,,unknown,,,,,
9555589216294,Fanta strawberry,,,montserrat,,,,unknown,,,,,
0841905060290,Dark Fantasy (Choco-Style Nut Fills),Sunfeast,,australia,,,,unknown,,,,35.2,536.0
7591127623522,Fanta Toronja,Fanta,,venezuela,,,,unknown,,,,,20.0
8594214010020,jerky - bird eye,Fantastic mushroom timba,,czech-republic,,,,unknown,,,,16.0,437.0
9555589200798,FANTA,,,malaysia,,,,unknown,,,,,
5056784900901,L-CARNITINE MONSTER ENERGY ULTRA FANTASY RUBY RED,Monster Energy,"beverages-and-beverages-preparations, beverages, energy-drinks",united-kingdom,,,,b,,,,,
5000112686869,Fanta,forest berries,,germany,,,,unknown,,,,,
7790580222109,Misky Fantasia,,,spain,,,,unknown,,,,,
4316268722872,Eis,"Ice Fantasy, Netto, Magnum vanille","desserts, frozen-foods, frozen-desserts, ice-creams-and-sorbets, ice-creams, ice-cream-bars, ice-cream-bars-coated-with-chocolate, vanilla-ice-cream-bars-coated-with-white-chocolate-and-almonds",germany,,,,e,4.0,,"58% Bourbon-Vanilleeis (entrahmte Milch, Molkenerzeugnis, Glukosesirup, Kokosfett, Zucker, Emulgator: Mono - und Diglyceride von Speisefettsäuren; Stabilisator: Johannisbrotkernmehl, Guarkernmehl; färbendes Lebensmittel: Karottenkonzentrat; Bourbon-Vanilleextrakt, gemahlene extrahierte Bourbon-Vanilleschoten), 37% weiße Schokolade (Zucker, Kakaobutter, Vollmilchpulver, Butterreinfett, Süßmolkenpulver, Emulgator: Lecithine [enthält Soja], Polyglycerin-Polyricinoleat; Bourbon-Vanilleextrakt), 5% blanchierte geröstete Mandelstückchen.",,
7790895650888,Fanta 600ml,,,argentina,,,,unknown,,,,,
5000112672565,Fanta exotic,Fanta,,germany,,,,unknown,,,RKW 60127132 5 000112 672565,,
5000112684780,Fanta fruit twist,Fanta,"beverages-and-beverages-preparations, plant-based-foods-and-beverages, beverages, plant-based-beverages, carbonated-drinks, fruit-based-beverages, artificially-sweetened-beverages, sodas, fruit-sodas, sweetened-beverages",united-kingdom,,,,d,4.0,,"2Le Sparkling Mixed Fruit Drink With Sugar And Sweeteners agredients: Carbonated Water. Fruit Juises From Concentrate 4.4% Orange 3.4%, Peach 85% Apple 0.4% Passion Fruit 0.1%). Sugar Vegetable And Plant Concentrates (Carrot, Safflower). Acids (Citric Acid, Malic Acid). Sweeteners (Acesulfame K. Aspartame). Preservative (Potassium Sorbate). Natural Flavouring. Stabilisers (Glycerol Esters Of Wood Rosins. Guar Gum). Contains a Source of Phenylalanine.",,
5000112684544,Fanta orange2l,Fanta,,united-kingdom,,,,unknown,,,,,
8435608807256,Lemon Fantasy,Kombucha Flax,"beverages-and-beverages-preparations, beverages, fermented-foods, fermented-drinks, tea-based-beverages, kombuchas",belgium,,,,d,4.0,,"89,5% thé de kombucha (eau, sucre*, 0,5% thé vert. 7,2% de jus de citron, jus de citron vert à base de concentré leau, 18% jus de citron vert concentré), arôme naturel de citron, concentré de carotte, antioxydant (acide ascorbique), édulcorant glycosides de steviol issus de Stevia), Bacillus coagulans, dioxyde de carbone.",,
5449000343734,Forest Berries Flavour Drink Zero Sugar,Fanta,,united-kingdom,,,,unknown,,,,,
9300675090902,Fanta Orange Zero Sugar,Fanta,,australia,,,,unknown,4.0,,"Carbonated Water, Food Acids (330, 331), Flavour, Sweeteners (952, 950, 955), Preservative (212), Colours (110, 129).",,
8435201704266,Fantasy Brownies,Brompton House,"snacks, sweet-snacks, biscuits-and-cakes, cakes, chocolate-cakes, brownies",united-kingdom,,,,d,4.0,,"Sugar, Vegetable Oil Sunflower), Agents Wax, Bee Glazing (Sodium Propionate), Emulsifiers (Polyglycerol Esters of Fatty Acids, Polyoxyethylene Sorbitan Mono-Oleate), Raising Agents Regulator (Citric Acid), Water, Humbellac), Sqit, Colours (Camminic Acid, Mixed Carotenes,Curcumin, Brilliant Blue F Diphosphates, Sodium Carbonates), Acid (Citric Acid), Thickener (Guar Gum).",,
5449000340825,Fanta Red Apple,Coca Cola,,egypt,,,,unknown,,,,,
9300675003209,fanta orange 500ml,,,papua-new-guinea,,,,unknown,,,,,
5900643052150,Fantasia Maltesers,Danone,,poland,,,,unknown,,,,,
8888002084479,Fanta - Grape Flavour,Fanta,,singapore,,,,unknown,,,,4.58,19.2
8851959127254,,"แฟนต้า, Fanta",lychee-flavoured-soda,thailand,,,,b,,,,4.85,18.2
5449000336316,Mango Dragonfriut,"Fanta, Fanta - The Coca Cola Company","beverages-and-beverages-preparations, beverages",germany,,,,d,,,,,
8011515939497,Fantasia cereali e legumi,Colfiorito,"plant-based-foods-and-beverages, plant-based-foods, legumes-and-their-products, legumes, meals, seeds, legume-seeds, pulses, soups, soup-mixes",italy,,,,a,3.0,,"INGRED ENTI: cereali precotti (55%): or perlato, farro (grano) perlato, grano duro; legumi (45%): lenticchie rosse decorticate, lenticchie gialle decorticate. Può contenere soia, lupino e senape. SENZA Va En Gra di c acid",,
5000112686807,Halloween Fanta,,"beverages-and-beverages-preparations, beverages",germany,,,,unknown,,,,,
6595602012697,Fantasy Cake Chocolate,Deemah,,saudi-arabia,,,,unknown,,,,31.0,392.0
5940541535195,fanta exotic,coca cola,,romania,,,,unknown,,,,,
5940541535188,fanta strawb kiwi,coca cola,,romania,,,,unknown,,,,,
5740700979378,fanta naranja 33cl lata 24.u,,,spain,,,,unknown,,,,,
8909081007255,ChocoRolls,Sunfeast Dark Fantasy,,india,,,,unknown,,,,48.1,479.0
4792229325809,Fanta Cream Soda 250ml,Coca Cola,,sri-lanka,,,,unknown,,,,,
7894900095203,Fanta sabor chucky punch,Fanta,,united-states,,,,unknown,,,,,
5000112574906,Fanta Orange Soft Drink,The Coca-Cola,,north-macedonia,,,,unknown,,,,10.2,42.0
5000112669466,Fanta Zero Cukru,The Coca-Cola Company,,czech-republic,,,,unknown,,,,0.4,2.68
5310153030683,Polpadi Pomodoro,Sunny Fantasy,,north-macedonia,,,,unknown,,,,3.0,23.0
54031760,Fanta Orange,Fanta,,united-arab-emirates,,,,unknown,4.0,,"carbonated water, sugar, orange juice from concentrate, citric acid, sodium benzoate, ascorbic acid, natural orange flavor, sodium citrate, acesulfame K, sunset yellow FCF, EDTA",11.5,48.0
5000112688139,Pineapple Grapefruit Zero Sugar,Fanta,,netherlands,,,,unknown,4.0,,"Sprankelend water; vruchtensap uit concentraat 5%
(ananas, pompelmoes); voedingszuur: citroenzuur; zuurteregelaar:
natriumcitraten; zoetstoffen: aspartaam, acesulfaam-K; aroma’s;
conserveermiddel: kaliumsorbaat; antioxidant: ascorbinezuur;
stabilisatoren: guarpitmeel, glycerolesters van houthars; kleurstof:
carotenen.",,
57112961,Fanta zero sugar lemon,Fanta,,united-states,,,,unknown,,,,,
5290048002578,Fantasy Yogurt Peach,Zita,,cyprus,,,,unknown,,,,10.2,67.0
5449000325563,Fanta orange 1ltr,,,saudi-arabia,,,,unknown,,,,,
3250393463457,Truffes fantaisies lait noisette RFA - 200g,"Ivoria, Intermarché","snacks, sweet-snacks, cocoa-and-its-products, confectioneries, chocolate-candies, bonbons, chocolate-truffles, autres-produits",france,,INTERMARCHE FRANCE,,e,,,,,
3250393463440,Truffes fantaisies nature RFA - 200g,Ivoria,"snacks, sweet-snacks, cocoa-and-its-products, confectioneries, chocolate-candies, bonbons, chocolate-truffles, autres-produits",france,,INTERMARCHE FRANCE,,e,4.0,,"Graisse végétale (noix de coco), sucre, cacao maigre en poudre 12,87%, lactosérum en poudre (lait), cacao en poudre* 1%, émulsifiant: lecithines (soja), arôme naturel de vanille.",,
7591127614568,fanta uba 355ml,,,spain,,,,unknown,,,,,
7591127624567,fanta toronja 355ml,,,spain,,,,unknown,,,,,
5993330000367,Fanta narancs,,"beverages-and-beverages-preparations, plant-based-foods-and-beverages, beverages, plant-based-beverages, carbonated-drinks, fruit-based-beverages, sodas, fruit-sodas, carbonated-fruit-soft-drink, orange-soft-drinks",hungary,,,,e,4.0,,"Víz, fruktóz-glükózszirup, narancslé sűrítményből (3%), szén-dioxid, étkezési sav: citromsav, természetes narancs aromák egyéb természetes aromákkal, antioxidáns: aszkorbinsav, stabilizátor: guargumi, színezék: karotinok, tartósítószer: kálium-szorbát.",,
7340154817080,Fanta Päron,Fanta,,sweden,,,,unknown,,,,,
5449000341846,Fanta Forest Berries Flavour,Fanta,"beverages-and-beverages-preparations, beverages, carbonated-drinks, artificially-sweetened-beverages, sodas",united-kingdom,,,,c,4.0,,"Carbonated Water, Lemon Juice From Concentrate (3%), Acids (Malic Acid, Citric Acid). Fruit And Vegetable Concentrates (Carrot, Blackcurrant). Colour (E 150d). Sweeteners (Cyclamates. Acesulfame K. Sucralose). Natural Flavouring. Preservative (Potassium Sorbate). Acidity Regulator (Sodium Citrates).",,
8718989962036,Suikerwafels met Chocofantasie,Plus,,netherlands,,,,unknown,,,,32.0,471.0
5449000338815,Fanta Grape,Coca-Cola Hrvatska,,croatia,,,,unknown,,,,8.2,35.0
6415600577700,refresco,fanta,,finland,,,,unknown,,,,,
5000112687972,31.01 26 2365C507 FANTA BLAC fruit twist,,,united-kingdom,,,,unknown,,,"Carbonated Water Fruit Jes From Concentrate 44% (Orange 34 Peach 0.5% Apple 0.4% Passion Fruit 0.1 Sugar.&quot; Reference intake Vegetable And Plant Concentrates (Carrot, Safflower (8400kJ/",,
5410233510248,Truffes Fantasies Original,Dilices De Truffes,,poland,,,,unknown,,,,,
4779055882300,Fanta Tutti Frutti Taste,Fanta,,lithuania,,,,unknown,,,,0.0,1.4340344166
5449000341631,FANTA chucky forest berries flavour zero sugar** C,,,united-kingdom,,,,unknown,,,FANTA 500mle w Calorie Forest Berrie for (Sodium Citrate Coca-Cola co 0800 227711 2025 The Coca-Cola Long,,
4068262081782,Truffes Fantaisie Classique,"Gourmet Finest Cuisine,Aldi","snacks, sweet-snacks, cocoa-and-its-products, confectioneries, chocolate-candies, bonbons, chocolate-truffles",france,,,,e,,,,,
5000119669353,Fanta lemon,,,ireland,,,,unknown,,,,,
0067000013621,Pineapple Ananas,Fanta,,canada,,,,unknown,4.0,,"Carbonated water, Sugar/glucose-fructose, Citric acid, Natural flavour, Modified cornstarch, Potassium sorbate, Sodium citrate, Salt, Sodium benzoate, Tartrazine, Sunset yellow FCF",,
5740700979026,Fanta Exotic,Fanta,,denmark,,,,unknown,,,,,53.0
4068262080570,Truffes fantaisie éclats de noisettes,"Gourmet Finest Cuisine,Aldi","snacks, sweet-snacks, cocoa-and-its-products, confectioneries, chocolate-candies, bonbons, chocolate-truffles",france,,,,e,,,,,
0842798109936,Fantasy Sour Belts,Freedoms Choice,,united-states,,,,unknown,,,,54.5,333.0
0400006210876,Bebida de fantasía con pulpa de coco,Amane,,chile,,,,unknown,,,,,
5000112654981,Fanta Orange,Coca Cola,"beverages-and-beverages-preparations, beverages",germany,,,,d,,,,,
8600939346686,Milk Chocolate with Orange and Biscuit,Jimmy Fantastic,,united-states,,,,unknown,,,,,
4068262080563,Truffes fantaisie écorces d'orange,"Gourmet Finest Cuisine,Aldi","snacks, sweet-snacks, cocoa-and-its-products, confectioneries, chocolate-candies, bonbons, chocolate-truffles",france,,,,e,,,,,
8009374235621,"Wein, Merlot Cabernet Sauvignon","Fantacy, Italien","beverages-and-beverages-preparations, beverages",germany,,,,unknown,,,,,
5000112620184,Fanta lemon,,"beverages-and-beverages-preparations, beverages",germany,,,,unknown,,,,,
0615402904247,FANTA 35CL,,"beverages-and-beverages-preparations, beverages, sweetened-beverages",italy,,,,unknown,,,,,
5449000214553,Fanta Fruit Twist,Zentiva,,france,"ldpe-sleeve, pet-bottle",,,unknown,4.0,,"carbonated water, fruit juices from concentrate 4,4% (orange 3,4%, peach 0,5%, apple 0,4% passion fruit 0,1%), citric acid, malic acid, preservative (potassium sorbate), vegetable and plant concentrates (carrot, safflower), sweeteners (aspartame, acesulfame k), natural flavourings, stabilisers (glycerol esters of wood rosin guar gum), contains a source of phenylalanine, see s",,
4260261971099,Pear,Fanta,"beverages-and-beverages-preparations, beverages",germany,,,,unknown,,,,,
7801610671016,Fanta zero azúcar,Fanta,,brazil,,,,unknown,4.0,,"AGUA CARBONATADA, ÁCIDO CÍTRICO, AROMAS ARTIFICIAL E IDÉNTICO AL NATURAL, CITRATO DE SODIO, ACESULFAMO-K, AMARILLO CREPÚSCULO FCF, FENILCETONÚRICOS: CONTIENE FENILALANINA",,
5000112687149,Chucky fanta,Fanta,,ireland,,,,unknown,,,,,
9300675097451,Chucky’s Punch,Fanta,,australia,,,,unknown,,,,7.6,32.0
7801610002841,Fanta sabor naranja,Fanta,,brazil,,,,unknown,4.0,,"AGUA CARBONATADA, AZÚCAR, SABOR ARTIFICIAL E IDÉNTICO AL NATURAL, ACIDO CITRICO, BENZOATO DE SODIO, AMARILLO CREPUSCULO Y E.D.T.A.",,
7894900009200,Fanta dice nights ay freddys,,,argentina,,,,unknown,,,,,
9310155781305,Noodles Oriental Flavour,Fantastic,,united-states,,,,unknown,4.0,,"Wheat flour, vegetable oil (antioxidant (319)), modified starch (420), salt, mineral salts (501, 500, 451), vegetable gum (412), salt, maltodextrin, flavour enhancers (621, 627, 631), sugar, flavour (soy, sesame), herbs and spices, soy sauce powder (soy, wheat), colour (150c), antioxidant (307b), dehydrated vegetables",0.206,
7801610671115,FANTA zero azúcar,FANTA,,brazil,,,,unknown,4.0,,"AGUA CARBONATADA, ACIDO CITRICO, SABORIZANTES NATURAL, ARTIFICIAL E IDENTICO AL NATURAL, CITRATO DE SODIO, ASPARTAMO, BENZOATO DE SODIO, ACESULFAMO-K, AMARILLO CREPUSCULO, ROJO ALLURA AC. FENILCETONURICOS: CONTIENE FENILALANINA.",,
8006165414081,A Colori - Fantasia,Casa Rinaldi,,aruba,,,,unknown,,,,2.5,356.0
0067000013751,Fanta,,,united-states,,,,unknown,,,,,
0067000013843,Fanta Pineapple,Fanta,,canada,,,,unknown,4.0,,"Carbonated water, Sugar/glucose-fructose, Citric acid, Natural flavours, Modified cornstarch, Potassium sorbate, Sodium citrate, Salt, Sodium benzoate, Tartrazine, Sunset Yellow FCF",,
5000112664799,Fanta Portakal,Fanta,"beverages-and-beverages-preparations, plant-based-foods-and-beverages, beverages, plant-based-beverages, carbonated-drinks, fruit-based-beverages, sodas, fruit-sodas, orange-soft-drinks, sweetened-beverages, Fruit-flavoured sodas",turkey,,,,d,4.0,,"Su, şeker veya fruktoz-glukoz şurubu, karbondioksit, portakal suyu konsantresi (meyve oranı en az %3), asitlik düzenleyiciler (sitrik asit, malik asit, sodyum sitrat), C vitamini, koruyucu (potasyum sorbat), aroma vericiler, tatlandırıcılar (sodyum siklamat, sakkarin), renklendirici (beta karoten), kıvam arttırıcı (keçi boynuzu gamı).",,
5000112680614,Fanta Zero Cukru s Příchtí Jablka a Liči,The Coca-Cola Company,,czech-republic,,,,unknown,,,,,
8801069421124,mentos tropical mix,Fanta,,poland,,,,unknown,,,,,
5000112673326,Fanta Orange,Fanta,"beverages-and-beverages-preparations, beverages",germany,,,,unknown,,,,,
0860009657038,Body Magic,Her Fantasy Box,,united-states,,,,unknown,,,,,
7591127613325,Fanta Uva,Coca cola,,spain,,,,unknown,,,,,
8008660890056,Confiture extra de fraise,Fantasy,"plant-based-foods-and-beverages, plant-based-foods, breakfasts, fruit-based-foods-and-beverages, fruits-and-vegetables-based-foods, spreads, fruit-based-foods, plant-based-spreads, sweet-spreads, fruit-and-vegetable-preserves, fruit-preserves, jams, fruit-jams, berry-jams, strawberry-jams",france,,,,d,4.0,,"Fraises sirop de glucose-fructose, sucre, gélifiant : pectine, correcteurs d'acidité, acide citrique, citrate de calcium",,
3481292400698,Truffes fantaisie au chocolat noir,Chocolat Mathez,"snacks, sweet-snacks, cocoa-and-its-products, confectioneries, chocolate-candies, bonbons, chocolate-truffles",france,,,,e,3.0,,"Chocolat noir 74% (pâte de caçao*, sucre, beurre de cacao, vanille en poudre*), matière grasse végétale (coprah*), cacao en poudre. 74% de chocolat à 55% de cacao
*Produits issus de l'agriculture biologique
Cacao, sucre, vanille : cultivés et commercialisés conformément aux standards du commerce équitable Fairtrade/Max Havelaar. 75% du poids total. Cacao, sucre: le bilan de masse est utilisé pour correspondre au volume acheté aux conditions Fairtrade/Max Havelaar. www.maxhavelaarfrance.org",,
8002267024586,Fantasma Dolfin,Dolfin,,italy,,,,unknown,,,,,
8941153050233,fantastic salted biskts,,,united-arab-emirates,,,,unknown,,,,,
5000112610130,fanta,,,germany,,,,unknown,,,,,
2430828002043,Fantasia Di Paprika,Pezzoni Classici,,germany,,,,unknown,,,,,
5000112687682,refrigerante  fanta ananas zero 1.5+0.5,,,portugal,,,,unknown,,,,,
5000112684766,Fruit Twist,Fanta,,united-kingdom,,,,unknown,,,,,
7771609004890,Fanta Sabor Naranja,"Fanta,Coca-Cola","beverages-and-beverages-preparations, beverages, carbonated-drinks, artificially-sweetened-beverages, sodas, non-alcoholic-beverages, flavoured-drinks, sweetened-beverages",bolivia,,,"Cochabamba,Bolivia",e,4.0,,"Agua carbonatada, azúcar, ácido cítrico (acidulante), saborizantes naturales y artificiales a naranja, benzoato de sodio (preservante), acetato isobutirato de sacarosa (estabilizante), sucralosa (0.006%) (edulcorante), aceculfame K (0.0046%) (edulcorante), SIN 110 (colorante), SIN 129 (colorante).",7.5,31.0
9310155010801,Delites Sour Cream & Chives Flavour,Fantastic,,united-states,,,,unknown,,,,,
8007760004578,Antipasto Fantastico,Toscana Gourmet,,germany,,,,unknown,,,,,
9310155012324,Pink Salt And Vinegar Rice Crackers,Fantastic,,australia,,,,unknown,,,,0.3,106.0
0485992300008,Truffes Fantaisie noisettes bio,,"snacks, sweet-snacks, confectioneries, truffes-fantaisie-noisettes-bio",france,,La Vie Claire,,unknown,3.0,,"Chocolat noir - 55% de cacao minimum - 69,5% (pâte de cacao*, sucre*, beurre de cacao*, vanille en poudre*), matière grasse végétale (coprah*), éclats de NOISETTES grillées* 6%, cacao en poudre*.*Ingrédients agricoles issus de l'Agriculture Biologique",,
3481291031244,Truffes fantaisies,,,france,,,,unknown,,,,,
3481292600135,Truffes fantaisie,,,france,,,,unknown,,,,,
4316268723527,Nougat Breaker,"ICE Fantasy,Netto MD","desserts, frozen-foods, frozen-desserts, ice-creams-and-sorbets, ice-creams, ice-cream-bars, ice-cream-bars-coated-with-fat-reduced-cocoa",germany,,,,e,4.0,,"62,4% Bourbon-Vanilleeis (entrahmte Milch, Molkenerzeugnis, Glukose-Fruktose-Sirup, Kokosfett, Zucker, Emulgator: Mono - und Diglyceride von Speisefettsäuren; Stabilisator: Johannisbrotkernmehl, Guarkernmehl; natürliches Bourbon-Vanillearoma), 16,3% kakaohaltige Fettglasur (Kokosfett, Zucker, fettarmes Kakaopulver', Vollmilchpulver, Emulgator: Lecithine [enthält Soja]; Vanilleextrat), 15,1% Nougatcreme (Zucker, Palmfett, pflanzliche Öle [Raps, Sonnenblume, Soja in veränderlichen Gewichtsanteilen], 12% Haselnüsse², 3% fettarmes Kakaopulver, Emulgator: Lecithine [enhält Soja]; natürliches Kakaoaroma¹), 3,1% Waffelbrösel (Weizenmehl, Zucker, Kokosfett, Emulgator: Lecithine [enthält Soja]; Karamellzuckersirup, Speisesalz), 3,1% Mandel-Nougatstückchen (Glukosesirup, 30% Mandeln, Zucker, Glukose-Fruktose-Sirup, Honig, Gelatine, natürliches Zitronenaroma, Stärke). Das Produkt kann Spuren von Hühnereiern, Erdnüssen und anderen Schalenfrüchten enthalten.",,
6009204699274,Fantastical Eggs,Woolworths,,south-africa,,,,unknown,,,,61.3,389.0
5449009339479,Fanta sans sucres tutti frutti,,,france,,,,unknown,,,,,
8003170035584,Contorno Fantasia,Conad,,italy,,,,unknown,,,,,
5310153000396,Green Peas,Sunny Fantasy,,north-macedonia,,,,unknown,,,,4.2,55.0
8050538263073,Arlecchino Fantasy Pasta,,,france,,,,unknown,,,,,
59406556,Fanta Lamaie,Fanta,,romania,,,,unknown,,,,,48.0
9310155010788,Delites Rice Snacks Flame Grilled Barbecue flavour,Fantastic,,united-states,,,,unknown,,,,,
325622017434300,"Chocolat noir fourré à la truffe fantaisie, éclats de fèves de cacao caramélisés Tablette de 150g",U,,france,,,,unknown,4.0,,"Sucre, pate de cacao* (cote d'ivoire), beurre de cacao, matiere grasse de LAIT anhydre, LAIT entier en poudre, cacao maigre en poudre, eclats de feves de cacao caramelises 2.4% (cacao, sucre), LACTOSERUM en poudre, émulsifiant : lecithines, arome naturel de vanille. Cacao : 49% minimum dans le chocolat noir. * feves de cacao provenant du programme transparence cacao. traces eventuelles de fruits a coque, de cereales contenant du gluten.",,
325622475983600,Truffes chocolats fantaisie nature étui 250g,U,,france,,,,unknown,4.0,,"Sucre, graisse de coprah, pâte de cacao, beurre de cacao, cacao maigre en poudre, LACTOSERUM en poudre, cacao en poudre, émulsifiant : lécithines de SOJA.
Traces éventuelles de céréales contenant du gluten, de fruits à coque et d'oeufs.",,
5000112678772,Fanta orange,,,poland,,,,unknown,,,,,
5449000342652,Fanta,,,france,,,,unknown,,,,,
3481291031206,Truffes fantaisie,,,france,,,,unknown,,,,,
5000112678857,Fanta Zero Sugar,Fanta,,lithuania,,,,unknown,,,,0.4,2.6290630971
5940805088092,Peach And Jasmine,Fanta,,romania,,,,unknown,,,,4.6,19.0
0611739522208,Fanta Orange,Fanta,,aruba,,,,unknown,,,,9.48,38.4
3481291030315,Truffes fantaisie,,,france,,,,unknown,,,,,
3481291031114,Truffes fantaisie,,,france,,,,unknown,,,,,
5449000135667,fanta fruity,"Fanta, Coca-Cola Company","beverages-and-beverages-preparations, plant-based-foods-and-beverages, beverages, plant-based-beverages, carbonated-drinks, fruit-based-beverages, sodas, fruit-sodas",netherlands,,,,unknown,,,,,
8720892439802,fanta peach,,,netherlands,,,,unknown,,,,,
4068262083205,Meringuettes fantaisie amomatisees,,,france,,,,unknown,,,,,
3760397991349,Meringue fantaisie aromatisées,,,france,,,,unknown,,,,,
2481407031121,Truffes fantaisie,,,france,,,,unknown,,,,,
3472710051011,Truffes fantaisie original,,,france,,,,unknown,,,,,
5449000257000,FANTA - ORANGE,FANTA,"beverages-and-beverages-preparations, plant-based-foods-and-beverages, beverages, plant-based-beverages, carbonated-drinks, fruit-based-beverages, sodas, fruit-sodas, orange-soft-drinks",united-states,,,,unknown,,,,,
4901661104587,Truffles Fantaisie - Dark,Lion Products,"snacks, sweet-snacks, cocoa-and-its-products, confectioneries, chocolate-candies, bonbons, chocolate-truffles, ja:菓子",japan,,,,unknown,4.0,,砂糖、植物油脂、脱脂ココアパウダー、ホエイパウダー(乳成分を含む)、ココアパウダー/膨張剤、乳化剤(大豆由来)、pH調整剤、香料,,
3481291030896,Truffe fantaisie nature,,,france,,,,unknown,,,,,
3481294500082,Truffes fantaisie,,,france,,,,unknown,,,,,
5000112678918,Fanta Zero Sugar,Fanta,,lithuania,,,,unknown,,,,0.4,2.6290630971
9309001680190,Fairy Floss,Fantasy,,australia,,,,unknown,,,,99.9,406.0
3700531212046,Truffes fantaisies,,,france,,,,unknown,,,,,
8717568249308,Vers Aan Tafel Babi Pangang met Rijstfantasie 500 g,Vers aan Tafel,,netherlands,,,,unknown,4.0,,"Rijst mix 46% (gek. rijst 62%, prei, wortel, paprika, ui, water, zonnebl olie, bouillon (maltodextrine, zetmeel, groentepdr (prei, wortel, ui), plant. olie (kz/zonnebl), kruid en specerij (SELDERIJ)), SESAMolie, zout, look), vrksreepje 14% (varken, ketjap (suikerstr, water, gehydro. plant. eiwit (SOJA, maïs), zout, kleurst: E150c, zuurtereg: E330, verdikkingsm: E407, E412, E466), azijn, specerij, aroma, raapolie, water, br suiker (suiker, suikerstr, kleurst: E150c, MELKeiwit, zout, specerijenextr, glucosestr, dextrose, maltodextrine, rookaroma, anitoxi: E301, E331, conserveerm: E262, stab: E407, emulg: E415), water, ketjap manis (suikerstr, soja saus (water, SOJAbonen, TARWE, moutextr (GERST)), azijn, rode wijnextr, gistextr), ui, kool, bonen, sojabonen, paprika, witte wijn, ananas, kandijsuiker (suiker, kandijstr, kleurst: E150c), ketchup (tomaat, azijn, suiker, zout, extr. van kruid/ specerij (SELDERIJ), specerij), zonnebl olie, gemod zetmeel, citroensap uit conc, sambal (rode chilli, zout), look, bouillon (maltodextrine, zetmeel, groentepdr (prei, wortel, ui), plant. olie (kz/zonnebl), kruid/ specerij (SELDERIJ)), kruid en specerij",,
20258610,Lay's Dipsaus Fantasia Groene Kruiden 6 g,Lay's,,netherlands,,,,unknown,,,,,
5411423108597,Suikerwafels met Melk Cacaofantasie,Belgian Waffles Thys,,netherlands,,,,unknown,4.0,,"Tarwebloem, margarine (plantaardige oliën en vetten (palm en koolzaad; in wisselende verhoudingen), water, emulgatoren: lecithinen(soja), mono - en diglyceriden van vetzuren, zout, zuurteregelaar: citroenzuur, natuurlijke aroma's , kleurstof: bèta - caroteen),parelsuiker (18,7%), cacaobedekking (13,6%) (suiker, plantaardig vet (palm), volle melkpoeder, magere cacaopoeder*,emulgator: lecithinen (soja), stabilisator: E492, natuurlijk vanille aroma), gist, invertsuikerstroop, eieren, suiker (2,3%),stabilisator: sorbitol, sojabloem, zout, emulgator: lecithinen (soja), aroma",,
5000112646139,"Fanta Orange Frisdrank 4 x 1,5 L",Fanta,,netherlands,,,,unknown,4.0,,"Sprankelend water; suiker; sinaasappelsap uit concentraat (3%); voedingszuren: appelzuur, citroenzuur; zoetstoffen: natriumcyclamaat, acesulfaam-K, sucralose; conserveermiddel: kaliumsorbaat; natuurlijke sinaasappelaroma's met andere natuurlijke aroma's; antioxidant: ascorbinezuur; stabilisatoren: guarpitmeel, arabische gom, glycerolesters van houthars; zuurteregelaar: natriumcitraten; wortelconcentraat; kleurstof: carotenen.",,
5000112659597,Fanta Orange 24 x 330 ml,Fanta,,netherlands,,,,unknown,4.0,,"Sprankelend water, sinaasappelsap uit concentraat (6.5%), suiker, voedingszuren: citroenzuur, appelzuur, natriumcitraten, natuurlijke sinaasappelaroma's met andere natuurlijke aroma's, zoetstoffen: natriumcyclamaat, acesulfaam-K, sucralose, conserveermiddel: kaliumsorbaat, antioxidant: ascorbinezuur, wortelconcentraat, stabilisator: guarpitmeel, kleurstof: carotenen",,
5000112659603,Fanta Orange zero sugar 24 x 330 ml,Fanta,,netherlands,,,,unknown,4.0,,"Sprankelend water; sinaasappelsap uit concentraat (4%); voedingszuren: citroenzuur, appelzuur,natriumcitraat; zoetstoffen: aspartaam,acesulfaam-K; conserveermiddel: kaliumsorbaat; antioxidant: ascorbinezuur; natuurlijke sinaasappelaromaâs met andere natuurlijkearomaâs; wortelconcentraat; stabilisator: guarpitmeel; kleurstof: carotenen.",,
5000112659368,Fanta Cassis 4 x 250 ml,Fanta,,netherlands,,,,unknown,4.0,,Sprankelend water; suiker; zwarte bessensap uit sapconcentraat(5%); voedingszuur: citroenzuur; kleurstof: anthocyanen; natuurlijke zwarte bessenaroma's; conserveermiddel: kaliumsorbaat.,,
5000112659382,Fanta Lemon zero sugar 4 x 250 ml,Fanta,,netherlands,,,,unknown,4.0,,"Sprankelend water; citroensap uit sapconcentraat (6%); voedingszuren: citroenzuur, natriumcitraat; zoetstoffen: aspartaam,acesulfaam-K, natrium-sacharine; conserveermiddel: kaliumsorbaat; stabilisatoren: arabische gom,glycerolesters van houthars; antioxidant: ascorbinezuur; natuurlijke citroenaroma's met ander natuurlijk aroma.",,
5000112659412,Fanta Orange Frisdrank 3x 8x250 ml,Fanta,,netherlands,,,,unknown,4.0,,"Sprankelend water; sinaasappelsap uit concentraat (5%); suiker; voedingszuren: citroenzuur, appelzuur, natriumcitraten; zoetstoffen: natriumcyclamaat, acesulfaam-K; natuurlijke sinaasappelaroma's met andere natuurlijke aroma's; conserveermiddel: kaliumsorbaat; antioxidant: ascorbinezuur; wortelconcentraat; stabilisator: guarpitmeel; kleurstof: carotenen.",,
5000112659436,Fanta Orange 10+2 Gratis 12 x 250 ml,Fanta,,netherlands,,,,unknown,4.0,,"Sprankelend water, sinaasappelsap uit concentraat (6.5%), suiker, voedingszuren: citroenzuur, appelzuur, natriumcitraten, natuurlijke sinaasappelaroma's met andere natuurlijke aroma's, zoetstoffen: natriumcyclamaat, acesulfaam-K, sucralose, conserveermiddel: kaliumsorbaat, antioxidant: ascorbinezuur, wortelconcentraat, stabilisator: guarpitmeel, kleurstof: carotenen",,
5000112659764,Fanta Orange Mini 8 x 150 ml,Fanta,,netherlands,,,,unknown,4.0,,"Sprankelend water; suiker; sinaasappelsap uit concentraat (3%); voedingszuren: appelzuur, citroenzuur; zoetstoffen: natriumcyclamaat, acesulfaam-K, sucralose; conserveermiddel: kaliumsorbaat; natuurlijke sinaasappelaroma's met andere natuurlijke aroma's; antioxidant: ascorbinezuur; stabilisatoren: guarpitmeel, arabische gom, glycerolesters van houthars; zuurteregelaar: natriumcitraten; wortelconcentraat; kleurstof: carotenen.",,
5000112659658,"Fanta Orange Blik 12 x 0,33 L",Fanta,,netherlands,,,,unknown,4.0,,"Sprankelend water; suiker; sinaasappelsap uit concentraat (3%); voedingszuren: appelzuur, citroenzuur; zoetstoffen: natriumcyclamaat, acesulfaam-K, sucralose; conserveermiddel: kaliumsorbaat; natuurlijke sinaasappelaroma's met andere natuurlijke aroma's; antioxidant: ascorbinezuur; stabilisatoren: guarpitmeel, arabische gom, glycerolesters van houthars; zuurteregelaar: natriumcitraten; wortelconcentraat; kleurstof: carotenen.",,
5000112659375,Fanta Exotic zero sugar 4 x 250 ml,Fanta,,netherlands,,,,unknown,4.0,,"Sprankelend water, vruchtensap uit concentraat 4.4% (sinaasappel 3.4%, perzik 0.5%, appel 0.4%, passievrucht 0.1%),voedingszuren: citroenzuur, appelzuur, conserveermiddel: kaliumsorbaat, wortel - en saffloerconcentraat, zoetstoffen: acesulfame-K,aspartaam, natuurlijke aroma's, stabilisatoren: guarpitmeel, glycerolesters van houthars",,
5000112659351,Fanta Cassis 4 x 250 ml,Fanta,,netherlands,,,,unknown,4.0,,Sprankelend water; suiker; zwarte bessensap uit sapconcentraat(5%); voedingszuur: citroenzuur; kleurstof: anthocyanen; natuurlijke zwarte bessenaroma's; conserveermiddel: kaliumsorbaat.,,
5000112504866,Fanta Orange zero sugar 8 x 250 ml,Fanta,,netherlands,,,,unknown,4.0,,"Sprankelend water; sinaasappelsap uit concentraat (4%); voedingszuren: citroenzuur, appelzuur, natriumcitraat; zoetstoffen: aspartaam, acesulfaam-K; conserveermiddel: kaliumsorbaat; antioxidant: ascorbinezuur; natuurlijke sinaasappelaroma's met andere natuurlijke aroma's; wortelconcentraat; stabilisator: guarpitmeel; kleurstof: carotenen.",,
5000112647891,Fanta Orange 12 x 500ml,Fanta,,netherlands,,,,unknown,4.0,,"Sprankelend water; suiker; sinaasappelsap uit concentraat (3%); voedingszuren: appelzuur, citroenzuur; zoetstoffen: natriumcyclamaat, acesulfaam-K, sucralose; conserveermiddel: kaliumsorbaat; natuurlijke sinaasappelaroma's met andere natuurlijke aroma's; antioxidant: ascorbinezuur; stabilisatoren: guarpitmeel, arabische gom, glycerolesters van houthars; zuurteregelaar: natriumcitraten; wortelconcentraat; kleurstof: carotenen.",,
5000112659399,Fanta Orange Frisdrank 8 x 250 ml,Fanta,,netherlands,,,,unknown,4.0,,"Sprankelend water; sinaasappelsap uit concentraat (5%); suiker; voedingszuren: citroenzuur, appelzuur, natriumcitraten; zoetstoffen: natriumcyclamaat, acesulfaam-K; natuurlijke sinaasappelaroma's met andere natuurlijke aroma's; conserveermiddel: kaliumsorbaat; antioxidant: ascorbinezuur; wortelconcentraat; stabilisator: guarpitmeel; kleurstof: carotenen.",,
5000112655780,"Fanta orange zero sugar 0,5 L",Fanta,,netherlands,,,,unknown,4.0,,"Sprankelend water; sinaasappelsap uit concentraat(4%); voedingszuren: citroenzuur, appelzuur, natriumcitraat; zoetstoffen:aspartaam, acesulfaam-K; conserveermiddel: kaliumsorbaat;  antioxidant: ascorbinezuur; natuurlijkesinaasappelaroma's met andere natuurlijke aroma's; wortelconcentraat; stabilisator:guarpitmeel; kleurstof: carotenen.#",,
3663154010393,truffes fantaisie aux eclats de noisettes,,,france,,,,unknown,,,,,
5449000322227,Fanta Low Cal,Fanta,,bosnia-and-herzegovina,,,,unknown,,,,4.0,18.0
3481291031558,Truffe fantaisie aux brisures de crêpe croustillante,,,france,,,,unknown,,,,,
3418011287766,Truffes fantaisies cardon,,,france,,,,unknown,,,,,
5281013101891,Nacho Cheese,Fantasia,,lebanon,,,,unknown,,,,2.0,491.0
4009048014273,Fanta Pineapple,,,iraq,,,,unknown,,,,,
5000112679656,Fanta,,,poland,,,,unknown,,,,,
8720874513995,Cacaofantaisie,,,france,,,,unknown,,,,,
3481294501195,Truffes fantaisie,Mathez,,france,,,,unknown,,,,,
3481294502239,Truffes fantaisie nature,,,france,,,,unknown,,,,,
3481291031138,Truffes fantaisie,,,france,,,,unknown,,,,,
3481292600128,Cacao Truffles truffes fantaisie,,,france,,,,unknown,,,,,
3481292600067,Truffes Fantaisie,,,france,,,,unknown,,,,,
3481291028725,Truffes fantaisies menthe,,,france,,,,unknown,,,,,
3700766403202,Perles truffes fantaisies et céréales croquantes,,,france,,,,unknown,,,,,
5000112687651,FANTA chucky forest berries flavour' zero sugar**,,,united-kingdom,,,,unknown,,,,,
3760036354290,Pâte d'amande fantaisie,,,france,,,,unknown,,,,,
3481291023768,Truffes Fantaisies,,,france,,,,unknown,,,,,
3865200000000,Truffes fantaisies cointreau,,,france,,,,unknown,,,,,
5000112680560,Cassis,Fanta,"beverages-and-beverages-preparations, beverages",germany,,,,unknown,,,,,
3760018360073,Kougelhopfs truffes fantaisie,Chocolaterie Bruntz,"snacks, sweet-snacks, cocoa-and-its-products, confectioneries, chocolate-candies, bonbons, chocolate-truffles",france,,,,e,4.0,,"matière grasse végétale, sucre, poudre de cacao maigre, matière grasse végétale hydrogénée, LACTOSERUM en poudre, émulsifiant : lecithine de SOJA. Arôme naturel de vanille. Peut contenir des traces d'oeufs, de gluten, de graines de sésame et d'autres fruits à coque.",,
3481291024499,Truffe fantaisie aux brisures de crêpe croustillante,,,france,,,,unknown,,,,,
3663154010409,Truffes fantaisie aux éclats de caramel,,,france,,,,unknown,,,,,
3481292400988,Truffes Fantaisie,,,france,,,,unknown,,,,,
7896333049617,Atum Sólido Em Óleo Comestível,Fantasia Di Maré,,brazil,,,,unknown,,,,,
5000112680379,Fanta 1.5,Fanta,,poland,,,,unknown,,,,,
3472710051301,Truffes fantaisie,,,france,,,,unknown,,,,,
3481291028718,Truffes fantaisies,,,france,,,,unknown,,,,,
3481291018481,Truffes Fantaisie,Chocolate les matthez,,canada,,,,unknown,,,,,
0089087158026,Lightly Salted Plantain Chips,Tropical Fantasy,,united-states,,,,unknown,,,,0.0,500.0
8941153055092,Fantastic chocolate pound cake,,,bangladesh,,,,unknown,,,,,
5449000325822,Fanta grape 1.25L,Fanta,,moldova,,,,unknown,,,,,
3481291019075,Truffes fantaisie,,,france,,,,unknown,,,,,
10488454,Fanta,,,france,,,,unknown,,,,,
0600531040256,Fantastico Espresso,Turm Kaffee,"beverages-and-beverages-preparations, plant-based-foods-and-beverages, plant-based-foods, beverage-preparations, coffees, capsules, ground-coffees, robusta-coffees, robusta-ground-coffees",netherlands,,,,unknown,1.0,,roasted coffee ground,,
5040000092037,fanta sokata,,,the-bahamas,,,,unknown,,,,,
5000112681116,,Fanta,"beverages-and-beverages-preparations, beverages","austria, germany",,,,e,,,"26.01.26 PP Klassiker und kleine Dieser Vegan r begeistert ges Knabberfans! gr Glutenfre Diese Packung enthält 1 Portion. Eine Portion = 30 g This pack contains 1 serving. One serving = 30g Na Nutritional nen/ Energie/energy 100g 2156 kj 30g (3 647 516 kcal 155 ka 130 212:03 BOLDEDEY الدوح (D) kp esal mde vo Fett/fat davon gesättigte Fettsäuren/ of which saturates Kohlenhydrate/carbohydrate 278 2,8 62 g davon Zucker/of which sugars 2,2 g 0.78 Ballaststoffe/fibre 4,9 g 1,5g 3,0 g 0,9 g 2% Eiweiß / protein 1,5 g 0,45 g 8% Salz/salt (GB) INGRED unflower otate RAN rem Produkt. uf www.pom-baer.c t für eventuelle *Referenzmenge für einen durchschnittlichen Erwachsenen (8400 kJ/2000 kcal) / * Reference intake of an average adult (8400 kJ/2000 kcal) Für Veganer geeignet Suitable for vegans Glutenfrei/ Gluten free Kontakt & Infos unter www.porn-baer de oder über den QR-Code Intersnack Deutschland SE, Erna-Scheffler-Straße 3, DE-51103 Köln X2030708",,
5310153026372,sour cherry,sunny fantasy,,north-macedonia,,,,unknown,,,,,71.0
5310153000464,Kornishoni,Sunny Fantasy,,north-macedonia,,,,unknown,,,,0.8,22.0
7801610002193,Fanta sabor naranja,Fanta,,spain,,,,unknown,,,,,
5942321004129,Fanta doza lamaie,,,romania,,,,unknown,,,,,
3481291017835,Truffes fantaisie,,,france,,,,unknown,,,,,
5940733173051,fanta căpșuni 355 ml,,,romania,,,,unknown,,,,,
5940733173020,fanta zmeura 355,,,romania,,,,unknown,,,,,
5940733173044,fanta piersica 355ml,,,romania,,,,unknown,,,,,
5281013101730,Cocktail Original Flavored,Fantasia,,italy,,,,unknown,,,,,
9300624036418,Fanta Lemon,Fanta,,australia,,,,unknown,,,"810 R TA FANTA Soft Drink contains: Carbonated Water, Sugar, Lemon Juice from NUTRITION INFOR Servings per pada Average Quantity krim Energy Protein Concentrate (4.7%), Food Acids (330, 331), Flavour, Fat, total Preservative (202), Stabiliser (452), Sweeteners local ingredients. Made in Australia from imported and (955,950), Antioxidant (300), Colour (102). - saturated Carbohydrate - sugars Dietary Fibre Sodium Store in a cool place. For best before date see neck of bottle. Prepared and bottled Australia Pty Ltd Australia, under au Owner of the trade ma coca-colacompa 32024 The Coca-Cola C",,
0049000544176,fanta 18 cans,,,united-states,,,,unknown,,,,,
0049000557053,fanta pineapple mini,coca cola,,united-states,,,,unknown,,,,,
7771609003114,Fanta sabor Naranja,"Fanta,Coca-Cola","beverages-and-beverages-preparations, beverages, carbonated-drinks, artificially-sweetened-beverages, sodas, non-alcoholic-beverages, flavoured-drinks, sweetened-beverages",bolivia,,,"Cochabamba,Bolivia",e,4.0,,"Agua carbonatada, azúcar, ácido cítrico (acidulante), saborizantes naturales y artificiales a naranja, benzoato de sodio (preservante), acetato isobutirato de sacarosa (estabilizante), edulcorantes (sucralosa (0.006%), acesulfame K (0.0046%)), colorantes (SIN 110, SIN 129).",7.5,31.0
4897148040038,Fanta Grapefruit & passion Fruit,Fanta,,canada,,,,unknown,,,,,
5000112687156,Forest Berries Fanta,Coca Cola,,ireland,,,,unknown,,,,,
9356330262580,Fanta portocale 500 ml,,,romania,,,,unknown,,,,,
3701175700234,Truffes fantaisie aux brisures de pain d’épice,,,france,,,,unknown,,,,,
3948725015633,dark fantasy,sunfeast,,united-arab-emirates,,,,unknown,,,,,
5942321002774,Fanta 0.33lx4ST,,,romania,,,,unknown,,,,,
5449000322142,orange,Fanta,,united-states,,,,unknown,,,,,
78949000300013,fanta 350,,,portugal,,,,unknown,,,,,
3481292400155,Truffes fantaisie au chocolat noir,,,france,,,,unknown,,,,,
0011110661555,Salmon Fantasy,Private Selection by Snowfox,,united-states,,,,unknown,,,,,
5000112687965,Fanta lemon,Fanta,,united-kingdom,,,,unknown,,,,,
9449082000712,Fanta orange 25cl bte,,,morocco,,,,unknown,,,,,
5000112669060,Fanta orange low calorie,Fanta,,united-states,,,,unknown,,,,,
5310153016755,Fruit Mix,Sunny Fantasy,,north-macedonia,,,,unknown,,,,5.28,47.0
8801094000363,Fanta zero,Fanta,,france,,,,unknown,,,,,
4897148040014,fanta lychee,,"beverages-and-beverages-preparations, beverages, carbonated-drinks, artificially-sweetened-beverages, sodas, diet-beverages, diet-sodas",france,,,,c,,,,,
8698313523143,golf fantasia ring,golf,,iraq,,,,unknown,,,,,
0673536355281,Cheese Curds - The Block garlic And Rosemary,Fresh Fun Fantastic,,canada,,,,unknown,,,,,
4262547810054,Fanta - Watermelon [CHN],Fanta,,united-states,,,,unknown,,,,,
5000112687293,Exotic,Fanta,"beverages-and-beverages-preparations, beverages",germany,,,,c,,,,,
4316268718912,Peanut Champion Ice Cream,ICE Fantasy,,germany,,,,unknown,,,,,
0745114133366,Fantasy bisskit,,,bangladesh,,,,unknown,,,,,
5000112688801,Fanta Tutti Frutti,Coca-Cola,"beverages-and-beverages-preparations, beverages",germany,,,,b,,,,,
9300601866434,Fantasy Finger Bun,Coles,,australia,,,,unknown,,,,18.2,308.0
3481292600074,Truffes fantaisie,,,france,,,,unknown,,,,,
7801610671047,FANTA zero azúcar,FANTA,"bebidas, bebidas-de-naranja, bebidas-saborizadas, gaseosas",brazil,,,,a,4.0,,"AGUA CARBONATADA, ACIDO CITRICO, SABORIZANTES NATURAL, ARTIFICIAL AL NATURAL, CITRATO DE SODIO, ASPARTAMO, BENZOATO DE SODIO, ACESULFAMO CREPUSCULO, ROJO ALLURA AC. FENILCETONURICOS: CONTIENE FENILALANINA EN",,
8801094253042,Fanta raisin,,,france,,,,unknown,,,,,
6928804025224,Pineapple Fanta,Japanese,,united-states,,,,unknown,,,,,19.7
9016481000300,Dark Fantasy Sandwich Crème Vanilla Flavoured Crème,,,india,,,,unknown,,,,,
5056784910788,Monster Ultra fantasy Ruby red,Monster Energy,"beverages-and-beverages-preparations, beverages, carbonated-drinks, sodas",spain,,,,b,4.0,,"Agua Carbonatada, Acidulante (Ácido Cítrico), Potenciador del Sabor (Eritritol), Taurina (0,4%), Corrector de Acidez (Citratos de Sodio), Aromas, Extracto de Raíz de Panax Ginseng (0,08%), Conservadores (Sorbato Potásico, Benzoato Sódico), Cafeína (0,03%), Edulcorante (Sucralosa), L-Carnitina L-Tartrato (0,015%), Vitaminas (Niacina, Ácido Pantoténico, B6, B12), Estabilizante (Ésteres Glicéridos de Colofonia de Madera), Extracto de Semilla de Guaraná (0,002%), Inositol, Colorantes (E129, E110)",,
5449000338174,,Fanta,"beverages-and-beverages-preparations, beverages, carbonated-drinks, carbonated-soft-drinks-without-fruit-juice",belarus,,,,e,4.0,,"Очищенная вода, сахар, регулятор кислотности лимонная кислота, ароматизаторы, консервант бензоат натрия, красители (пунцовый 4R, синий блестящий FCF).",11.8,48.0
8585027931725,fantazia,,,lithuania,,,,unknown,,,,,
5449000010261,fanta Orange 2l,,,south-africa,,,,unknown,,,,,
3481294502550,Truffe fantaisie aux éclats de caramel,,,france,,,,unknown,,,,,
4902102159111,Fanta Fruits Golden apple,Fanta,,united-states,,,,unknown,,,,12.0,48.0
6415600506434,Fanta Orange zero sugar,Fanta,"beverages-and-beverages-preparations, plant-based-foods-and-beverages, beverages, plant-based-beverages, carbonated-drinks, fruit-based-beverages, artificially-sweetened-beverages, sodas, fruit-sodas, orange-soft-drinks",finland,,,,c,4.0,,"Vesi, appelsiinimehu tiivisteestä (4%), hiilidioksidi, hapot Hii (E330, E296), makeutusaineet (asesulfaami K, aspartaami), luontainen jo appelsiniaromi ja muita luontaisia aromeja, hapettumisenestoaine (E300), happamuudensäätöaine (E331), stabilointiaine (E412), porkkanauute, väri (E160a)",0.4,3.0
5609690909379,1984 Sardines,The Fantastic World Of Portuguese Sardines,,canada,,,,unknown,,,,,
24459181,Fantasy Vibe Sparkling Mandarin Marshmallow Edition,CELSIUS,,united-states,,,,unknown,,,,,
9300675096744,Fanta lemon,Fanta,,united-states,,,,unknown,,,,,
5000112679632,Fanta zero sugar,,,poland,,,,unknown,,,,,
5000112684001,Fanta zero lemon,,,poland,,,,unknown,,,,,
8901262300513,Fruit & Nut Fantasy Gold,Amul,,india,,,,unknown,,,,22.5,233.0
4316268722865,Mini Choc Mandel,ICE Fantasy,,germany,,,,unknown,,,,,
9449046847872,Fanta mangue fruit du dragon,,,france,,,,unknown,,,,,
7591127603524,refresco fanta naranja 1.5,,,spain,,,,unknown,,,,,
7591127603326,fanta naranja 1 ly,,,spain,,,,unknown,,,,,
3290041002850,"Truffe, fantaisie aux éclats de petits beurre et saveurs",,,france,,,,unknown,,,,,
6379771419453,Fanta sans sucre,,,france,,,,unknown,,,,,
4316268718899,,Ice Fantasy,"desserts, frozen-foods, frozen-desserts, ice-creams-and-sorbets, ice-creams, ice-cream-tubs, glaces-au-caramel",germany,,,,unknown,,,,,
2823771004330,Fantasy vibe,,,france,,,,unknown,,,,,
4049321627301,truffes fantaisie,,,germany,,,,unknown,,,,,
0857983004279,Fantasy Mix,Hi Chew,,united-states,,,,unknown,,,,61.8,418.0
5000112685404,Fanta Lemon,Fanta,,united-kingdom,,,,unknown,4.0,,"carbonated water, lemon juice from concentrate (5%). sugar, acidity regulator (sodium gluconate). acids (citric acid, malic acid). sweeteners (acesulfame k. aspartame). preservative (potassium sorbate). stabilisers (acacia gum, glycerol esters of wood rosins). antioxidant (ascorbic acid). natural lemon flavouring with other natural *reference intake d flavourings. contains a source of (84.00 kv 2000 phenylalanine. carbohydrate: l of which sugars protein: salt: lo dact hefort see the bl",,
7941421004136,Fanta lamaie,,,romania,,,,unknown,,,,,
8606015855561,Fantasia Mix,Jumbo,,serbia,,,,unknown,,,,,
7790895012310,Fanta zero 1.75l,,,argentina,,,,unknown,,,,,
78912922,fanta,,,portugal,,,,unknown,,,,,
3290041001136,Truffes fantaisie,,,france,,,,unknown,,,,,
54492868,fanta,,,uganda,,,,unknown,,,,,
6132007700363,Fanta pomme 2L,,,algeria,,,,unknown,,,,,
0152403014761,Fanta citron 2L,,,algeria,,,,unknown,,,,,
5407012086841,Fanta mure,,,france,,,,unknown,,,,,
5056784909577,Ultra Fantasy Ruby Red Zero,Monster Energy,"beverages-and-beverages-preparations, beverages, energy-drinks",germany,,,,c,4.0,,"WASSER, SAUERUNGSMITTEL (CITRONENSÄURE), GESCHMACKSVERSTÄRKER (ERYTHRIT), KOLENSAURE, TAURIN (0,4%), SAUREREGULATOR (NATRIUMCITRATE AROMEN, PANAX GINSENG WURZELEXTRAKT (0,08%), KONSERVIERUNGSSTOFFE (KALIUMSORBAT, NATRIUMBENZOAT), KOFFEIN (0,03%), SÜBUNGSMITTEL (SUCRALOSE), L-CARNITIN-L-TARTRAT (0,015%), VITAMINMISCHUNG (NIACIN, PANTOTHENSÄURE, VITAMIN B6, VITAMIN B12), STABILISATOR (GLYCERINESTER AUS WURZELHARZ), FARBSTOFF (ANTHOCYANE), GUARANA - SAMENEXTRAKT (0,002%), INOSIT. DURCHSCHNITTLICHE NÄUDWERTE",,
4902102158497,Melon soda,Fanta,"beverages-and-beverages-preparations, beverages, carbonated-drinks, sodas",italy,,,,unknown,,,,,
9555589216317,Fanta krim soda,,,montserrat,,,,unknown,,,,,
9555589216270,Fanta laici,,,montserrat,,,,unknown,,,,,
7290110118280,Fanta Zero,Coca Cola,,israel,,,,unknown,,,,,
6415600589321,Fanta Zero Sugar Vadelma,Fanta,"beverages-and-beverages-preparations, beverages, carbonated-drinks, sodas",finland,,,,c,4.0,,"Vesi, täysmehu tiivisteestä 1.1% (sitruuna 3%, vadelma 0.1%), hiilidioksidi, hapot (sitruunahappo, lami K, sukraloosi), happamuudensäätöaine (natriumsitraatit), säilöntäaine appal bataatti - ja porkkanatiiviste, makeutusaineet (natriumsyklamaat Amsorbaatti), luontaiset aromit. Kolsyrad läskedryck med hallonsmak. Innehåller RAVINTOSISALTO/NÄRINGSINNEHÅLL Sergia/Energi: Raval Fett: atlydyttynyttä/ mättat fett: sötningsmedel. Ingredienser: Kolsyrat 100ml 330ml (Z*) vatten, juice från koncentrat 3.1% | (citron 3%, hallon 0.1%), syror 7kJ/ 23kJ/ 2kcal 7kcal (0%) (citronsyra, äppelsyra), sötpotatis och Og (02) morotskoncentrat, sötningsmedel (natriumcyklamat, acesulfam K, Og Og hydratit/Kolhydrat: 0.2 sta sokereital a sockerarter: Protein Protein: Sunday Salt: Og (0%) sukralos), surhetsreglerande medel (natriumcitrater), konserveringsmedel (kaliumsorbat), naturliga aromer. 0.7g (0%) 0.2g 0.7g (1X) Og Og (0%) 0.03g| 0.1g (2%) kisen keskivertokäyttäjän saannin aluarvo/Referensintag för en genomsnittlig 400 kJ/2000 kcal). yvilleässä ja kuivassa. aras svalt och torrt. aasta ennen: Katso Eine Se datum i botten. Sinebrychoff, 250 Kerava, Finland 0-04040 coke.com Pantti 0,15€ Pant لش ALU 17M61C14CN 50 The Coca-Cola Company. Fanta is tered trademark of The Coca-Cola Company. 343513 6415600 589321",,
6415600594783,Sitruuna Seljankukka Zero Sugar,Fanta,,finland,,,,unknown,,,,,
5449000295026,Fanta orange,cola,"beverages-and-beverages-preparations, beverages",saudi-arabia,,,,unknown,,,,,
5714319001850,Fanta Pineapple,Coca Cola,,norway,,,,unknown,,,,,
0004504311433,Fanta,Coca Cola,"beverages-and-beverages-preparations, beverages, carbonated-drinks, sodas, colas",united-states,,,,unknown,,,,,
5352205059204,Fanta,,,france,,,,unknown,,,,,
5949087501435,Lafantana plata,,,romania,,,,unknown,,,,,
5949087501466,Lafantana minerala,,,romania,,,,unknown,,,,,
4262547810092,Fanta Strawberry,Coca Cola,"beverages-and-beverages-preparations, beverages",germany,,,,unknown,,,,,
5000112690019,Fanta Exotic,Fanta,,sweden,,,,unknown,,,,,
02313146,Fanta,,,france,,,,unknown,,,,,
0944444322239,fanta naranja,cocacola,,united-states,,,,unknown,,,,,
3292090000030,Fanta saveur fraise kiwi,,,france,,,,unknown,,,,,
5000112688153,Fanta Pineapple grapefruit zero,Fanta,,netherlands,,,,unknown,4.0,,"Sprankelend water; vruchtensap uit concentraat 5%
(ananas, pompelmoes); voedingszuur: citroenzuur; zuurteregelaar:
natriumcitraten; zoetstoffen: aspartaam, acesulfaam-K; aroma’s;
conserveermiddel: kaliumsorbaat; antioxidant: ascorbinezuur;
stabilisatoren: guarpitmeel, glycerolesters van houthars; kleurstof:
carotenen.",,
7441003505681,Fanta uva 3 lt,,,nicaragua,,,,unknown,,,,,
5000112685411,lemon,Fanta,,united-kingdom,,,,unknown,4.0,,"carbonated water, lemon juice from concentrate (5%), sugar, acidity regulator (sodium gluconate), acids (citric acid, malic acid), sweeteners (acesulfame k, aspartame), preservative (potassium sorbate), stabilisers (acacia gum, glycerol esters of wood rosins), antioxidant (ascorbic acid), natural lemon flavouring with other natural flavourings",,
8588005224680,Bratislavsky Rozok Makovy,Fantastico,,slovakia,,,,unknown,,,,,
5449000331397,fanta 155,,,united-arab-emirates,,,,unknown,,,,,
5301000418204,Orange,Fanta,"chips-and-fries, fries, microwave-fries",united-states,,,,unknown,4.0,,"FANTA Fix Fiberhe 330 ml, përbërës: ujë, shpërlarës portokalli nga koncentrati (3%), karboksil, acidifikues: acid citrik, konservues: sorbat, aromatizues natyral portokalli me aromatizues të tjerë, antioksidues: acid askorbik, stabilizues E 412, ngjyrues: karamele.",,
5000112679649,Fanta shokata,,,france,,,,unknown,,,,,
5714319001867,Chinese fanta,Fanta,,united-states,,,,unknown,,,,,
5000112692754,Crimson Cherry,Fanta,"beverages-and-beverages-preparations, beverages","germany, netherlands",,,,c,,,,,
7350128430740,fanta peach,,,france,,,,unknown,,,,,
4780069001052,"Fanta dyushes 1,0 L",,,uzbekistan,,,,unknown,,,,,
3701175700050,Truffe fantaisie au cointreau,,,france,,,,unknown,,,,,
6415600594745,Ananas & greippi Zero,Fanta,"beverages-and-beverages-preparations, beverages, carbonated-drinks, artificially-sweetened-beverages, sodas",finland,,,,c,4.0,,"Vesi, tiivisteestä valmistettu nätysmehu 5% (ananas 2.7%, greippi 2.3%), hiilidioksidi, happo (sitruunahappol pudensäätöaine (natriumsitraatit), makeutusaineet (aspartaami, asesulfaami K säilöntäaine (kaliumsorbaatti), hapettumisenestoaine (askorbiinihappo, stabilisiointiaineet (quarkumi, puuhartsien glyseroliesterit), väriaine (karotenoidit)",,
6430057698464,Fantasy Vibe,Celsius,fi:energiajuoma,finland,,,,a,,,,,
9300675052504,Fanta Orange,Fanta,,united-states,,,,unknown,,,,,
5449000295033,Fanta strawberry,,"beverages-and-beverages-preparations, beverages",saudi-arabia,,,,unknown,,,,,
5449000304148,Fanta strawberry,,"beverages-and-beverages-preparations, beverages",saudi-arabia,,,,unknown,,,,,
5449000285850,Fanta orange,,"beverages-and-beverages-preparations, beverages",saudi-arabia,,,,unknown,,,,,
5449000303356,Fanta citrus,,"beverages-and-beverages-preparations, beverages",saudi-arabia,,,,unknown,,,,,
3481291022792,Truffes fantaisie,,,france,,,,unknown,,,,,
5056784911464,Monster Energy Ultra Fantasy Ruby Red,Monster,,united-states,,,,unknown,,,,,
5993330000350,Fanta Orange,,,france,,,,unknown,,,,,
5000112694222,Fanta crimson cherry,,,united-states,,,,unknown,,,,,
6415600594028,Fanta Vadelma Zero Sugar,Fanta,"beverages-and-beverages-preparations, plant-based-foods-and-beverages, beverages, plant-based-foods, fruits-and-vegetables-based-foods, fruits-based-foods, plant-based-beverages, carbonated-drinks, fruit-based-beverages, fruits, sodas, fruit-sodas",finland,,,,unknown,,,,,
5056784910023,Monster Energy Ultra Fantasy Ruby Red,Monster,"beverages-and-beverages-preparations, beverages, energy-drinks, energy-drink-without-sugar-and-with-artificial-sweeteners",norway,,Kiwi,Norway,b,4.0,,"KULLSYREHOLDIG VANN, SYRE (SITRONSYRE), SMAKSFORSTERKER (ERYTRITOL), TAURIN (0.4%), SURHETSREGULERENDE MIDDEL (NATRIUMSITRATER), AROMAER, PANAX GINSENGROT-EKSTRAKT (0.08%) KONSERVERINGSMIDLER (KALIUMSORBAT, NATRIUMBENZOAT), KOFFEIN (0.03%), SØTSTOFF (SUKRALOSE), VITAMINER (NIACIN, PANTOTENSYRE, B6, B12), STABILISATOR (GLYSEROLESTERE AV TREKOLOFONIUM), FARGESTOFF (ANTOCYANINER), GUARANAFRØEKSTRAKT (0.002%), INOSITOL.",,
4068428068947,Paasei Cacao Fantasie,Aldi,"snacks, sweet-snacks, cocoa-and-its-products, confectioneries, chocolate-candies, bonbons",netherlands,,,,e,4.0,,"Cacaofantasie op basis van moladesmank met karamelvulling 25 % en choc melkchocoladesmaak met oorvulling 30% et akvulling 25 %/ krokante stukjes 5,1 % en chocoladesmanvulling 19/ melkchocoladesmaak met hazelnootvulling 30% stukjes hazelnoot 200 melkchocolades coladesmaakylling 23 meeing smaakvulling gehenten: suiker, platge vetten (palm, shea) poeder (melk) ere melkpoeder 6,3 96, karame 496 glucosestroop gadenseerde gezoete melk (lik Suker), invertsuikerstroop, kokosvet, raapzaadolie, ulgatoren: mono-en diglyceriden van vetzuren, lecithinen; mellovet, zout, gebrande suiker), sterk ontvet eder 3,8%, acaomassa 2,4 96, crispies 1,3 96 (rijsteem, suiker, gerstemairtextract, zout), voleoeder 1,2 %, hazelnoten stukjes hazelnoemulgatoren: lecithinen (sPolyglycerolpolyrics of caçaoboter 0,2 %, naturlig hazelnotenaroma (oten), natuurlijk karamelaroma (melk), natuurlijke areas notenpast hazelnoten, pinda's), aroma. Rainforest Alliance gecertificeerd. Kan andere noterdelen, walnoten, pistachenoten, cashewnoten, madamfanoten) en eleren bevatten. Gemiddelde",,
8721249749032,Fanta exotic,Fanta,,united-states,,,,unknown,,,,,
5942321004563,Fanta Crimson Cherry,Coca Cola,"beverages-and-beverages-preparations, beverages, artificially-sweetened-beverages",romania,plastic,,,c,4.0,,"Bautura racoritoare carbogazoasă cu gust de mere şi cirese, cu zahar si indulcitori. Ingrediente: apă, zahăr, suc de lamaie din concentrat (1%), dioxid de carbon, acidifianți (acid malic, acid citric), concentrate din fructe si legume (morcovi, coacăze negre), colorant (E 150d), arome naturale, indulcitori (ciclamați, acesulfam-K, sucraloză), conservant (sorbat de potasiu), corector de aciditate (citrați de sodiu). Acest produs poate suferi modificări de culoare şi pot apărea sedimente. Acestea sunt de origine naturală si vă asigurăm că nu vor afecta calitatea produsului. A se consuma de preferintă înainte de: vezi pe ambalaj (primul rând]. A se pastra la loc răcoros, ferit de soare. Ambalaj de unică folosinţă. 2026 The Coca-Cola Company",,
6415600594714,Fanta Zero Sugar Ananas & Greippi,Fanta,,spain,,,,unknown,,,,,
0860009791404,Fantastic Falafel,Just Us Foods,,united-states,,,,unknown,,,,,
7840058010391,Fanta Naranja 2L,,,paraguay,,,,unknown,,,,,
7441003596900,Fanta rojita,,,nicaragua,,,,unknown,,,,,
51228002,Fanta crimson cherry,Fanta,,united-states,,,,unknown,,,,,
5000112694116,Fanta strawberry kiwi taste,Fanta,,united-states,,,,unknown,,,,,
3481291029654,Truffes Fantaisie,,,france,,,,unknown,,,,,
7441003522237,Fanta Roja lata,,,nicaragua,,,,unknown,,,,,
5942321004754,Crimson Cherry,Fanta,,romania,,,,unknown,,,,,
4068262105747,Meringues fantaisie aromatisées,,,france,,,,unknown,,,,,
5449000348494,Fanta Mango Flavour,Fanta,"beverages-and-beverages-preparations, plant-based-foods-and-beverages, beverages, plant-based-beverages, carbonated-drinks, fruit-based-beverages, sodas, fruit-sodas, sodas-with-exotic-fruits",united-kingdom,,,,d,4.0,,"Carbonated Water, Sugar, Orange Juice From Concentrate (3%). Citrus Extract, Acids (Citric Acid. Malic Acid). Sweeteners Cyclamates. Acesulfame K. Sucralose). Preservative (Potassium Sorbate). Natural Mango Flavouring With Other Natural Flavourings. Antioxidant (Ascorbic Acid). Acidity Regulator (Sodium Citrates). Stabilisers (Guar Gum, Acacia Gum, Glycerol Ester Of",,
0004313105032,Fanta uva,,,nicaragua,,,,unknown,,,,,
5000112693317,Crimson Cherry,Fanta,,austria,,,,unknown,,,,,
8721274700176,Fantasía De Manjar,Magnum,,ecuador,,,,unknown,,,,,
0841905060030,Choco-Style Fills,Sunfeast Dark Fantasy,,united-states,,,,unknown,,,,,
4070757100427,Osterbaumstamm,Oster Fantasie,,germany,,,,unknown,,,,,
5449000345608,"Fanta cerise, pomme",Fanta,"beverages-and-beverages-preparations, beverages, carbonated-drinks, sodas",france,,,,d,4.0,,"Eau gazeifiée; sucre ; jus de citron à base de concentré (1%); acidifiants: acide malique, acide citrique ; concentré de carotte et cassis; colorant : E150d; arômes naturels édulcorants: cyclamate de sodium, acésulfame K sucralose; conservateur: sorbate de potassium; correcteur d'acidité : citrates de sodium. Pour:",,
8003535095819,Fantasy,Witor's,"snacks, sweet-snacks, cocoa-and-its-products, chocolates, milk-chocolates, filled-chocolates, filled-milk-chocolates, it:Ovetti-cioccolato",italy,,,,e,4.0,,"Zucchero, grasso vegetale,, pasta di cacao, latte intero in polvere, burro di cacao, siero di latte in polvere, cereali croccanti, farina di mais farina di riso, zucchero, farina di frumento, cacao in polvere, siero di latte in polvere, sale, lattosio, cacao magro in polvere, nocciole, emozionante lecitina di soia, aromi",,
9449046835367,Fanta sans sucres,,,france,,,,unknown,,,,,
7401006446404,Fanta,,,guatemala,,,,unknown,,,,,
5449000345042,Grape Soda,Fanta,,united-kingdom,,,,unknown,,,,,
8901725101442,Dark Fantasy Big Choco Meltz,Sunfeast,,united-kingdom,,,,unknown,,,,,
9010437037952,Fanta Zero,Clever,,austria,,,,unknown,,,,,
0067000014208,Fanta orange zero sugar,,,canada,,,,unknown,,,,,
57112954,No Sugar Lemon,Fanta,,denmark,,,,unknown,,,,,
3760256071663,Meringue fantaisie,,,france,,,,unknown,,,,,
3948725132934,Dark Fantasy,,,united-kingdom,,,,unknown,,,,,
0841905062157,Dark Fantasy Hazelnut Rolls,Sunfeast,,canada,,,,unknown,,,,,
5425032433261,DARK RASPBERRY FANTASY,SWEET SWITCH,,united-states,,,,unknown,,,,,
3700238329290,Rochers coco nappage cacao fantaisie,,,france,,,,unknown,,,,,
8710651027562,Koek met 20% cacaofantasie en 10% gekleurd strooisel,Van Dijk Banket B.V.,,united-states,,,,unknown,,,,,
5000112694208,Crimson Cherry,Fanta,,hungary,,,,unknown,,,,,
7441003501997,Fanta Kolita,Coca Cola Company,,costa-rica,,,,unknown,,,,,
8851959004845,Fanta Pineapple Flavoured,Fanta,,thailand,,,,unknown,,,,,
5425039353784,Truffles Fantasy,Carpe Diem,,iceland,,,,unknown,,,,,
7441003520233,Fanta Naranja,,,spain,,,,unknown,,,,,
3481291023980,Truffe fantaisie au sel de Guérande,,,france,,,,unknown,,,,,
4316268701730,Waffelhörnchen Zitrone Buttermilch,Netto ICE Fantasy,"desserts, frozen-foods, frozen-desserts, ice-creams-and-sorbets, ice-creams, ice-cream-cones",germany,,,,unknown,,,,,
5333876054729,Fantazee rings cheese,,chips,saudi-arabia,,,,unknown,,,,,
30030456,Meringue fantaisie aromatisée,,,france,,,,unknown,,,,,
9310155249508,Dried Noodles Thin,Fantastic,,new-zealand,,,,unknown,,,,,
4260688127390,Fanta Banana Chocolate,,,germany,,,,unknown,,,,,
4260688127383,Fanta Passion Grape,,,germany,,,,unknown,,,,,
4260688127376,Fanta Lychee,,,germany,,,,unknown,,,,,
4260688127369,Fanta Hami Melon,,,germany,,,,unknown,,,,,
5056784914014,ULTRA FANTASY RUBY RED,MONSTER ENERGY,,united-states,,,,unknown,,,,,
5449000348487,Fanta mango,,,united-kingdom,,,,unknown,,,,,
5449000322180,Orange,Fanta,"beverages-and-beverages-preparations, beverages",germany,,,,unknown,,,,,
8534764666636,Orange fanta mini,,,united-states,,,,unknown,,,,,
8855199141162,Fanta Orange Flavoured,Fanta,,thailand,,,,unknown,,,,,
90377730,cocacola,fanta casan,,somalia,,,,unknown,,,,,
8055118486774,Orzotto Zucchine e Basilico,Fantasie dell'Orto,,united-states,,,,unknown,,,,,
5000112533552,Fanta,,,france,,,,unknown,,,,,
5000112694833,Fanta Crimson Cherry,Fanta,,lithuania,,,,unknown,,,,,
5000112692822,Crimson Cherry,Fanta,,sweden,,,,unknown,,,,,
7992747136056,"Fanta 1,5 L",,,indonesia,,,,unknown,,,,,
5449000138187,Fanta Orange Zero Kasten 12 x 1 l,,"beverages-and-beverages-preparations, beverages",germany,,,,unknown,,,,,
8997788995678,Ocean fantasyshrimp,,,italy,,,,unknown,,,,,
8997788995661,Ocean fantasy blue,,,italy,,,,unknown,,,,,
0049000561883,crimson sour cherry flavored soda,Fanta,"beverages-and-beverages-preparations, beverages, carbonated-drinks, sodas",united-states,,,,d,4.0,,"0% CARBONATED WATER, HIGH FRUCTOSE CORN SYRUP, Value LESS THAN 2% OF: CITRIC ACID, NATURAL FLAVORS, CARAMEL COLOR, SODIUM BENZOATE AND POTASSIUM SORBATE (TO PROTECT TASTE), RED 40.",,
5000112695427,Fanta crimson cherry,"Fanta, Coca-Cola Company","beverages-and-beverages-preparations, plant-based-foods-and-beverages, beverages, plant-based-beverages, carbonated-drinks, fruit-based-beverages, artificially-sweetened-beverages, sodas, diet-beverages, fruit-sodas, diet-sodas, light-fruit-sodas, sweetened-beverages",norway,,,,d,4.0,,"Kullsyreholdig vann, sukker, sitronjuice fra konsentrat (1%). syrer (eplesyre, sitronsyre). frukt - og vegetabilsk konsentrat (gulrot, solbær), fargestoff (E 150d), naturlige aromaer, søtstoffer (cyclamat, acesulfam K, sukralose), konserveringsmiddel (kaliumsorbat), surhetsregulerende middel (natriumsitrater).",,
8000017062031,Choccolato Al Latte,Fantasy,,denmark,,,,unknown,,,,,
8009242420135,Zuppa Fantasia,La Valletta,,italy,,,,unknown,,,,,
0850070015264,Fantasy Mix,Hi-Chew,,united-states,,,,unknown,,,,,
4902102160346,FANTA ふるふるシェイカー,,ja:飲み物,japan,,,,c,,,,,
5449000339560,Fanta lemon,,,france,,,,unknown,,,,,
7801610285831,Fanta zero azúcar sabor pomelo,Fanta,"bebidas, bebidas-carbonatadas, refrescos",brazil,,,,a,4.0,,"Agua carbonatada, ácido cítrico, ASPARTAMO, benzoato de sodio, ACESULFAME DE POTASIO, saborizantes naturales e idénticos al natural, polifosfato de sodio, tartrazina y azul brillante FCF.",,
5056784910054,Ultra fantastisk Ruby red,Monster,,norway,,,,unknown,,,"ingredienser: kolsyrat vatten, syra (citronsyra), smakförstärkare (erytritol), taurin (0,4%), surhetsreglerande medel (natriumcitrat), aromer, panax ginseng rotextrakt (0,06%), konserveringsmedel (kaliumsorbat, natrium - bensonat), koffein (0,03%), sötningsmedel (sukralos), l-karnitin l-tartat (0,015%) vitamin (niacin, pantotensyra, b6, b12), stabiliseringsmedel (glycerolestrar av trä hartser), färgämne (antocyaniner), inositol, l-karnitin,  bananafroextrakt (0,002%)",,
0850017589810,Hi-Chew Fantasy Mix,Hi-Chew,,united-states,,,,unknown,,,,,
4897148040021,Hami Melon Flavoured,Chinese Fanta,,united-kingdom,,,,unknown,,,,,
5018357805587,Fantastically Fruity,Dorset Muesli,"plant-based-foods-and-beverages, plant-based-foods, breakfasts, cereals-and-potatoes, cereals-and-their-products, breakfast-cereals, mueslis",united-kingdom,,,,d,3.0,,"Wholegrain OAT Flakes, Dried Fruit (30%) (Sweetened Dried Papaya (6%) (Papaya, Sugar Syrup, Acidity Regulator (Citric Acid), Preservative (SULPHUR DIOXIDE)), Sultanas (6%), Raisins, Chopped Dates, Sweetened Dried Pineapple (4%) (Pineapple, Sugar, Acidity Regulator (Citric Acid), Preservative (SULPHUR DIOXIDE)), Toasted Coconut Chips), Wholegrain Toasted WHEAT Flakes (28%).",,
7441003520004,"Fanta roja ,192ml",,,nicaragua,,,,unknown,,,,,
5449000097071,Fanta Cherry,Fanta,,united-kingdom,,,,unknown,,,,,
4262523560027,Fanta sandía,Fanta,"beverages-and-beverages-preparations, plant-based-foods-and-beverages, beverages, plant-based-beverages, carbonated-drinks, fruit-based-beverages, sodas, fruit-sodas",netherlands,,,,b,,,,,
5449000348470,Mango,Fanta,,united-kingdom,,,,unknown,,,,,
5000112692105,Fanta Crimson Cherry Apple Cherry Taste,Fanta,,sweden,,,,unknown,,,,,
8909081003844,Dark fantastic Sunfeast sandwich cream,,,india,,,,unknown,,,,,
5000112669268,Fanta zero sugar orange,Fanta,,united-states,,,,unknown,,,,,
8909081010552,Swiss Roll,Dark Fantasy,,india,,,,unknown,,,,,
4780069001069,FANTA,,,uzbekistan,,,,unknown,,,,,
5940805088016,Fanta,,,romania,,,,unknown,,,,,
6132007700400,Fanta pomme 1l,,,france,,,,unknown,,,,,
8711600604445,Andrélon Styling Fantastische Fixatie Mousse,Andrélon,"nl:Haarmousse, nl:Haarstylingproducten, nl:Verzorging",netherlands,,,,unknown,,,,,
8712561170116,Andrélon Styling Fantastische Fixatie Haarspray,,"nl:haarlak, nl:haarstylingproducten, nl:verzorging",netherlands,,Kruidvat,,unknown,,,,,
7730985970113,Pan Cero,Fantástico,,united-states,,,,unknown,,,,,
7801610003626,Fanta carmesí,Fanta,"bebidas, bebidas-carbonatadas, refrescos",brazil,,,,b,4.0,,"Agua carbonatada, azúcar, saborizantes artificiales, colorante caramelo IV, ácido cítrico, benzoato de sodio, sucralosa, acesulfame K.",,
0731509895278,Kiss Gel Fantasy West Coast Magnetic Velvety Effect Kunstnagels,,"nl:beauty, nl:nagels, nl:nagelverzorging, nl:nepnagels",netherlands,,Trekpleister,,unknown,,,,,
0731509906868,Kiss Voguish Fantasy French Kunstnagels,,"nl:beauty, nl:nagels, nl:nagelverzorging, nl:nepnagels",netherlands,,Kruidvat,,unknown,,,,,
0731509942156,Kiss Gel Fantasy Set Us Magnetic Velvety Effect Kunstnagels,,"nl:beauty, nl:nagels, nl:nagelverzorging, nl:nepnagels",netherlands,,Kruidvat,,unknown,,,,,
3481291023775,Truffes fantaisie,,,france,,,,unknown,,,,,
3614273672054,Valentino Donna Born in Roma Coral Fantasy - Eau de Parfum    100ml,,"nl:beauty, nl:damesparfum, nl:parfum",netherlands,,Kruidvat,,unknown,,,,,
3614273672412,Valentino Uomo Born in Roma Coral Fantasy - Eau de Toilette    100ml,,,netherlands,,Kruidvat,,unknown,,,,,
0719346228992,Britney Spears Naked Fantasy - Eau de Toilette    100ml,,"nl:beauty, nl:damesparfum, nl:parfum",netherlands,,Kruidvat,,unknown,,,,,
3614273672474,Valentino Donna Born in Roma Coral Fantasy - Eau de Parfum    50ml,,"nl:beauty, nl:damesparfum, nl:parfum",netherlands,,Kruidvat,,unknown,,,,,
5740700974649,Fanta Zero Sugar Hyldeblomst & Citron Smag,The Coca-Cola Company,"beverages-and-beverages-preparations, beverages, carbonated-drinks, sodas",denmark,,,,b,4.0,,"Ingredienser: Vand, citronjuice fra koncentrat (3%). kuldioxid surhedsregulerende middel (E576, syrer (E330, E296), aromaer sødestoffer (natriumcyclamat acesulfamkalium, sucralose) konserveringsmiddel (E202). stabilisatorer (E414. E445). hyldeblomstekstrakt (0.01%) antioxidant (E300).",,
0719346256360,Britney Spears Electric Fantasy - Eau de Toilette    100ml,,"nl:beauty, nl:damesparfum, nl:parfum",netherlands,,Kruidvat,,unknown,,,,,
5000112694796,Crimson cherry,Fanta,,lithuania,,,,unknown,,,,,
0719346258111,Britney Spears Blissful Fantasy - Eau de Toilette    100ml,,"nl:beauty, nl:damesparfum, nl:parfum",netherlands,,Kruidvat,,unknown,,,,,
0719346552875,Britney Spears Hidden Fantasy - Eau de Parfum    100ml,,"nl:beauty, nl:damesparfum, nl:parfum",netherlands,,Kruidvat,,unknown,,,,,
4902102149969,Naranja,Fanta,"beverages-and-beverages-preparations, beverages, carbonated-drinks",japan,,,,unknown,4.0,,品名 炭酸飲料 原材料名 果糖ぶどう糖 液糖 (国内製造)/炭酸、香料、酸味料、酸化防 止剤(ビタミンC)、甘味料(アセスルファム スクラロース、ステビア)、カロチン色素,,
5056784906965,Monster Ultra Fantasy Ruby Red,,,france,,,,unknown,,,,,
5449000231307,Fanta nar 1 l,,,azerbaijan,,,,unknown,,,,,
0000115260930,fanta nar,,,spain,,,,unknown,,,,,
5449000151162,fanta nar,,,spain,,,,unknown,,,,,
7790895001031,Fanta limón,,,spain,,,,unknown,,,,,
5711994001731,Fanta Lychee,Coca Cola,,norway,,,,unknown,,,,,
7790895000928,fanta naranja,,,spain,,,,unknown,,,,,
5942321004921,fanta 1l,,,romania,,,,unknown,,,,,
5714319001881,Fanta Pineapple,Coca Cola Company,,sweden,,,,unknown,,,,,
8023720002187,Fanta 1L,,,romania,,,,unknown,,,,,
5449000339911,Fanta Raspberry,,"beverages-and-beverages-preparations, beverages",bulgaria,,,,b,,,,,
8721008011011,Fanta orange,Fanta,,united-states,,,,unknown,,,,,
5449000345035,Fanta Grape,Fanata (UK),,united-kingdom,,,,unknown,,,,,
5740700974625,Fanta Lemon Zero Sugar,Fanta,,denmark,,,,unknown,,,,,
5000112692921,Crimson Cherry,Fanta,,germany,,,,unknown,,,,,
5942321004143,fanta,,,romania,,,,unknown,,,,,
5449000208873,Fanta,,,germany,,,,unknown,,,,,
3481291024307,Truffees fantaisie au caramel,,,france,,,,unknown,,,,,
3481294500815,Truffes fantaisie,,,france,,,,unknown,,,,,
4780069000024,fanta s/b,cola,,uzbekistan,,,,unknown,,,,,
7422110106770,Tropical fanta,,,honduras,,,,unknown,,,,,
7290110119188,Fanta בטעם Wild Berry,Fanta,"beverages-and-beverages-preparations, beverages, carbonated-drinks",israel,,,,e,,,,,
9310155650175,2 Minute Noodles Beef Flavour,Fantastic,,united-states,,,,unknown,,,,,
3481291029692,Truffes fantaisie,,,france,,,,unknown,,,,,
5000112678963,Fanta zero cukru,,,united-states,,,,unknown,,,,,
54023949,Fanta Orange Zero Sugar,Fanta,"beverages-and-beverages-preparations, plant-based-foods-and-beverages, beverages, plant-based-beverages, carbonated-drinks, fruit-based-beverages, sodas, fruit-sodas, orange-soft-drinks",netherlands,,,,b,,,,,
4902102155274,Grape,Fanta,"beverages-and-beverages-preparations, beverages, carbonated-drinks",japan,,,,unknown,4.0,,果糖ぶどう糖液糖(国内製造)、ぶどうエキス/炭酸、香料、酸味料、着色料(カラメル、アントシアニン)、保存料(安息香酸Na)、甘味料(ステビア、アセスルファムK)、ビタミンB6,,
8718989950514,Stroopwafel met Cacaofantasie en Karamel-zeezoutstukjes,Plus,,netherlands,,,,unknown,,,,,
5000112693270,Crimson Cherry,Fanta,,austria,,,,unknown,,,,,
5000112686081,Fanta Laranja,Coca Cola,,portugal,,,,unknown,,,,,
5000112694017,Lemon Zero Sugar,Fanta,,lithuania,,,,unknown,,,,,
0770333028155,Roster Garlic Protein Hummus,Fantaine Santé,,canada,,,,unknown,,,,,
5449000347886,Fanta Cereza Roja,Fanta,,spain,,,,unknown,,,,,
8909081003851,Dark Fantasy sandwich cream choco cream,,,india,,,,unknown,,,,,
3948725016265,Dark Fantasy burbank rs 10,,,india,,,,unknown,,,,,
57123219,Hyldeblomst zero sugar,FANTA,,united-states,,,,unknown,,,,,
5449000348098,Fanta Frambuesa Zero Azúcar,Fanta,,spain,,,,unknown,,,,,
4316268719223,Big Choc,Ice Fantasy,,germany,,,,unknown,,,,,
0070847898801,Monster Energy Ultra Fantasy Ruby Red,Monster Energy,,united-states,,,,unknown,,,"Cmation: Not recommended for these under 14 years old, pregnant or breastfeading Attention: Déconseillé aux individus de moins de 14 ans, aux femmes enceintes e T Store between 15-30°C/A conserver entre 15 et 30 °C. Canned under the enthe Unit 13/14, Mississauga, ON LET 1V8, Canada. 2024 Monster Energy Company 329724 1024 N ani de luigin cot artiste se souviennent peut-etre de l'a vu poindre on direct lors d'événements Mo qui prenaient place an ville UP To design. Les vrais adaira Nous avons ses planches de surf pointes do suspens dues dans tout le siège social. Vous av maintenant votre propre chef d'ouvre signé P Unleash the Mesa Bearr 70847 89880 50929A2BD* Ball PAR CAR",,
4250481932741,Fanta Jasmin Peach,Fanta,,germany,,,,unknown,,,,,
42509295,,Netto MD Ice Fantasy,,germany,,,,unknown,,,"Bourbon-Vanilleeis überzogen mit Milchschokolade mit gerösteten gehackten blanchierten Mandelstiften Dor en Das Produkt kann Spuren von Hühnereiern, Gluten und weiteren Schalenfrüchten enthalten. Zutaten: 61,4% Bourbon-Vanilleeis (entrahmte Milch, Kokosfett, Glukose-Fruktose-Sirup, Molken - konzentrat; Emulgator: Mono - und Diglyceride von Speisefettsäuren; Stabilisatoren: Guarkernmehl, siehe Aufdruck Rückseite Johannisbrotkernmehl; extrahierte gemahlene Vanilleschoten, Bourbon-Vanilleextrakt), 31,3% Milch - erzeugnis, Zucker, Glukosesirup, eingedickte entrahmte Milch, färbendes Lebensmittel: Karotten - Bei - 18°C mindestens haltbar bis: schokolade (Zucker, Kakaobutter', Butterreinfett, Süßmolkenpulver, Kakaomasse', Magermilch - Netto Marken-Discount pulver, Laktose, Emulgatoren: Lecithine (enthält Soja), Polyglycerin-Polyricinoleat), 7,3% gestiftelte Stiftung & Co. KG, geröstete blanchierte Mandeln. 'Rainforest Alliance-zertifiziert. Hergestellt für Industriepark Ponholz 1, 93142 Maxhütte-Haidhof - 801727 - 4250 929 Eiweiß 4,4 g 9% Salz 2.96 chschn 400KJ 89 87 809501 200",,
5000112693072,Fanta Lemon - Zero Sugar,Fanta,,germany,,,,unknown,,,,,
3800048311260,Fantasia зърнени  топчета с аромат на ягода,,,russia,,,,unknown,,,,,
5000112695441,Fanta Crimson Cherry,"Fanta, Coca-Cola Company","beverages-and-beverages-preparations, plant-based-foods-and-beverages, beverages, plant-based-beverages, carbonated-drinks, fruit-based-beverages, sodas, fruit-sodas",norway,,,,d,4.0,,"Kullsyreholdig vann, sukker, sitronjuice fra konsentrat (1%), syrer (eplesyre, sitronsyre), frukt - og vegetabilsk konsentrat (gulrot, solbær), fargestoff (E 150d), naturlige aromaer, søtstoffer (cyclamat, acesulfam K, sukralose), konserveringsmiddel (kaliumsorbat), surhetsregulerende middel (natriumsitrater).",,
00215183,Fanta,,,france,,,,unknown,,,,,
7946184426659,Fanta Fanta Orange,Fanta,Dagligvarer,denmark,,,,unknown,4.0,,"Vand, sukker, appelsinjuice fra koncentrat (5%), kuldioxid, syre (E330), naturlig appelsinaroma med andre naturlige aromaer, antioxidant (E300), surhedsregulerende middel, (E331), stabilisatorer (E414, E445, E412), frugt - og vegetabilsk koncentrat (gulerod, solbær), farvestof (E160a).",,
4260688120209,Berry Flavoured Soda,Fanta,,germany,,,,unknown,,,,,
5000112693195,Fanta crimson cherry apple cherry taste,Fanta,,united-states,,,,unknown,,,,,
3808356388154,Fanta Fanta Hyldeblomst &amp; Citron Zero,Fanta,Dagligvarer,denmark,,,,unknown,4.0,,"Vand, citronjuice fra koncentrat (3%), kuldioxid, surhedsregulerende middel (E576), syrer (E330, E296), aromaer, sødestoffer (natriumcyclamat, acesulfamkalium, sucralose), konserveringsmiddel (E202), stabilisatorer (E414, E445), hyldeblomstekstrakt (0,01%), antioxidant (E300).",,
59410560,fanta doza,,,romania,,,,unknown,,,,,
4262453620303,Ananas,Fanta,,germany,,,,unknown,,,,,
5056784912560,Ultra Fantasy Ruby Red,Monster,,austria,,,,unknown,,,,,
0067000014437,Fanta Crimson Sour Cherry,Fanta,,united-states,,,,unknown,,,,,
3560071641443,Coeur de Truffe Fantaisie,Carrefour,,"france, spain",,,,unknown,4.0,,"Sucre, pâte de cacao (fèves de cacao* d'origine Côte d'Ivoire), graisses végétale (palme, palmiste), cacao maigre en poudre, beurre de cacao, pâte de _noisettes_, éclats de fèves de cacao 1,6%, matière grasse de _lait_ anhydre, _lactosérum_ en poudre, émulsifiant : lécithines, arôme naturel de vanille. Cacao : 49% minimum dans le chocolat noir. Peut contenir d'autres fruits à coque et des céréales contenant du gluten.
*fèves de cacao issues du programme TRANSPARENCE CACAO.",,
8251252090553,Fanta Fanta Hyldeblomst &amp; Citron Zero,Fanta,Dagligvarer,denmark,,,,unknown,4.0,,"Vand, citronjuice fra koncentrat (3%), kuldioxid, surhedsregulerende middel (E576), syrer (E330, E296), aromaer, sødestoffer (natriumcyclamat, acesulfamkalium, sucralose), konserveringsmiddel (E202), stabilisatorer (E414, E445), hyldeblomstekstrakt (0,01%), antioxidant (E300).",,
4260301527736,Fanta Traube,Coca Cola,,germany,,,,unknown,,,,,
0544900029434,,Fanta,"beverages-and-beverages-preparations, plant-based-foods-and-beverages, beverages, plant-based-beverages, carbonated-drinks, fruit-based-beverages, sodas, fruit-sodas",france,,,,unknown,,,,,
9300675099929,Fanta Orange Mini Soft Drink Bottles 300mL x 12 pack,Fanta,,australia,,,,unknown,,,,,
0544900030808,,Fanta,"beverages-and-beverages-preparations, plant-based-foods-and-beverages, beverages, plant-based-beverages, carbonated-drinks, fruit-based-beverages, artificially-sweetened-beverages, sodas, fruit-sodas, lemon-soft-drinks, sweetened-beverages",france,,,,unknown,,,,,
0544900033712,Soda à l'Orange aux Arômes Naturels,Fanta,"beverages-and-beverages-preparations, plant-based-foods-and-beverages, beverages, plant-based-beverages, carbonated-drinks, fruit-based-beverages, sodas, fruit-sodas, orange-soft-drinks, sweetened-beverages",france,,,,unknown,,,,,
9300675096782,Fanta Zero Flavours Lemon Cans 6x250ml 1.5L,Fanta,,australia,,,,unknown,4.0,,"Carbonated Water, Food Acids (330, 331, 296), Flavour, Sweeteners (952, 955, 950, 960), Preservative (202), Colour (102).",,
9300675096751,Fanta Flavours Lemon Cans 6x250ml 1.5L,Fanta,,australia,,,,unknown,4.0,,"Carbonated Water, Sugar, Lemon Juice from Concentrate (4.7%), Food Acids (330, 331), Flavour, Preservative (202), Stabiliser (452), Sweeteners (955, 950), Antioxidant (300), Colour (102).",,
9300675090896,Fanta Orange Soft Drink Multipack Mini Cans 250ml 6 Pack,Fanta,,australia,,,,unknown,,,,,
9300675014830,Fanta Orange Soft Drink Multipack Cans 375ml 10 Pack,Fanta,,"australia, germany",,,,unknown,4.0,,"Carbonated Water, Sugar, Orange Juice from Concentrate (2.1%), Food Acids (330, 329, 333), Flavour, Natural Colour (160a), Preservative (202), Sweeteners (950, 955), Antioxidant (300).",,
0049000550412,Country Club,Fanta,"beverages-and-beverages-preparations, plant-based-foods-and-beverages, beverages, plant-based-beverages, carbonated-drinks, fruit-based-beverages, sodas, fruit-sodas, carbonated-fruit-soft-drink, orange-soft-drinks",united-states,,,,e,4.0,,"AGUA CARBONATADA, AZUCAR, REGULADORES DE ACIDEZ (A000 CITRICO, ACIDO ASCORBICO, CITRATO DE SODIO), SABORIZANTES NATURALES P SECUESTRANTES (HEXAMETAFOSFATO DE SODIO Y EDTA), PRESERVANTES (BENZOATO DE SODIO), COLORANTES (AMARILLO #6 Y #5, ROJO :40 EDULCORANTE (SUCRALOSA Y ACESAULFAME K). CONTIENE TARTRAZINA",,
0961001663147,Chacha girl fantasy,,,indonesia,,,,unknown,,,,,
5000112693393,Exotic,Fanta,,austria,,,,unknown,,,,,
54026957,Fanta Orange,Fanta,,united-states,,,,unknown,,,,,
5940780080104,"fanta 0,5",,,romania,,,,unknown,,,,,
0032700006044,"Fanta 0,5",,,romania,,,,unknown,,,,,
5000112693645,fanta,,,united-kingdom,,,,unknown,,,,,
2481407018337,Truffes fantaisie,,,france,,,,unknown,,,,,
5449000336743,Fanta limonata lattina 6×33,,,italy,,,,unknown,,,,,
9310155308267,FANTASTIC NOODLES,,,bahrain,,,,unknown,,,,,
5000112689969,Fanta Lemon Zero,Fanta,,sweden,,,,unknown,,,,,
4316268683913,Sunny Ice Erdbeere,Ice Fantasy,,germany,,,,unknown,4.0,,"Vanilleeis überzogen mit Erdbeerfruchteis Zutaten: 53% Erdbeerfruchteis (Wasser, Zucker, 20% Erdbeermark, Malto - dextrin, Säuerungsmittel: Citronensäure; natürliches Erdbeeraroma mit anderen natürlichen Aromen, färbendes Lebensmittel: Rote Bete-Saftkonzen - trat, Karottenkonzentrat; Emulgator: Mono - und Diglyceride von Speisefettsäu - ren; Zitronensaftkonzentrat, Stabilisator: Johannisbrotkernmehl, Guarkern - mehl), 47% Vanilleeis (entrahmte Milch, Glukose-Fruktose-Sirup, Kokosfett, Molkenerzeugnis, Zucker, Emulgator: Mono - und Diglyceride von Speisefettsäuren; Stabilisator: Johannisbrotkernmehl, Guarkernmehl; natürliches Vanillearoma). entspricht 11% Erdbeermark bezogen auf das Gesamtprodukt Das Produkt kann Spuren von Gluten, Erdnüssen und Schalenfrüchten ent - hallen. Bei-18°C mindestens haltbar bis Ende: siehe Aufdruck Seitenlasche Hergestellt für Netto Marken-Discount Stiftung & Co. KG, Industriepark Ponholz 1, 93142 Maxhütte-Haidhof - 801913 - 4 &quot;316268 683913' OPN Durchschnittliche Nährwerte pro %RM* pro Portion %RM* 100g pro 100g 49g, 1 Stück pro 49g Brennwert 650 kJ/154 kcal 8% 319 kJ/76 kcal 4% Fett 5,0 g 7% 2,5g 4% - davon gesättigte Fettsäuren 4,5 g Kohlenhydrate 23% 2,2g 11% 25,8 g 10% 12,6 g 5% davon Zucker 24,1 g 27% 11,8g 13% Eiweiß 1,2 g 2% 0,6g 1% 0,05 g &lt;1% 0,02 g &lt;1% Salz Referenzmenge für einen durchschnittlichen Erwachsenen (8400 kJ/2000 kcal) 6 Stückx 60 ml = 360 ml e 6 Stückx 49 g = 294g PIRULY",,
0643005628974,Boisson Énergisante Pétillante Fantasy Vibe Saveur Orange,CELSIUS,"beverages-and-beverages-preparations, beverages, energy-drinks",france,,,,unknown,,,,,
8935049510697,Fanta,Fanta,,vietnam,,,,unknown,,,,,
4068261031665,Gâteaux aux œufs à ma fantaisie au cacao,Valerie,"snacks, sweet-snacks, biscuits-and-cakes, cakes",belgium,,,,e,4.0,,"Sucre, farine de blé, oeufs (sol) 13 %, margarine (huile de colza, graisses végétales (coco, palme), eau, émulsifiant (mono - et diglycérides d'acides gras), acidifiant (acide citrique)), nappage goût cacao 11 %, (sucre, graisses végétales (coco, palme), cacao maigre en poudre', stabilisant (tristéarate de sorbitane), émulsifiant (lécithines (soja)), arôme naturel de vanille), amidon de blé, stabilisant (sirop de sorbitol), farine de soja, humectant (glycérol), sucre inverti, poudre à lever (carbonate acide d'ammonium), dextrose, maltodextrine, épaississants (carraghénanes, gomme guar), amidon de maïs, sel, émulsifiant (lécithines (soja)), conservateur (propionate de calcium), fibres d'agrumes sèches, arôme de vanilline, arôme naturel de citron. 'Certifié Rainforest Alliance www.ra.org Peut contenir du lait.",,
5900643054406,Fantasia Tiramisu,Danone,,poland,,,,unknown,,,,,
4316268739955,Stileis Pistazie,"Ice Fantasy, Netto Marken-Discount Stiftung","desserts, frozen-foods, frozen-desserts, ice-creams-and-sorbets, ice-creams, ice-cream-bars, ice-cream-bars-coated-with-chocolate",germany,,,,e,4.0,,"45,1% Pistazieneis (entrahmte _Milch_, _Molkenerzeugnis_, Kokosfett, Zucker, Glucose-Fructose-Sirup, 5,6% _Pistazienmark_, Emulgator: Mono - und Diglyceride von Speisefettsäuren, Stabilisator: Johannisbrotkernmehl, Guarkernmehl), 30,3% weiße Schokolade (Zucker, Kakaobutter, _Magermilchpulver_, _Butterreinfett_, Kokosfett, Emulgator: Lecithine [enthält _Soja_], Polyglycerin-Polyricinoleat; Bourbon-Vanilleextrakt), 20,9% Eis mit Sahne (entrahmte _Milch_, 26,6% _Schlagsahne_, Zucker, Glucose-Fructose-Sirup, Emulgator: Mono - und Diglyceride von Speisefettsäuren; Stabilisator: Johannisbrotkernmehl, Guarkernmehl), 2,5% _Pistazienstückchen_, 1,2% Waffelstückchen (_Weizenmehl_, Zucker, pflanzliche Öle [Raps, _Soja_, Palm] in veränderlichen Gewichtsanteilen, Kokosfett, Emulgator: Lecithine [enthält _Soja_], Meersalz, Karamellzuckersirup, Speisesalz). Enthält neben Kakaobutter weitere pflanzliche Fette. Das Produkt kann Spuren von _Hühnereiern_, _Erdnüssen_ und anderen _Schalenfrüchten_ enthalten.",,
5449000342607,Fanta Exotic,Fanta,,spain,,,,unknown,,,,,
4902102161435,Fanta アンバサ×メローイエロー,Coca-Cola,,japan,,,,unknown,,,,,
02503345,Fanta pear,,,france,,,,unknown,,,,,
4316268739931,Stieleis Nuss-Nougat,Ice Fantasy,,germany,,,,unknown,,,,,
4515996903434,Tea Fantasy Chai,Kaldi,,united-states,,,,unknown,,,,,
0067000013874,Fanta orange,Fanta,,united-states,,,,unknown,,,,,
0000210321510,Paaseitjes cacaofantasie,Paaseitjes,,netherlands,,,,unknown,,,,,
4650509992290,Fanta Fanta Hyldeblomst &amp; Citron Zero,Fanta,Dagligvarer,denmark,,,,unknown,4.0,,"Vand, citronjuice fra koncentrat (3%), kuldioxid, surhedsregulerende middel (E576), syrer (E330, E296), aromaer, sødestoffer (natriumcyclamat, acesulfamkalium, sucralose), konserveringsmiddel (E202), stabilisatorer (E414, E445), hyldeblomstekstrakt (0,01%), antioxidant (E300).",,
00068302,Fanta Cassis,Fanta,,netherlands,,,,unknown,,,,,
00084392,Fanta Cassis 4x25cl,Fanta,,netherlands,,,,unknown,,,,,
00068299,Fanta Exotic no sugar,Fanta,,netherlands,,,,unknown,,,,,
00084318,Fanta Exotic zero sugar 4x25cl,Fanta,,netherlands,,,,unknown,,,,,
00069975,Fanta Lemon no sugar,Fanta,,netherlands,,,,unknown,,,,,
00084320,Fanta Lemon no sugar 4x25cl,Fanta,,netherlands,,,,unknown,,,,,
00068298,Fanta Orange,Fanta,,netherlands,,,,unknown,,,,,
00068768,Fanta Orange,Fanta,,netherlands,,,,unknown,,,,,
00091264,Fanta Orange,Fanta,,netherlands,,,,unknown,,,,,
00069963,Fanta Orange,Fanta,,netherlands,,,,unknown,,,,,
00084364,Fanta Orange 12x33 cl,Fanta,,netherlands,,,,unknown,,,,,
00084388,Fanta Orange 8x15cl,Fanta,,netherlands,,,,unknown,,,,,
00068300,Fanta Orange no sugar,Fanta,,netherlands,,,,unknown,,,,,
00090784,Fanta Orange no sugar 8x25 cl,Fanta,,netherlands,,,,unknown,,,,,
00084365,Fanta Orange regular 8x25cl,Fanta,,netherlands,,,,unknown,,,,,
00120311,Fanta Pineapple grapefruit zero,Fanta,,netherlands,,,,unknown,,,,,
00068301,Fanta Pomelo no sugar,Fanta,,netherlands,,,,unknown,,,,,
5835550719507,Fanta Fanta Orange,Fanta,Dagligvarer,denmark,,,,unknown,4.0,,"Vand, sukker, appelsinjuice fra koncentrat (5%), kuldioxid, syre (E330), naturlig appelsinaroma med andre naturlige aromaer, antioxidant (E300), surhedsregulerende middel, (E331), stabilisatorer (E414, E445, E412), frugt - og vegetabilsk koncentrat (gulerod, solbær), farvestof (E160a).",,
4780069001045,fanta dyushes 0.5,,,russia,,,,unknown,,,,,
8901725119331,Bourbon,Dark Fantasy,,united-kingdom,,,,unknown,,,,,
5449000081674,Mango Flavoured Fanta,Fanta,,united-kingdom,,,,unknown,,,,,
5863649907914,Fanta Fanta Hyldeblomst &amp; Citron Zero,Fanta,Dagligvarer,denmark,,,,unknown,4.0,,"Vand, citronjuice fra koncentrat (3%), kuldioxid, surhedsregulerende middel (E576), syrer (E330, E296), aromaer, sødestoffer (natriumcyclamat, acesulfamkalium, sucralose), konserveringsmiddel (E202), stabilisatorer (E414, E445), hyldeblomstekstrakt (0,01%), antioxidant (E300).",,
7896333049594,Atum Ralado,Fantasia di Mare,,brazil,,,,unknown,,,,,
8901725015336,Fantastik FRUIT'N'NUT,Sunfeast,,india,,,,unknown,,,,,
00102128,Lay's Dipsaus fantasia,Lay's,,netherlands,,,,unknown,,,,,
5000112686616,Fanta zero açúcares adicionados,Fanta,,united-states,,,,unknown,,,,,
9310155755702,smokey Rice crackers,fantastic,,united-arab-emirates,,,,unknown,,,,,
5056784912096,monster ultra fantasy ruby red,,,united-states,,,,unknown,,,,,
9310155012829,Smokehouse BBQ Chicken Noodles,Fantastic,,australia,,,,unknown,,,,,
6425209123835,Fanta Crimson,Fanta,Dagligvarer,denmark,,,,unknown,4.0,,"Vand, sukker, citronjuice fra koncentrat (3%), kuldioxid, naturlig kiwiaroma med andre naturlige aromaer, vegetabilsk koncentrat (gulerod, saflor), syre (E330), stabilisatorer (E414, E445).",,
7350119124955,Melon,Fanta,,sweden,,,,unknown,,,,,
5352205058955,Lemon and elderflower,Fanta,"beverages-and-beverages-preparations, plant-based-foods-and-beverages, beverages, plant-based-beverages, carbonated-drinks, fruit-based-beverages, sodas, fruit-sodas, lemon-soft-drinks",united-kingdom,,,,unknown,,,,,
33200392,Fanta orange,,,france,,,,unknown,,,,,
3948725101442,dark fantasy big choco,sunfeast,,united-arab-emirates,,,,unknown,,,,,
8005087003243,babà al rhum fantasia,MAURIZIO RUSSO,,united-states,,,,unknown,,,,,
8907525022116,Fanta apple flavored 250ml,,,bangladesh,,,,unknown,,,,,
5000112693621,Fanta Fruit Twist,Fanta,,united-kingdom,,,,unknown,,,,,
5942321000923,Fanta De 250,,,romania,,,,unknown,,,,,
8720326078669,Chocoladehagelslag met 5% figuurtjes van cacaofantasie,Picnic,,netherlands,,,,unknown,,,,,
8907525020143,Fanta Orange flavour 400 ml,,,bangladesh,,,,unknown,,,,,
4897036695913,Monster Energy Ultra Fantasy Ruby Red,Monster,,united-states,,,,unknown,,,,,
5449000345417,Fanta,Fanta,,united-kingdom,,,,unknown,,,,,
90418723,fanta citron,,,france,,,,unknown,,,,,
0043000096901,Fantasy passionfruit,Crystal light zero sugar,,united-states,,,,unknown,,,,,
5000112686197,Fanta Maracujá zero açúcares adicionados,Fanta,,portugal,,,,unknown,,,,,
5000112693638,Fanta lemon,Fanta,,united-states,,,,unknown,,,,,
5449000231079,fanta nar 0.5,,,azerbaijan,,,,unknown,,,,,
6000703784720,Orange Fanta,Coca-cola,,united-kingdom,,,,unknown,,,,,
5449000350930,Fanta Zero Sugar,Fanta,,iceland,,,,unknown,,,,,
4262547810252,Fanta Zero Grape,Fanta,,germany,,,,unknown,,,,,
7894900097016,Carmesim,Fanta,,brazil,,,,unknown,,,,,
9310155625500,fantastic noodles chicken and mashrom,,,bahrain,,,,unknown,,,,,
4316268719216,Big Choc Mandel,ICE Fantasy,Eis,germany,,,,unknown,,,,,
5000112695113,Fanta Mango Flavour Low-Calorie,Fanta,,ireland,,,,unknown,,,,,
3481291032968,Truffe fantaisie aux brisures de riz,,,france,,,,unknown,,,,,
5000112664805,Fanta C,Fanta,"beverages-and-beverages-preparations, plant-based-foods-and-beverages, beverages, fruit-based-foods-and-beverages, non-alcoholic-beverages, plant-based-beverages, carbonated-drinks, fruit-based-beverages, soft-drinks, fruit-soft-drinks, carbonated-fruit-soft-drink, carbonated-fruit-soft-drink-with-less-than-10-of-fruit-juice",turkey,,,,e,4.0,,"Water, sugar, carbon dioxide, orange juice consantrate, acidity regulators(citric acid, malic acid, sodium citrate), vitamin c, preservative(potassium sorbate), aromatics, sweetener(sodium cyclamate, saccharin), food colouring(beta carotene), thickening agent(carob gum)",,
0049000063219,Banana Soda,Fanta,,the-bahamas,,,,unknown,,,,,
8901764022883,Orange Flavoured,Fanta,,united-states,,,,unknown,4.0,,"CARBONATED WATER, SUGAR, ACIDITY REGULATOR (330, 331 (iii)), PRESERVATIVE (211), PERMITTED NATURAL COLOUR (160a (iii)), PERMITTED ARTIFICIAL FLAVOURS (ORANGE), CONTAINS ADDED FLAVOUR (NATURE-IDENTICAL & ARTIFICIAL FLAVOURING SUBSTANCES)",,
8487255313407,Fanta Fanta Orange,Fanta,Dagligvarer,denmark,,,,unknown,4.0,,"Vand, sukker, appelsinjuice fra koncentrat (5%), kuldioxid, syre (E330), naturlig appelsinaroma med andre naturlige aromaer, antioxidant (E300), surhedsregulerende middel, (E331), stabilisatorer (E414, E445, E412), frugt - og vegetabilsk koncentrat (gulerod, solbær), farvestof (E160a).",,
7316110001947,Fantastic fläder,Fun light,,sweden,,,,unknown,,,,,
5449000322203,Fanta orange low calorie,Fanta,,united-states,,,,unknown,,,,,
5000112686043,Fanta Laranja,Fanta,,portugal,,,,unknown,,,,,
4897148040045,Fanta - Banana and Chocolate,Fanta,,united-kingdom,,,,unknown,,,,,
9310155012393,fantastic rice crackers chilli,,,bahrain,,,,unknown,,,,,
