code,product_name,brands,categories_tags,countries_tags,packaging_tags,stores,purchase_places,nutriscore_grade,nova_group,ecoscore_grade,ingredients_text,nutriments.sugars_100g,nutriments.energy-kcal_100g
0025000034824,"Minute maid, sparkling juice drink, fruit punch",Minute Maid,"plant-based-foods-and-beverages, beverages, plant-based-beverages","france, united-states",,,,c,4.0,,"Carbonated water, grape and apple juices from concentrate, sugar, pineapple juice from concentrate, less than 0.5% of: natural flavors, citric acid (provides tartness), modified cornstarch, glycerol ester of rosin, sodium benzoate and potassium sorbate and sodium hexametaphosphate and calcium disodium edta (to protect taste), sucralose, acesulfame potassium, red #40.",,
0025000047244,Fruit Cooler Lemonade,Minute Maid,"beverages, carbonated-drinks, sodas, lemonade",france,,,,e,,,,,
0025000056017,100% Apple Juice,Minute Maid ,"plant-based-foods-and-beverages, beverages, plant-based-beverages, fruit-based-beverages, juices-and-nectars, fruit-juices, unsweetened-beverages, apple-juices, squeezed-juices, squeezed-apple-juices",united-states,,,,unknown,,c,,,
0025000056031,100% Orange Juice,Minute Maid,"beverages-and-beverages-preparations, plant-based-foods-and-beverages, beverages, plant-based-beverages, fruit-based-beverages, juices-and-nectars, fruit-juices, fruit-juices-from-concentrate, orange-juices, orange-juices-from-concentrate",united-states,,,California,e,1.0,a,"pure filtered water, concentrated orange juice, vitamin c (ascorbic acid).",10.0,48.9
0025000058073,Lemonade,Minute Maid,"beverages-and-beverages-preparations, beverages, carbonated-drinks, sodas, lemonade",france,,,,e,4.0,,"Pure filtered water, high fructose corn syrup, lemon juice from concentrate, natural flavors, citric acid (provides tartness), modified cornstarch, Ester gum E445, sodium benzoate and potassium sorbate and calcium disodium EDTA, yellow #5",,
0025000061516,100% apple juice,Minute Maid,"plant-based-foods-and-beverages, beverages, plant-based-beverages, fruit-based-beverages, juices-and-nectars, fruit-juices, unsweetened-beverages, apple-juices","france, united-states",,,,e,,,"CONTAINS PURE FILTERED WATER, CONCENTRATED APPLE JUICE, VITAMIN C (ASCORBIC ACID).",,
0025000061530,100% ORANGE JUICE,Minute Maid,"plant-based-foods-and-beverages, beverages, plant-based-beverages, fruit-based-beverages, juices-and-nectars, fruit-juices, orange-juices",united-states,pet-bottle,,,e,1.0,,"pure filtered water, concentrated orange juice, vitamin c (ascorbic acid)",,
0025000063213,Original 100% orange juice ,Minute Maid,,united-states,,,,unknown,,unknown,,,
0059600048134,Orange Minute Maid,"Minute Maid,Coca cola","plant-based-foods-and-beverages, beverages, plant-based-beverages, fruit-based-beverages, juices-and-nectars, fruit-juices, orange-juices",saint-pierre-and-miquelon,brick,,Saint Pierre et Miquelon,e,1.0,c,"filtered water, concentrated orange juice",10.0,48.0
0059600060594,Minute Maid Orange,Minute Maid,"plant-based-foods-and-beverages, beverages, plant-based-beverages, fruit-based-beverages, juices-and-nectars, fruit-juices",france,,,,unknown,,,,,
0059600061904,Limonade,Minute Maid,,"canada, france",,,,unknown,4.0,,"Filtered water, Lemon juice from concentrate, Sugar/glucose-fructose, Natural flavour. Ingrédients : Eau filtrée, Jus de citron fait de concentré, Sucre/glucose-fructose, Essence naturelle. CHILL AND SHAKE WELL BEFORE SERVING. REFRIGERATE",,
0059600061942,Watermelon,Minute maid,"beverages, unsweetened-beverages, sweetened-beverages",france,cardboard,,,e,4.0,,"Filtered water, Sugar/glucose - fructose, Fruit juices from concentrate (grape and/or pear and/or apple and watermelon), Citric acid, Ascorbic acid (vitamin C), Natural flavour.

Eau filtrée, Sucre/glucose - fructose, Jus de fruits faits de concentré (raisin et/ou poire et/ou pomme et melon d'eau), Acide citrique, Acide ascorbique (vitamine C), Essence naturelle.",,
0059600070159,Five Alve,"Minute Maid, Coca-Cola",,canada,,,,unknown,,,,,
0059600070241,"Jus D'orange (original, Faible En Pulpe)",Minute Maid,"plant-based-foods-and-beverages, beverages, plant-based-beverages, fruit-based-beverages, juices-and-nectars, fruit-juices, orange-juices, squeezed-juices, squeezed-orange-juices","canada, france",,,,e,1.0,,"EAU FILTRÉE, JUS D'ORANGE CONCENTRÉ.",,
0059600070876,Jus d'orange,Minute Maid,"plant-based-foods-and-beverages, beverages, plant-based-beverages, fruit-based-beverages, juices-and-nectars, fruit-juices, orange-juices",france,plastic,,,unknown,1.0,,"Filtered water, concentrated orange juice",,
0059600070937,Cocktail de pamplemousse rose,Minute Maid,,france,,,,unknown,,,,,
00817141,Lemonade,Minute Maid,"beverages, carbonated-drinks, sodas, lemonade, sweetened-beverages",united-states,,Jewel Osco,"Chicago,Illinois,USA",e,4.0,not-applicable,"pure filtered water, high fructose  corn  syrup, lemon juice from concentrate (12%), lemon pulp, natural flavors, sugar,",11.7,45.8
02505008,100% juice blend,Minute Maid,"plant-based-foods-and-beverages, beverages, plant-based-beverages, fruit-based-beverages, juices-and-nectars, fruit-juices, fruit-juices-from-concentrate, multifruit-juices, multifruit-juices-from-concentrate",united-states,"box, card, pasteurized",,Pennsylvania,d,4.0,e,"Contains apple, pear and grape juices from concentrate, less than 2% of: pineapple juice from concentrate, natural flavors, calcium citrate (calcium source), vitamin c (ascorbic acid), citric acid (provides tartness), potassium phosphate.",10.73,51.0
02520609,Duvalin Bi Sabor,"Minute Maid,Coca-Cola","plant-based-foods-and-beverages, beverages, plant-based-beverages, fruit-based-beverages, juices-and-nectars, fruit-juices, unsweetened-beverages, apple-juices, fruit-juices-from-concentrate, apple-juices-from-concentrate",united-states,,,California,e,,,"APPLE JUICE CONTAINS PURE FILTERED WATER, CONCENTRATED APPLE JUICE, LESS THAN 0.5% OF: CALCIUM CITRATE (CALCIUM SOURCE), VITAMIN C (ASCORBIC ACID), POTASSIUM PHOSPHATE. PRODUCED FOR THE COCA-COLA COMPANY ATLANTA, GA 30313 U.S.A. CONTAINS APPLE JUICE CONCENTRATE FROM THE U.S.A., ARGENTINA, AUSTRIA, CHILE, CHINA, GERMANY AND TURKEY.",11.0,50.0
05965930,Orange Juice,Minute Maid,,canada,,,,unknown,,,,,
11206388,Minute Maid Orange Original,Minute Maid,,france,,,,unknown,,,,,
11218368,100 % Jus d'orange,Minute Maid,"plant-based-foods-and-beverages, beverages, plant-based-beverages, fruit-based-beverages, juices-and-nectars, fruit-juices, orange-juices, squeezed-juices, squeezed-orange-juices",france,"can, drink-can",,,unknown,,,,,
2000000003788,Minute Maid (30cl) *,"Mcdonald's, Minute Maid","plant-based-foods-and-beverages, beverages, plant-based-beverages, fruit-based-beverages, juices-and-nectars, fruit-juices, fruit-juices-from-concentrate, orange-juices, orange-juices-from-concentrate",france,"cardboard, tumbler",McDonald's,"Paris,France",c,1.0,,Jus d'orange à base de jus d'orange concentré.,,
32346565,Réa,Minute Maid,,france,,,,unknown,,,,,
3292090941579,Minute Maid Orange,Minute Maid,beverages,france,,,,e,,,Jus d'orange à base de jus d'oranges concentré,,
3292090941692,Minute Maid Pommes,Coca Cola Company,"plant-based-foods-and-beverages, beverages, plant-based-beverages, fruit-based-beverages, juices-and-nectars, fruit-juices, non-alcoholic-beverages, unsweetened-beverages, apple-juices","france, martinique, switzerland",,,,c,1.0,,Jus de pomme à base de concentré.,,
3409664796026,Fruit & Nada Citron avec un touche de citron vert,"Fruit & Nada, Minute Maid","plant-based-foods-and-beverages, beverages, plant-based-beverages, carbonated-drinks, fruit-based-beverages, sodas, fruit-sodas, lemon-soft-drinks, sweetened-beverages",france,,,,unknown,,,,,
40822716,Jus de fruit,Minute Maid,,france,,,,unknown,,,,,
42094418,Pamplemousse,minute maid,"plant-based-foods-and-beverages, beverages, plant-based-foods, fruits-and-vegetables-based-foods, fruits-based-foods, plant-based-beverages, fruit-based-beverages, fruits, juices-and-nectars, citrus, fruit-juices, pomelos, grapefruit-juices",france,bouteille-verre,,,d,,,"jus de pamplemousse rose à base de concentré. Roze pompelmoessao NUTRITONELLE VOEDINGSWAARDEPour/Per: 100me n Verzadigde velzuren et Dont acides sa es gras saturés/Waarva 94g,",,
42104773,Minute Maid Multivitamines,Minute Maid,"plant-based-foods-and-beverages, beverages, plant-based-beverages, fruit-based-beverages, juices-and-nectars, fruit-juices","belgium, france, luxembourg","tetra-pak, tetra-brik-aseptic",Delhaize,,e,4.0,,"eau; jus de fruits à base de concentré: orange (40.4%), pomme (4.8%), citron (2.3%), raisin (1.8%), pêche (0.8%); sucre; arômes; vitamines C, B3, E, B5, B6, B2 et provitamine A.",,
4710018146305,美粒果柳橙汁,"美粒果,可口可樂,太古可口可樂,Coca-Cola,Minute Maid","beverages-and-beverages-preparations, plant-based-foods-and-beverages, beverages, plant-based-beverages, fruit-based-beverages, juices-and-nectars, fruit-nectars, fruit-juices, orange-juices, orange-nectars",taiwan,"plastic, bottle",,Taipei,d,,,"水, 高果糖糖漿, 柳橙果肉, 柳橙濃縮汁, 香料, 檸檬酸, 檸檬酸鈉, 維生素C，複方著色劑(辛烯基丁二酸鈉澱粉, 葡萄糖漿, 胡蘿蔔素, 中鏈三酸甘油酯, 維生素E, 磷酸鈣)",7.91,37.1
4890008200511,Minute Maid Orange Juice Drink,Minute Maid,,hong-kong,bottle,Supermarket,Hong Kong,unknown,,,,8.5,36.0
54008304,Minute Maid Orange,Minute Maid,"beverages-and-beverages-preparations, plant-based-foods-and-beverages, beverages, frozen-foods, plant-based-beverages, fruit-based-beverages, juices-and-nectars, fruit-juices, orange-juices","belgium, france",,,,c,1.0,,Jus d'orange 100%,,
5449000002860,Orange original minute maid,,groceries,belgium,,,,c,1.0,,Orange concentré  eau,,
5449000018656,"Boisson à L'orange, 6 Fois 33 Centilitres, Marque Minute Maid",Minute Maid,beverages,france,,Magasins U,,e,,,Jus d'orange à base de concentré 100% jus,,
5449000034274,Jus d'orange avec pulpe à base de concentré doux,Minute maid,"beverages-and-beverages-preparations, plant-based-foods-and-beverages, beverages, plant-based-beverages, fruit-based-beverages, juices-and-nectars, fruit-juices, fruit-juices-from-concentrate, orange-juices, orange-juices-from-concentrate, orange-juices-with-pulp","belgium, france",tetra-brik,,,d,1.0,,Jus d'orange avec pulpe à base de concentré,,
5449000045614,Minute Maid tropical,Minute Maid,"beverages-and-beverages-preparations, plant-based-foods-and-beverages, beverages, plant-based-beverages, fruit-based-beverages, juices-and-nectars, fruit-nectars, fruit-juices, multifruit-nectars, sweetened-beverages","belgium, france, martinique, switzerland","metal, can, drink-can",,,e,4.0,,"Eau ; jus de fruits à base de concentré (orange 40%, goyave 2%, abricot 2%, mangue 1.8%, fruit de la passion 1.2%) ; sucre.",,
5449000045621,"Bt 6X33 Minute Maid Trop.,",Minute Maid,,france,,Magasins U,,unknown,,,,,
5449000056313,Canette Jus de Pomme,Minute Maid,,france,,,,unknown,,,,,
5449000067357,Néctar de naranja,Minute Maid,"plant-based-foods-and-beverages, beverages, plant-based-beverages, fruit-based-beverages, juices-and-nectars, fruit-nectars, orange-nectars","france, spain",,,,e,,,,,
5449000098870,Minute Maid multivitamines,"Coca-Cola, Minute Maid","plant-based-foods-and-beverages, beverages, plant-based-beverages, fruit-based-beverages, juices-and-nectars, fruit-nectars, multifruit-nectars","belgium, france","brick, cardboard",,Belgium,e,4.0,,"Eau, jus de fruits à base de concentré : orange (40,4%), pomme (4,8%), citron (2,3%), raisin (1,8%), pêche (0,8%), sucre, arômes, vitamine C, B3, E, B5, B6, B2 et provitamine A,",,
5449000100573,Minute Maid multivitamines,Minute Maid,"beverages-and-beverages-preparations, plant-based-foods-and-beverages, beverages, plant-based-beverages, fruit-based-beverages, juices-and-nectars, fruit-juices, non-alcoholic-beverages","belgium, france",can,,Belgium,e,4.0,,"eau; jus de fruits à base de concentré: orange (40.4%), pomme c 1.0%), pèche (0,8%); sucre; arômes; vitamines C, B3, E, 85, B6, B2 et provitamine",,
5449000101068,Minute Maid Multivitamins Brik 20CL 4-pack,Minute Maid,,"belgium, france, world",,Delhaize,,unknown,,,,,
5449000111067,Great Start,Minute maid,"plant-based-foods-and-beverages, beverages, plant-based-beverages, fruit-based-beverages, juices-and-nectars, fruit-juices",france,,,,c,4.0,,"Jus de fruits à base de concentré (orange 72.5%, orange sanguine 17%. pamplemousse rose 9%, acérola 1.5%). Riche en vitamine C.",,
5449000111104,Great Start!,Minute Maid,"plant-based-foods-and-beverages, beverages, plant-based-beverages, fruit-based-beverages, juices-and-nectars, fruit-juices, fruit-juices-from-concentrate, multifruit-juices, multifruit-juices-from-concentrate","belgium, france","brick, cardboard",Noz,"Courrières,France",d,4.0,,"Jus de fruits à base de concentré (orange 53%, mandarine 33,6%, raisin 11%, acérola 2,4%).",,
5449000136039,Néctar de melocotón,Minute Maid,,france,,,,unknown,,,do las Cl)àlcs Ilidratos cal bono; de los cualcs azüct:es: Pl otcinas:,,
5449000136060,Néctar multifruta a partir de concentrado,Minute Maid,,france,,,,unknown,,,,,
5449000136084,MINUTE MAID PIÑA SIN AZÚCARES AÑADIDOS,Minute Maid,"beverages, sweetened-beverages",france,,,,b,4.0,,"Jus d'ananas à partir de concentré, eau, sucre, acidulant acide citrique, stabilisant pectines et antioxydant acide ascorbique",,
5449000136398,"Minute Maid Antiox Naranja, Frambuesa y Acerola",Minute Maid,"beverages, unsweetened-beverages",france,,,,b,,,"Maid 3070 menos &quot;Ligero: sin azücares Aas similares de calorias respecto a Otras del mercado con azücares BEBIDA A BASE DE ZUMO DE FRUTAS Y ZANAHORIA A PARTIR DE CONCENTRADO. coN VITAMINA C. Con edulcorante. INGREDIENTES: 67% zumo de frutas Y zanahoria a partir de concentrado (36% naranja, 15% frambuesa, 8% zanahoria, 5% uva, 2% grosella negra, 1 % acerola), agua, extractos de hibisco y zanahoria, aromas, vitamina C, edulcorante glucésidos de estevioM INFORMACIÔN NUTRICIONAL POR: 200 ml (%**) 100 ml 116 kJ/",,
5449000136404,"Minute Maid Antiox Piña, Grosella Negra y Ciruela",Minute Maid,beverages,france,,,,c,4.0,,"67% zumo de frutas a partir de concentrado (45% pina, 17 % grosella negra, 5% ciruela), agua, estabilizante pectina, vitamina C edulcorante glucésidos de estevioMy aromas.",,
5449000137586,Minute Maid rouge sensation,Minute Maid,"plant-based-foods-and-beverages, beverages, plant-based-beverages, fruit-based-beverages, juices-and-nectars, fruit-juices, fruit-juices-from-concentrate",france,"can, drink-can",Distributeur,"Lyon,France",c,4.0,,"Jus de fruits à base de concentré : pomme (84,3%), framboise (13,1%), cassis (2,6%).",,
5449000142573,Limon & nada,Minute Maid,"beverages-and-beverages-preparations, beverages, carbonated-drinks, sodas, lemonade","france, spain",plastic,,,e,,,,,
5449000149596,"Minute Maid Antiox Manzana, Uva y Kiwi",Minute Maid,,france,,,,unknown,,,,,
5449000156365,Minute Maide Duofrutas MEDITERRÁNEO,Minute Maid,beverages,france,,,,e,,,,,
5449000156389,Duofrutas Tropical,Minute Maid,"plant-based-foods-and-beverages, beverages, plant-based-beverages, fruit-based-beverages, juices-and-nectars, fruit-juices","france, spain",,,,e,4.0,,"Agua, azúcar, 10% leche desnatada, 10% zumo de frutas a partir de concentrado (8% naranja, 1% mango y 1% piña), estabilizante pectina, correctores de acidez: ácido cítrico y citrato sódico, aromas, antioxidante ácido ascórbico, colorante betacaroteno y vitamina E.",,
5449000176820,Minute maid exotic,Minute Maid,beverages,france,,,,e,4.0,,"Eau, sucre, Jus des Orange, Pomme et passion, acide citrique (E330), Pectine, aromes, Metabisulphite de Sodium, Couleur de carotene de Beta",,
5449000179661,Limon & Nada - Citronnade,Minute Maid,"beverages, sweetened-beverages, citronnades",france,"can, drink-can",,"Marseille,France",unknown,4.0,,Eau ; jus de citron à base de concentré (13%) ; sucre ; pulpe de citron ; arômes ; antioxydant ; acide ascorbique ; colorant : bêta-carotène,,
5449000180247,Mangue Pomme,Minute Maid,"plant-based-foods-and-beverages, beverages, plant-based-beverages, fruit-based-beverages",france,,,,unknown,,,,,
5449000180285,Minute Maid,Minute Maid,,france,,,,unknown,,,,,
5449000193476,Bebida a base de zumo de naranja a partir de,Minute Maid,,france,,,,unknown,,,,,
5449000193490,Minute Maid Stevia Piña,Minute Maid,beverages,france,,,,d,,,,,
5449000196002,Fruit & Nada Orange avec une touche de Goyave,Minute Maid,"plant-based-foods-and-beverages, beverages, plant-based-beverages, fruit-based-beverages, sweetened-beverages",france,"metal, can, drink-can",Carrefour City,"Paris,France",unknown,4.0,,"Eau, jus de fruits à base de concentré 12% (orange 10%, goyave 2%), sucre, pulpe d'orange, acidifiant : acide citrique, arômes naturels d'orange avec autres arômes naturels, antioxydant : acide ascorbique, colorant : bêta-carotène.",,
5449000196057,Fruit & Nada,minute maid,"beverages, carbonated-drinks, sodas, lemonade",united-kingdom,"plastic, bottle",,,d,4.0,,"eau de source, jus de fruits à base de concentré 13% (citron 12%, citron vert 1%), sucre, pulpe de citron, citrate de sodium, arome naturel de citron, acide ascorbique, beta-carotene",,
5449000196408,Fruit & Nada - Boisson rafraîchissante avec jus de citron et citron vert,Minute Maid,"plant-based-foods-and-beverages, beverages, plant-based-beverages, fruit-based-beverages, unsweetened-beverages, sweetened-beverages",france,"plastic, bottle",,,unknown,4.0,,"Eau de source, jus de fruits à base de concentré 13 % (citron 12 %, citron vert 1 %), sucre, pulpe de citron, correcteur d'acidité : citrate de sodium, arôme naturel de citron, antioxydant : acide ascorbique, colorant : bêta-carotène.",,
5449000199676,Limón & Nada Ligero,Minute Maid,beverages,france,,,,d,4.0,,"agua, zumo de limôn a partir de concentrado (9,5%), azücar, pulpa de limén, antioxidante écido ascôrbico, aromas, edulcoran glucésidos de esteviol y colorante betacaroteno,",,
5449000205261,Limón&nada ligero,Minute Maid,"beverages, carbonated-drinks, sodas, lemonade",spain,can,,"Madrid,España",e,4.0,,"Agua, zumo de limón a partir de concentrado (9,5%), azúcar, pulpa de limón, antioxidante: ácido ascórbico (E-300), aromas, edulcorante: glucósidos de esteviol (E-960) y colorante: betacaroteno (E-160a).",,
5449000227089,Minute Maid Citronnade,Minute Maid,"beverages-and-beverages-preparations, beverages, carbonated-drinks, artificially-sweetened-beverages, sodas, lemonade, sweetened-beverages",france,,,,d,4.0,,"Eau, jus de citrons à base de concentré (10%), sucre, acidifiants, citrate de sodium, acide citrique, édulcorants, acésulfame-k, aspartame, stabilisants, E1450, E444, E445, antioxydant : acide ascorbique, arôme naturels d'agrumes.",,
5449000243416,Minute Maid Orange,Minute Maid,"plant-based-foods-and-beverages, beverages, plant-based-beverages, fruit-based-beverages, juices-and-nectars, fruit-juices, fruit-juices-from-concentrate, orange-juices, orange-juices-from-concentrate","belgium, france",brick,colruyt,,c,1.0,,JUS D'ORANGE À BASE DE CONCENTRé,,
5449000243430,Minute maid orange,Minute maid,"plant-based-foods-and-beverages, beverages, plant-based-beverages, fruit-based-beverages, juices-and-nectars, fruit-juices, fruit-juices-from-concentrate, orange-juices, orange-juices-from-concentrate","belgium, france",,,,c,,,,,
5449000243461,Jus d'orange,Minute Maid,"beverages-and-beverages-preparations, plant-based-foods-and-beverages, beverages, plant-based-beverages, fruit-based-beverages, juices-and-nectars, fruit-juices, aliments-et-boissons-a-base-de-vegetaux, boissons-a-base-de-vegetaux, jus-d-orange","belgium, france",brique,,,c,,,,,
5449000250902,Citronnade,Minute Maid,"plant-based-foods-and-beverages, beverages, plant-based-beverages, carbonated-drinks, fruit-based-beverages, artificially-sweetened-beverages, sodas, diet-beverages, fruit-sodas, diet-sodas, lemon-soft-drinks, light-fruit-sodas, light-lemon-soft-drinks",france,"metal, recyclable-metals, aluminium, can, drink-can",,France,d,4.0,,Eau ; jus de citrons à base de concentrés 10% ; sucre ; acidifiants : citrate de sodium ; acide citrique ; édulcorants : acésulfame-K ; aspartame ; stabilisants : E1450 ; E444 ; E445 ; antioxydant : acide ascorbique ; arômes naturels d'agrumes.,,
54491090,Nectar d'ananas,Minute Maid,"plant-based-foods-and-beverages, beverages, plant-based-beverages, fruit-based-beverages, juices-and-nectars, fruit-nectars, pineapple-nectars",france,,,,e,,,,,
54491304,Minute Maid Orange,Minute Maid,"plant-based-foods-and-beverages, beverages, plant-based-beverages, fruit-based-beverages, juices-and-nectars, fruit-juices, fruit-juices-from-concentrate, orange-juices, orange-juices-from-concentrate",france,,,,c,1.0,,Jus d'orange à base de concentré,,
54491809,Jus D'orange,"Minute Maid, The Coca Cola Company","plant-based-foods-and-beverages, beverages, plant-based-beverages, fruit-based-beverages, juices-and-nectars, fruit-juices, fruit-juices-from-concentrate, orange-juices, orange-juices-from-concentrate",france,"glass, bottle, bouteille-consignee",,France,d,1.0,,Jus d'orange à base de concentré.,,
54492189,Pomme 100% Jus,Minute Maid,"plant-based-foods-and-beverages, beverages, plant-based-beverages, fruit-based-beverages, juices-and-nectars, fruit-juices, non-alcoholic-beverages, unsweetened-beverages, apple-juices, fruit-juices-from-concentrate, apple-juices-from-concentrate",france,"can, drink-can",,France,c,1.0,,Jus de pomme à base de concentré,,
54492196,Boisson de jus de Tomate,Minute Maid,"plant-based-foods-and-beverages, beverages, plant-based-foods, fruits-and-vegetables-based-foods, vegetables-based-foods, plant-based-beverages, vegetable-based-foods-and-beverages, vegetables, juices-and-nectars, vegetable-based-beverages, tomatoes-and-their-products, vegetable-juices, tomato-juices, tomatoes",france,"can, drink-can",,,b,3.0,,"Jus de tomate à base de concentré (92%); eau, sel, acidifiant : acide citrique",,
54492967,Minute Maid Selección äpple Glas,Minute Maid,,france,,,,unknown,,,,,
54492974,Minute Maid Selección Apelsin Glas,"Coca-Cola, Minute Maid",,france,,,,unknown,,,,,
54492981,Tomate,Minute Maid,,france,,,,unknown,,,,,
54493339,Minute Maid jus de pomme,Minute Maid,"plant-based-foods-and-beverages, beverages, plant-based-beverages, fruit-based-beverages, juices-and-nectars, fruit-juices, non-alcoholic-beverages, unsweetened-beverages, apple-juices, fruit-juices-from-concentrate, apple-juices-from-concentrate","belgium, france",,,,c,,,,,
54493483,Minute Maid,Minute Maid,beverages,france,,,,e,4.0,,"Eau Sucre, Purée de Jus de Pomme, émulsifiant: E466, Acidife Atîde Citrique, Atomes, Anq-oxydant: Aci Ascorbique, Conservateurs: Sorbate de Potassium et Metabisutfite de Sodium. Colorant : Beta Carotène",,
87303223,Minute Maid Orange,Minute Maid,"plant-based-foods-and-beverages, beverages, plant-based-beverages, fruit-based-beverages, juices-and-nectars, fruit-juices, fruit-juices-from-concentrate, orange-juices, orange-juices-from-concentrate","belgium, france","plastic, bottle",Aéroport de Charleroi-Bruxelles-Sud,"Belgique,Charleroi",c,1.0,,"Jus d'orange à base de concentré,",,
87303483,Minute Maid Duo Tropical,Minute Maid,"plant-based-foods-and-beverages, beverages, plant-based-beverages, fruit-based-beverages, juices-and-nectars, fruit-juices, multifruit-juices","france, spain",,,,d,,,,,
8801128542647,110G Xlcup Fruits De Mer M. min,Minute Maid,,france,,,,unknown,4.0,,"Nouilles: Farine de blé (céréales contenant du gluten), amidon de tapioca modifié, huile de palme raffinée, sel raffiné,
émulsifiant (soja), correcteur d'acidité, extrait d'oignon (soja), gomme de guar (E412), poudre de tocophérols mélangé, 
assaisonnement d'huile de thé vert, riboflavine (E101), acide citrique (E330) / Bouillon déshydraté: sel, sucre, glutamate L 
monosodique (E621), assaisonnement de poudre de calamar (calamar), poudre d'extrait de crevette (crevette), 
assaisonnement de poudre de moule (moule, soja, blé), substitut de poudre de lait entier (lait), poudre de sauce soja 
fermentée (soja), poudre de poivre blanc, protéines végétales hydrolisées (soja), poudre de riz, inosinate disodique (E631), 
disodium 5-guanylate (E627), poudre de gingembre, poudre d'ail, huile de soja (soja), acide DL-malique (E296) / Légumes 
déshydratés: chou déshydraté, carotte déshydratée, radis vert déshydraté, oignon vert déshydraté.",,
8851959140949,พัลพิ,"มินิทเมด,Minute Maid","beverages-and-beverages-preparations, plant-based-foods-and-beverages, beverages, plant-based-beverages, fruit-based-beverages, juices-and-nectars, fruit-nectars, fruit-juices, orange-nectars",thailand,"th:ขวด, th:ขวดพลาสติก",,,e,4.0,,"น้ำส้ม 20% จากน้ำส้มเข้มข้น, น้ำตาล 10.5%, เนื้อส้ม 5%, สารควบคุมความเป็นกรด (INS 300, INS 330), สาร  (INS 440), แต่งกลิ่นเลียนธรรมชาติ , ลีธรรมชาติ (INS 160aii), ใช้วัตถุกันเสีย",13.1,58.6
8901764239809,PROTEIN TOTAL FAT pany,"Minute Maid,The Coca-Cola Company","plant-based-foods-and-beverages, beverages, plant-based-foods, breakfasts, spreads, plant-based-beverages, plant-based-spreads, sweet-spreads, fruit-and-vegetable-preserves, fruit-based-beverages, juices-and-nectars, jams, mixed-fruit-jams, unsweetened-beverages, sweetened-beverages",india,"plastic, bottle, plastic-bottle",,"Kharagpur,West Bengal,India",unknown,4.0,e,"Water, Sugar, Mango Pulp (10,7 %), Guava Pulp (2,9 %), Banana Puree (2,9 %), Papaya Puree (0,3 %), acidity regulator (E330), antioxydant (E300), colorant (161g).",12.0,56.0
8992761166038,PULPY ORANGE,Minute Maid,,france,,,,unknown,,,"Air, Gula, Bulir Jeruk/ Orange Pulp (4,7%), Konsentrat Jeruk (Mengandung sari buah 5,3%), Pengatur Keasaman (Asam Sitrat, Trinatrium Sitrat), Vitamin C, Perisa Alami, Pewarna Alami (Beta Karoten CI No. 75130).",,
90338427,Minute maid,Minute Maid,beverages,france,,,,e,4.0,,"jus de fruit à base de concentré (Pomme mandarine mangue ananas goyave pêche orange), pulpe, vitamines C B3 E B5 B6 B2 provitamine a",,
90338915,Multivitamines,Minute Maid,"plant-based-foods-and-beverages, beverages, plant-based-beverages, fruit-based-beverages, juices-and-nectars, fruit-juices, multifruit-juices","belgium, france","plastic, bottle",,,e,4.0,,"eau, jus de fruits à base de concentré (orange 40,4%, pomme 4,8% citron 2,3%, raisin 1,8%, pêche 0.8%), sucre, arômes, vitamine C, vitamine B3, vitamine E, vitamine B5, vitamine B6, vitamine B2, provitamine A",,
90343384,Multi fruits minute maid,Minute Maid,"plant-based-foods-and-beverages, beverages, plant-based-beverages, fruit-based-beverages, juices-and-nectars, fruit-juices, multifruit-juices",france,"glass, bottle",,,d,,,,,
90357992,Ananas,Minute Maid,beverages,france,,,,e,,,,,
90377938,Minute maid abricot,Minute Maid,"plant-based-foods-and-beverages, beverages, plant-based-beverages, fruit-based-beverages",france,bottle,,,e,,,,,
90399787,Minute maid tropical,Minute Maid,,france,,,,unknown,,,,,
9049000000000,Minute Maid Original Orange,Minute Maid,"beverages-and-beverages-preparations, plant-based-foods-and-beverages, beverages, plant-based-beverages, fruit-based-beverages, juices-and-nectars, fruit-juices, fruit-juices-from-concentrate, orange-juices, orange-juices-from-concentrate","france, luxembourg",,,,d,1.0,,sinaasappelsap uit sapconcentraat,,
9049000000017,Pomme,Minute Maid,"beverages-and-beverages-preparations, plant-based-foods-and-beverages, beverages, plant-based-beverages, fruit-based-beverages, juices-and-nectars, fruit-juices, non-alcoholic-beverages, unsweetened-beverages, apple-juices","belgium, france, germany",,,,d,,,,,
9049000000475,Tropical,Minute Maid,"plant-based-foods-and-beverages, beverages, plant-based-beverages, fruit-based-beverages, juices-and-nectars, fruit-juices, multifruit-juices","belgium, france",bottle,,,c,,,,,
90491436,Jus De Pommes,Minute Maid,"plant-based-foods-and-beverages, beverages, plant-based-beverages, fruit-based-beverages, juices-and-nectars, fruit-juices, non-alcoholic-beverages, unsweetened-beverages, apple-juices",france,bouteille-en-verre,,,d,,,,,
90491443,Tomate,Minute Maid,"plant-based-foods-and-beverages, beverages, plant-based-foods, fruits-and-vegetables-based-foods, vegetables-based-foods, plant-based-beverages, vegetable-based-foods-and-beverages, juices-and-nectars, vegetable-based-beverages, tomatoes-and-their-products, vegetable-juices, non-alcoholic-beverages, tomato-juices",france,bottle,,,b,3.0,,Jus de tomate à base de concentré (92%): eau: sel: acidifiant acide citrique.,,
90494000,Minute Maid Orange Brik 20CL 4-pack,Minute Maid,"plant-based-foods-and-beverages, beverages, plant-based-beverages, fruit-based-beverages, juices-and-nectars, fruit-juices, fruit-juices-from-concentrate, orange-juices, orange-juices-from-concentrate","belgium, france",tetra-brik,,,e,,,"Jus d'orange à base de concentré
Teneur en fruits 100%",,
90494017,Jus de pommes,Minute Maid,"plant-based-foods-and-beverages, beverages, plant-based-beverages, fruit-based-beverages, juices-and-nectars, fruit-juices, non-alcoholic-beverages, unsweetened-beverages, apple-juices, fruit-juices-from-concentrate, apple-juices-from-concentrate","belgium, france","tetra-pak, brick, gold-bricks",Eurodisney,France,c,1.0,,Jus de pomme à base de concentré.,,
90494024,Minute Maid Orange,Minute Maid,"plant-based-foods-and-beverages, beverages, plant-based-beverages, fruit-based-beverages, juices-and-nectars, fruit-juices, fruit-juices-from-concentrate, orange-juices, orange-juices-from-concentrate","belgium, france, switzerland","can, drink-can",,France,c,1.0,,Jus d'orange à base de concentré,,
90494027,Jus d'orange ,Minute Maid,"plant-based-foods-and-beverages, beverages, plant-based-beverages, fruit-based-beverages, juices-and-nectars, fruit-juices, orange-juices",france,,,,unknown,,,,,
90494031,Minute Maid Pomme,Minute Maid,"plant-based-foods-and-beverages, beverages, plant-based-beverages, fruit-based-beverages, juices-and-nectars, fruit-juices, non-alcoholic-beverages, unsweetened-beverages, apple-juices, fruit-juices-from-concentrate, apple-juices-from-concentrate","belgium, france, reunion","can, drink-can",,rochefort,c,1.0,,Jus de pomme à base de concentré 100%,,
90494253,Tropical,Minute Maid,"beverages, sweetened-beverages",france,,,,e,4.0,,"eau;jus de fruits à base de concentré (orange 40% goyave 2% abricot 2%,mangue 1,8% fruit de la passion 1.2%) ; sucre. Teneur en fruits: minimum 47%.",,
90495670,Limon & nada,Minute Maid,"beverages, carbonated-drinks, sodas, lemonade",france,,,,e,,,,,
15006646,Orange,Minute Maid,"plant-based-foods-and-beverages, beverages, plant-based-beverages, fruit-based-beverages, juices-and-nectars, fruit-juices, fruit-juices-from-concentrate, orange-juices, orange-juices-from-concentrate",france,,,,c,,,,,
54008311,Jus d'orange,Minute Maid,"plant-based-foods-and-beverages, beverages, plant-based-beverages, fruit-based-beverages, juices-and-nectars, fruit-juices, orange-juices",france,,,,c,1.0,,sinaasappelsap uit concentraat,,
0025000021275,Cranberry and Apple cocktail,Minute maid,"beverages-and-beverages-preparations, plant-based-foods-and-beverages, beverages, plant-based-beverages, fruit-based-beverages, juices-and-nectars, fruit-juices, cranberry-juices, aliments-et-boissons-a-base-de-vegetaux, boissons-a-base-de-vegetaux","france, united-states",conserve,,United States,e,4.0,,"PURE FILTERED WATER, HIGH FRUCTOSE CORN SYRUP, APPLE, CRANBERRY AND GRAPE JUICES FROM CONCENTRATE, CITRIC ACID (PROVIDES TARTNESS), NATURAL FLAVORS, SUGAR.",,
0059600047861,Jus d'orange,Minute Maid,"plant-based-foods-and-beverages, beverages, plant-based-beverages, fruit-based-beverages, juices-and-nectars, fruit-nectars, orange-nectars",france,,,,unknown,1.0,,"eau filtrée, jus d'orange concentré, stérols végétaux.",,
0059600048097,100% Apple Juice from Concentrate with Added Vitamin C,Minute Maid,"plant-based-foods-and-beverages, beverages, plant-based-beverages, fruit-based-beverages, juices-and-nectars, fruit-juices, unsweetened-beverages, apple-juices",canada,,Dollarama,"Calgary,Alberta,Canada",e,1.0,,"Filtered water, Concentrated apple juice, Ascorbic acid (vitamin C).",,
75330149,Tropical,Minute Maid,"beverages-and-beverages-preparations, plant-based-foods-and-beverages, beverages, plant-based-beverages, carbonated-drinks, fruit-based-beverages, sodas, fruit-sodas, sodas-with-exotic-fruits",france,,,,d,4.0,,"Eau ; jus de fruits à base de concentré (orange 40%, goyave 2%, abricot 2%, mangue 1.8%, fruit de la passion 1.2%) ; sucre. Teneur en fruits: minimum 47%",,
0059600070135,Déli-cinq passion  pêche agrum,Minute Maid,"plant-based-foods-and-beverages, beverages, plant-based-beverages, fruit-based-beverages, sweetened-beverages",canada,,,,e,4.0,,"contains: filtered water, fruit juices from concentrate (orange, grape!lemon, passionfruit and peach), sugar/glucose-fructose, concentrated water extract of orange, natural flavour, citric acid, ascorbic acid (vitamin c),",,
16525631,,Minute Maid,,canada,,,,unknown,,unknown,,,
0059600070036,Orange juice,Minute Maid,"plant-based-foods-and-beverages, beverages, plant-based-beverages, fruit-based-beverages, juices-and-nectars, fruit-juices, orange-juices",canada,,,,c,,,,,
40386607,Minute maid,Minute Maid,,belgium,,,,unknown,,,,,
81303823,jus d'orange,Minute Maid,"plant-based-foods-and-beverages, beverages, plant-based-beverages, fruit-based-beverages, juices-and-nectars, fruit-juices, orange-juices",france,,,,unknown,,,NENTRE Minute Maid ORANGE 100% JUS,,
90377297,Pomme Cerise,Minute Maid,,"belgium, france",,,,unknown,,,,,
0059600010247,Simply lemonade,Minute maids,,canada,,,,unknown,,unknown,,,
5449000195456,Minute Maid,Minute Maid,"beverages-and-beverages-preparations, plant-based-foods-and-beverages, beverages, plant-based-beverages, juices-and-nectars",france,,,,e,4.0,,"Water, Sugar, Fruit Juice Concentrates (Orange, Mango Puree, Apple, P Passion), Acidulants (Citric Acid, Acetic Acid), Stabilisers (Sodium Carbon Cellulose, Modified Food Starch), Antioxidant (Ascorbic Acid), Non - Sweeteners (Acesulfame-K, Aspartame, Sodium Saccharin), Preservative (P Sorbate), Glucose Syrup, Beta-Carotene, Flavour. *Contains a Source of Phenylalanine. 10% Juice Content From Concentrate",,
5449000176783,Mango,Minute Maid,,france,,,,unknown,,,,,
5449000181374,Minute Maid Minute Maid Tropical Fruit Carton,Minute Maid,,france,,,,unknown,,,,,
0059600070227,Orange juice,Minute Maid,,canada,,,,unknown,,,,,
0025000030680,Mango Punch,Minute Maid,"beverages-and-beverages-preparations, plant-based-foods-and-beverages, beverages, plant-based-beverages, fruit-based-beverages, juices-and-nectars, fruit-juices, multifruit-juices","france, spain, united-states",,,,e,4.0,,"FILTERED WATER, HIGH FRUCTOSE CORN SYRUP, MANGO PUREE FROM CONCENTRATE, APPLE, PEAR AND PINEAPPLE JUICES FROM CONCENTRATE, LESS THAN 0.5% OF: NATURAL FLAVORS, CITRIC ACID (PROVIDES TARTNESS), SUCRALOSE, TURMERIC AND VEGETABLE JUICE (FOR COLOR). PRODUCED FOR THE COCA-COLA COMPANY ATLANTA, GA 30313 U.S.A. SCAN HERE FOR MORE FOOD INFORMATION OR CALL 1-800-888-6488",,
0025000062735,"Orange juice beverage, no pulp",Minute Maid,"plant-based-foods-and-beverages, beverages, plant-based-beverages, fruit-based-beverages, juices-and-nectars, fruit-nectars",united-states,,,,d,4.0,e,"Contains pure filtered water, orange juice, less than 1% of: vitamin c (ascorbic acid), potassium citrate, niacinamide, vitamin b6 (pyridoxine hydrochloride), vitamin b1 (thiamine mononitrate), magnesium phosphate, natural flavors, calcium phosphate, citric acid (provides tartness), sucralose, acesulfame potassium, beta carotene (for color).",4.17,21.0
0059600070128,Citrus Fruit Beverage,"Five Alive,Minute Maid","plant-based-foods-and-beverages, beverages, plant-based-foods, fruits-and-vegetables-based-foods, fruits-based-foods, plant-based-beverages, fruit-based-beverages","canada, switzerland",,"Walmart,Real Canadian Superstore","Calgary,Alberta,Canada",e,4.0,,"Filtered water, Fruit juices from concentrate (orange, lemon, grapefruit, tangerine and lime), Sugar/glucose-fructose, Concentrated water extract of orange, Natural flavour, Citric acid, Ascorbic acid (vitamin C)",,
0025000056796,Mixed Berry Juice,Minute Maid,,united-states,,,,unknown,,unknown,,11.8644,50.8475
90491979,Duo Mediterraneo,Minute Maid,"plant-based-foods-and-beverages, beverages, dairies, plant-based-beverages, dairy-drinks, fruit-based-beverages, fruit-and-milk-beverages","france, spain",,,,e,,,,,
0059600061768,Limonade,Minute Maid,"beverages, carbonated-drinks, sodas, lemonade","canada, france","can, drink-can",,,unknown,,,,,
0025000058028,Minute Maid Fruit Punch,Minute Maid,"beverages-and-beverages-preparations, plant-based-foods-and-beverages, beverages, plant-based-beverages, fruit-based-beverages, juices-and-nectars, fruit-juices",united-states,,,,e,4.0,,"CONTAINS PURE FILTERED WATER, HIGH FRUCTOSE CORN SYRUP, PEAR, PINEAPPLE AND ORANGE JUICES FROM CONCENTRATE, LESS THAN 0.5% OF: PASSIONFRUIT JUICE FROM CONCENTRATE, CITRIC ACID (PROVIDES TARTNESS), SUGAR, NATURAL FLAVORS, MODIFIED CORNSTARCH, GLYCEROL ESTER OF ROSIN, POTASSIUM SORBATE AND SODIUM BENZOATE AND SODIUM HEXAMETAPHOSPHATE AND CALCIUM DISODIUM EDTA (TO PROTECT TASTE), RED #40, GREEN #3.",12.3,45.8
3292090148572,Minute maid orange,,,martinique,,,,unknown,,unknown,,11.0,46.0
90370373,FruitOpia,Minute Maid,,switzerland,,,,unknown,,,,,
5449000091314,Minute maid tropical,Minute Maid,,belgium,,,,unknown,,,,,
0059600048745,,Minute Maid,,canada,,,,unknown,,unknown,,,
09678668,MINUTE MAID POMME,Minute Maid,,france,,,,unknown,,,,,
5449000050434,8X15CL Minute Maid Orange,Minute Maid,"beverages-and-beverages-preparations, plant-based-foods-and-beverages, beverages, plant-based-beverages, fruit-based-beverages, juices-and-nectars, fruit-juices, orange-juices",france,,,,c,,,,,
5449000091277,4 Jus Pomme 20 cl,Minute Maid,"plant-based-foods-and-beverages, beverages, plant-based-beverages, fruit-based-beverages, juices-and-nectars, fruit-juices, unsweetened-beverages, apple-juices","france, world",,,,d,,,,,
57758510,Orange 100% jus,Minute Maid,"beverages-and-beverages-preparations, plant-based-foods-and-beverages, beverages, plant-based-beverages, fruit-based-beverages, juices-and-nectars, fruit-juices, orange-juices, squeezed-fruit-juices, orange-juices-with-pulp, squeezed-orange-juices",france,,,,c,1.0,,Jus d'orange avec pulpe à base de concentré 100%,,
8851959195604,น้ำองุ่นขาวผสมวุ้นว่านหางจระเข้,"มินิทเมด,Minute Maid,พัลพิ,Pulpy","plant-based-foods-and-beverages, beverages, plant-based-beverages, fruit-based-beverages, juices-and-nectars",thailand,bottle,,,e,,d,abuus:naunanAry thadu 20% inthaqurodd thna 9% dahumasd 3% wdonaudoinsal aisssund WaSopfiuds,11.7,50.0
8851959148945,น้ำส้ม,"มินิทเมด,minute maid,pulpy","beverages-and-beverages-preparations, plant-based-foods-and-beverages, beverages, plant-based-beverages, fruit-based-beverages, juices-and-nectars, fruit-juices, orange-juices, orange-based-beverages",thailand,bottle,,,e,4.0,,"ส้น 30% จากส้มเข้นข้น น้ำตาล 5.5% เอส 3.3% โซเดียมคลอไรด์ 0.024% สารควบคุมความเป็นกรด (INS300, INS330 INS3 (i) สารทำให้คงตัว (INS466, INS440, INS415) สารให้ความหวาน เอซีซัลเฟมโพ แทสเซียมและซูคราโลส) สีธรรมชาติ(INS160 (0) สีสังเคราะห์ (INS102) แต่งกลิ่นเลียนธรรมชาติ - เพิ่มปริมาณน้ำส้มเข้มข้น จากสูตรเดิม 10.70.1335มล. เป็น 16.30.1335มล. (เทียบเป็นเปอร์เซ็นต์ที่เพิ่มขึ้นได้ 50%)",27.0,120.0
90491986,Nectar de Mangue,Minute Maid,"plant-based-foods-and-beverages, beverages, plant-based-beverages, fruit-based-beverages, juices-and-nectars, fruit-nectars, mango-nectars",france,,,,e,,,,,
42046066,Minute maid Orange,Minute Maid,,germany,,,,unknown,,,,,
54492295,Duofrutas Mediterráneo,Minute Maid,,spain,,,,unknown,,,,,
0025000058011,Lemonade,Minute Maid,"beverages, carbonated-drinks, sodas","france, united-states",,,,e,4.0,,"PURE FILTERED WATER, HIGH FRUCTOSE CORN SYRUP, LEMON JUICE FROM CONCENTRATE, LESS THAN 0.5% OF: NATURAL FLAVORS, CITRIC ACID (PROVIDES TARTNESS), MODIFIED CORNSTARCH, GLYCEROL ESTER OF ROSIN, SODIUM BENZOATE AND POTASSIUM SORBATE AND CALCIUM DISODIUM EDTA (TO PROTECT TASTE), YELLOW #5",,
0059600048059,Jus d'orange,Minute Maid,"plant-based-foods-and-beverages, beverages, plant-based-beverages, fruit-based-beverages, juices-and-nectars, fruit-juices, fruit-juices-from-concentrate, orange-juices, orange-juices-from-concentrate",france,,,,e,1.0,,"filtered water, concentrated orange juice.",,
5449000176806,Fruit juice drink ORANGE,Minute Maid,,france,,,,unknown,,,,,
4890008200146,Minute Maid,Coca-Cola,"plant-based-foods-and-beverages, beverages, plant-based-beverages, fruit-based-beverages, juices-and-nectars, fruit-juices, orange-juices",hong-kong,,,,unknown,,d,,,
13018368,Minute Maid,Minute Maid,"beverages-and-beverages-preparations, plant-based-foods-and-beverages, beverages, plant-based-beverages, fruit-based-beverages, juices-and-nectars, fruit-juices, unsweetened-beverages, apple-juices",france,,,,unknown,,,,,
5449000176776,Apple,Minute Maid,,france,,,,unknown,,,,,
0059600048783,Minute Maid Fraicheur fruitée,Minute Maid,,canada,,,,unknown,,,,,
8851959001158,น้ำเสาวรส,"minute maid,มินิทเมด","plant-based-foods-and-beverages, beverages, plant-based-beverages, fruit-based-beverages, juices-and-nectars, fruit-nectars, non-alcoholic-beverages, passion-fruit-nectars",thailand,bottle,,,e,,e,ล่ .ทาประเอบทีส่าคัญ น่าเสาวรส 140 .!ม . .มาะเาวนสมนาผิงเขผชน 14470าเช่ม ผู 4 v ขู จ ลํ - 45 ผามะนาว 23% และต่า ง 21 - น่าตาล 036% สารควมคมความเป็นเรห .เน . 0S30 10 สีาทาตุดตา เ94 l. ล่ ล. สเหการเ 0ร100 แดกสนยาทา 4บ ยิ,9.29,39.3
0059600070777,Minute Maid Fruit Punch,Minute Maid,,canada,,,,unknown,,,,,
0059600070890,Minutes Maide pomme,Minute Maid,,canada,,,,unknown,,,"sugars/sucres 38 g protees 1 g amine a amine c 1910 m itamin c added onne de vitamine c 0% 210% 0% 0% ertered water, concentrate pene, ascorbic acid (vitamin c). ateneu filtree, jus de pomme dere acide ascorbique (vitamine calad shake well before serving herige ate",,
5449000243485,Minute Maid Orange,Minute Maid,"plant-based-foods-and-beverages, beverages, plant-based-beverages, fruit-based-beverages, juices-and-nectars, fruit-juices, orange-juices","belgium, world",,,,c,,,,,
8888002188511,minute maid orange,Minute maid,"plant-based-foods-and-beverages, beverages, plant-based-beverages, fruit-based-beverages, juices-and-nectars, fruit-juices",singapore,,,,d,,,,,
0025000047770,Premium citrus punch,Minute Maid,"plant-based-foods-and-beverages, beverages, plant-based-beverages",united-states,,,,e,4.0,unknown,"Contains pure filtered water, high fructose corn syrup, orange and pineapple juices from concentrate, less than 1% of: tangerine juice from concentrate, natural flavors, citric acid (provides tartness), annatto and turmeric (for color), sucralose.",10.42,38.0
0025000052224,Cranberry Apple Raspberry Flavored Juice Beverage,Minute Maid,"beverages-and-beverages-preparations, plant-based-foods-and-beverages, beverages, plant-based-beverages, fruit-based-beverages, juices-and-nectars, fruit-juices, multifruit-juices, cranberry-apple-raspberry-flavored-juice-beverage",united-states,,,,e,4.0,,"contains pure filtered water, high fructose corn syrup, pear, cranberry, apple and raspberry juices from concentrate, less than 1% of: natural flavors, citric acid (provides tartness), vitamin c (ascorbic acid), grape skin extract (for color), sugar.",,
8851959000281,น้ำส้มแมนดาริน,"มินิทเมด,minute maid,Pulpy","beverages-and-beverages-preparations, plant-based-foods-and-beverages, beverages, plant-based-beverages, fruit-based-beverages, juices-and-nectars, fruit-nectars, fruit-juices, orange-juices, orange-nectars",thailand,"bottle-or-vial, bottle",,,d,4.0,a,"ส่วนประกอบสำคัญโดยประมาณ น้ำส้มแมนดาริน 24% (จากน้ำส้ม แมนดารินเข้มข้น) น้ำตาล 4.3% เนื้อส้ม 4% สารควบคุมความเป็นกรด (INS 330, INS 331(iii), INS 300) สารให้ความหวาน (แอซีซัลเฟมโพ แกสเซียมและซูคราโลส) สีธรรมชาติ (INS160a()) แต่งกลิ่นเลียนธรรมชาติ",6.27,26.9
0025000058868,Pink Lemonade,Minute Maid,"beverages, carbonated-drinks, sodas, lemonade",united-states,,,,e,4.0,,"Pure filtered water, high fructose corn syrup, lemon juice from concentrate, natural flavors, citric acid, modified cornstarch, glycerol ester of rosin, sodium benzoate, potassium sorbate, calcium disodium edta, red #40.",,
90061363,Antiox,Minute Maid,,spain,,,,unknown,,,,,
0025000047893,Pure Squeezed Orange Juice,Minute Maid,"plant-based-foods-and-beverages, beverages, plant-based-beverages",united-states,,,,e,,,"100% orange juice from concentrate contains pure filtered water, premium concentrated orange juice,",,
0025000047664,Berry punch,Minute Maid,"beverages-and-beverages-preparations, plant-based-foods-and-beverages, beverages, plant-based-beverages","france, united-states",,,,e,4.0,,"Contains pure filtered water, high fructose corn syrup, grape juice from concentrate, less than 1% of: pear and strawberry juices from concentrate, natural flavors, citric acid (provides tartness), sucralose.",,
0059600070210,Ju d'orange,Minute Maid,,canada,,,,unknown,,,,,
0025000047725,Fruit punch,Minute Maid,"beverages-and-beverages-preparations, plant-based-foods-and-beverages, beverages, plant-based-beverages, fruit-based-beverages, juices-and-nectars, fruit-juices",united-states,,,,e,4.0,,"Contains pure filtered water, high fructose corn syrup, grape and pineapple juices from concentrate, less than 1% of: pear and apple juices from concentrate, natural flavors, citric acid (provides tartness), sucralose, grape skin extract (for color).",,
0025000019708,Strawberry Lemonade,Minute Maid,"beverages, carbonated-drinks, sodas","france, united-states",,,,e,4.0,,"contains pure filtered water, high fructose corn syrup, lemon juice from concentrate, less than 1% of: strawberry juice from concentrate, natural flavors, citric acid (provides tartness), sucralose, vegetable and fruit juice (for color), modified cornstarch, glycerol ester of rosin, potassium citrate (regulates tartness),",,
0059600060556,Peach Mango Real Fruit Beverage,Minute Maid,"plant-based-foods-and-beverages, beverages, plant-based-beverages, fruit-based-beverages, juices-and-nectars, fruit-juices",canada,"multilayer-composite, tetra-pak, tetra-brik-aseptic",Dollarama,"Calgary,Alberta,Canada",e,4.0,,"Filtered water, Fruit juices from concentrate (apple, pear and peach), Sugar/glucose-fructose, Mango puree from concentrate, Citric acid, Concentrate of carrot and blackcurrant for colour, Natural flavour, Ascorbic acid (vitamin C), Sucralose",,
0025000058738,Light Lemonade,Minute Maid,"beverages, carbonated-drinks, sodas, lemonade",united-states,,,,d,,not-applicable,,0.0,50.0
0025000049484,Peach Punch,Minute Maid,"plant-based-foods-and-beverages, beverages, plant-based-beverages","france, united-states",,,,e,4.0,,"Contains pure filtered water, high fructose corn syrup, apple and peach juices from concentrate, less than 0.5% of: natural flavors, citric acid (provides tartness), vegetable and fruit juices (for color).",,
0059600070913,Lemonade,Minute Maid,"beverages, carbonated-drinks, sodas, lemonade",canada,,,,e,3.0,,"contains: filtered water, lemon juice from concentrate, sugariglucose-fructose natural flavour.",,
0025000040788,"Light lemonade, light",Minute Maid,"beverages, carbonated-drinks, sodas, lemonade","france, united-states",,,,c,4.0,,"Contains pure filtered water, lemon juice from concentrate, less than 2% of: vitamin c (ascorbic acid), natural flavors, citric acid (provides tartness), potassium citrate, glycerol ester of rosin, modified cornstarch, high fructose corn syrup, aspartame, acesulfame potassium.",,
0059600048141,Apple Juice,Minute Maid,"plant-based-foods-and-beverages, beverages, plant-based-beverages, fruit-based-beverages, juices-and-nectars, fruit-juices, non-alcoholic-beverages, unsweetened-beverages, apple-juices, fruit-juices-from-concentrate, apple-juices-from-concentrate","canada, france","multilayer-composite, tetra-pak, tetra-brik-aseptic",Dollarama,"Calgary,Alberta,Canada",e,1.0,,"Filtered water, Concentrated apple juice, Ascorbic acid (vitamin C)",,
0025000026225,Original Low Pulp Orange Juice,Minute Maid,"plant-based-foods-and-beverages, beverages, plant-based-beverages","france, united-states, world",,,,e,,,"100% orange juice from concentrate contains pure filtered water, premium concentrated orange juice.",,
0025000058080,Fruit Punch,Minute Maid,,united-states,,,,unknown,4.0,,"pure filtered water, high fructose corn syrup, pear juice from concentrate, pineapple juice from concentrate, passionfruit juice from concentrate, citric acid, sugar, natural flavors, modified corn starch, sodium benzoate, sodium polyphosphates, sodium hexametaphosphate, calcium disodium EDTA, yellow 5, yellow 6, red 40",,
0025000058936,Minute maid light,Minute Maid,,canada,,,,unknown,,,,,
5449000265913,Jus de fruit,Minute Maid,,senegal,,,,unknown,,,,12.5,54.0
0059600070548,Minute maid,Minute Maid,,canada,,,,unknown,,,,,
0025000058288,Lemonade,Minute Maid,"beverages, carbonated-drinks, sodas, lemonade",united-states,,,,e,4.0,,"Pure filtered water, high fructose corn syrup, lemon juice from concentrate, less than 0.5% of: natural flavors, citric acid (provides tartness), modified cornstarch, glycerol ester of rosin, sodium benzoate and potassium sorbate and calcium disodium edta (to protect taste), yellow #5.",23.75,41.6667
5449000243560,Minute maid orange,Minute Maid,"plant-based-foods-and-beverages, beverages, plant-based-beverages, fruit-based-beverages, juices-and-nectars, fruit-juices","france, world",,,,c,,,,,
0025000056765,Apple juice,Minute Maid,"beverages-and-beverages-preparations, plant-based-foods-and-beverages, beverages, plant-based-beverages, fruit-based-beverages, juices-and-nectars, fruit-juices, unsweetened-beverages, apple-juices",france,,,,e,,,"100% apple suih nutrition amount sering facts serv. size 1 bottle calories 4.0y anounte total fat 0g sodium 25mg total carb. 34g a suga proin potas. 300mg 6% vl con maspian 2140 not a significant source of sa. t. per serving contains pure filtered water, concent apple juice, vitamin c (ascorbic acid). produced for the coca-cola company atlanta, ga 30313 u.s.a. contains apple juice concentrate 6 pa from the u.s.a., argentina, chile. china, turkey, hungary, austria, a poland and italy. consumer information call 1-800-452-2653 se habla español. w. ecto 8 - maid.com 言",,
17556781,Tropical,"Minute Maid, Coca-Cola Company",,france,,,,unknown,,,,,
0025000120527,Lemonade,Minute Maid,"beverages, carbonated-drinks, sodas, lemonade",united-states,,,,c,4.0,,"pure filtered water, lemon juice from concentrate*, less than 0.5% of: natural flavors, citric acid (provides tartness), vitamin c (ascorbic acid), potassium citrate (regulates tartness), glycerol ester of rosin, modified cornstarch, aspartame, acesulfame potassium. *adds a negligible amount of sugar.",,
0025000058806,Minute Maid Lemonade Pink,,,france,,,,unknown,4.0,,"PURE FILTERED WATER, HIGH FRUCTOSE CORN SYRUP, LEMON JUICE FROM CONCENTRATE, NATURAL FLAVORS, CITRIC ACID, MODIFIED CORNSTARCH, GLYCEROL ESTER OF ROSIN, SODIUM BENZOATE, POTASSIUM SORBATE, CALCIUM DISODIUM EDTA, RED #40.",,
0025000056772,Orange Juice,Minute Maid,"beverages-and-beverages-preparations, plant-based-foods-and-beverages, beverages, plant-based-beverages, fruit-based-beverages, juices-and-nectars, fruit-juices, fruit-juices-from-concentrate, orange-juices, orange-juices-from-concentrate",united-states,,,,e,1.0,,"pure filtered water, premium concentrated orange juice, vitamin C (ascorbic acid)",,
5449000043474,Minute Maid Breakfast Blend 1 L,Minute Maid,,france,,,,unknown,,,,,
0025000056857,Orange juice drinks,Minute Maid,,united-states,,,,unknown,,,,10.2,47.5
0059600010056,,Minute Maid,"plant-based-foods-and-beverages, beverages, plant-based-beverages, fruit-based-beverages, juices-and-nectars, fruit-juices, orange-juices",canada,,,,unknown,,d,,,
02506405,"Minute maid, drops, fruit punch, apple, grape, pinneapple, apple, grape, pinneapple",,,united-states,,,,unknown,4.0,unknown,"Contains apple and grape juice concentrates,citric acid, water, natural flavors, pineapple juice concentrate, vegetable and fruit juice (for color), less than 2% of: sucralose, stevia leaf extract, sodium benzoate and potassium sorbate (to protect taste).",50.0,250.0
0025000046704,"Minute maid, pure squeezed orange juice",,"plant-based-foods-and-beverages, beverages, plant-based-beverages",united-states,,,,e,,unknown,Contains orange juice from countries identified on bottle neck.,9.58,46.0
0025000047695,Tropical Punch,Minute Maid,"plant-based-foods-and-beverages, beverages, plant-based-beverages",united-states,,,,e,4.0,,"Contains pure filtered water, high fructose corn syrup, pineapple and orange juices from concentrate, less than 1% of: passionfruit and grape juices from concentrate, natural flavors, citric acid (provides tartness), grape skin extract (for color), sucralose.",9.1666666666667,33.333333333333
0025000026539,Premium Fruit Punch,Minute Maid,"plant-based-foods-and-beverages, beverages, plant-based-beverages",united-states,,,,e,4.0,unknown,"Contains pure filtered water, high fructose corn syrup, grape and pineapple juices from concentrate, less than 1% of: pear and apple juices from concentrate, natural flavors, citric acid (provides tartness), sucralose, grape skin extract (for color).",10.42,37.5
0025000027161,Premium juice blend,Minute Maid,"plant-based-foods-and-beverages, beverages, plant-based-beverages",united-states,,,,e,4.0,unknown,"contains pure filtered water, high fructose corn syrup, grape juice from concentrate, less than 1% of: pear and strawberry juice from concentrate, natural flavors, citric acid (provides tartness), sucralose,",10.0,37.5
0025000032233,Fruit punch,Minute Maid,beverages,united-states,,,,e,4.0,unknown,"Pure filtered water, high fructose corn syrup, pear, pineapple and orange juices from concentrate, less than 0.5% of: passionfruit juice from concentrate, citric acid (provides tartness), sugar, natural flavors, modified cornstarch, glycerol ester of rosin, potassium sorbate and sodium benzoate and sodium hexametaphosphate and calcium disodium edta (to protect taste), red #40, green #3.",12.083333333333,45.833333333333
0025000030857,"Minute maid, fruit drink, peach",,beverages,united-states,,,,e,4.0,unknown,"Contains pure filtered water, high fructose corn syrup, apple and peach juices from concentrate, less than 0.5% of: natural flavors, citric acid (provides tartness), sugar, acacia gum, sodium hexametaphosphate and sodium benzoate and potassium sorbate and calcium disodium edta (to protect taste), red #40, yellow #5.",12.4,48.0
0025000053498,Pink Lemonade Juice,Minute Maid,"beverages, carbonated-drinks, sodas",united-states,,,,e,4.0,,"PURE FILTERED WATER, HIGH FRUCTOSE CORN SYRUP, LEMON JUICE FROM CONCENTRATE, NATURAL FLAVORS, CITRIC ACID, MODIFIED CORNSTARCH, GLYCEROL ESTER OF ROSIN, SODIUM BENZOATE, POTASSIUM SORBATE, CALCIUM DISODIUM EDTA, RED #40",11.25,42.0
0025000053818,Minute Maid - Lemonade,"Minute Maid,Coca-Cola","beverages, carbonated-drinks, sodas, lemonade, lemonade-with-sugar-and-artificial-sweeteners",united-states,plastic-bottle,,,d,4.0,,"PURE FILTERED WATER, HIGH FRUCTOSE CORN SYRUP, LEMON JUICE FROM CONCENTRATE, NATURAL GLYCEROL ESTER OF ROSIN, SODIUM BENZOATE, POTASSIUM SORBATE, FLAVORS, CITRIC ACID, MODIFIED CORNSTARCH, CALCIUM DISODIUM EDTA, YELLOW #5.",7.08,33.3
0025000010842,"Minute maid, kids+, 100% juice, orange, orange",,"plant-based-foods-and-beverages, beverages, plant-based-beverages",united-states,,,,e,1.0,unknown,"Contains pure filtered water, concentrated orange juice, less than 2% of: calcium phosphate* and calcium lactate* (calcium sources), vitamin c (ascorbic acid*), vitamin e (alpha-tocopherylacetate*), beta carotene*, vitamin d3*, thiamine mononitrate*",10.17,51.0
0025000010965,"Minute maid, lemonade",,"beverages, carbonated-drinks, sodas",united-states,,,,e,4.0,not-applicable,"Contains pure filtered water, high fructose corn syrup, lemon juice from concentrate, less than 2% of: natural flavors, calcium citrate (calcium source), vitamin c (ascorbic acid), sugar",11.86,45.0
02505901,Apple Juice,Minute Maid,"plant-based-foods-and-beverages, beverages, plant-based-beverages, fruit-based-beverages, juices-and-nectars, fruit-juices, juices",united-states,tetra-pac,,United States,e,1.0,,"Contains pure filtered water, concentrated apple juice, less than 0.5% of: calcium citrate (calcium source), vitamin c (ascorbic acid), potassium phosphate.",10.73,45.0
0025000057298,"Minute maid, pink lemonade",,"beverages, carbonated-drinks, sodas",united-states,,,,e,4.0,not-applicable,"Contains pure filtered water, high fructose corn syrup, lemon juice from concentrate, less than 0.5% of: natural flavors, citric acid (provides tartness), modified cornstarch, glycerol ester of rosin, sodium benzoate and potassium sorbate and calcium disodium edta (to protect taste), red #40.",11.25,42.0
0025000037764,Berry Punch,Minute Maid,"plant-based-foods-and-beverages, beverages, plant-based-beverages",united-states,,,,e,4.0,unknown,"Contains pure filtered water, high fructose corn syrup, grape and cranberry juices from concentrate, less than 0.5% of: blueberry and lime juices from concentrate, natural flavors, citric acid (provides tartness), sugar, potassium citrate, calcium hydroxide, modified cornstarch, glycerol ester of rosin, sodium hexametaphosphate and sodium benzoate and potassium sorbate and calcium disodium edta (to protect taste), blue #1, vegetable juice (for color).",10.32,38.92
0025000010903,"Minute maid, 100% juice, apple white grape, apple white grape",,"plant-based-foods-and-beverages, beverages, plant-based-beverages",united-states,,,,d,4.0,unknown,"Apple, pear and grape juices from concentrate, less than 2% of: vitamin c (ascorbic acid), calcium citrate (calcium source), citric acid (provides tartness), natural flavors.",11.3,51.0
0025000025495,"Minute maid, premium frozen concentrated, fruit punch",,"plant-based-foods-and-beverages, plant-based-foods, fruits-and-vegetables-based-foods, fruits-based-foods",united-states,,,,d,4.0,unknown,"A blend of grape, pineapple, pear and apple juice concentrates and other ingredients. contains high fructose corn syrup, pure filtered water, concentrated grape juice, less than 1% of: concentrated pineapple, pear and apple juices, natural flavors, citric acid (provides tartness), grape skin extract (for color), sugar.",48.33,183.0
0025000025587,Pink lemonade frozen concentrate fruit drink,Minute Maid,"plant-based-foods-and-beverages, plant-based-foods, fruits-and-vegetables-based-foods, fruits-based-foods",united-states,,,,d,4.0,unknown,"Contains high fructose corn syrup, pure filtered water, sugar, concentrated lemon juice, lemon pulp, concentrated grape juice (for color), natural flavors.",60.0,244.4444
0025000055577,Orange Juice Pulp Free,Minute Maid,"plant-based-foods-and-beverages, beverages, plant-based-beverages","united-states, world",,,,e,,unknown,"100% orange juice from concentrate contains pure filtered water, premium concentrated orange juice.",10.0,45.833333333333
0025000010873,"Minute maid, 100% juice, mixed berry, mixed berry",,"plant-based-foods-and-beverages, beverages, plant-based-beverages",united-states,,,,d,4.0,unknown,"Contains apples and grape juices from concentrate, less than 2% of: raspberry and blackberry juices from concentrate, natural flavors, calcium citrate (calcium source), vitamin c (ascorbic acid), citric acid (provides tartness).",11.86,51.0
0025000026195,Orange juice low pulp,Minute Maid,"plant-based-foods-and-beverages, beverages, plant-based-beverages",united-states,,,,e,1.0,unknown,"100% orange juice from concentrate with calcium & vitamin d contains pure filtered water, premium concentrated orange juice, less than 1% of: calcium phosphate* and calcium lactate* (calcium sources), vitamin d3*.",10.0,45.83
0025000047954,Premium orange juice home squeezed style calcium & vitamin d,Minute Maid,"plant-based-foods-and-beverages, beverages, plant-based-beverages",united-states,,,,e,1.0,unknown,"Contains pure filtered water, premium concentrated orange juice, orange pulp, less than 1% of: calcium phosphate* and calcium lactate* (calcium sources), vitamin d3*.",10.0,45.833333333333
0025000025433,"Minute maid, grapefruit juice",,"plant-based-foods-and-beverages, plant-based-foods, fruits-and-vegetables-based-foods, fruits-based-foods",united-states,,,,c,1.0,unknown,"Contains concentrated grapefruit juice, calcium citrate.",33.33,167.0
0025000025198,Orange juice frozen concentrate fruit drink,Minute Maid,"beverages-and-beverages-preparations, plant-based-foods-and-beverages, beverages, plant-based-foods, fruits-and-vegetables-based-foods, fruits-based-foods, plant-based-beverages, fruit-based-beverages, juices-and-nectars, fruit-juices, orange-juices",united-states,,,,e,1.0,,Orange juice.,40.0,183.33333333333
0025000025617,Lemonade frozen concentrate fruit drink,Minute Maid,"plant-based-foods-and-beverages, plant-based-foods, fruits-and-vegetables-based-foods, fruits-based-foods",united-states,,,,c,4.0,unknown,"Contains high fructose corn syrup, pure filtered water, sugar, concentrated lemon juice, lemon pulp, natural flavors.",27.0,116.0
0025000025822,"Limeade, Frozen Concentrated",Minute Maid,"plant-based-foods-and-beverages, plant-based-foods, fruits-and-vegetables-based-foods, fruits-based-foods",united-states,,,,d,4.0,unknown,"Contains high fructose corn syrup, pure filtered water, sugar, concentrated lime juice, lime pulp, natural flavors.",51.11,200.0
0025000047923,Original Low Pulp Orange Juice With Calcium & Vitamin D,Minute Maid,"plant-based-foods-and-beverages, beverages, plant-based-beverages","united-states, world",,,,e,,,"100% orange juice from concentrate with an excellent source of calcium , vitamin d contains pure filtered water, premium concentrated orange juice, less than 1% of: calcium phosphate* and calcium lactate* (calcium sources), vitamin d3*,",10.0,45.8333
0025000048210,"Minute maid, light lemonade, lemonade",,"beverages, carbonated-drinks, sodas",united-states,,,,c,4.0,not-applicable,"Contains pure filtered water, lemon juice from concentrate, less than 2% of: vitamin c (ascorbic acid), natural flavors, citric acid (provides tartness), potassium citrate, glycerol ester of rosin, modified cornstarch, high fructose corn syrup, aspartame, acesulfame potassium.",0.83,6.0
0025000047862,Original Low Pulp Orange Juice,Minute Maid,"beverages-and-beverages-preparations, plant-based-foods-and-beverages, beverages, plant-based-beverages, fruit-based-beverages, juices-and-nectars, fruit-juices, orange-juices","united-states, world",,,,e,,,"100% orange juice from concentrate contains pure filtered water, premium concentrated orange juice.",10.0,46.0
0025000048111,Watermelon,Minute Maid,"beverages-and-beverages-preparations, plant-based-foods-and-beverages, beverages, plant-based-beverages",united-states,,,,e,4.0,,"Contains pure filtered water, high fructose corn syrup, watermelon, grape, pear and apple juices from concentrate, less than 1% of: natural flavors, citric acid (provides tartness), sucralose.",,
0025000048272,"Minute maid, light mango passion fruit drink",,"plant-based-foods-and-beverages, beverages, plant-based-beverages",united-states,,,,c,4.0,unknown,"Contains pure filtered water, mango puree from concentrate, passionfruit and apple juices from concentrate, less than 1% of: natural flavors, vitamin c (ascorbic acid), citric acid (provides tartness), potassium citrate (regulates tartness), high fructose corn syrup, aspartame, acesulfame potassium, beta carotene (for color).",0.83,6.0
0025000047480,Premium Lemonade,Minute Maid,"beverages, carbonated-drinks, sodas, lemonade",united-states,,,,e,4.0,,"contains pure filtered water, high fructose corn syrup, lemon juice from concentrate, lemon pulp, natural flavors, sugar,",11.67,46.0
0025000025143,Orange juice pulp free frozen concentrate fruit drink,Minute Maid,"plant-based-foods-and-beverages, plant-based-foods, fruits-and-vegetables-based-foods, fruits-based-foods",united-states,,,,d,,unknown,Frozen concentrated 100% orange juice,40.0,183.33333333333
0025000025440,Orange juice with added calcium frozen concentrate fruit drink,Minute Maid,"plant-based-foods-and-beverages, plant-based-foods, fruits-and-vegetables-based-foods, fruits-based-foods",united-states,,,,c,1.0,unknown,"Contains concentrated orange juice, less than 2% of: calcium phosphate* and calcium lactate* (calcium sources).",24.0,108.0
0025000046735,"Minute maid, pure squeezed pasteurized 100% orange juice",,"plant-based-foods-and-beverages, beverages, plant-based-beverages",united-states,,,,e,1.0,unknown,"Contains orange juice, less than 1% of: calcium phosphate* and calcium lactate* (calcium sources), vitamin d3*.",9.58,46.0
0025000047510,Pink lemonade,Minute Maid,"beverages, carbonated-drinks, sodas",united-states,,,,d,4.0,not-applicable,"Contains pure filtered water, high fructose corn syrup, lemon juice from concentrate, grape juice from concentrate (for color), lemon pulp, natural flavors, sugar.",7.0833333333333,29.166666666667
0025000021282,"100% Orange Juice From Concentarate, Original",Minute Maid,"plant-based-foods-and-beverages, beverages, plant-based-beverages, fruit-based-beverages, juices-and-nectars, fruit-juices, orange-juices",united-states,,,,e,1.0,d,"pure filtered water, concentrated orange juice, vitamin c (ascorbic acid)",10.0,47.1
0025000021213,"100% Pure Apple Juice, Apple",Minute Maid,"plant-based-foods-and-beverages, beverages, plant-based-beverages, fruit-based-beverages, juices-and-nectars, fruit-juices, unsweetened-beverages, apple-juices",united-states,,,,e,1.0,c,"Contains pure filtered water, concentrated apple juice, vitamin c (ascorbic acid).",11.348822943026,49.075991104977
0025000034763,"Minute maid, sparkling juice drink, mixed berry, mixed berry",,"plant-based-foods-and-beverages, beverages, plant-based-beverages, waters",united-states,,,,c,4.0,not-applicable,"Contains carbonated water, grape and strawberry juices from concentrate, sugar, blackberry and raspberry juices from concentrate, less than 0.5% of: natural flavors, citric acid (provides tartness), potassium citrate (regulates tartness), modified cornstarch, glycerol ester of rosin,sodium benzoate and potassium sorbate and sodium hexametaphosphate and calcium disodium edta (to protect taste), sucralose, acesulfame potassium, red #40, blue #1.",1.2,6.0
0025000034787,"Minute maid, sparkling juice drink, tropical citrus",,"plant-based-foods-and-beverages, beverages, plant-based-beverages",united-states,,,,c,4.0,unknown,"Carbonated water, orange and mango juices from concentrate, sugar, less than 0.5% of: natural flavors, citric acid (provides tartness), modified cornstarch, glycerol ester of rosin, sodium benzoate and potassium sorbate and sodium hexametaphosphate and calcium disodium edta (to protect taste), aspartame, acesulfame potassium, yellow #5, yellow #6.",1.4,8.0
0025000048012,Kids+ Pulp Free Orange Juice,Minute Maid,"plant-based-foods-and-beverages, beverages, plant-based-beverages","united-states, world",,,,e,1.0,,"100% orange juice from concentrate plus calcium and other ingredients contains pure filtered water, premium concentrated orange juice, less than 2% of: calcium phosphate* and calcium lactate* (calcium sources), vitamin E (alpha-tocopheryl acetate*), beta carotene*, vitamin D3*.",24.0,110.0
0025000050718,"Minute maid, light peach fruit drink with tea",,"plant-based-foods-and-beverages, beverages, plant-based-beverages",united-states,,,,c,4.0,unknown,"Contains pure filtered water, peach juice and peach puree from concentrate, less than 1% of: natural flavors, tea powder, vitamin c (ascorbic acid), citric acid (provides tartness), high fructose corn syrup, aspartame, acesulfame potassium, vegetable and fruit juices (for color).",0.83,6.0
0025000101984,Premium strawberry kiwi flavored fruit drink,Minute Maid,"plant-based-foods-and-beverages, beverages, plant-based-beverages",united-states,,,,e,4.0,unknown,"Contains pure filtered water, high fructose corn syrup, pear, strawberry and clarified kiwi juices from concentrate, less than 0.5% of: natural flavors, citric acid (provides tartness), fruit and vegetable juice (for color), sucralose.",8.3333333333333,33.333333333333
0025000024092,Raspberry lemonade frozen concentrate fruit drink,Minute Maid,"plant-based-foods-and-beverages, plant-based-foods, fruits-and-vegetables-based-foods, fruits-based-foods",united-states,,,,unknown,4.0,unknown,"Pure filtered water, high fructose corn syrup, sugar, concentrated lemon juice, lemon pulp, natural flavors, concentrated raspberry juice.",46.67,183.0
0025000053924,Fruit punch fruit juice,Minute Maid,beverages,united-states,,,,e,4.0,unknown,"Pure filtered water, high fructose corn syrup, pear, pineapple and orange juices from concentrate, less than 0.5% of: passionfruit juice from concentrate, citric acid (provides tartness), sugar, natural flavors, modified cornstarch, glycerol ester of rosin, potassium sorbate and sodium benzoate and sodium hexametaphosphate and calcium disodium edta (to protect taste), red #40, green #3.",12.08,45.83
0025000037580,Watermelon Punch,Minute Maid,beverages,united-states,,,,e,4.0,unknown,"Pure filtered water, high fructose corn syrup, pear and apple juices from concentrate, less than 1% of: watermelon juice from concentrate, natural flavors, citric acid (provides tartness), sugar, modified cornstarch, glycerol ester of rosin, sodium hexametaphosphate and sodium benzoate and potassium sorbate and calcium disodium edta (to protect taste), red #40.",12.083333333333,45.833333333333
0025000120565,Zero Sugar Mango Passion Flavored Fruit Drink,Minute Maid,"beverages-and-beverages-preparations, plant-based-foods-and-beverages, beverages, plant-based-beverages, fruit-based-beverages, beverages-from-desugared-fruit-juices",united-states,,,,b,4.0,,"Pure filtered water, lemon juice from concentrate**, mango puree from concentrate**, passion fruit juice from concentrate**, less than 0.5% of: apple puree from concentrate**, natural flavors, citric acid, vitamin c (ascorbic acid), potassium citrate, apartame, acesulfame potassium, beta carotene",,
8851959001899,มินิทเมด สแปลช รสสตรอเบอร์รี กลิ่นเลมอนบิงซู,"Minute Maid,มินิทเมด","plant-based-foods-and-beverages, beverages, plant-based-beverages, fruit-based-beverages, juices-and-nectars, nl:aardbeiennectars",thailand,bottle,,,d,4.0,c,"ส่วนประกอบที่สำคัญโดยประมาณ: น้ำองุ่นขาว 45.282% (จากน้ำองุ่นขาวเข้มข้น) น้ำตาล 1.95% น้ำสตรอเบอร์รี 0.021% จากผงสตรอเบอร์รี่ - เลมอน 0.013% จากลงเลมอน ผงเปปเปอร์มินต์ 0.001% - การควบคุมความเป็นกรด (INS330, INS$331| JNS 452][] สารทำให้คงตัว (INS 466,INS 414,INS440,INS415) สารให้ความหวาน (แอซีซัลเฟมโพแทสเซียมและซูคราโลส สีสังเคราะห์ (INS 129) แต่งกลิ่นสังเคราะห์",6.4,24.0
9555589210278,Pulpy,Minute Maid,"plant-based-foods-and-beverages, beverages, plant-based-beverages, fruit-based-beverages, juices-and-nectars, fruit-nectars, orange-nectars",singapore,plastic,,Singapore,e,3.0,a,"WATER, SUCROSE, ORANGE JUICE CONCENTRATE, ORANGE PULP, PERMITTED FLAVOURING, CITRIC ACID, SODIUM CITRATE, ASCORBIC ACID (VITAMIN C) BETA-CAROTENE",9.3,43.0
0059600047311,Nutri multivitamines et antioxydants,Minute Maid,,canada,,,,unknown,,,,,
0059600060891,Fruit Punch,Minute Maid,"plant-based-foods-and-beverages, beverages, plant-based-beverages, fruit-based-beverages, juices-and-nectars, fruit-juices",canada,"multilayer-composite, tetra-pak, tetra-brik-aseptic",Dollarama,"Calgary,Alberta,Canada",e,4.0,,"Filtered water, Fruit juices from concentrate (grape and/or apple and/or pear and pineapple), Sugar/glucose-fructose, Natural flavour, Citric acid, Ascorbic acid (vitamin C), Concentrate of carrot, blackcurrant, and blueberry for colour, Stevia extract",,
0059600070951,Cocktail canneberge,Minute Maid,,canada,,,,unknown,,,,,
0059600061645,Jus d'orange,Minute Maid,,canada,,,,unknown,,,,,
0059600000729,Nutri Pro Immunité,Minute Maid,,canada,,,,unknown,,,,,
0025000120589,Fruit Punch - Zero Sugar,Minute Maid,"beverages-and-beverages-preparations, plant-based-foods-and-beverages, beverages, plant-based-beverages, fruit-based-beverages, juices-and-nectars, fruit-juices",united-states,,,,c,4.0,,"pure filtered water, lemon juice from concentrate**, less than 2% of: grape and pineapple juices from concentrate**, apple puree from concentrate**, natural flavors, citric acid (provides tartness), vitamin c (ascorbic acid), aspartame, acesulfame potassium, grape skin extract** (for color). **adds a negligible amount of sugar.",,
7501055354368,Minute Maid,,,mexico,,,,unknown,,unknown,,,
0025000047831,Country Style,Minute Maid,,united-states,,,,unknown,,unknown,,10.0,45.8333
01425550,minute maid,Minute Maid,,united-states,,,,unknown,,unknown,,,
0059600061638,Jus d’orange,Minute Maid,,canada,,,,unknown,,,,,
0059600060457,Jus pêche-mangue,Minute Maid,,canada,,,,unknown,,,,,
0059600023711,Minute Maid Original Orange Juice,Minute Maid,,canada,,,,unknown,,,,,
0025000102493,Minute Maid PLUS+ Antioxidants Strawberry Lemonade,Minute Maid,,united-states,,,,unknown,,unknown,,10.1695,40.678
0059600061676,fruit punch,Minute Maid,,"canada, germany",,,,unknown,,,n or ge made with natural flavours amd colours,,
0059600047304,Punch aux raisins,Minute Maid,,canada,,,,unknown,,,,,
0025000120541,Pink Lemonade,Minute Maid,juice,united-states,,,,unknown,4.0,,"filtered water, lemon cts juice from concentrate&quot;, less than 1% er 0 ml) 5 value 00 of: natural flavors, citric acid (provides tartness), vitamin c (ascorbic acid), grape juice from concentrate (for color), potassium citrate (regulates tartness), glycerol ester of rosin, modified cornstarch, aspartame, acesulfame potassium. **adds a negligible amount of sugar. produced for",,
0025000120640,Minute Maid Super Smoothies - Orange Pineapple,Minute Maid,,united-states,,,,unknown,,unknown,,,
5449000137159,,Minute Maid,,spain,,,,unknown,,,,,
0059600000422,juice,Minute Maid,"beverages-and-beverages-preparations, plant-based-foods-and-beverages, beverages, plant-based-beverages, juices-and-nectars","canada, germany",,,,unknown,4.0,,"Filtered water, Fruit juices from concentrate (pear, passionfruit, apple and strawberry), Sugar/glucose-fructose, Natural flavour, Citric acid, Ascorbic acid (vitamin C), Cochineal extract (for colour), Locust bean gum.",,
0025000102233,Light cherry limeade naturally flavored soda,Minute Maid,,united-states,,,,unknown,,unknown,,,
0025000052002,CRANBERRY GRAPE FLAVORED JUICE BEVERAGE,Minute Maid,,united-states,,,,unknown,4.0,,"Pure filtered water, high fructose corn syrup, apple juice concentrate, cranberry juice concentrate, grape juice concentrate, natural flavors, citric acid, ascorbic acid (vitamin C), grape skin extract (for color), sucralose.",13.5,53.5
0059600061706,Jus au punch au raisin,Minute Maid,,canada,,,,unknown,,,,,
0059600023728,Concentré jus d'Orange sans pulpe,Minute Maid,"plant-based-foods-and-beverages, beverages, plant-based-beverages, fruit-based-beverages, juices-and-nectars, fruit-juices, orange-juices, orange-juices-without-pulp",canada,,,,unknown,1.0,,100% Orange juice concentrate.,,
0059600061744,Punch Pêche,Minute Maid,,france,,,,unknown,,,,,
0025000047268,Minute Maid,Minute Maid,,martinique,,,,unknown,,unknown,,10.0,42.0
0025000056840,APPLE JUICE,Minute Maid,"plant-based-foods-and-beverages, beverages, plant-based-beverages, fruit-based-beverages, juices-and-nectars, fruit-juices, unsweetened-beverages, apple-juices",united-states,,,,unknown,1.0,,"pure filtered water, concentrated apple juice, vitamin C (ascorbic acid)",,
5449000178619,Minute Maid Fruit Juice Mango Orange 1 x 1L (Single),Minute Maid,,france,,,,unknown,,,,,
0025000056246,Minute Maid Apple Juice - 100% Pure,minute maid,"plant-based-foods-and-beverages, beverages, plant-based-beverages, fruit-based-beverages, juices-and-nectars, fruit-juices, unsweetened-beverages, apple-juices",united-states,container,,,unknown,,c,,10.833333333333,45.833333333333
5449000037527,Zumo,Minute Maid,"beverages-and-beverages-preparations, plant-based-foods-and-beverages, beverages, plant-based-beverages, fruit-based-beverages, juices-and-nectars, fruit-juices",spain,,,,b,,,,,
5449000037619,Zumo de piña,Minute Maid,"beverages-and-beverages-preparations, plant-based-foods-and-beverages, beverages, plant-based-beverages, fruit-based-beverages, juices-and-nectars, fruit-juices",spain,,,,d,,,,,
0059600060488,punch aux fruits,Minute Maid,,canada,,,,unknown,,,,,
0025000062773,Flavored juice beverage,Minute Maid,,united-states,,,,unknown,,unknown,,10.422535211268,42.253521126761
8901764935206,Minute Maid Orange Juice,,,india,,,,unknown,,unknown,,11.0,54.0
0025000130717,Vitamin C & Zinc,Minute Maid,,france,,,,unknown,,,,,
0059600061782,Limade,Minute Maid,,united-states,,,,unknown,,unknown,,54.0,220.0
86484084,Jus orange,Minute maid,,ireland,,,,unknown,,,,,
0025000030291,Minute Maid watermelon punch,Minute Maid,,united-states,,,,unknown,4.0,,"filtered water, high fructose corn syrup, pear juice from concentrate, apple juice from concentrate, watermelon juice from concentrate, less than 1% of: natural flavors, citric acid, potassium citrate, sodium hexametaphosphate, sodium benzoate, potassium sorbate, calcium disodium EDTA",12.083333333333,45.833333333333
5449000257796,Minute Maid,"Coca-Cola, Minute Maid","plant-based-foods-and-beverages, beverages, frozen-foods, plant-based-beverages, fruit-based-beverages, juices-and-nectars, fruit-juices, unsweetened-beverages, apple-juices",france,,,,c,1.0,,"JUS DE POMME À BASE DE CONCENTRÉ.
Teneur en Fruits 100%.",,
42399438,Multifruit,Minute Maid,"plant-based-foods-and-beverages, beverages, plant-based-beverages, fruit-based-beverages, juices-and-nectars, fruit-nectars, fruit-juices, multifruit-juices, multifruit-nectars",france,,,,e,1.0,,"jus et purées à base de concentré (orange, pomme, carotte, abricot, mangue, fruit de la passion, goyave); eau; purées de fruits (goyave, mangue) TENEUR EN FRUITS: MINIMUM 84%.",,
5449000257789,Minute maid orange,Minute Maid,"beverages-and-beverages-preparations, plant-based-foods-and-beverages, beverages, plant-based-beverages, fruit-based-beverages, juices-and-nectars, fruit-juices, fruit-juices-from-concentrate, orange-juices, orange-juices-from-concentrate",france,"metal, recyclable-metals, aluminium",,,c,1.0,,Jus d’orange à base de concentré,,
0059600061690,Punch aux fruits,Minute Maid,,"canada, germany",,,,unknown,,,,,
0025000051548,Juice blend,Minute Maid,,united-states,,,,unknown,4.0,,"Pineapple,orange and apple juices from concentrate, less than 0.5% of vitamin c(alpha-tocopheryl acetate), natural flavors.",11.267605633803,50.704225352113
0059600061683,Punch aux canneberges,Minute Maid,,canada,,,,unknown,,,,,
5449000295989,Minute Maid Multifruit,"Minute Maid, The Coca-Cola Company","beverages-and-beverages-preparations, plant-based-foods-and-beverages, beverages, plant-based-beverages, fruit-based-beverages, juices-and-nectars, fruit-and-vegetable-juices, fruit-nectars, fruit-juices, multifruit-juices, multifruit-nectars",france,1-canette-en-metal-a-recycler,,,d,1.0,,"Jus et purées à base de concentré (orange, pomme, carotte, abricot, mangue, fruit de la passion, goyave); eau: purées de fruits (goyave, mangue).",,
5449000296009,Minute maid,Coca-Cola,"plant-based-foods-and-beverages, beverages, plant-based-beverages, fruit-based-beverages, juices-and-nectars, fruit-juices, fruit-juices-from-concentrate",france,"can, drink-can",auchan,France,d,1.0,,"Aponrto de riference pour tn adulte-ype (8400J2000kcal CONCENTRES. Ingredients eau; jus à base de concentro lorange, pomme, carotte, goyave, abricot, mangue, fruit de",,
18208368,Jus d’orange,Minute maid,,ireland,,,,unknown,,,,,
5449000289117,Multivitamines,Minute Maid,"plant-based-foods-and-beverages, beverages, plant-based-beverages, fruit-based-beverages, juices-and-nectars, fruit-nectars, multivitamin-mixed-fruits-nectars",belgium,,,,e,,,,,
34688304,Minute Maid,,,france,,,,unknown,,,,,
05969431,Five Alive: Peach Citrus frozen concentrate,Minute Maid,,canada,,,,unknown,,,,,
0025000131189,Blue Raspberry,Minute Maid,,united-states,,,,unknown,,unknown,,10.833333333333,41.666666666667
0025000056871,10 Fl Oz,Minute Maid,,united-states,,,,unknown,,unknown,,11.67,
0025000065996,Minute maid soft frozen lemon lemonade cup,Minute Maid,,united-states,,,,unknown,4.0,,"water, sugar, corn syrup, maltodextrin, lemon juice concentrate, stabilizer (pectin, guar gum), citric acid (provides tartness), natural flavors, turmeric (for color).",18.461538461538,107.69230769231
0025000121142,Zero Sugar Lemonade,Minute Maid,"beverages-and-beverages-preparations, beverages, carbonated-drinks, sodas, lemonade",united-states,,,,c,4.0,,"FILTERED WATER, LEMON JUICE FROM CONCENTRATE** LESS THAN 0.5% OF:, NATURAL FLAVORS, CITRIC ACID (PROVIDES TARTNESS), MODIFIED CORNSTARCH,, GLYCEROL ESTER OF ROSIN, SODIUM BENZOATE AND POTASSIUM SORBATE AND CALCIUM DISODIUM EDTA (TO PROTECT TASTE), ASPARTAME, ACESULFAME POTASSIUM, SUCRALOSE, YELLOW #5., **ADDS A NEGLIGIBLE AMOUNT OF SUGAR.",0.0,1.41
0025000131127,Zero sugar lemonade,Minute Maid,,united-states,,,,unknown,,,,0.0,1.4084507042254
0025000119996,Blue Raspberry,Minute Maid,"plant-based-foods-and-beverages, beverages, plant-based-beverages, fruit-based-beverages",united-states,,,,e,4.0,,"water, high fructose corn syrup, white grape juice from concentrate, citric acid, natural flavor, sodium benzoate, potassium sorbate, modified food starch, glycerol ester of rosin, blue 1",,
0059600061713,Punch aux mangues,Minute Maid,,"canada, germany",,,,unknown,,,,,
0059600023940,Five alive citrus,Minute Maid,,canada,,,,unknown,4.0,,"Filtered water, Fruit juices from concentrate (orange, lemon, grapefruit, tangerine and lime), Sugar/glucose-fructose, Concentrated water extract of orange, Citric acid, Ascorbic acid (vitamin C), Natural flavour. Ingrédients : Eau filtrée, Jus de fruits faits de concentré (orange, citron, pamplemousse, tangerine et lime), Sucre/glucose-fructose, Extrait aqueux d'orange concentré, Acide citrique, Acide ascorbique (vitamine C), Essence naturelle.",,
0025000066115,Soft frozen limeade,Minute Maid,,united-states,,,,unknown,,unknown,,19.230769230769,107.69230769231
0025000130694,25% orange juice beverage,Minute Maid,"plant-based-foods-and-beverages, beverages, plant-based-beverages, fruit-based-beverages, juices-and-nectars, fruit-juices",united-states,,,,unknown,4.0,,"pure filtered water, orange juice from concentrate, high fructose corn syrup, orange pulp, less than 0.5% of: natural flavors, vitamin c (ascorbic acid), beta carotene, zinc sulfaté, citric acid (provides tartness), sucralose, acesulfame potassium, modified cornstarch, glycerol ester of rosin, gellan gum. 13069b 02020 the coca-cola company. 2020-00898 produced for the coca-cola company atlanta, ga 30313 u.s.a. 4, scan here for more food information or call 1-800-888-6488 recy",4.1666666666667,20.833333333333
0025000036415,Orange Juice,Minute Maid,"plant-based-foods-and-beverages, beverages, plant-based-beverages, fruit-based-beverages, juices-and-nectars, fruit-juices, orange-juices",united-states,,,,unknown,,d,,10.582010582011,49.970605526161
0025000035326,Soft frozen orangeade,Minute Maid,,united-states,,,,unknown,,unknown,,19.847328244275,114.50381679389
0025000101861,Tropical Blend,Minute Maid,,united-states,tetra-pak,,,unknown,4.0,unknown,"grape juice from concentrate, pure filtered water, pear and carrot juices from concentrate, mango purée from concentrate, pineapple juice from concentrate, less than 0.5% of: natural flavors, vitamin c (ascorbic acid), citric acid (provides tartness), stevia leaf extract. produced for the coca-cola company atlanta, ga 30313 u.s.a. our quality promise assures your satisfaction. we guarantee it. consumer information call 1-800-888-6488. se habla español. www.minutemaid.com scan here for more food information non gmo project verified nongmoproject.org smartlabel k 10186a please recycle 2010 04027",8.2352941176471,35.294117647059
0059600010070,Fruit punch,Minute Maid,,canada,,,,unknown,,,,,
0059600060778,Cranberry cocktail,Minute Maid,,canada,,,,unknown,,,,,
0025000131134,blue raspberry  flavored fruit drink,Minute Maid,,united-states,,,,unknown,,,Filtered Water,10.704225352113,39.43661971831
0811620022514,1% M.F. Ultrafiltered Partly Skimmed Milk,"Fairlife,Minute Maid","dairies, milks",canada,,Urban Fare,"Calgary,Alberta,Canada",b,1.0,,"Ultrafiltered partly skimmed milk, Lactase enzyme, Vitamin A palmitate, Vitamin D3",,
0059600000415,,Minute Maid,"beverages-and-beverages-preparations, plant-based-foods-and-beverages, beverages, plant-based-beverages, fruit-based-beverages, juices-and-nectars, fruit-juices",canada,,,,d,4.0,,"Filtered water, Fruit juices from concentrate (grape, watermelon, apple and/or pear), Sugar/glucose - fructose, Natural flavour, Citric acid, Ascorbic acid (vitamin C), Concentrate of sweet potato and purple carrot for colour, Stevia extract.",,
0025000130571,Super Juice Drink,Minute Maid,,united-states,,,,unknown,,unknown,,2.1739130434783,17.391304347826
0025000101625,Fruit & veggie watermelon blend boxes,Minute Maid,,united-states,,,,unknown,,unknown,,7.909604519774,33.898305084746
0025000101489,Juice Box - 100% Juice Apple Juice,Minute Maid,"plant-based-foods-and-beverages, beverages, plant-based-beverages, fruit-based-beverages, juices-and-nectars, fruit-juices, unsweetened-beverages, apple-juices","united-states, world",,,,unknown,,,,10.734463276836,45.197740112994
09556831,Pink Lemonade Zerosugar,Minute Maid,"beverages, carbonated-drinks, sodas, lemonade, sweetened-beverages",united-states,bottle,,,unknown,,not-applicable,,0.0,2.08
0025000121180,Minute Maid Lemonade Zero Sugar,Minute Maid,,united-states,,,,unknown,,,,,2.0
0025000131226,Beverage with mango and strawberry juice,Minute Maid,,aruba,,,,unknown,,unknown,,7.8787878787879,30.30303030303
47312753,Minute Maid apple white grape,Minute Maid,,united-states,,,,unknown,,unknown,,11.273957158963,50.732807215333
0025000120602,Super smoothies,Minute Maid,,united-states,,,,unknown,,unknown,,0.54347826086957,6.5217391304348
0025000010002,peach,Minute Maid,,puerto-rico,,,,unknown,4.0,,"ifz ml) less than 0.5% of: natural eblend facts concentrate corn syrup, apple and peach juices from in pa0 ml) concentrate, less than 0.5% of: hatural flavors, citric acid (provides tarthess), sugar, reraner modified cornstarch, glycerol ester of rosim.&quot; sodium hexametaphosphate and sodium benzoate and potassium sorbate and calcium disodium edta (to protect taste), red #40, yellow #5. produced under authority of the coca-cola company, atlanta, ga 30313 c2019 the coca-cola company 4% our quality promise assures your satisfaction. we guarantee it. consumer information call 1-800-452-2653. se habla espanol. 10 280 scanew alupanocani 1g 142% www.minutemaid.com shake well before enjoying. please recycle me",12.5,45.833333333333
0025000062292,Flavored juice beverage blend,Minute Maid,,united-states,,,,unknown,,,,7.0422535211268,28.169014084507
0059600048103,Mixed berry 100% juice,Minute Maid,,canada,,,,unknown,,,,,
0025000101144,Minute maid light mango passion,Minute Maid,,united-states,,,,unknown,,,,0.41666666666667,4.1666666666667
8901764362606,Minute maid,"Coca-Cola Company,Coca-Cola","beverages-and-beverages-preparations, plant-based-foods-and-beverages, beverages, plant-based-beverages, fruit-based-beverages, beverages-with-orange",india,,,,e,4.0,,"WATER, SUGAR, ORANGE JUICE (10.5%) (RECONSTITUTED FROM ORANGE JUICE CONCENTRATE & ORANGE PULP CELLS), ACIDITY REGULATORS (330, 331(iii)), ANTIOXIDANT (300), COLOURS (110, 102), ORANGE FLAVOURS (NATURAL, NATURE-IDENTICAL AND ARTIFICIAL FLAVOURING SUBSTANCES).",11.5,52.0
5449000806000,Multifruit,Minute Maid,,luxembourg,,,,unknown,,unknown,,26.0,122.0
0025000120626,Super Smoothies,Minute Maid,,united-states,,,,unknown,,unknown,,1.9607843137255,23.529411764706
0025000101120,Minute maid light cherry,Minute Maid,,united-states,,,,unknown,,unknown,,0.41666666666667,4.1666666666667
5449000188342,minute maid,"Cocacola, Minute Maid","beverages-and-beverages-preparations, plant-based-foods-and-beverages, beverages, plant-based-beverages, fruit-based-beverages, juices-and-nectars, fruit-juices",kenya,plastic,,,unknown,,,,,
0059600070579,Punch aux pommes,Minute Maid,,canada,,,,unknown,,,,,
0025000120817,Minute made juice sticks,Minute Maid,,united-states,,,,unknown,,unknown,,,
0025000058196,Fruit punch,Minute Maid,,united-states,,,,unknown,,unknown,,12.112676056338,45.070422535211
9449046896009,Minute Maid multifruit,,,france,,,,unknown,,,,,
0025000035630,Soft frozen lemonade raspberry,Minute Maid,,united-states,,,,unknown,,,,19.178082191781,109.58904109589
0025000101540,Mixed Berry Juice Box,Minute Maid,,"united-states, world",,,,unknown,,unknown,,11.864406779661,50.847457627119
05966434,Jus de pomme,Minute Maid,,canada,,,,unknown,,,,,
0025000046490,Minute Maid,Minute Maid,,jamaica,,,,unknown,,,,60.0,240.0
0025000101601,Fruit & veggie tropical blend,Minute Maid,,united-states,,,,unknown,,unknown,,7.909604519774,33.898305084746
0059600060464,Watermelon blueberry,Minute Maid,,canada,,,,unknown,,,,,
0025000120664,Minute Maid Juice Sticks,Minute Maid,,united-states,,,,unknown,4.0,,"cherry: apple juice from concentrate (water, apple juice concentrate), water, natural flavor, purple carrot concentrate (for color), citric acid, locust bean gum, xanthan gum. orange: apple juice from concentrate (water, apple juice concentrate), water, citric acid, natural flavor, locust bean gum, xanthan gum, beta carotene (for color). grape: apple juice from concentrate (water, apple juice concentrate), water, natural flavor, grape juice concentrate (for color), citric acid, locust bean gum, xanthan gum.",10.416666666667,52.083333333333
0025000101502,Juice Box - Fruit Punch,Minute Maid,,"united-states, world",,,,unknown,,unknown,,10.734463276836,50.847457627119
8901764125157,minute maid Guava juice 1ltr,,,united-states,,,,unknown,,unknown,,,
0059600010506,Juice box,Minute Maid,,canada,,,,unknown,,,,,
0025000131103,Pink Lemonade,Minute Maid,"beverages-and-beverages-preparations, beverages, carbonated-drinks, sodas, lemonade",united-states,,,,unknown,,,,11.267605633803,42.253521126761
0025000019395,TROPICAL PUNCH,Minute Maid,,united-states,,,,unknown,,unknown,,29.166666666667,112.5
0025000066016,Strawberry soft frozen lemonade,Minute Maid,,united-states,,,,unknown,4.0,unknown,"water, sugar, strawberry puree, corn syrup, maltodextrin, citric acid (for tartness), natural flavors, stabilizer (pectin, guar gum), lemon juice concentrate, fruit and vegetable juice (for color). contains bioengineered food ingredients.",19.230769230769,107.69230769231
0025000035647,Soft frozen lemonade,Minute Maid,,united-states,,,,unknown,,unknown,,19.178082191781,109.58904109589
4801981109180,Minute Maid,Minute Maid,,philippines,,,,unknown,,,,,
0025000046414,Orange Juice,Minute Maid,"plant-based-foods-and-beverages, beverages, plant-based-beverages",barbados,,,,e,,,,44.0,180.0
5449000201454,Minutes maid pulpy orange,Minute Maid,"beverages-and-beverages-preparations, plant-based-foods-and-beverages, beverages, plant-based-beverages, fruit-based-beverages, juices-and-nectars, fruit-juices, orange-juices",kenya,,,,b,,,,,
5449000070470,Jus de pomme,Minute Maid,,belgium,,,,unknown,,,,,
0059600010353,Zero Sugar Pink Lemonade,Minute Maid,"beverages-and-beverages-preparations, beverages, carbonated-drinks, artificially-sweetened-beverages, sodas, lemonade",canada,,,,c,4.0,,"Filtered water, Lemon juice from concentrate, Citric acid, Grape juice from concentrate, Ascorbic acid (vitamin C), Potassium citrate, Aspartame, Natural flavour, Acesulfame-potassium, Dimethylpolysiloxane, Phenylketonurics (phenylalanine)",,
0025000131349,aguas frescas hibscus,Minute Maid,beverages,united-states,,,,unknown,4.0,,"PURE FILTERED WATER, HIGH FRUCTOSE CORN SYRUP, APPLE JUICE FROM CONCENTRATE, CONTAINS LESS THAN 2% OF: NATURAL FLAVOR, CITRIC ACID (PROVIDES TARTNESS), SODIUM HEXAMETAPHOSPHATE AND SODIUM BENZOATE AND POTASSIUM SORBATE AND CALCIUM DISODIUM EDTA (TO PROTECT TASTE, VEGETABLE EXTRACT (FOR COLOR), SUCRALOSE",4.5833333333333,18.75
17681900,Orange,Minute Maid,beverages,france,plastic,,,unknown,,,,,
0025000131387,AGUAS FRESCAS MANGO Juice Beverage,Minute Maid,"plant-based-foods-and-beverages, beverages, plant-based-beverages, fruit-based-beverages, juices-and-nectars, fruit-juices",united-states,,,,d,4.0,,"PURE FILTERED WATER, HIGH FRUCTOSE CORN SYRUP, APPLE JUICE FROM CONCENTRATE, MANGO PUREE FROM CONCENTRATE, CITRIC ACID, FRUIT AND VEGETABLE JUICE (FOR COLOR), NATURAL FLAVORS, SODIUM HEXAMETAPHOSPHATE, SODIUM BENZOATE, POTASSIUM SORBATE, CALCIUM DISODIUM EDTA, TRIPOTASSIUM CITRATE, SUCRALOSE",4.41,19.8
0025000131363,Aguas Frescas Juice Beverage Strawberry,Minute Maid,,united-states,,,,unknown,4.0,,"PURE FILTERED WATER, HIGH FRUCTOSE CORN SYRUP, APPLE JUICE FROM CONCENTRATE, STRAWBERRY JUICE FROM CONCENTRATE, CITRIC ACID, NATURAL FLAVOR, SODIUM HEXAMETAPHOSPHATE, SODIUM BENZOATE, POTASSIUM SORBATE, CALCIUM DISODIUM EDTA, FRUIT AND VEGETABLE JUICE, SUCRALOSE",4.65,19.0
0059600010148,Zero Sugar Lemonade,Minute Maid,"beverages-and-beverages-preparations, beverages, carbonated-drinks, artificially-sweetened-beverages, sodas, lemonade",canada,,,,c,4.0,,"Filtered water, Lemon juice from concentrate, Citric acid, Ascorbic acid (vitamin C), Potassium citrate, Aspartame, Natural flavour, Acesulfame-potassium, Dimethylpolysiloxane, Phenylketoneurics (phenylalanine)",,
0025000130809,Orange juice,Minute Maid,,united-states,,,,unknown,,unknown,,8.1818181818182,30.30303030303
0059600010346,Fruit Punch,Minute Maid,"beverages, artificially-sweetened-beverages",canada,,Walmart,"Calgary,Alberta,Canada",c,4.0,,"Filtered water, Fruit juices from concentrate (lemon, grape, and pineapple), Grape skin extract, Apple puree from concentrate, Natural flavour, Citric acid, Ascorbic acid (vitamin C), Aspartame, Acesulfame-potassium, Dimethylpolysiloxane, Phenylketonurics (phenylalanine)",,
0025000130595,Super Juice Drink - Fruit Punch,Minute Maid,,united-states,,,,unknown,,unknown,,2.1720431975951,17.376345580761
0059600010520,Zero Sugar Mango Passion Juice,Minute Maid,"beverages, artificially-sweetened-beverages",canada,,Real Canadian Superstore,"Calgary,Alberta,Canada",b,4.0,,"Filtered water, Fruit juices from concentrate (lemon and passion fruit), Mango puree from concentrate, Apple puree from concentrate, Citric acid, Natural flavour, Potassium citrate, Ascorbic acid (vitamin C), Aspartame, Acesulfame-potassium, Veta-carotene, Phenylketoneurics (phenylalanine)",,
0025000025136,Premium country style frozen orange juice,Minute Maid,,united-states,,,,unknown,,unknown,,40.0,183.33333333333
0025000131882,Minute Maid Cherry Limeade,Minute Maid,plant-based-foods-and-beverages,united-states,,,,unknown,,unknown,,10.0,37.5
0025000131417,Minute Maid Fruit and Veggies,Minute Maid,,united-states,,,,unknown,,unknown,,7.909604519774,33.898305084746
0025000101564,Orange juice,Minute Maid,,united-states,,,,unknown,,unknown,,10.169491525424,50.847457627119
0025000056239,Orange Juice,"Minute Maid,",,united-states,,,,unknown,,unknown,,10.0,45.833333333333
0409000666009,Multifruit,Minute maid,,germany,,,,unknown,,,,,
10151990,Apple,Minute Maid,,canada,,,,unknown,,,,,
0025000035258,Soft Frozen Lemonade,Minute Maid,,united-states,,,,unknown,,unknown,,18.556701030928,103.09278350515
0025000035654,Frozen lemonade tubes,Minute Maid,,united-states,,,,unknown,,,,19.178082191781,109.58904109589
8901764385155,Minute Maid Apple,"Minute Maid,The Coca-Cola Company","plant-based-foods-and-beverages, beverages, plant-based-beverages, fruit-based-beverages",india,paper-based-carton,,India,unknown,4.0,c,"water, sugar, apple juice (15.3%) (reconstituted from apple juice concentrate), acidity regulators (296,330) antioxidant (300), sweetener (960), contains permitted natural colour (150d) and added apple flavours (nature identical flavouring substances.",9.0,44.0
0025000130991,Specialty Syrup,Minute Maid,,united-states,,,,unknown,,unknown,,0.0,
0025000131493,Mixed berry juice box,Minute Maid,,"united-states, world",,,,unknown,,unknown,,11.864406779661,50.847457627119
5449000037503,Naranja,Minute Maid,,spain,,,,unknown,,,,,
0025000035692,Minute Maid Frozen Limeade Cherry,Minute Maid,,united-states,,,,unknown,,unknown,,18.556701030928,103.09278350515
19565965,Lemonade,Minute Maid,,united-states,,,,unknown,,unknown,,21.0,80.0
0082000062516,100% Apple Juice,Minute Maid,"plant-based-foods-and-beverages, beverages, plant-based-beverages, fruit-based-beverages, juices-and-nectars, fruit-juices, unsweetened-beverages, apple-juices",united-states,,,,unknown,,c,,,
8509664257796,Minute maid pomme,Minute Maid,"beverages-and-beverages-preparations, plant-based-foods-and-beverages, beverages, plant-based-beverages, fruit-based-beverages, juices-and-nectars, fruit-juices, unsweetened-beverages, apple-juices, fruit-juices-from-concentrate",france,,,,d,1.0,,Jus de pomme à base de concentré; vitamine C.,,
0025000025549,Lemon Juice,Minute Maid,"beverages-and-beverages-preparations, plant-based-foods-and-beverages, beverages, plant-based-beverages, fruit-based-beverages, juices-and-nectars, fruit-juices",united-states,,,,b,1.0,,"PURE FILTERED WATER, CONCENTRATED LEMON JUICE.",,
4890008265244,White grape soda,Minute Maid,"plant-based-foods-and-beverages, beverages, plant-based-beverages, carbonated-drinks, fruit-based-beverages, sodas, fruit-sodas",hong-kong,pet-bottle,,,unknown,4.0,not-applicable,"Carbonated Water, White Grape Juice (10%), Sugar, Flavourings (contain preservate (211) & soybean product), Acidity Regulator (330), Honey (0.02%), Antioxidant (300), Sweetener (906), Glucose",9.6,39.0
75390136,Fruit punch,Minute Maid,,united-states,,,,unknown,,unknown,,,
0025000131004,Breuvage avec mange et fraise,Minute Maid,,canada,,,,unknown,,,,,
0025000121159,Zero Sugar Lemonade,Minute Maid,,united-states,,,,unknown,,unknown,,0.0,1.4084507042254
85333574,Watermelon punch,Minute Maid,,united-states,,,,unknown,,unknown,,12.83185840708,48.672566371681
0059600048202,Minute maid,Minute Maid,"plant-based-foods-and-beverages, beverages, plant-based-beverages, fruit-based-beverages, juices-and-nectars, fruit-juices",canada,,,,unknown,,,,,
0025000131455,Mixed Berry,Minute Maid,,united-states,,,,unknown,,unknown,,3.0,148.0
5449000286772,,Minute Maid,,ethiopia,,,,unknown,,unknown,,,
0025000130861,Minute maid,Minute Maid,,suriname,,,,unknown,,unknown,,8.1818181818182,30.30303030303
8901764239304,Minute maid mix fruit juice,,,india,,,,unknown,,,,,
4901260222613,Minute maide gritty guav,,,india,,,,unknown,,unknown,,,
4801981164851,Minute Maid Apple Juice,Minute Maid,"beverages-and-beverages-preparations, plant-based-foods-and-beverages, beverages, plant-based-beverages, fruit-based-beverages, juices-and-nectars, fruit-juices, non-alcoholic-beverages, unsweetened-beverages, apple-juices",philippines,,"Store,Supermarkets",Philippines,e,4.0,,"Water, Sugar, Acidulants (Citric Acid, Malic Acid), Apple Juice Concentrate (1%), Sequestrant (SHMP), Artificial Flavor, Preservatives (Sodium Benzoate, Potassium Sorbate), Acidity Regulator (Sodium Citrate), Sweeteners (Acesulfame-K, Sucralose), Caramel Color, Antioxidant (EDTA), Vitamins (B3, B5, B6).",6.11,23.9
8851959122921,minute maid splash orange drink,"minute maid,มินิทเมด","beverages-and-beverages-preparations, plant-based-foods-and-beverages, beverages, plant-based-beverages, carbonated-drinks, fruit-based-beverages, sodas, fruit-sodas, orange-soft-drinks, beverages-with-orange",thailand,,,,c,4.0,,"น้ำส้ม 15% (จากน้ำส้มเข้มข้น) น้ำตาล 3.7% วิตามินซี 0.05% โซเดียมคลอไรด์ 0.05% วิตามินบี 3 0.004% จากควบคุมความเป็นกรด (INS350, INS331 (1) สารทำให้คงตัว (834) ISA), สารให้ความหวาน และของเล่นโพแทสเซียมและบุคลาไลย INSONS15) * AV สี (INS168tal), INS102) แต่งกลิ่นเลียนธรรมชาติ (INS466,",4.8,20.0
84881724,Aguas Frescas Mango,Minute Maid,,united-states,,,,unknown,,unknown,,4.6413502109705,18.987341772152
18353860,Minute Maid original,Minute Maid,,canada,,,,unknown,,,,,
3569889210278,Minute Maid Pulpy Orange Flavour 1.5L,,,malaysia,,,,unknown,,unknown,,,
5449000274359,nectar tropical,Minute Maid,,mayotte,,,,unknown,,unknown,,7.3,54.0
10375587,Minute maid apple,Minute Maid,"beverages-and-beverages-preparations, plant-based-foods-and-beverages, beverages, plant-based-beverages, fruit-based-beverages, juices-and-nectars, fruit-juices",belgium,,,,c,,,,,
0025000133794,Aguas frescas,Minute Maid,,united-states,,,,unknown,,unknown,,4.5833333333333,18.75
45030383,multifruit,Minute Maid,,france,,,,unknown,,,,,
0025000133817,Aguas Frescas Hibiscus,Minute Maid,,united-states,,,,unknown,,unknown,,4.5833333333333,18.75
0025000101649,Minute Maid Tomato Juice Blend,Minute Maid,"beverages-and-beverages-preparations, plant-based-foods-and-beverages, beverages, plant-based-foods, fruits-and-vegetables-based-foods, vegetables-based-foods, plant-based-beverages, vegetable-based-foods-and-beverages, juices-and-nectars, vegetable-based-beverages, tomatoes-and-their-products, vegetable-juices, tomato-juices",united-states,,,,b,,unknown,,2.5352112676056002,19.718309859155
0059600010865,Minute maid Orange juice,Minute Maid,,canada,,,,unknown,,,,,
4801981064861,Minute maid orange,Coca cola,"beverages-and-beverages-preparations, plant-based-foods-and-beverages, beverages, plant-based-beverages, fruit-based-beverages, juices-and-nectars, fruit-juices, fruit-juice-drinks",philippines,,"Supermarket,SM,7-Eleven",Philippines,e,4.0,,"water, sugar, citric acid, orange juice from concentrate, flavorings, preservatives (sodium benzoate, potassium sorbate), sodium citrate, sweeteners (acesulfame-K, sucralose), artificial colors (like Tartrazine, Sunset Yellow), and added B vitamins (B3, B5, B6)",7.22,6.91
3948764362309,Minute maid pulpy orenge,Drink,"beverages-and-beverages-preparations, plant-based-foods-and-beverages, beverages, plant-based-beverages, fruit-based-beverages, juices-and-nectars, fruit-juices, orange-juices",india,,,,unknown,,,,,
0059600038081,100% Apple Juice,Minute Maid,juice,canada,,,,unknown,1.0,,"Filtered water, Concentrated apple juice, Ascorbic acid (vitamin C)",,
4801981125180,minute maid (o) 350ml,Minute Maid,,philippines,,,,unknown,,,,,
4801981120208,Minute Maid Fresh,,"beverages-and-beverages-preparations, plant-based-foods-and-beverages, beverages, plant-based-beverages, fruit-based-beverages",philippines,,,,unknown,,,,,
0025000120237,Beverage with pine and portugal juice,Minute Maid,,trinidad-and-tobago,,,,unknown,,unknown,,38.0,150.0
54020610,Appelsap,Minute Maid,,norway,,,,unknown,,unknown,,10.1,45.0
0025000134135,Aguas frescas Pineapple Horchata,Minute Maid,,united-states,,,,unknown,,unknown,,4.5833333333333,20.833333333333
8901764122613,Minute maid gritty guava,Minutes Maid Gritty Guava,,india,,,,unknown,,,,12.1,48.0
4801981164837,Minute Maid Fresh ORANGE JUICE DRINK with B Vitamins,,,japan,,,,unknown,,unknown,,13.0,27.0
4801981120147,Orange Juice Drink,Minute Maid,,philippines,,,,unknown,4.0,unknown,"Water, Sugar, Acidulant (Citric acid), Orange juice from concentrate (1%), Sequestrants (SHMP, EDTA), Natural, nature-identical and artificial flavors, Preservatives (Sodium benzoate, Potassium sorbate) Acidity regulator (Sodium citrate), Sweeteners (acesulfame-K and sucralose), Artificial color (Sunset yellow and Tartrazine), Vitamins (B3, B5, B5)",6.8,26.8
00052306,Minute maid zero sugar/light lemonade FTN,,,united-states,,,,unknown,,unknown,,,
54020603,Orange,Minute Maid,,france,,,,unknown,,,,,
8901764362804,Pulpy Orange,Minute Maid,"plant-based-foods-and-beverages, beverages, plant-based-beverages, fruit-based-beverages, juices-and-nectars, fruit-juices, orange-juices",india,,,,e,4.0,,"Water,Sugar,Orange Juice (10.5%)(Reconstituted From Orange Juice Concentrate & Orange Pulp Cells), Acidity Regulators (330,331(iii)),Antioxidant(300),Colors(110,102),Orange Flavours(Natural,Natural-Identical And Artificial Flavouring Substances).",12.7,52.0
6975682480393,qoo,Minute Maid / Coca-Cola,,italy,,,,unknown,,,,,
4801981194513,minute made nutri+,Minute Maid,,philippines,,,,unknown,,,,,
8901764362309,Pulpy orange,Minute Maid,"plant-based-foods-and-beverages, beverages, plant-based-beverages, fruit-based-beverages, juices-and-nectars, fruit-juices, fruit-juices-from-concentrate, orange-juices, orange-juices-from-concentrate",india,,,,e,4.0,,"WATER, SUGAR, ORANGE JUICE (10.5%) (RECONSTITUTED FROM ORANGE JUICE CONCENTRATE & ORANGE PULP CELLS), ACIDITY REGULATORS (330, 331(iii)), ANTIOXIDANT (300), COLOURS ENERGY (110, 102), ORANGE FLAVOURS (NATURAL, NATURE-IDENTICAL AND ARTIFICIAL FLAVOURING SUBSTANCES).",12.7,52.0
0059600010872,Minute maid apple raspberry,,,canada,,,,unknown,,,,,
0025000040184,Lemonade,Minute Maid,,united-states,,,,unknown,,unknown,,11.3,45.1
4801981109197,Minute maid nutri orange mango,Minute Maid,,philippines,,,,unknown,,,,,
9449046857796,Minute maid,,"beverages-and-beverages-preparations, plant-based-foods-and-beverages, beverages, plant-based-beverages, fruit-based-beverages, juices-and-nectars, non-alcoholic-beverages, fruit-juices, unsweetened-beverages, apple-juices",france,,,,c,,,,,
90399480,Delight Tropical,Minute Maid,,zimbabwe,,,,unknown,,,,11.5,52.0
4902102138888,Black Tea Flower,Minute Maid,,japan,,,,unknown,,unknown,,,
4801981064854,Minute maid apple juice drink,,,philippines,,,,unknown,,,"pasteurized milk, live cultures",,
4801981039739,Minute maid mango juice drink,,,philippines,,,,unknown,,unknown,,,
07302473,Aguas Frescas,Minute Maid,,united-states,,,,unknown,4.0,,"pure filtered water, high fructose corn syrup, apple juice from concentrate, strawberry juice from concentrate citric acid (for tartness), contains less than 2% of: natural flavor, sodium hexametaphosphate and sodium benzoate and potassium sorbate and calcium disodium edta (to protect taste fruit and vegetable juice (for color), sucralose produced for the coca-cola company, atlanta, ga 30313 usa scan here for more food information or call 1-800-888-6488 ©2021 the coca-cola company &quot;minute maid&quot; is a registered trade of the coca-cola company www.minutemaid.com",,
0981290362606,Minute maid,,,india,,,,unknown,,unknown,,,
6975682480195,Minute maid peach,,,france,,,,unknown,,,,,
0059600023681,Lemonade,Minute Maid,,united-states,,,,unknown,,,,,
5449000319418,Jus à la pomme,Minute Maid,"plant-based-foods-and-beverages, beverages, plant-based-beverages, fruit-based-beverages, juices-and-nectars, fruit-juices, unsweetened-beverages, apple-juices",france,,Burger King,,c,1.0,,Jus de pomme à base de concentré,,
0025000134593,Strawberry Lemonade,Minute Maid,,united-states,,,,unknown,4.0,,"filtered water, lemon juice from concentrate**, less than 0.5% of: citric acid (provides tartness), natural flavors, strawberry juice from concentrate**, vitamin c (ascorbic acid), potassium citrate (regulates tartness), aspartame, black currant and carrot juices from concentrate** (for color), acesulfame potassium, modified cornstarch, glycerol ester of rosin. **adds a negligible amount of sugar. 5 daily value 0% 1% 0% ugars 0% produced for the coca-cola company atlanta, ga 30313 u.s.a. scan here for more food information or call 1-800-888-6488 $",,
5449000319272,,Minute Maid,"beverages-and-beverages-preparations, plant-based-foods-and-beverages, beverages, plant-based-beverages, fruit-based-beverages, juices-and-nectars, fruit-juices, fruit-juices-from-concentrate, orange-juices, orange-juices-from-concentrate",belgium,,,,c,,,Find out more! VOEDINGSWAARDE/,,
5949500130785,Minut mais,Minute maid,,romania,,,,unknown,,unknown,,0.699999988079071,178.0
0025000134371,Minute maid zero sugar fruit punch - Minurlte Maid,Minute Maid,"beverages-and-beverages-preparations, plant-based-foods-and-beverages, beverages, plant-based-beverages, fruit-based-beverages, juices-and-nectars, fruit-juices, fruit-punch",united-states,,,,b,4.0,e,"FILTERED WATER, LEMON JUICE FROM CONCENTRATE, LESS THAN 2% OF: GRAPE AND PINEAPPLE JUICES FROM CONCENTRATE, APPLE PURÉE FROM CONCENTRATE, NATURAL FLAVORS, CITRIC ACID (PROVIDES TARTNESS), VITAMIN C (ASCORBIC ACID), ASPARTAME ACESULFAME POTASSIUM, GRAPE SKIN EXTRACT (FOR COLOR). **ADDS A NEGLIGIBLE AMOUNT OF SUGAR. PRODUCED FOR THE COCA-COLA COMPANY ATLANTA, GA 30313 U.S.A. SCAN HERE FOR MORE FOOD INFORMATION OR CALL 1-800-888-6489 Empty & Replace Cap PASTE EXCEN OF M KEEP REFRIG BEST IF USED AFTER OPENIN PHENYLKETO PHENYLALAN SE HABLA ESI www.minute OUR QUALITY ASSURES YO WE GUARANT 02023 The Co &quot;Minute Maid&quot; registered trad The Coca-Col 13437A 20 5 smartlabet PLASTIC BOTTLE CLE ME",0.0,2.08
0025000134579,zero sugar Pineapple Flavored Fruit Drink,Minute Maid,"beverages-and-beverages-preparations, beverages, artificially-sweetened-beverages",united-states,,,,c,4.0,,"Filtered water, lemon juice from concentrate, pineapple juice from concentrate, apple juice from concentrate, natural flavors, citric acid, vitamin C (ascorbic acid), aspartame, carrot juice from concentrate (for color), acesulfame potassium.",,
5000112510126,APPLESAP - Minute Maid - Minute Maid - Minute Maid - Mi,Minute Maid,"beverages-and-beverages-preparations, beverages",netherlands,,,,unknown,,,,,
0025000135569,Mango Lime Aguas Frescas,Minute Maid,,united-states,,,,unknown,,unknown,,5.0,18.8
0025000000508,Juice Box - Fruit Punch,Minute Maid,,world,,,,unknown,,unknown,,,
0025000000577,Mixed Berry Juice Box,Minute Maid,,world,,,,unknown,,unknown,,,
0025000000591,Juice Box - 100% Juice Apple Juice,Minute Maid,,world,,,,unknown,,unknown,,,
0059600038203,Punch aux fruits sans sucre,Minute Maid,,united-states,,,,unknown,,unknown,,0.0,2.0
5449000319333,Multivitamins,Minute Maid,"beverages-and-beverages-preparations, plant-based-foods-and-beverages, beverages, plant-based-beverages, fruit-based-beverages, juices-and-nectars, fruit-juices, multifruit-juices","belgium, luxembourg",,,,e,4.0,,"Water; fruit juices from concentrate: orange (40.4%), apple (4.8%), lemon (2.3%), grape (1.8%), peach (0.8%); sugar; flavours; vitamins C, B3, E, B5, B6, B2 and provitamin A. KOEL DRINKEN/SERVIR FRAIS/ GEKÜHLT SERVIEREN/SERVED CHILLED SCHUDDEN VOOR GEBRUIK/AGITER AVANT D'OUVRIR VOR DEM ÖFFNEN/SCHÜTTELN/SHAKE BEFORE OPENING 3",,
0025000135743,Lemonade,Minute Maid,"beverages-and-beverages-preparations, beverages, carbonated-drinks, sodas, lemonade",united-states,,,,unknown,4.0,,"Filtered water, high fructose corn syrup, lemon juice from concentrate, natural flavors, citric acid, modified cornstarch, glycerol ester of rosin, sodium benzoate, potassium sorbate, calcium disodium EDTA, yellow #5.",,
0025000134357,Minute Maid Zero Sugar Lemonade,Minute Maid,,united-states,,,,unknown,,unknown,,0.0,0.0
4710018316005,Grape soda,Minute maid,,japan,,,,unknown,,unknown,,0.21212120850880942,4.242424242424242
0059600038272,Strawberry Lemonade,Minute Maid,"beverages-and-beverages-preparations, beverages, carbonated-drinks, sodas",united-states,,,,c,4.0,,"Filtered water
, Fruit juices from concentrate (lemon and strawberry), 
Citric acid, 
Natural flavour, 
Ascorbic acid (vitamin C), 
Potassium citrate,
 Aspartame,
 Concentrate of carrot and blackcurrant for colour, 
Acesulfamepotassium, 
Modified cornstarch, 
Ester gum.",,
0059600038289,Zero Sugar Pineapple,Minute Maid,,canada,,,,unknown,,,,,
6975682480058,美汁源 果粒橙 橙汁饮料,Minute Maid,"beverages-and-beverages-preparations, plant-based-foods-and-beverages, beverages, plant-based-beverages, fruit-based-beverages","china, france",,,,e,,,水、果葡糖浆、橙肉、白砂糖、浓缩橙汁、食品添加剂 (柠檬酸、柠檬酸钠、β-胡萝卜素)、食用香精、维生素C,,
5449000319319,Tropical,Minute Maid,"beverages-and-beverages-preparations, plant-based-foods-and-beverages, beverages, plant-based-beverages, juices-and-nectars",belgium,,,,d,4.0,,"Water; fruit juices and purees from concentrate (orange, apricot, guava, mango, passionfruit); fruit purees (guava, mango); sugar. Fruit content: 47% minimum.",,
00098858,Minute Maid Apple Juice,Minute Maid,,ireland,,,,unknown,,,,,
0059600070076,minute maid,orange,"plant-based-foods-and-beverages, plant-based-foods, fruits-and-vegetables-based-foods, fruits-based-foods, fruits, citrus, oranges",canada,orange,,,unknown,,unknown,,,
0000201701622,Orange juice,Minute Maid,,ireland,,,,unknown,,,,,
0000201801218,Minute Maid Fruit Punch,,,ireland,,,,unknown,,,,,
0000201900609,Fruit Punch,Minute Maid,,ireland,,,,unknown,,,,,
0000201901253,100% pure squeezed orange juice,Minute Maid,,ireland,,,,unknown,,,,,
0000202000163,Fruit punch,Minute Maid,,ireland,,,,unknown,,,,,
0000202000899,Orange juice vitamin c & zinc,Minute Maid,,ireland,,,,unknown,,,,,
0000202000990,Minute Maid,,,ireland,,,,unknown,,,,,
0000202101094,2500013056,Minute Maid,,ireland,,,,unknown,,,,,
0000202300756,Minute Maid Zero Sugar Lemonade,Minute Maid,"beverages-and-beverages-preparations, beverages",united-states,,,,unknown,,,,,
0005960000042,Fruitopia® Strawberry Passion Awareness 1.75 L,"Fruitopia,minute maid","plant-based-foods-and-beverages, beverages, plant-based-beverages, fruit-based-beverages, juices-and-nectars, fruit-juices, multifruit-juices",canada,"plastic, cardboard",Maxi,Quebec Canada,e,4.0,,"Filtered Water, Fruit Juices from concentrate (pear, passionfruit, apple, and strawberry), sugar/glucose-fructose, Natural flavor, citric acid, ascorbic acid (vitamin C), cochineal extract (for color), locust bean gum.",,
1409060257789,Jus d'orange,Minute Maid,,france,,,,unknown,,,,,
8888002189518,Minute maid mixed fruit,,,malaysia,,,,unknown,,unknown,,,
0025000130496,,Minute Maid,,united-states,,,,unknown,,unknown,,,
4902102099974,Drink ゆずはちみつ,Minute Maid,,japan,,,,unknown,,unknown,,,50.0
5449000319296,Minute maid pomme,Minute Maid,,luxembourg,,,,unknown,,,,,
6130003016365,minute maid,,,france,,,,unknown,,,,,
6130003016259,minute maid,,,france,,,,unknown,,,,,
5449000110800,minute maid multivitamin,Minute maid,,france,,,,unknown,,,,,
5449000319449,minute maid multi vitamine,minute maid,,france,,,,unknown,,,,,
4801981164868,minute maid (o) 180ml,,,philippines,,,,unknown,,,,,
5449000117397,jus minute maid orange 400ml btl,2975f,,france,,,,unknown,,,,,
5449000117410,jus minute maid pomme 400ml btl,2975f,,france,,,,unknown,,,,,
95704481229117521,"Burger King, Minute Maid Lemonade",Burger King,"beverages-and-beverages-preparations, beverages",united-states,,,,e,,,undefined,39.0,156.0
7476464578550399,"Burger King, Minute Maid Light Lemonade, 16 Fl Oz",Burger King,"beverages-and-beverages-preparations, beverages",united-states,,,,b,,,undefined,0.0,0.845
1956714491989906171,"Burger King, Minute Maid Light Lemonade, 20 Fl Oz",Burger King,"beverages-and-beverages-preparations, beverages",united-states,,,,b,,,undefined,0.0,0.676
757640229845649398,"Burger King, Minute Maid Light Lemonade, 29 Fl Oz",Burger King,"beverages-and-beverages-preparations, beverages",united-states,,,,b,,,undefined,0.0,0.466
316354004088674426606318,"Burger King, Minute Maid Light Lemonade, 38 Fl Oz",Burger King,"beverages-and-beverages-preparations, beverages",united-states,,,,b,,,undefined,0.0,0.356
4549127346993496859715,"Burger King, Minute Maid Orange Juice, 10 Oz",Burger King,"beverages-and-beverages-preparations, beverages",united-states,,,,c,,,undefined,3.72,17.6
32468004337928945145,"Carrabba's Italian Grill, Minute Maid Lemonade",Carrabba's Italian Grill,"beverages-and-beverages-preparations, beverages",united-states,,,,e,,,undefined,29.0,120.0
203354150440306479,"Chili's, Minute Maid Lemonade, Kids Cup",Chili's,"beverages-and-beverages-preparations, beverages",united-states,,,,e,,,undefined,23.0,96.0
8642054340775809084,"Chili's, Minute Maid Lemonade, Regular Cup",Chili's,"beverages-and-beverages-preparations, beverages",united-states,,,,e,,,undefined,39.0,164.0
448464985865539,"Chili's, Minute Maid Lemonade, To Go Cup",Chili's,"beverages-and-beverages-preparations, beverages",united-states,,,,e,,,undefined,62.0,260.0
60937735441897550457456,"Church's Chicken, Minute Maid Lemonade Lt, Large",Church's Chicken,"beverages-and-beverages-preparations, beverages",united-states,,,,b,,,undefined,0.0,0.451
4456690947997400090,"Church's Chicken, Minute Maid Lemonade Lt, Regular",Church's Chicken,"beverages-and-beverages-preparations, beverages",united-states,,,,b,,,undefined,0.0,0.615
131547389312029093,"Church's Chicken, Minute Maid Lemonade, Large",Church's Chicken,"beverages-and-beverages-preparations, beverages",united-states,,,,b,,,undefined,1.35,5.86
6457765449279931499724,"Church's Chicken, Minute Maid Lemonade, Regular",Church's Chicken,"beverages-and-beverages-preparations, beverages",united-states,,,,b,,,undefined,1.84,7.99
40413649523219532559,"Del Taco, Minute Maid Light Lemonade, Kids, 12 Oz",Del Taco,"beverages-and-beverages-preparations, beverages",united-states,,,,unknown,,,undefined,0.0,0.0
606573175944256321451,"Del Taco, Minute Maid Light Lemonade, Macho, 42 Oz",Del Taco,"beverages-and-beverages-preparations, beverages",united-states,,,,unknown,,,undefined,0.0,0.0
61333943447582352264,"Del Taco, Minute Maid Light Lemonade, Medium, 30 Oz",Del Taco,"beverages-and-beverages-preparations, beverages",united-states,,,,unknown,,,undefined,0.0,0.0
96970704345791302838,"Del Taco, Minute Maid Light Lemonade, Small, 20 Oz",Del Taco,"beverages-and-beverages-preparations, beverages",united-states,,,,unknown,,,undefined,0.0,0.0
8457654479786712347216,"Denny's, Minute Maid Orange Juice",Denny's,"beverages-and-beverages-preparations, beverages",united-states,,,,c,,,undefined,2.48,11.7
6064588495132455,"Denny's, Minute Maid Premium Berry Blend",Denny's,"beverages-and-beverages-preparations, beverages",united-states,,,,c,,,undefined,2.93,11.7
339245449803515056442,"El Pollo Loco, Minute Maid Lemonade, Large",El Pollo Loco,"beverages-and-beverages-preparations, beverages",united-states,,,,b,,,undefined,1.74,6.95
70701497971122066,"El Pollo Loco, Minute Maid Lemonade, Small",El Pollo Loco,"beverages-and-beverages-preparations, beverages",united-states,,,,c,,,undefined,2.78,11.1
98090724669721218,"Firehouse Subs, Minute Maid Lemonade, 12 Fl Oz",Firehouse Subs,"beverages-and-beverages-preparations, beverages",united-states,,,,c,,,undefined,3.38,13.5
9226181651843484708903,"Firehouse Subs, Minute Maid Lemonade, 22 Fl Oz",Firehouse Subs,"beverages-and-beverages-preparations, beverages",united-states,,,,b,,,undefined,1.84,7.38
61029493919621750,"Firehouse Subs, Minute Maid Lemonade, 32 Fl Oz",Firehouse Subs,"beverages-and-beverages-preparations, beverages",united-states,,,,b,,,undefined,1.27,5.07
796316544074102768678,"Firehouse Subs, Minute Maid Lemonade, 44 Fl Oz",Firehouse Subs,"beverages-and-beverages-preparations, beverages",united-states,,,,b,,,undefined,0.922,3.69
8078364243140828078310,"Firehouse Subs, Minute Maid Light Lemonade, 12 Fl Oz",Firehouse Subs,"beverages-and-beverages-preparations, beverages",united-states,,,,b,,,undefined,0.0,1.13
11368934009178878338,"Firehouse Subs, Minute Maid Light Lemonade, 22 Fl Oz",Firehouse Subs,"beverages-and-beverages-preparations, beverages",united-states,,,,b,,,undefined,0.0,0.0
63618634582995923315,"Firehouse Subs, Minute Maid Light Lemonade, 32 Fl Oz",Firehouse Subs,"beverages-and-beverages-preparations, beverages",united-states,,,,b,,,undefined,0.0,0.423
886148515430582713453931,"Firehouse Subs, Minute Maid Light Lemonade, 44 Fl Oz",Firehouse Subs,"beverages-and-beverages-preparations, beverages",united-states,,,,b,,,undefined,0.0,0.307
47502475890832784267,"Firehouse Subs, Minute Maid Light Pink Lemonade, 12 Fl Oz",Firehouse Subs,"beverages-and-beverages-preparations, beverages",united-states,,,,b,,,undefined,0.0,1.13
2602185194683068646694,"Firehouse Subs, Minute Maid Light Pink Lemonade, 22 Fl Oz",Firehouse Subs,"beverages-and-beverages-preparations, beverages",united-states,,,,b,,,undefined,0.0,0.0
1751004859121988,"Firehouse Subs, Minute Maid Light Pink Lemonade, 32 Fl Oz",Firehouse Subs,"beverages-and-beverages-preparations, beverages",united-states,,,,b,,,undefined,0.0,0.423
99903512748087969,"Firehouse Subs, Minute Maid Light Pink Lemonade, 44 Fl Oz",Firehouse Subs,"beverages-and-beverages-preparations, beverages",united-states,,,,b,,,undefined,0.0,0.307
1940965343409095712481108,"Firehouse Subs, Minute Maid Pink Lemonade, 12 Fl Oz",Firehouse Subs,"beverages-and-beverages-preparations, beverages",united-states,,,,c,,,undefined,3.38,13.5
56944236745997548755,"Firehouse Subs, Minute Maid Pink Lemonade, 22 Fl Oz",Firehouse Subs,"beverages-and-beverages-preparations, beverages",united-states,,,,b,,,undefined,1.84,7.38
92915364008907459669,"Firehouse Subs, Minute Maid Pink Lemonade, 32 Fl Oz",Firehouse Subs,"beverages-and-beverages-preparations, beverages",united-states,,,,b,,,undefined,1.27,5.07
2816915504699022800538,"Firehouse Subs, Minute Maid Pink Lemonade, 44 Fl Oz",Firehouse Subs,"beverages-and-beverages-preparations, beverages",united-states,,,,b,,,undefined,0.922,3.69
42874473955265845065,"Friendly's, Minute Maid Lemonade",Friendly's,"beverages-and-beverages-preparations, beverages",united-states,,,,e,,,undefined,40.0,160.0
32364529547998434100323,"Golden Corral, Minute Maid Lemonade",Golden Corral,"beverages-and-beverages-preparations, beverages",united-states,,,,c,,,undefined,3.1,12.4
8852234282428854010761880,"Golden Corral, Minute Maid Light Lemonade",Golden Corral,"beverages-and-beverages-preparations, beverages",united-states,,,,b,,,undefined,0.0,1.13
16962494446725849847,"IHOP, Minute Maid Lemonade, 16 Fl Oz",IHOP,"beverages-and-beverages-preparations, beverages",united-states,,,,b,,,undefined,1.27,5.92
4519333451052591,"IHOP, Minute Maid Lemonade, 30 Fl Oz",IHOP,"beverages-and-beverages-preparations, beverages",united-states,,,,b,,,undefined,0.789,3.16
52737847946165403850,"In-N-Out Burger, Minute Maid Light Lemonade, 12 Oz",In-N-Out Burger,"beverages-and-beverages-preparations, beverages",united-states,,,,unknown,,,undefined,0.282,1.13
709603287044187320570072,"In-N-Out Burger, Minute Maid Light Lemonade, 22 Oz",In-N-Out Burger,"beverages-and-beverages-preparations, beverages",united-states,,,,unknown,,,undefined,0.0,0.0
6620960894786133000809,"In-N-Out Burger, Minute Maid Light Lemonade, 32 Oz",In-N-Out Burger,"beverages-and-beverages-preparations, beverages",united-states,,,,unknown,,,undefined,0.0,0.0
1399195645792897581,"In-N-Out Burger, Minute Maid Light Lemonade, 44 Oz",In-N-Out Burger,"beverages-and-beverages-preparations, beverages",united-states,,,,unknown,,,undefined,0.0,0.0
75308827104884268089405,"Jack In The Box, Minute Maid Lemonade, Large, 40 Fl Oz",Jack in the Box,"beverages-and-beverages-preparations, beverages",united-states,,,,b,,,undefined,1.01,4.06
38267844232292331737,"Jack In The Box, Minute Maid Lemonade, Medium, 30 Fl Oz",Jack in the Box,"beverages-and-beverages-preparations, beverages",united-states,,,,b,,,undefined,1.35,5.41
14738314414232599,"Jack In The Box, Minute Maid Lemonade, Small, 20 Fl Oz",Jack in the Box,"beverages-and-beverages-preparations, beverages",united-states,,,,c,,,undefined,2.03,8.12
219780734040878381,"Jack In The Box, Minute Maid Lemonade, Value, 16 Fl Oz",Jack in the Box,"beverages-and-beverages-preparations, beverages",united-states,,,,c,,,undefined,2.54,10.1
57053719497922902919758,"Jack In The Box, Minute Maid Light Lemonade, 16 Fl Oz",Jack in the Box,"beverages-and-beverages-preparations, beverages",united-states,,,,b,,,undefined,0.0,0.845
2864432247985798957,"Jack In The Box, Minute Maid Light Lemonade, 20 Fl Oz",Jack in the Box,"beverages-and-beverages-preparations, beverages",united-states,,,,b,,,undefined,0.0,0.676
41491635447428532317,"Jack In The Box, Minute Maid Light Lemonade, 30 Fl Oz",Jack in the Box,"beverages-and-beverages-preparations, beverages",united-states,,,,b,,,undefined,0.0,0.451
78614204439540217812,"Jack In The Box, Minute Maid Light Lemonade, 40 Fl Oz",Jack in the Box,"beverages-and-beverages-preparations, beverages",united-states,,,,b,,,undefined,0.0,0.338
9219444112136466020714,"Jack In The Box, Minute Maid Light Pink Lemonade, 16 Fl Oz",Jack in the Box,"beverages-and-beverages-preparations, beverages",united-states,,,,b,,,undefined,0.0,0.845
99096749796164851408,"Jack In The Box, Minute Maid Light Pink Lemonade, 20 Fl Oz",Jack in the Box,"beverages-and-beverages-preparations, beverages",united-states,,,,b,,,undefined,0.0,0.676
641945086953205,"Jack In The Box, Minute Maid Light Pink Lemonade, 30 Fl Oz",Jack in the Box,"beverages-and-beverages-preparations, beverages",united-states,,,,b,,,undefined,0.0,0.451
95284634092441263,"Jack In The Box, Minute Maid Light Pink Lemonade, 40 Fl Oz",Jack in the Box,"beverages-and-beverages-preparations, beverages",united-states,,,,b,,,undefined,0.0,0.338
25009433406561989563,"Jack In The Box, Minute Maid Pink Lemonade, 16 Fl Oz",Jack in the Box,"beverages-and-beverages-preparations, beverages",united-states,,,,c,,,undefined,2.54,10.1
726251483234582875,"Jack In The Box, Minute Maid Pink Lemonade, 20 Fl Oz",Jack in the Box,"beverages-and-beverages-preparations, beverages",united-states,,,,c,,,undefined,2.03,8.12
93304877672932302,"Jack In The Box, Minute Maid Pink Lemonade, 30 Fl Oz",Jack in the Box,"beverages-and-beverages-preparations, beverages",united-states,,,,b,,,undefined,1.35,5.41
703078423299517032288453,"Jack In The Box, Minute Maid Pink Lemonade, 40 Fl Oz",Jack in the Box,"beverages-and-beverages-preparations, beverages",united-states,,,,b,,,undefined,1.01,4.06
3446515044828783154636,"Jason's Deli, Minute Maid Lemonade, 24 Oz",Jason's Deli,"beverages-and-beverages-preparations, beverages",united-states,,,,b,,,undefined,1.55,6.2
584939485436476960568,"Jason's Deli, Minute Maid Lemonade, 32 Oz",Jason's Deli,"beverages-and-beverages-preparations, beverages",united-states,,,,b,,,undefined,1.16,4.65
17086872049999483971,"Joe's Crab Shack, Minute Maid Lemonade",Joe's Crab Shack,"beverages-and-beverages-preparations, beverages",united-states,,,,e,,,undefined,97.0,400.0
332125971345498542648584,"Joe's Crab Shack, Minute Maid Lemonade, Kids",Joe's Crab Shack,"beverages-and-beverages-preparations, beverages",united-states,,,,e,,,undefined,53.0,220.0
577137415902846382,"Krystal, Minute Maid Orange Juice",Krystal,"beverages-and-beverages-preparations, beverages",united-states,,,,e,,,undefined,30.0,148.0
153414454122422,"LongHorn Steakhouse, Minute Maid Lemonade",LongHorn Steakhouse,"beverages-and-beverages-preparations, beverages",united-states,,,,e,,,undefined,26.0,104.0
5577989594940200,"Olive Garden, Minute Maid Limeade",Olive Garden,"beverages-and-beverages-preparations, beverages",united-states,,,,e,,,undefined,47.0,196.0
59942075449818196882,"On The Border, Minute Maid Lemonade",On the Border,"beverages-and-beverages-preparations, beverages",united-states,,,,unknown,,,undefined,,144.0
407359402808426944,"Red Lobster, Minute Maid Light Lemonade",Red Lobster,"beverages-and-beverages-preparations, beverages",united-states,,,,c,,,undefined,4.0,32.0
6632059344096724789,"Red Lobster, Minute Maid Raspberry Lemonade",Red Lobster,"beverages-and-beverages-preparations, beverages",united-states,,,,e,,,undefined,60.0,256.0
841320473135175,"Red Robin, Minute Maid Lemonade, Adult",Red Robin,"beverages-and-beverages-preparations, beverages",united-states,,,,e,,,undefined,32.0,132.0
875688354342494441828,"Red Robin, Minute Maid Lemonade, Kid",Red Robin,"beverages-and-beverages-preparations, beverages",united-states,,,,e,,,undefined,25.0,100.0
868650645285622319,"Red Robin, Minute Maid Light Lemonade, Adult",Red Robin,"beverages-and-beverages-preparations, beverages",united-states,,,,c,,,undefined,3.0,20.0
43966160870486955252,"Red Robin, Minute Maid Light Lemonade, Kid",Red Robin,"beverages-and-beverages-preparations, beverages",united-states,,,,b,,,undefined,2.0,12.0
595408774697012360405,"Sonic, Minute Maid Cranberry Limeade, Large",Sonic,"beverages-and-beverages-preparations, beverages",united-states,,,,e,,,undefined,94.0,388.0
6897559478490470413839,"Sonic, Minute Maid Cranberry Limeade, Medium",Sonic,"beverages-and-beverages-preparations, beverages",united-states,,,,e,,,undefined,62.0,256.0
36265832121946074405620566553,"Sonic, Minute Maid Cranberry Limeade, RT 44",Sonic,"beverages-and-beverages-preparations, beverages",united-states,,,,e,,,undefined,127.0,524.0
343590445837526114,"Sonic, Minute Maid Cranberry Limeade, Small",Sonic,"beverages-and-beverages-preparations, beverages",united-states,,,,e,,,undefined,36.0,148.0
2646319147097383252128132,"Sonic, Minute Maid Cranberry Limeade, Wacky Pack",Sonic,"beverages-and-beverages-preparations, beverages",united-states,,,,e,,,undefined,26.0,108.0
915917444190033142,"Sonic, Minute Maid Cranberry, Large",Sonic,toppings-ingredients,united-states,,,,c,,,undefined,24.0,104.0
576261247254980574818,"Sonic, Minute Maid Cranberry, Medium",Sonic,toppings-ingredients,united-states,,,,c,,,undefined,16.0,68.0
8722666946237364050854,"Sonic, Minute Maid Cranberry, RT 44",Sonic,toppings-ingredients,united-states,,,,c,,,undefined,32.0,136.0
81516224581920602376,"Sonic, Minute Maid Cranberry, Small",Sonic,toppings-ingredients,united-states,,,,b,,,undefined,8.0,36.0
4655032743702447,"Sonic, Minute Maid Cranberry, Wacky Pack",Sonic,toppings-ingredients,united-states,,,,b,,,undefined,8.0,36.0
671835257945350648652667,"Sonic, Minute Maid Orange Juice, Medium",Sonic,"beverages-and-beverages-preparations, beverages",united-states,,,,e,,,undefined,42.0,200.0
226548540596698961915,"Sonic, Minute Maid Orange Juice, Small",Sonic,"beverages-and-beverages-preparations, beverages",united-states,,,,e,,,undefined,30.0,144.0
7198847899007762,"Sonic, Minute Maid, 100% Apple Juice, Box",Sonic,"beverages-and-beverages-preparations, beverages",united-states,,,,e,,,undefined,19.0,84.0
32836474738316148126,"Steak 'N Shake, Orange Juice Minute Maid, 4 Fl Oz",Steak 'N Shake,"beverages-and-beverages-preparations, beverages",united-states,,,,unknown,,,undefined,9.3,40.6
960398349714553343,"Steak 'N Shake, Orange Juice Minute Maid, 8 Fl Oz",Steak 'N Shake,"beverages-and-beverages-preparations, beverages",united-states,,,,c,,,undefined,4.65,22.0
92988825411936011769271,"TGI Friday's, Minute Maid Lemonade",TGI Friday's,"beverages-and-beverages-preparations, beverages",united-states,,,,e,,,undefined,42.0,176.0
3151612240899313516,"Wendy's, Minute Maid Light Lemonade, Large",Wendy's,"beverages-and-beverages-preparations, beverages",united-states,,,,b,,,undefined,0.0,8.0
116112910498859711341,"Wendy's, Minute Maid Light Lemonade, Medium",Wendy's,"beverages-and-beverages-preparations, beverages",united-states,,,,b,,,undefined,0.0,4.0
7018494954345208573,"Wendy's, Minute Maid Light Lemonade, Small",Wendy's,"beverages-and-beverages-preparations, beverages",united-states,,,,b,,,undefined,0.0,4.0
56996750490714289010526,"Whataburger, Minute Maid Light Lemonade, Kids, 16 Oz",Whataburger,"beverages-and-beverages-preparations, beverages",united-states,,,,b,,,undefined,0.0,0.0
8022966079400484918536986,"Whataburger, Minute Maid Light Lemonade, Large, 44 Oz",Whataburger,"beverages-and-beverages-preparations, beverages",united-states,,,,b,,,undefined,0.0,0.0
6465594350169987570,"Whataburger, Minute Maid Light Lemonade, Medium, 32 Oz",Whataburger,"beverages-and-beverages-preparations, beverages",united-states,,,,b,,,undefined,0.0,0.423
99896607847998568901742,"Whataburger, Minute Maid Light Lemonade, Small, 20 Oz",Whataburger,"beverages-and-beverages-preparations, beverages",united-states,,,,b,,,undefined,0.0,0.676
65071349968320074,"White Castle, Minute Maid Apple Juice",White Castle,"beverages-and-beverages-preparations, beverages",united-states,,,,c,,,undefined,2.45,10.7
246277891940885515827707,"White Castle, Minute Maid Lemonade Lite, Gallon",White Castle,"beverages-and-beverages-preparations, beverages",united-states,,,,b,,,undefined,0.0,0.0
5621875447922307808,"White Castle, Minute Maid Lemonade Lite, Kids",White Castle,"beverages-and-beverages-preparations, beverages",united-states,,,,b,,,undefined,0.0,0.0
450876790546339167380947,"White Castle, Minute Maid Lemonade Lite, Large",White Castle,"beverages-and-beverages-preparations, beverages",united-states,,,,b,,,undefined,0.0,0.0
89677085744493407745121,"White Castle, Minute Maid Lemonade Lite, Medium",White Castle,"beverages-and-beverages-preparations, beverages",united-states,,,,b,,,undefined,0.0,0.0
53451733541085746239496,"White Castle, Minute Maid Lemonade Lite, Small",White Castle,"beverages-and-beverages-preparations, beverages",united-states,,,,b,,,undefined,0.0,0.644
700186455679491678866582,"White Castle, Minute Maid Lemonade, Gallon",White Castle,"beverages-and-beverages-preparations, beverages",united-states,,,,b,,,undefined,0.291,1.27
9258295209419790844082,"White Castle, Minute Maid Lemonade, Kids",White Castle,"beverages-and-beverages-preparations, beverages",united-states,,,,c,,,undefined,3.72,14.9
639762744799855969855,"White Castle, Minute Maid Lemonade, Large",White Castle,"beverages-and-beverages-preparations, beverages",united-states,,,,b,,,undefined,0.845,3.72
7182543843808703386649,"White Castle, Minute Maid Lemonade, Medium",White Castle,"beverages-and-beverages-preparations, beverages",united-states,,,,b,,,undefined,1.13,4.96
88714354296433568511311,"White Castle, Minute Maid Lemonade, Small",White Castle,"beverages-and-beverages-preparations, beverages",united-states,,,,b,,,undefined,1.77,7.73
4192824535007194,"White Castle, Minute Maid Orange Juice",White Castle,"beverages-and-beverages-preparations, beverages",united-states,,,,c,,,undefined,3.72,17.6
8833262403397707819816,"Zaxby's, Minute Maid Lemonade, 12 Oz",Zaxby's,"beverages-and-beverages-preparations, beverages",united-states,,,,c,,,undefined,3.38,14.7
8487420609458350311654,"Zaxby's, Minute Maid Lemonade, 22 Oz",Zaxby's,"beverages-and-beverages-preparations, beverages",united-states,,,,b,,,undefined,1.84,7.99
486449014588651228736,"Zaxby's, Minute Maid Lemonade, 32 Oz",Zaxby's,"beverages-and-beverages-preparations, beverages",united-states,,,,b,,,undefined,1.27,5.49
531672242493290637,"Zaxby's, Minute Maid Lemonade, 42 Oz",Zaxby's,"beverages-and-beverages-preparations, beverages",united-states,,,,b,,,undefined,0.966,4.19
8009971144186293094510,"Zaxby's, Minute Maid Strawberry Lemonade, 12 Oz, Kiddie",Zaxby's,"beverages-and-beverages-preparations, beverages",united-states,,,,c,,,undefined,2.82,11.3
974556804372653451163,"Zaxby's, Minute Maid Strawberry Lemonade, 22 Oz",Zaxby's,"beverages-and-beverages-preparations, beverages",united-states,,,,b,,,undefined,1.84,7.99
30045237644402165,"Zaxby's, Minute Maid Strawberry Lemonade, 32 Oz",Zaxby's,"beverages-and-beverages-preparations, beverages",united-states,,,,b,,,undefined,1.27,5.49
101993543546830003095,"Zaxby's, Minute Maid Strawberry Lemonade, 42 Oz",Zaxby's,"beverages-and-beverages-preparations, beverages",united-states,,,,b,,,undefined,0.966,4.19
959516159480983927926119,"Joe's Crab Shack, Minute Maid Lemonade",Joe's Crab Shack,"beverages-and-beverages-preparations, beverages",united-states,,,,e,,,undefined,97.0,400.0
611955438469425939,"Joe's Crab Shack, Minute Maid Lemonade, Kids",Joe's Crab Shack,"beverages-and-beverages-preparations, beverages",united-states,,,,e,,,undefined,53.0,220.0
975560472448440073981680,"Krystal, Minute Maid Orange Juice",Krystal,"beverages-and-beverages-preparations, beverages",united-states,,,,e,,,undefined,30.0,148.0
3525446594754254,"LongHorn Steakhouse, Minute Maid Lemonade",LongHorn Steakhouse,"beverages-and-beverages-preparations, beverages",united-states,,,,e,,,undefined,26.0,104.0
5234093960642982702041,"Olive Garden, Minute Maid Limeade",Olive Garden,"beverages-and-beverages-preparations, beverages",united-states,,,,e,,,undefined,47.0,196.0
25625448691787602,"On The Border, Minute Maid Lemonade",On the Border,"beverages-and-beverages-preparations, beverages",united-states,,,,unknown,,,undefined,,144.0
396023124031348927100442,"Red Lobster, Minute Maid Light Lemonade",Red Lobster,"beverages-and-beverages-preparations, beverages",united-states,,,,c,,,undefined,4.0,32.0
153549648793212858,"Red Lobster, Minute Maid Raspberry Lemonade",Red Lobster,"beverages-and-beverages-preparations, beverages",united-states,,,,e,,,undefined,60.0,256.0
745184858096451256,"Red Robin, Minute Maid Lemonade, Adult",Red Robin,"beverages-and-beverages-preparations, beverages",united-states,,,,e,,,undefined,32.0,132.0
49513855145760825606,"Red Robin, Minute Maid Lemonade, Kid",Red Robin,"beverages-and-beverages-preparations, beverages",united-states,,,,e,,,undefined,25.0,100.0
58272943811858727,"Red Robin, Minute Maid Light Lemonade, Adult",Red Robin,"beverages-and-beverages-preparations, beverages",united-states,,,,c,,,undefined,3.0,20.0
4256654480936459,"Red Robin, Minute Maid Light Lemonade, Kid",Red Robin,"beverages-and-beverages-preparations, beverages",united-states,,,,b,,,undefined,2.0,12.0
33813944420823621234,"Sonic, Minute Maid Cranberry Limeade, Large",Sonic,"beverages-and-beverages-preparations, beverages",united-states,,,,e,,,undefined,94.0,388.0
6014512914515664374,"Sonic, Minute Maid Cranberry Limeade, Medium",Sonic,"beverages-and-beverages-preparations, beverages",united-states,,,,e,,,undefined,62.0,256.0
802668294006211090178,"Sonic, Minute Maid Cranberry Limeade, RT 44",Sonic,"beverages-and-beverages-preparations, beverages",united-states,,,,e,,,undefined,127.0,524.0
2268374117022585756,"Sonic, Minute Maid Cranberry Limeade, Small",Sonic,"beverages-and-beverages-preparations, beverages",united-states,,,,e,,,undefined,36.0,148.0
293713646471723172707,"Sonic, Minute Maid Cranberry Limeade, Wacky Pack",Sonic,"beverages-and-beverages-preparations, beverages",united-states,,,,e,,,undefined,26.0,108.0
17895470113860333,"Sonic, Minute Maid Cranberry, Large",Sonic,toppings-ingredients,united-states,,,,c,,,undefined,24.0,104.0
4043912574082028749173,"Sonic, Minute Maid Cranberry, Medium",Sonic,toppings-ingredients,united-states,,,,c,,,undefined,16.0,68.0
678523445913310422,"Sonic, Minute Maid Cranberry, RT 44",Sonic,toppings-ingredients,united-states,,,,c,,,undefined,32.0,136.0
52716245965390363624,"Sonic, Minute Maid Cranberry, Small",Sonic,toppings-ingredients,united-states,,,,b,,,undefined,8.0,36.0
21721819341008742282266,"Sonic, Minute Maid Cranberry, Wacky Pack",Sonic,toppings-ingredients,united-states,,,,b,,,undefined,8.0,36.0
9346152250424983140664,"Sonic, Minute Maid Orange Juice, Medium",Sonic,"beverages-and-beverages-preparations, beverages",united-states,,,,e,,,undefined,42.0,200.0
8105409838880488,"Sonic, Minute Maid Orange Juice, Small",Sonic,"beverages-and-beverages-preparations, beverages",united-states,,,,e,,,undefined,30.0,144.0
867000461211718952310,"Sonic, Minute Maid, 100% Apple Juice, Box",Sonic,"beverages-and-beverages-preparations, beverages",united-states,,,,e,,,undefined,19.0,84.0
1346026448015623651,"Steak 'N Shake, Orange Juice Minute Maid, 4 Fl Oz",Steak 'N Shake,"beverages-and-beverages-preparations, beverages",united-states,,,,unknown,,,undefined,9.3,40.6
669494007476874,"Steak 'N Shake, Orange Juice Minute Maid, 8 Fl Oz",Steak 'N Shake,"beverages-and-beverages-preparations, beverages",united-states,,,,c,,,undefined,4.65,22.0
30435449938743051211,"TGI Friday's, Minute Maid Lemonade",TGI Friday's,"beverages-and-beverages-preparations, beverages",united-states,,,,e,,,undefined,42.0,176.0
594011464207650117038,"Wendy's, Minute Maid Light Lemonade, Large",Wendy's,"beverages-and-beverages-preparations, beverages",united-states,,,,b,,,undefined,0.0,8.0
983198475671480383384,"Wendy's, Minute Maid Light Lemonade, Medium",Wendy's,"beverages-and-beverages-preparations, beverages",united-states,,,,b,,,undefined,0.0,4.0
6528183467831286129,"Wendy's, Minute Maid Light Lemonade, Small",Wendy's,"beverages-and-beverages-preparations, beverages",united-states,,,,b,,,undefined,0.0,4.0
10494449517653381441,"Whataburger, Minute Maid Light Lemonade, Kids, 16 Oz",Whataburger,"beverages-and-beverages-preparations, beverages",united-states,,,,b,,,undefined,0.0,0.0
11749381141450333795881,"Whataburger, Minute Maid Light Lemonade, Large, 44 Oz",Whataburger,"beverages-and-beverages-preparations, beverages",united-states,,,,b,,,undefined,0.0,0.0
625430110949912012986260,"Whataburger, Minute Maid Light Lemonade, Medium, 32 Oz",Whataburger,"beverages-and-beverages-preparations, beverages",united-states,,,,b,,,undefined,0.0,0.423
3878222546708277894675,"Whataburger, Minute Maid Light Lemonade, Small, 20 Oz",Whataburger,"beverages-and-beverages-preparations, beverages",united-states,,,,b,,,undefined,0.0,0.676
6327973834961353270780,"White Castle, Minute Maid Apple Juice",White Castle,"beverages-and-beverages-preparations, beverages",united-states,,,,c,,,undefined,2.45,10.7
284344269676083996,"White Castle, Minute Maid Lemonade Lite, Gallon",White Castle,"beverages-and-beverages-preparations, beverages",united-states,,,,b,,,undefined,0.0,0.0
8647554690341870687,"White Castle, Minute Maid Lemonade Lite, Kids",White Castle,"beverages-and-beverages-preparations, beverages",united-states,,,,b,,,undefined,0.0,0.0
50265178261499120694053,"White Castle, Minute Maid Lemonade Lite, Large",White Castle,"beverages-and-beverages-preparations, beverages",united-states,,,,b,,,undefined,0.0,0.0
77414974919487718823973,"White Castle, Minute Maid Lemonade Lite, Medium",White Castle,"beverages-and-beverages-preparations, beverages",united-states,,,,b,,,undefined,0.0,0.0
3436053478165038251233,"White Castle, Minute Maid Lemonade Lite, Small",White Castle,"beverages-and-beverages-preparations, beverages",united-states,,,,b,,,undefined,0.0,0.644
37962817449897397,"White Castle, Minute Maid Lemonade, Gallon",White Castle,"beverages-and-beverages-preparations, beverages",united-states,,,,b,,,undefined,0.291,1.27
749596467864248360607,"White Castle, Minute Maid Lemonade, Kids",White Castle,"beverages-and-beverages-preparations, beverages",united-states,,,,c,,,undefined,3.72,14.9
507904048633765278,"White Castle, Minute Maid Lemonade, Large",White Castle,"beverages-and-beverages-preparations, beverages",united-states,,,,b,,,undefined,0.845,3.72
7613805334965173054,"White Castle, Minute Maid Lemonade, Medium",White Castle,"beverages-and-beverages-preparations, beverages",united-states,,,,b,,,undefined,1.13,4.96
30429180434523440855,"White Castle, Minute Maid Lemonade, Small",White Castle,"beverages-and-beverages-preparations, beverages",united-states,,,,b,,,undefined,1.77,7.73
5391826478909399293918,"White Castle, Minute Maid Orange Juice",White Castle,"beverages-and-beverages-preparations, beverages",united-states,,,,c,,,undefined,3.72,17.6
439344794488979501591322,"Zaxby's, Minute Maid Lemonade, 12 Oz",Zaxby's,"beverages-and-beverages-preparations, beverages",united-states,,,,c,,,undefined,3.38,14.7
144871429867739,"Zaxby's, Minute Maid Lemonade, 22 Oz",Zaxby's,"beverages-and-beverages-preparations, beverages",united-states,,,,b,,,undefined,1.84,7.99
45235704502992486191,"Zaxby's, Minute Maid Lemonade, 32 Oz",Zaxby's,"beverages-and-beverages-preparations, beverages",united-states,,,,b,,,undefined,1.27,5.49
58392293346799231593,"Zaxby's, Minute Maid Lemonade, 42 Oz",Zaxby's,"beverages-and-beverages-preparations, beverages",united-states,,,,b,,,undefined,0.966,4.19
83444870741771483947779,"Zaxby's, Minute Maid Strawberry Lemonade, 12 Oz, Kiddie",Zaxby's,"beverages-and-beverages-preparations, beverages",united-states,,,,c,,,undefined,2.82,11.3
76115774651486891084442,"Zaxby's, Minute Maid Strawberry Lemonade, 22 Oz",Zaxby's,"beverages-and-beverages-preparations, beverages",united-states,,,,b,,,undefined,1.84,7.99
764246881107466942,"Zaxby's, Minute Maid Strawberry Lemonade, 32 Oz",Zaxby's,"beverages-and-beverages-preparations, beverages",united-states,,,,b,,,undefined,1.27,5.49
671813403428290385474,"Zaxby's, Minute Maid Strawberry Lemonade, 42 Oz",Zaxby's,"beverages-and-beverages-preparations, beverages",united-states,,,,b,,,undefined,0.966,4.19
0005960002371,frozen orange juice,Minute Maid,,"germany, united-states",,,,unknown,,,,,
4801981139743,Minute Maid Pineapple Juice Drink,Coca-Cola Company,"beverages-and-beverages-preparations, plant-based-foods-and-beverages, beverages, plant-based-beverages, carbonated-drinks, fruit-based-beverages, juices-and-nectars, fruit-nectars, sodas, fruit-juices, pineapple-juices",philippines,,,,d,4.0,,"Water, Sugar, Acidulants (Citric Acid, Malic Acid), Pineapple Juice Concentrate (1%), Natural and Artificial Flavors, Sequestrant (SHMP), Preservatives (Sodium Benzoate, Potassium Sorbate), Acidity Regulator (Sodium Citrate), Cloudifier (Acacia Gum), Sweeteners (Acesulfame-K, Sucralose), Artificial Color (Tartrazine), Antioxidant (EDTA), Vitamins (B3, B5, B6)",,
8901764372032,Nimbu Masala,Minute Maid,,india,,,,unknown,,,,11.0,45.0
0025000120183,Minute Maid Mango juice,Minute Maid,,united-states,,,,unknown,,,,,32.0
0025000136986,Fruit Punch,Minute Maid Zero Sugar,,united-states,,,,unknown,,,,0.0,2.08
4902102084673,朝マンゴ,Minute Maid,,japan,,,,unknown,,,,0.0,86.8
0025000175985,Aguas Frescas Strawberry,Minute Maid,"beverages-and-beverages-preparations, plant-based-foods-and-beverages, beverages, plant-based-beverages, fruit-based-beverages, juices-and-nectars, fruit-juices",united-states,,,,unknown,4.0,,"FILTERED WATER, HIGH FRUCTOSE CORN SYRUP, APPLE JUICE FROM CONCENTRATE, STRAWBERRY JUICE FROM CONCENTRATE, CITRIC ACID (FOR TARTNESS), NATURAL FLAVOR, SODIUM HEXAMETAPHOSPHATE AND SODIUM BENZOATE AND POTASSIUM SORBATE, AND CALCIUM DISODIUM EDTA (TO PROTECT TASTE), RED #40, SUCRALOSE",,
9555589210292,Tropika Minuman Buah Campuran,Minute Maid,"beverages-and-beverages-preparations, beverages",united-kingdom,,,,unknown,,,,,
4710018316609,peach flavour sidra,minute maid,,canada,,,,unknown,,,,,
13141393,Minute Maid Tropical Mix Fruit Drink 1.5L,,,singapore,,,,unknown,,,,,
13242607,Minute Maid Qoo 12s  Can 300ml - White Grape,,,singapore,,,,unknown,,,,,
8901764395161,Minute Maid Mixed Fruit,Minute Maid,"beverages-and-beverages-preparations, plant-based-foods-and-beverages, beverages, plant-based-beverages, fruit-based-beverages, juices-and-nectars, fruit-juices",india,,,,unknown,,,,,
8935049510659,Minute Maid teppy nước cam có tép,,,virgin-islands-of-the-united-states,,,,unknown,,,,,
8901764372803,Minute maid,,,united-states,,,,unknown,,,,,
0025000135330,Fruit Cooler Fruit punch,Minute Maid,,united-states,,,,unknown,,,,4.4,19.8
0025000135866,Fruit Punch,Minute Maid,,united-states,,,,unknown,,,,,
5449000340023,Jus d'orange Minute Maid,Minute maid,"beverages-and-beverages-preparations, plant-based-foods-and-beverages, beverages, plant-based-beverages, fruit-based-beverages, juices-and-nectars, fruit-juices",france,,,,e,,,Jus d'orange à base de concentré (55%) ; eau ; sucre ; acidifiant ; acide citrique ; vitamine C,,
54032491,,Minute Maid,"beverages-and-beverages-preparations, plant-based-foods-and-beverages, beverages, plant-based-beverages, fruit-based-beverages, juices-and-nectars, fruit-juices",france,,,,unknown,,,,,
5000112507201,Orange,Minute Maid,"beverages-and-beverages-preparations, plant-based-foods-and-beverages, beverages, plant-based-beverages, fruit-based-beverages, juices-and-nectars, fruit-juices, fruit-juices-from-concentrate, orange-juices, orange-juices-from-concentrate",netherlands,,,,unknown,1.0,,SINAASAPPELSAP UIT CONCENTRAAT,8.7,42.0
5000112510133,Minute Maid Appelsap Uit Concentraat 24 x 330 ml,Minute Maid,,netherlands,,,,unknown,,,,,
5000112685909,Minute Maid Orange Nectar 330 ml,Minute Maid,,netherlands,,,,unknown,,,"Sinaasappelsap uit concentraat (55%), water, suiker, voedingszuur: citroenzuur, vitamine C, Vruchtgehalte: ten minste 55%.",,
0025000136481,minute maid mini,coca cola,,united-states,,,,unknown,,,,,
5449000341112,minute maid orange nectar vit c,minute maid,,france,,,,unknown,,,,,
0025000138218,Zero Sugar Orange Pineapple,Minute Maid,,united-states,,,,unknown,,,,,
4710018315503,Apple Flavored Sparkling Soda,Minute Maid,,united-states,,,,unknown,,,,0.303,13.6
4710018316142,Zero Sugar Grape Flavor Sparkling Soda,Minute Maid,,united-states,,,,unknown,,,,0.303,15.2
4902102157186,Minute Maid zero sugar,Coca cola,,japan,,,,unknown,,,,,
0059600038579,Orange Juice Zero Sugar,Minute Maid,,canada,,,,unknown,,,,,
5449000340108,pack 6x 20cl minute maid orange,minute maid,,france,,,,unknown,,,,,
0025000082092,Mango Smoothie Mix,Minute Maid,,united-states,,,,unknown,,,,,
0025444120565,Minute Maid,Zero Sugar Mango Passion,,united-states,,,,unknown,,,,,
9416216002133,,Minute Maid,"beverages-and-beverages-preparations, plant-based-foods-and-beverages, beverages, plant-based-beverages, fruit-based-beverages, juices-and-nectars, fruit-nectars, apple-nectars, sweetened-beverages",new-zealand,,,,d,4.0,,"Water, Apple Juice from Concentrate (25%), Sugar, Acidity Regulator (330), Antioxidant (300), Flavour, Preservative (202), Colour (150d).",,
4710018315701,0 Sugar Apple Soda,Minute Maid,,canada,,,,unknown,,,,,
4902102067041,アロエ & 白ぶどう,Minute Maid,,united-states,,,,unknown,,,,,
9959561166018,Minute maid pulpy 4ext,,,indonesia,,,,unknown,,,,,
4902102160407,SMOOTHIE PROTEIN ストロベリー,Minute Maid,,united-states,,,,unknown,,,,,
4902102160438,SMOOTHIE PROTEIN,Minute Maid,,united-states,,,,unknown,,,,,
4801981097807,Nutri+ Pineapple Orange Immunity + Digestion,Minute Maid,,philippines,,,,unknown,,,,,
4801981097784,Minute Maid Pineapple Orange,,,philippines,,,,unknown,,,,,
4902102084642,朝バナナ (Morning Banana),Minute Maid,,united-states,,,,unknown,,,,,
4801981125197,Minute Maid Nutri+ Orange-Mango,,,philippines,,,,unknown,,,,,
4801981097791,Minute Maid Nutri+ Pineapple Orange,,,philippines,,,,unknown,,,,,
01070965,Minute maid,,,france,,,,unknown,,,,,
6975682483042,MZY Peach Juice Drink,"Minute Maid, Coca-Cola, MZY","beverages-and-beverages-preparations, plant-based-foods-and-beverages, beverages, plant-based-foods, fruits-and-vegetables-based-foods, fruits-based-foods, fruits, plant-based-beverages, fruit-based-beverages, juices-and-nectars, fruit-juices, peaches, peach-juices","china, united-kingdom",,,,e,4.0,,"Water, fructose syrup, sugar, concentrated peach juice, peach puree, emulsifier (E466, E440), acidity regulator (E330, E331), antioxidant E300, sweetener E960, stabilizer E415, colour E160d, food flavouring.",,
9416216001433,Minute Maid Pulpy,Orange,,fiji,,,,unknown,,,,,
4902102060646,Apple 100%,Minute Maid,,united-states,,,,unknown,,,,,
4902102100229,Qoo りんご,Minute Maid,,japan,,,,unknown,,,,,
