code,product_name,brands,categories_tags,countries_tags,packaging_tags,stores,purchase_places,nutriscore_grade,nova_group,ecoscore_grade,ingredients_text,nutriments.sugars_100g,nutriments.energy-kcal_100g
0016600000098,Schweppes Soda tonique,,,canada,,,,unknown,,,,,
0078000202465,Sparkling seltzer water,Schweppes,,united-states,,,,unknown,,unknown,,0.0,1.6901000000000002
0078000206401,GINGER ALE,Schweppes,beverages,"france, united-states",,,"New York City,New York,USA",e,4.0,,"Carbonated water, high fructose corn syrup, citric acid, sodium benzoate, caramel color, natural flavors",,
0088009260724,Schweppes,,,france,,,,unknown,,,,,
0088009270617,SCHWEPPES LEMON,Schweppes,"beverages, carbonated-drinks, sodas",france,,,,e,,,,,
0088009270631,Lemon,Schweppes,"plant-based-foods-and-beverages, beverages, plant-based-beverages, carbonated-drinks, fruit-based-beverages, sodas, fruit-sodas, lemon-soft-drinks, sweetened-beverages",france,,,,e,4.0,,"Eau gazéifiée, sucre, jus concentré de citron, arômes naturels de citron, émulsifiants (E444), conservateur (E210), acidifiant (E330), extrait de carthame.",,
01721117,Schweppes poire,schweppes,"beverages, carbonated-drinks",france,,,,unknown,,,,,
0898195001342,Premium Tonic Water,"Fever-tree, Schweppes","beverages, waters","united-states, world","aluminium-cap, glass-bottle",,,d,4.0,,"Carbonated spring water, cane sugar, citric acid, natural flavors, natural quinine.",8.0,33.0
14813748,Ricqles menthe,"Ricqles, Schweppes",,france,,,,unknown,,,,,
2000000000394,Orangina,"Orangina, Schweppes","plant-based-foods-and-beverages, beverages, plant-based-beverages, carbonated-drinks, fruit-based-beverages, sodas, fruit-sodas",france,boite-metal,Orangina sur la plage,Leucate,e,4.0,,"Eau gazéifiée, jus d'orange et autres agrumes à base de concentrés 12% (orange 10%, citron, pamplemousse, mandarine), sucre, pulpe d'orange, extrait de zeste d'orange, arômes naturels d'orange",,
2000000907376,Agrum,Schweppes,,france,,,,unknown,,,,,
3048431005352,Ricqles saveur menthe,Schweppes,"beverages-and-beverages-preparations, beverages, carbonated-drinks, sodas, sweetened-beverages",france,"plastic, bottle, bouchon-en-plastique, bouteille-en-plastique",,,d,4.0,,"Eau gazéifiée, sucre, arôme naturel de menthe avec autres arômes naturels.",,
3104931611414,Tomate,"Orangina Schweppes, Pampryl","plant-based-foods-and-beverages, beverages, plant-based-foods, fruits-and-vegetables-based-foods, vegetables-based-foods, plant-based-beverages, vegetable-based-foods-and-beverages, juices-and-nectars, vegetable-based-beverages, tomatoes-and-their-products, vegetable-juices, tomato-juices",france,"metal, glass, bottle",,France,b,3.0,,"Jus de tomate, sel.",,
3114481002129,Schweppes zéro,Schweppes,,france,,,,unknown,,,,,
3124480000576,Indian Tonic Schweppes,Schweppes,"beverages, frozen-foods, carbonated-drinks, sodas, tonic-water, sweetened-beverages","belgium, france",,"Magasins U, Delhaize, carrefour.fr",,e,4.0,,"eau gazéifiée, sucre, acidifiant : acide citrique, arôme naturels, arôme : quinine, édulcorants : acesulfame K et sucralose.",,
3124480001184,Schweppes Zéro,Schweppes,"beverages, carbonated-drinks, artificially-sweetened-beverages, sodas, diet-beverages, diet-sodas",france,"can, drink-can",,"Marseille,France",c,4.0,,"eau gazéifiée, acidifiant : acide citrique, édulcorants : acésulfame K et sucralose, arômes naturels, arôme : quinine.",,
3124480001207,Schweppes Indian Tonic,Schweppes,"beverages, carbonated-drinks, sodas, tonic-water, sweetened-beverages, sodas-tonic",france,"can, drink-can",,,e,4.0,,"Eau gazéifiée, A : sirop de glucose-fructose, sucre ou B : sucre, acidifiant : acide citrique, arômes naturels, arôme : quinine",,
3124480001276,Schweppes Zéro,Schweppes,"beverages, carbonated-drinks, artificially-sweetened-beverages, sodas, diet-beverages, diet-sodas",france,pack-de-6-canettes,Utile,"Saint Martin d'Hères,France",c,4.0,,"eau gazéifiée, acidifiant : acide citrique, édulcorants : acésulfame K et sucralose, arômes naturels, arôme : quinine.",,
3124480001405,Schweppes indian tonic,"Orangina Schweppes, Schweppes","beverages, carbonated-drinks, sodas, carbonated-soft-drinks-without-fruit-juice, carbonated-soft-drinks-without-fruit-juice-with-sugar, sweetened-beverages, soda-aux-ecorces-de-quinquina","belgium, france",bouteille-plastique,Leclerc,Conflans-Sainte-Honorine,e,4.0,,"eau gazéfiée, sucre, acidifiant : acide citrique, arômes naturels, arôme : quinine",,
3124480001429,Schweppes Zero INDIAN TONIC,Schweppes,"beverages-and-beverages-preparations, beverages, carbonated-drinks, artificially-sweetened-beverages, sodas, diet-beverages, carbonated-soft-drinks-without-fruit-juice, diet-sodas, tonic-water, carbonated-soft-drinks-without-fruit-juice-with-sugar-and-artificial-sweeteners","france, switzerland","plastic, pet-polyethylene-terephthalate, bouteille-plastique",,,c,4.0,,"eau gazéifiée, acidifiant : acide citrique, édulcorants : acésulfame K et sucralose, arômes naturels, arôme : quinine.",,
3124480001702,Schweppes Indian Tonic,"Indian Tonic, Schweppes","beverages-and-beverages-preparations, beverages, carbonated-drinks, artificially-sweetened-beverages, sodas, tonic-water, sweetened-beverages","belgium, france",bottle,,,e,4.0,,"eau gazéifiée, sucre, acidifiant: (acide citrique), arômes naturels, arôme (quinine), édulcorants : acésulfame K et sucralose).",,
3124480002129,PET 1.5L SCHWEPPES ZERO LEMON,Schweppes,"beverages-and-beverages-preparations, plant-based-foods-and-beverages, beverages, plant-based-beverages, carbonated-drinks, fruit-based-beverages, artificially-sweetened-beverages, sodas, diet-beverages, fruit-sodas, diet-sodas, lemon-soft-drinks, light-fruit-sodas, light-lemon-soft-drinks, sweetened-beverages","belgium, france, luxembourg, netherlands","bouteille, plastique",,,c,4.0,,"eau gazéifiée, extraits naturels de citron, acidifiant : acide citrique, arôme naturels de citron avec autres arômes naturels, édulcorants : acésulfame K et sucralose, conservateur : E202, amidon modifié, stabilisants (E445,E444)",,
3124480002167,Schweppes lemon,Schweppes,"plant-based-foods-and-beverages, beverages, plant-based-beverages, carbonated-drinks, fruit-based-beverages, artificially-sweetened-beverages, sodas, fruit-sodas, lemon-soft-drinks, sweetened-beverages","belgium, france","can, drink-can, boite-alu",Carrefour,Marche en famenne,unknown,4.0,,"eau gazeifiée, A: sirop de glucose-fructose, sucre ou B: sucre (A ou B voir le fond de
la boîte), extraits naturels de citron, acidifiant: acide citrique, arômes naturels de citron avec autres arômes
naturels, conservateur E202, édulcorants (E951, E950), amidon modifié, stabilisants (E445, E444)",,
3124480002174,Schweppes Lemon,Schweppes,"plant-based-foods-and-beverages, beverages, plant-based-beverages, carbonated-drinks, fruit-based-beverages, sodas, fruit-sodas, lemon-soft-drinks, sweetened-beverages",france,bouteille-plastique,Super U,,e,4.0,,"eau gazéifiée, sucre, extraits naturels de citron, acidifiant : acide citrique, arômes naturels de citron avec autres arômes naturels, conservateur : E202, édulcorants (E951, E950), amidon modifié, stabilisants (E445, E444)",,
3124480002303,Schweppes Lemon,Schweppes,"plant-based-foods-and-beverages, beverages, plant-based-beverages, carbonated-drinks, fruit-based-beverages, artificially-sweetened-beverages, sodas, fruit-sodas, sweetened-beverages",france,"plastic, bottle, bouteille-a-recycler-en-france, point-vert, triman",,,unknown,4.0,,"eau gazéifiée, A : sirop de glucose-fructose, sucre ou B : sucre (A ou B voir sur le haut de la bouteille), extraits naturels de citron, acidifiant : acide citrique, arômes naturels de citron avec autres arômes naturels, conservateur E202, édulcorants (E951, E950), amidon modifié, stabilisants (E445, E444).",,
3124480002501,Schweppes Agrumes,Schweppes,"beverages-and-beverages-preparations, plant-based-foods-and-beverages, beverages, plant-based-beverages, carbonated-drinks, fruit-based-beverages, artificially-sweetened-beverages, sodas, diet-beverages, fruit-sodas, diet-sodas, light-fruit-sodas, sweetened-beverages","belgium, france","plastic, bottle, bouchon-en-plastique, bouteille-en-plastique","Magasins U,leclerc,carrefour.fr","Paris,France",e,4.0,,"carbonated water, sugar, natural orange extracts, acidifier: citric acid, preservative: e202, sweeteners: acesulfame k and sucralose, modified starch, antioxidant: ascorbic acid, natural citrus aromas with other natural aromas, stabilizing: e445, dye: e142,",,
3124480002556,Schweppes Agrum',Schweppes,,france,,,,unknown,,,,,
3124480002570,Schweppes,schweppes,"beverages-and-beverages-preparations, plant-based-foods-and-beverages, beverages, plant-based-beverages, carbonated-drinks, fruit-based-beverages, artificially-sweetened-beverages, sodas, fruit-sodas, sweetened-beverages","france, switzerland",canette-metal,Carrefour,France,unknown,4.0,,"Eau gazéifiée, sucre, extraits naturels d'orange, acidifiant: acide citrique, conservateur E202, édulcorants (E951, E950), amidon modifié, antioxydant:acide ascorbique,stabilisant E445,arômes naturels d'agrumes et autres arômes naturels",,
3124480002594,Schweppes Agrum',Schweppes,"beverages-and-beverages-preparations, plant-based-foods-and-beverages, beverages, plant-based-beverages, carbonated-drinks, fruit-based-beverages, artificially-sweetened-beverages, sodas, fruit-sodas, sweetened-beverages","belgium, france",,,,e,4.0,,"eau gazéifiée, sucre, extraits naturels d'orange, acidifiant : acide citrique, conservateur E202, édulcorants (E951, E950), amidon modifié, antioxydant : acide ascorbique, stabilisant E445, arômes naturels d'agrumes avec autres arômes naturels, colorant E142.",,
3124480002686,Schweppes Zero Agrum',Schweppes,"plant-based-foods-and-beverages, beverages, plant-based-beverages, carbonated-drinks, fruit-based-beverages, artificially-sweetened-beverages, sodas, diet-beverages, fruit-sodas, sweetened-beverages","belgium, france","plastic, bottle, bouchon-en-plastique, bouteille-en-plastique, bouteille-et-bouchon-plastique-a-recycler, bouteille-plastique","Intermarché,Magasins U, carrefour.fr","Niort,France",c,4.0,,"carbonated water, orange extracts, acidifier : citric acid, sweeteners : acesulfame k and sucralose, preservative : potassium sorbate, modified starch, antioxidant : ascorbic acid, natural flavors of citrus with other natural flavourings, stabiliser e445, colouring agent e142,",,
3124480002716,Schweppes Agrum' Zero,Schweppes,"plant-based-foods-and-beverages, beverages, plant-based-beverages, carbonated-drinks, fruit-based-beverages, artificially-sweetened-beverages, sodas, diet-beverages, fruit-sodas, diet-sodas, light-fruit-sodas",france,"metal, recyclable-metals, aluminium, can, drink-can",,France,c,4.0,,"Eau gazéifiée, extraits naturels d'orange, acidifiant (acide citrique), édulcorants (E950, E955), conservateur (E202), amidon modifié, antioxydant (acide ascorbique), arômes naturels d'agrumes (orange, pamplemousse, citron vert et mandarine) avec autres arômes naturels, stabilisant E445, colorant E142",,
3124480002723,Schweppes Zero Lemon,Schweppes,"beverages, carbonated-drinks, artificially-sweetened-beverages, diet-beverages",france,"metal, can, drink-can",,,unknown,,,,,
3124480002730,Schweppes Agrum' Zero ,Schweppes,"beverages, carbonated-drinks, artificially-sweetened-beverages, sodas, diet-beverages, diet-sodas, sodas-aux-agrumes",france,"metal, plastic, recyclable-metals, aluminium, can, drink-can",,France,c,4.0,,"Eau gazéifiée, extraits naturels d'orange, acidifiant : acide citrique, édulcorants : acésulfame K et sucralose, conservateur : sorbate de potassium, amidon modifié, antioxydant : acide ascorbique, arômes naturels d'agrumes (orange, pamplemousse, citron vert et mandarine) avec autres arômes naturels, stabilisant E445, colorant E142.",,
3124480072009,Gini Lemon,Orangina Schweppes France,"plant-based-foods-and-beverages, beverages, plant-based-beverages, carbonated-drinks, fruit-based-beverages, sodas, fruit-sodas, lemon-soft-drinks, sweetened-beverages","belgium, france","plastic, bottle","Magasins U, carrefour.fr",France,e,4.0,,"Eau gazéifiée, sucre, jus de citron à base de concentré et extraits de citron 3%, acidifiants acide citrique et acide malique, arôme naturel de citron avec autres arômes naturels, conservateur sorbate de potassium, édulcorants: acésulfame K et sucralose, antioxydant: acide ascorbique, arôme : quinine.",,
3124480151414,Indian tonic -,Schweppes,"beverages-and-beverages-preparations, beverages, carbonated-drinks, artificially-sweetened-beverages, sodas, carbonated-soft-drinks-without-fruit-juice, tonic-water, carbonated-soft-drinks-without-fruit-juice-with-sugar, sweetened-beverages",netherlands,"plastic, bottle-cap, wine-cork, bottle, dry",,,e,4.0,,"eau gazéifiée, sucre, acidifiant : acide citrique, arômes naturels, arôme : quinine, édulcorants : acésulfame K et sucralose.",,
3124480151490,Indian Tonic,Schweppes,"beverages, carbonated-drinks, artificially-sweetened-beverages, sodas, tonic-water, sweetened-beverages",france,"plastic, bottle","Magasins U, carrefour.fr",,c,,,,,
3124480156815,Agrum 4 bouteilles de 1.5L,Schweppes,,france,,,,unknown,,,,,
3124480157300,Schweppes lemon,Schweppes,"beverages-and-beverages-preparations, beverages, carbonated-drinks, artificially-sweetened-beverages, sodas, sweetened-beverages",france,"bouchon-en-plastique, bouteille-en-plastique",,,c,4.0,,"eaygàzéifiée, sucredéxtraits de citron, acidifiant acide citrique, arômes naturejgtde citron avec autres arômes naturels, conservateur? sorbate de potassium, édulcorants sacésulfam?l,lt, et sucralose, amidon modifié, stabilisants (E445, E444),Commeretàlisépar orangina Schweppes France2Fabriqué avec 'Hteetorisàiion de Schweppe ernationalLimited,Service çbnsommateurs SchweppësFraiiìeTCS ,lt,etvProVence Cedex 3 - - FïàfiÇtindiquëi? numéro,quot,du sur le haut de la",,
3124480157317,Dark Side Premium Cola,Schweppes,"beverages, carbonated-drinks, sodas, colas, sweetened-beverages",france,bouteille-plastique,,"Paris,France",e,4.0,,"eau gazéifiée, sucre, caramel E150d, acidifiants (acide phosphorique, acide citrique), édulcorants (E950, E955), arômes naturels, arôme (caféine), émulsifiant (extraits de quillaia)",,
3124480159090,Indian Tonic - Boisson gazeuse rafraîchissante mini canette,Schweppes,"beverages, carbonated-drinks, artificially-sweetened-beverages, sodas, tonic-water, sweetened-beverages","belgium, france","can, drink-can","Cora,Magasins U, Delhaize, carrefour.fr","Courrières,France",e,4.0,,"Eau gazéifiée, sucre, acidifiant : acide citrique, arômes naturels, arôme : quinine, édulcorants : acésulfame-K et sucralose.",,
3124480159106,Orangina et sa pulpe,"Orangina, Orangina Schweppes","plant-based-foods-and-beverages, beverages, plant-based-beverages, carbonated-drinks, fruit-based-beverages, sodas, fruit-sodas, orange-soft-drinks, sweetened-beverages",france,"metal, recyclable-metals, aluminium, can, drink-can",,France,d,4.0,,"Eau gazéifiée, jus d'orange et autres agrumes à base de concentré 12% (orange 10%, citron, pamplemousse), sucre, pulpe 2% (orange, mandarine), extrait de zeste d'orange, arômes naturels d'orange",,
3124480159113,boisson tonic indian  15cl Schweppes can,schweppes,"beverages, carbonated-drinks, artificially-sweetened-beverages, sodas, tonic-water, sweetened-beverages, india-tonic","belgium, france",canette-en-aluminium-a-recycler,,,e,4.0,,"Eau gazéifiée, sucre, acidifiant : acide citrique, arômes naturels, arôme : quinine, édulcorants : acésulfame K, sucralose.",,
3124480163011,Pêch',Schweppes,"plant-based-foods-and-beverages, beverages, plant-based-beverages, carbonated-drinks, fruit-based-beverages, sodas, fruit-sodas, sweetened-beverages",france,"plastic, bottle",,,e,4.0,,"Eau gazéifiée, sucre, acidifiant : acide citrique, arômes, antioxydant : acide ascorbique, conservateur : sorbate de potassium, édulcorants : acésulfame K et sucralose, amidon modifié, stabilisants (E445, E444), colorants : acide carminique et L-caroténoïdes mélangés.",,
3124480164148,Ricqles saveur menthe,"Scheppes, Schweppes",beverages,france,,,,d,,,,,
3124480164155,Schweppes Agrum,Schweppes,"beverages-and-beverages-preparations, plant-based-foods-and-beverages, beverages, plant-based-beverages, carbonated-drinks, fruit-based-beverages, artificially-sweetened-beverages, non-alcoholic-beverages, sodas, fruit-sodas, sweetened-beverages","belgium, france",,,,e,4.0,,"eau gazéifiée, sucre, extraits naturels d'orange, acidifiant : acide citrique, conservateur : sorbate de potassium, édulcorants : acésulfame k et sucralose, amidon modifié, antioxydant : acide ascorbique, arômes naturels d'agrumes avec autres arômes naturels, stabilisant e445, colorant e142.",,
3124480164186,Gini,"Orangina, Orangina Schweppes","plant-based-foods-and-beverages, beverages, plant-based-beverages, carbonated-drinks, fruit-based-beverages, sodas, fruit-sodas, lemon-soft-drinks, sweetened-beverages",france,"glass, bottle",,France,e,4.0,,"Eau gazéifiée, sucre, jus à base de concentré et extraits de citron (3%), acidifiants : acide citrique et acide malique, arômes, conservateur : sorbate de potassium, édulcorants : acésulfame K et antioxydant : acide : quinine.",,
3124480164193,Indian Tonic,Schweppes,"beverages, carbonated-drinks, artificially-sweetened-beverages, sodas, tonic-water, sweetened-beverages","belgium, france","glass, bottle",,,e,4.0,,"Eau gazéifiée, sucre, acidifiant : acide citrique, arômes naturels, arôme : quinine, édulcorants : acésulfame K et sucralose.",,
3124480164315,Boisson gazeuse lemon,Schweppes,"plant-based-foods-and-beverages, beverages, plant-based-beverages, carbonated-drinks, fruit-based-beverages, artificially-sweetened-beverages, sodas, fruit-sodas, sweetened-beverages",france,"glass, bottle",,,e,4.0,,"eau gazéifiée, sucre, extraits naturels de citron, acidifiant : acide citrique, arômes naturels de citron avec autres arômes naturels, conservateur : sorbate de potassium, édulcorants : acésulfame K et sucralose, amidon modifié, stabilisants (E445, E444)",,
3124480164896,Soda Schweppes Agrum',Schweppes,"beverages, artificially-sweetened-beverages",france,,,,e,4.0,,"eau gazéifiée, sucre, extraits d'orange, acidifiant : acide citrique, conservateur : sorbate de potassium, édulcorants : acésulfame K et sucralose, amidon modifié, antioxydant : acide ascorbique, arômes naturels d'agrumes avec autres arômes naturels, Stabilisant E445, colorant E142.",,
3124480165237,Menthe,"Ricqles, Schweppes","beverages, sweetened-beverages",france,"bottle, bottle-cap, capsule, wine-cork, bouteille-verre-transparante",,France,unknown,3.0,,"eau gazéfiée, sucre, arôme naturel de menthe avec autre arome naturel",,
3124480165244,Indian Tonic,Schweppes,"beverages-and-beverages-preparations, beverages, carbonated-drinks, artificially-sweetened-beverages, sodas, non-alcoholic-beverages, tonic-water, sweetened-beverages","france, reunion",,Carrefour Market,France,e,4.0,,"eau gazéifiée, sucre, acidifiant : acide citrique, arômes naturels, arôme : quinine édulcorants : acésulfame K et sucralose,",,
3124480167026,Orangina,"Orangina, Orangina Schweppes","beverages-and-beverages-preparations, plant-based-foods-and-beverages, beverages, plant-based-beverages, carbonated-drinks, fruit-based-beverages, sodas, fruit-sodas, orange-soft-drinks, sweetened-beverages",france,"plastic, bottle-cap, wine-cork, bottle",,,e,4.0,,"Eau gazéifiée, jus d'orange et autres agrumes à base de concentrés 12% (orange 11% dont pulpe 1%, pamplemousse, mandarine), sucre, concentré d'écorces d'orange et de mandarine, acidifiant : acide citrique, arôme naturel d'orange, conservateur : sorbate de potassium.",,
3124480167064,Schweppes Agrum',Schweppes,"beverages-and-beverages-preparations, plant-based-foods-and-beverages, beverages, plant-based-beverages, carbonated-drinks, fruit-based-beverages, artificially-sweetened-beverages, sodas, fruit-sodas, sweetened-beverages",france,"bottle, bouteille-plastique",,,d,4.0,,"Eau gazeifiée, sucre, extraits d'orange, acidifiant: acide citrique, conservateur: sorbate de potassium, édulcorants: acesulfame K et sucralose, arômes naturels d'agrumes avec autres arômes naturels, amidon modifié, antioxydant: acide ascorbique, stabilisant: E445.",,
3124480167132,Citronnade à l'Eau de Source,"Orangina Schweppes, Pulco","plant-based-foods-and-beverages, beverages, plant-based-beverages, fruit-based-beverages, sweetened-beverages, citronnades",france,"plastic, bottle",Intermarché,"Brest,France,Carvin",d,4.0,,"eau de source 80%, jus d'orange à base de concentré 12%, sucre, pulpe de citron 0.7%, acidifiant : acide citrique, arômes naturels d'orange et de mandarine avec autres arômes naturels, vitamine C.",,
3124480170088,PET 1.5L POMM SCHWEPPES,Schweppes,"beverages-and-beverages-preparations, plant-based-foods-and-beverages, beverages, plant-based-beverages, carbonated-drinks, fruit-based-beverages, artificially-sweetened-beverages, non-alcoholic-beverages, sodas, fruit-sodas, sweetened-beverages",france,"bouchon-en-plastique, bouteille, bouteille-en-plastique",,,e,4.0,,"eau gazéifiée, sucre, acidifiants: acide malique et acide citrique, aromes naturels, conservateur sorbate de potassium ,colorants E150d et carotènes végétaux, édulcorants: acésulfame K et sucralose.",,
3124480170132,Schweppes Agrum',Schweppes,"beverages, carbonated-drinks, artificially-sweetened-beverages, sodas, non-alcoholic-beverages, sweetened-beverages","france, switzerland","metal, can, drink-can",,France,e,4.0,,"eau gazéifiée, sucre, extraits d'orange, acidifiant : acide citrique, conservateur : sorbate de potassium, édulcorants : acésulfame K et sucralose, amidon modifié, antioxydant : acide ascorbique, arômes naturels d'agrumes avec autres arômes naturels, stabilisant E445, colorant E142,",,
3124480170149,Aux Saveurs de 4 Agrumes,Schweppes,"plant-based-foods-and-beverages, beverages, plant-based-foods, fruits-and-vegetables-based-foods, fruits-based-foods, plant-based-beverages, carbonated-drinks, fruit-based-beverages, fruits, artificially-sweetened-beverages, citrus, sodas, fruit-sodas, sweetened-beverages","belgium, france","can, drink-can","Magasins U, Delhaize, carrefour.fr",,e,4.0,,"Eau gazéifiée, sucre, extraits naturels d'orange, acidifiant : acide citrique, conservateur : sorbate de potassium, édulcorants : acésulfame K et sucralose, amidon modifié, antioxydant : acide ascorbique, arômes naturels d'agrumes avec autres arômes naturels, stabilisant E445, colorant E142.",,
3124480171429,Schweppes Agrum',"Orangina Schweppes, Schweppes","plant-based-foods-and-beverages, beverages, plant-based-beverages, carbonated-drinks, fruit-based-beverages, artificially-sweetened-beverages, sodas, fruit-sodas, sweetened-beverages",france,"metal, recyclable-metals, aluminium, can, drink-can",,France,e,4.0,,"Eau gazéifiée, sucre, extraits naturels d'orange, acidifiant : acide citrique, conservateur : sorbate de potassium, édulcorants: acésulfame K et sucralose, amidon modifié, antioxydant acide ascorbique, arômes naturels d'agrumes avec autres arômes naturels, stabilisant E445, colorant E142.",,
3124480171436,Schweppes Lemon Soda - Designed By Fred & Farid,Schweppes,,france,,,,unknown,,,,,
3124480171443,Schweppes Dark Side Premium Cola,Schweppes,"beverages, carbonated-drinks, sodas, colas, sweetened-beverages",france,canned,,"Lyon,France",e,4.0,,"eau gazéifiée, sucre, colorant caramel (E150d), acidifiants acide phosphorique et acide citrique, édulcorants (E950, E955), arômes naturels, arôme caféine, émulsifiant extrait de quillaia",,
3124480171450,Schweppes Indian Tonic 25cl,Schweppes,"beverages, carbonated-drinks, sodas, tonic-water, sweetened-beverages",france,,,,c,,,,,
3124480171535,Citronnade - Boisson rafraîchissante aux fruits et à l'eau de source,"Orangina Schweppes, Orangina Schweppes France, Pulco","beverages, sweetened-beverages, citronnades, boissons-au-citron",france,"metal, can, drink-can",,France,c,4.0,,"Eau de source 80%, jus de fruits à base de concentrés 12% (citron 11%, orange1 %), sucre, pulpe de citron 0,7%, acidifiant : acide citrique, arôme naturel de citron avec autres arômes naturels, antioxydant : acide ascorbique.",,
3124480171658,Schweppes Indian Tonic,Schweppes,"beverages, carbonated-drinks, sodas, tonic-water, sweetened-beverages",france,"metal, recyclable-metals, aluminium, can, drink-can",Auchan,neuilly sur Marne,unknown,4.0,,"Eau gazéifiée, A : sirop de glucose-fructose, sucre ou B : sucre, acidifiant : acide citrique, arômes naturels, arôme : quinine",,
3124480173652,Boisson gazeuse rafraîchissante saveurs fruits de la passion,Schweppes,"beverages-and-beverages-preparations, plant-based-foods-and-beverages, beverages, plant-based-beverages, carbonated-drinks, fruit-based-beverages, sodas, fruit-sodas, sweetened-beverages",france,"glass, bottle",,,e,4.0,,"Eau gazéifiée, sucre, acidifiant : acide citrique, antioxydant : acide ascorbique, conservateur : sorbate de potassium, colorant : acide carminique, édulcorants : acésulfame K et sucralose, arômes naturels, amidon modifié, stabilisants (E445, E444).",,
3124480173676,Schweppes Agrum',"Orangina, Schweppes","plant-based-foods-and-beverages, beverages, plant-based-beverages, carbonated-drinks, fruit-based-beverages, artificially-sweetened-beverages, sodas, fruit-sodas, sweetened-beverages",france,bouteille-plastique,,,e,4.0,,"eau gazéifiée, sucre, extraits naturels d'orange, acidifiant : acide citrique, conservateur  : sorbate de potassium, édulcorants : acésulfame K et sucralose, amidon modifié, antioxydant : acide ascorbique, arômes naturels d'agrumes avec autres arômes naturels, stabilisant E445, colorant E142.",,
3124480173720,Citronnade à l'eau de source - Citron & Citron vert,"Orangina Schweppes France, Pulco","beverages-and-beverages-preparations, plant-based-foods-and-beverages, beverages, plant-based-beverages, fruit-based-beverages, sweetened-beverages, citronnades",france,"plastic, bottle",Franprix,Paris,d,4.0,,"Eau de source 80%, jus de fruits à base de concentrés 12% (citron 7%, orange, citron vert 2%), sucre, pulpe de citron 0,7%, arômes naturels de citron vert et de citron, acidifiant (acide citrique, vitamine C)",,
3124480177377,Schweppes Pomm',Schweppes,"plant-based-foods-and-beverages, beverages, plant-based-beverages, carbonated-drinks, fruit-based-beverages, sodas, fruit-sodas, apple-soft-drinks, sweetened-beverages",france,"metal, can, drink-can, steel",,"Marseille,France",unknown,4.0,,"Eau gazéifiée, sucre, acidifiants (acide citrique, acide malique), arômes, conservateur E202, colorants (caramel E150d et caroténoïdes mélangés), édulcorants (E950, E955).",,
3124480177452,Miss O ! Framboise Light,"Orangina, Schweppes","beverages, frozen-foods, carbonated-drinks, artificially-sweetened-beverages, flavoured-drinks, boisson-gazeuse-aromatisee-aux-fruits",france,"bouchon-plastique, bouteille-plastique",Carrefour,France,unknown,4.0,,"eau gazéifiée, jus d'orange et autres agrumes à base de concentrés 12% (orange 10%, citron, mandarine, pamplemousse), pulpe d'orange 2%, arômes naturels d'orange avec autres arômes naturels, colorants : anthocyanes et carmins, conservateur : sorbate de potassium, édulcorants : acésulfame K et sucralose, extrait de zeste d'orange.",,
3124480177483,Schweppes Citrus Soda - Agrum',Schweppes,,france,,,,unknown,,,,,
3124480177537,Schweppes Mûre,Schweppes,"plant-based-foods-and-beverages, beverages, plant-based-beverages, carbonated-drinks, fruit-based-beverages, sodas, fruit-sodas, sweetened-beverages",france,"plastic, bottle",Monoprix,"France,Saint-Maur des Fossés",e,4.0,,"Eau gazéifiée, sucre, acidifiant : acide citrique, concentrés (carotte, hibiscus), conservateur : sorbate de potassium, arômes naturels, édulcorants : acésulfame K et sucralose, amidon modifié, stabilisants (E445, E444)",,
3124480177551,Schweppes Mandarine,Schweppes,"plant-based-foods-and-beverages, beverages, plant-based-beverages, carbonated-drinks, fruit-based-beverages, sodas, fruit-sodas, sweetened-beverages",france,"plastic, bottle, etiquette-film-plastique","Carrefour,Super U","Marseille,France",e,4.0,,"eau gazéifiée, sucre, acidifiant: acide citrique, arômes naturels d'orange et de mandarine, antioxydant : acide ascorbique, conservateur : sorbate de potassium, édulcorants : acésulfame K et sucralose, colorants: acide carminique et carotènes végétaux, amidon modifié, stabilisants (E445, E444).",,
3124480180797,"Blle Pet 1,5L Schweppes Poire",Schweppes,beverages,france,,,,b,,,,,
3124480180827,Schweppes Zero Fraise,"Orangina, Schweppes","beverages, carbonated-drinks, artificially-sweetened-beverages, sodas, boisson-gazeuse-aromatise-fraise, schweppes-zero-fraise",france,"bouchon-plastique, bouteille-plastique",Intermarché,France,c,4.0,,"eau gazéifiée, acidifiant: acide citrique, concentrés (carotte, cassis), arômes naturels, édulcorants : acésulfame K et sucralose, conservateur : sorbate de potassium, amidon modifié, stabilisants (E445, E444), colorant : acide carminique.",,
3124480180841,Orangina Miss O! Mûre,"Orangina, Schweppes","beverages, carbonated-drinks, artificially-sweetened-beverages, flavoured-drinks, boisson-gazeuse-aromatise-aux-fruits",france,"bouchon-plastique, bouteille-plastique",Intermarché,France,c,4.0,,"eau gazéifiée, jus d'orange et autres agrumes à base de concentrés 12% (orange 10%, citron, mandarine, pamplemousse), pulpe d'orange 2%, colorants : (acide carminique, carmins), arômes naturels d'orange avec autres arômes naturels, concentrés (carotte, hibiscus), conservateur : sorbate de potassium, édulcorants : (acésulfame K, sucralose), extrait de zeste d'orange.",,
3124480180858,Zero - Boisson gazeuse ananas,"Orangina, Schweppes","beverages, carbonated-drinks, artificially-sweetened-beverages, boisson-gazeuse-aromatise-ananas, schweppes-zero-ananas",france,"bouchon-plastique, bouteille-plastique",Intermarché,France,c,4.0,,"eau gazéifiée, acidifiant: acide citrique, édulcorants : acésulfame K et sucralose, colorants : caramel ordinaire et lutéine, conservateur : sorbate de potassium, antioxydant : acide ascorbique, arômes naturels, amidon modifié, stabilisants (E445, E444).",,
3124480180872,Orangina Miss O! Passion,"Orangina, Schweppes","beverages, carbonated-drinks, artificially-sweetened-beverages, sodas, diet-beverages, carbonated-fruit-soft-drink, diet-sodas, flavoured-drinks",france,"bouchon-plastique, bouteille-plastique",Intermarché,France,c,4.0,,"eau gazéifiée, jus d'orange et autres agrumes à base de concentrés 12% (orange 10%, citron, mandarine, pamplemousse), pulpe d'orange 2%, colorants : acide carminique et caroténoïdes mélangés, arômes naturels d'orange avec autre arôme naturel, conservateur : sorbate de potassium, édulcorants : acésulfame K et sucralose, extrait de zeste d'orange.",,
3124480181183,Blle Pet 50CL Schweppes Pomme,Schweppes,"beverages, non-alcoholic-beverages, unsweetened-beverages",france,,,,e,4.0,,"eau gazéifiée, sucre, acidifiants : acide malique et acide citrique, arômes naturels, conservateur : Sorbate de potassium, colorant : E150 d' édulcorants : acésulfame K et sucralose.",,
3124480181466,Jus de pomme pétillant Champomy (pack de 2),"Champomy, Orangina, Schweppes","beverages-and-beverages-preparations, plant-based-foods-and-beverages, beverages, plant-based-beverages, carbonated-drinks, fruit-based-beverages, juices-and-nectars, fruit-juices, unsweetened-beverages, apple-juices, sparkling-apple-juices",france,"armature-metal, bouchon-champagne, bouteille-verre, pack-carton",,,d,4.0,,"Pur jus de pomme, gaz carbonique",,
3124480182135,Schweppes Framboise,Schweppes,"beverages, carbonated-drinks, artificially-sweetened-beverages, sodas, sweetened-beverages","belgium, france","plastic, bottle",,,e,4.0,,"eau gazéifiée, sucre, acidifiant : acide citrique, arômes naturels, concentrés (carotte, cassis), conservateur : sorbate de potassium, édulcorants (acésulfame K, sucralose), colorant : acide carminique, amidon modifié, stabilisants (E445, E444).",,
3124480182159,Schweppes Zero Exotic,Schweppes,"plant-based-foods-and-beverages, beverages, plant-based-beverages, carbonated-drinks, fruit-based-beverages, artificially-sweetened-beverages, sodas, diet-beverages, fruit-sodas, diet-sodas, light-fruit-sodas","belgium, france","plastic, bottle",Casino,"Lyon,France",c,4.0,,"Eau gazéifiée, acidifiant : acide citrique, arôme naturel d'orange avec autres arômes naturels, acésulfame K, sucralose, sorbate de potassium, acide carminique et lutéine, antioxydant : acide ascorbique, amidon modifié, stabilisants (E445, E444).",,
3124480182364,Indian tonic,Schweppes,"beverages, carbonated-drinks, artificially-sweetened-beverages, sodas, tonic-water, sweetened-beverages",france,,,,e,4.0,,"eau gazéifiée, sucre, acidifiant : acide citrique, arômes naturels, arôme : quinine, édulcorants : acésulfame K et sucralose.",,
3124480182616,Jus de pomme pétillant (lot de 2) Champomy,"Champomy, Orangina Schweppes","beverages-and-beverages-preparations, beverages, alcoholic-beverages, ciders, sparkling-ciders",france,"armature-metal, bouchon-champagne, bouteille-verre, pack-carton",,,not-applicable,4.0,,"Jus de pomme, gaz carbonique",,
3124480182623,Schweppes Agrum' Zero,Schweppes,"plant-based-foods-and-beverages, beverages, plant-based-beverages, carbonated-drinks, fruit-based-beverages, artificially-sweetened-beverages, sodas, diet-beverages, fruit-sodas, diet-sodas, light-fruit-sodas",france,"metal, recyclable-metals, aluminium, can, drink-can",,"Paris,France",c,4.0,,"Eau gazéifiée, extraits naturels d'orange, acidifiant (acide citrique), édulcorants (E950, E955), conservateur (E202), amidon modifié, antioxydant (acide ascorbique), arômes naturels d'agrumes (orange, pamplemousse, citron vert et mandarine) avec autres arômes naturels, stabilisant E445, colorant E142",,
3124480182630,Agrum' aux saveurs de 4 agrumes,Schweppes,"beverages-and-beverages-preparations, plant-based-foods-and-beverages, beverages, plant-based-beverages, carbonated-drinks, fruit-based-beverages, artificially-sweetened-beverages, sodas, fruit-sodas, sweetened-beverages",france,"can, drink-can",,,e,4.0,,"Eau gazéifiée, sucre, extraits naturels d'orange, acidifiant : acide citrique, conservateur E202, édulcorants : acésulfame K et sucralose, amidon modifié, antioxydant : acide ascorbique, arômes naturels d'agrumes avec autres arômes naturels, stabilisant E445, colorant E142.",,
3124480182722,Indian Tonic,Schweppes,"beverages-and-beverages-preparations, beverages, non-alcoholic-beverages, carbonated-drinks, soft-drinks, artificially-sweetened-beverages, sodas, tonic-water, sweetened-beverages","france, switzerland","metal, recyclable-metals, aluminium, can, drink-can, canette-metal",,,e,4.0,,"Eau gazéifiée, sucre, acidifiant : acide citrique, arômes naturels, arôme : quinine, édulcorants : acésulfame K et sucralose.",,
3124480182739,Indian tonic,Schweppes,"beverages, carbonated-drinks, artificially-sweetened-beverages, sodas, tonic-water, sweetened-beverages",france,"can, drink-can, film-plastique",,"Veynes,France",e,4.0,,"eau gazéifiée, sucre, acidifiant (acide citrique), arômes naturels, arôme (quinine), édulcorants (acésulfame K, sucralose)",,
3124480182746,Tonic Indian,"Orangina Schweppes, Schweppes","beverages-and-beverages-preparations, beverages, carbonated-drinks, artificially-sweetened-beverages, sodas, tonic-water, sweetened-beverages","belgium, france, germany, switzerland","plastic, pet-polyethylene-terephthalate, bottle, bouteille-et-bouchon-plastique-a-recycler","Franprix,Magasins U,carrefour.fr",France,e,4.0,,"Eau gazéifiée, sucre, acidifiant ( acide citrique),  arômes naturels, arômes ( quinine, édulcorants : acésulfame K et sucralose).",,
3124480183217,Agrum' aux saveurs de 4 agrumes,Schweppes,"beverages-and-beverages-preparations, plant-based-foods-and-beverages, beverages, plant-based-beverages, carbonated-drinks, fruit-based-beverages, artificially-sweetened-beverages, non-alcoholic-beverages, sodas, fruit-sodas, lemon-soft-drinks, sweetened-beverages",netherlands,"bottle, bouteille-plastique",,,e,4.0,,"carbonated water, sugar, orange extracts, acidifier: citric acid, preservative: potassium sorbate, natural citrus flavors with other natural flavors, sweeteners: acesulfame k and sucralose, modified starch, antioxidant: ascorbic acid, stabilizer e445,",,
3124480183231,Schweppes cherry aux saveurs de cerise,"Orangina, Schweppes","beverages, carbonated-drinks, artificially-sweetened-beverages, sodas, sweetened-beverages",france,bouteille-bouchon-etiquette-plastique,"Simply Market,Super U","Harnes,France,Marseille 5°",e,4.0,,"Eau gazéifiée, sucre, acidifiant : acide citrique, arômes naturels, concentrés (carotte, hibiscus), conservateur : sorbate de potassium, édulcorants : acésulfame K et sucralose, colorant : acide carminique, amidon modifié, stabilisants (E445, E444).",,
3124480183446,Schweppes agrume zéro,Schweppes,,france,,,,unknown,,,,,
3124480183453,Schweppes Zéro,"Schweppes, Zero, orangina schweppes","beverages, artificially-sweetened-beverages, diet-beverages",france,,,,b,4.0,,"eau gazéifiée, extraits naturels d'orange acidifiant : acide citrique, édulcorants : ac6sulfame K Ot sucralosa conservateur : sorbato de potassium, amidon modifié, antioxydant : acide ascorbique, arômes naturels d'a rumaq avec autres arlmos naturels, stabilisant E445, colorant E142.",,
3124480183491,"Orangina  1,5l","Orangina, Orangina Schweppes","plant-based-foods-and-beverages, beverages, plant-based-beverages, carbonated-drinks, fruit-based-beverages, sodas, fruit-sodas, orange-soft-drinks, sweetened-beverages",france,"plastic, bottle",,France,d,4.0,,"Eau gazéifiée, jus d'orange et autres agrumes à base de concentrés 12% (orange 10%, citron, mandarine, pamplemousse), sucre, pulpe d'orange 2% , extrait de zeste d'orange, conservateurs benzoate de sodium et sorbate de potassium, arômes naturels d'orange",,
3124480183880,Indian Tonic,Schweppes,"beverages, carbonated-drinks, artificially-sweetened-beverages, sodas, tonic-water, sweetened-beverages",france,"plastic, bottle",Cora,"Courrières,France",e,4.0,,"Eau gazéifiée, sucre, acidifiant : acide citrique, arômes naturels, arôme : quinine, édulcorants : acésulfame K, sucralose",,
3124480183903,Schweppes agrum,"Orangina, Schweppes","plant-based-foods-and-beverages, beverages, plant-based-beverages, carbonated-drinks, fruit-based-beverages, artificially-sweetened-beverages, sodas, fruit-sodas, sweetened-beverages",france,"plastic, bottle",,,e,4.0,,"Eau gazéifiée, sucre, extraits naturels d'orange, acidifiant : acide citrique, conservateur : sorbate de potassium, édulcorants : acésulfame K et sucralose, amidon modifiée, antioxydant : acide ascorbique, arômes naturels d'agrumes avec autres arômes naturels, stabilisant E445, colorant E142.",,
3124480183927,PET 1.5L SCHWEPPES LEMON,Schweppes,"plant-based-foods-and-beverages, beverages, plant-based-beverages, carbonated-drinks, fruit-based-beverages, artificially-sweetened-beverages, sodas, fruit-sodas, lemon-soft-drinks, sweetened-beverages",france,"plastic, bottle, bouteille-et-bouchon-plastique-a-recycler","Magasins U, carrefour.fr,Auchan",France,e,4.0,,"Eau gazéifiée, sucre, extraits naturels de citron, acidifiant : acide citrique, arômes naturels de citron avec autres arômes naturels, conservateur :  sorbate de potassium, édulcorants : acésulfame K, sucralose, amidon modifié, stabilisants (E445, E444).",,
3124480184337,Orangina,"Orangina, Orangina Schweppes France, Schweppes International Limited","beverages-and-beverages-preparations, plant-based-foods-and-beverages, beverages, plant-based-beverages, carbonated-drinks, fruit-based-beverages, sodas, fruit-sodas, orange-soft-drinks, sweetened-beverages","france, germany, united-states",1-film-en-plastique-a-recycler-6-canettes-en-aluminium,"Auchan,Magasins U, carrefour.fr","Nantes,France",d,4.0,,"Eau gazéifiée, jus d'orange et autres agrumes à base de concentrés 12% (orange 10%, citron, mandarine, pamplemousse), sucre, pulpe d'orange 2%, extrait de zeste d'orange, conservateur : sorbate de potassium, arômes naturels d'orange.",,
3124480184344,Orangina et sa pulpe,"Orangina, Orangina Schweppes France, Schweppes International Limited","beverages-and-beverages-preparations, plant-based-foods-and-beverages, beverages, plant-based-beverages, carbonated-drinks, fruit-based-beverages, non-alcoholic-beverages, sodas, fruit-sodas, orange-soft-drinks, sweetened-beverages","belgium, france, germany","canette-metal-recyclabbe-a-l-infini, cannette-aluminium",,,e,4.0,,"Eau gazéifiée, jus d'agrumes à base de concentrés 12% (orange 10%, citron, mandarine, pamplemousse), sucre, pulpe d'orange et mandarine 2%, extrait de zeste d'orange, arômes naturels d'orange,",,
3124480184658,Indian Tonic,Schweppes,"beverages, carbonated-drinks, sodas, tonic-water, sweetened-beverages",france,,,,c,,,,,
3124480184689,Schweppes Indian Tonic,"Orangina Schweppes, Schweppes","beverages, carbonated-drinks, artificially-sweetened-beverages, sodas, tonic-water, sweetened-beverages",france,"metal, can, drink-can",,France,e,4.0,,"Eau gazéifiée, sucre, acidifiant: acide citrique, arômes naturels, arôme : quinine, édulcorants : acésulfame K et sucralose.",,
3124480184696,Agrum',Schweppes,"plant-based-foods-and-beverages, beverages, plant-based-beverages, carbonated-drinks, fruit-based-beverages, artificially-sweetened-beverages, sodas, fruit-sodas, sweetened-beverages",france,"can, drink-can",,France,e,4.0,,"Eau gazéifiée, sucre, extraits naturels d'orange, acidifiant : acide citrique, conservateur : sorbate de potassium, édulcorants : acésulfame K et sucralose, amidon modifié, antioxydant : acide ascorbique, arômes naturels d'agrumes avec autres arômes naturels, stabilisant E445, colorant E142.",,
3124480184719,Lemon,Schweppes,beverages,france,,,,c,,,,,
3124480184764,Virgin Mojito,Schweppes,"plant-based-foods-and-beverages, beverages, plant-based-beverages, carbonated-drinks, fruit-based-beverages, sodas, fruit-sodas, unsweetened-beverages, sweetened-beverages, virgin-mojito",france,"plastic, bottle","Cora, Magasins U","Courrières,France",e,4.0,,"Eau gazéifiée, sucre, jus de citron vert à base de concentré 1,5%, acidifiant : acide citrique, arôme naturel de citron vert, arôme naturel, conservateur : sorbate de potassium, antioxydant : acide ascorbique",,
3124480184771,Virgin Mojito,Schweppes,"beverages, carbonated-drinks, sodas, sweetened-beverages",france,"can, drink-can",,,e,,,,,
3124480184788,Mojito 4 canettes slim de,Schweppes,"beverages, sweetened-beverages",france,,,,e,4.0,,"eau gazéifiée, sucre, jus de citron vert à base de concentré 1 ,3%, acidifiant : acide citrique, arôme naturel de citron vert, arôme naturel, conservateur : sorbate de potassium, antioxydant : acide ascorbique.",,
3124480184801,Schweppes Ginger Ale,Schweppes,"beverages, carbonated-drinks, artificially-sweetened-beverages, sodas, sweetened-beverages","belgium, france","plastic, bottle","delhaize, carrefour.fr","temse,belgium",c,4.0,,"Eau gazéifiée, sucre, acidifiant, extrait de gingembre, arôme naturel de gingembre avec autres arômes naturels, correcteur d'acidité, conservateur, édulcorant.",,
3124480184825,Virgin Cosmo Cranberry,Schweppes,"plant-based-foods-and-beverages, beverages, plant-based-beverages, carbonated-drinks, fruit-based-beverages, artificially-sweetened-beverages, sodas, fruit-sodas, sweetened-beverages",france,"plastic, bottle",Cora,"Courrières,France",e,4.0,,"Eau gazéifiée, sucre, jus de fruits à base de concentrés 1,2% (cranberry 0,7%, citron vert 0,5%), acidifiant : acide citrique, arômes naturels, colorant : anthocyanes, conservateur : sorbate de potassium, édulcorants : acésulfame K et sucralose.",,
3124480184986,Mojito sans alcool,Schweppes,"beverages, non-alcoholic-beverages, sweetened-beverages, mojitos-sans-alcool",france,,,,e,4.0,,"eau gazéifiée, sucre, jus de citron vert à base de concentré 1,5%, acidifiant : acide citrique, arôme naturel de citron vert, arôme naturel, conservateur : sorbate de potassium, antioxydant : acide ascorbique,",,
3124480184993,Virgin Mojito,Schweppes,"beverages, carbonated-drinks, sodas, sweetened-beverages, virgin-mojito",france,"metal, can, drink-can, steel",,,e,4.0,,"Eau gazéifiée, sucre, jus de citron vert à base de concentré 1,5%, acidifiant : acide citrique, arôme naturel de citron vert, arôme naturel, conservateur : sorbate de potassium, antioxydant : acide ascorbique",,
3124480185075,Orangina Zero,"Orangina, Schweppes","beverages-and-beverages-preparations, plant-based-foods-and-beverages, beverages, plant-based-beverages, carbonated-drinks, fruit-based-beverages, artificially-sweetened-beverages, sodas, diet-beverages, fruit-sodas, unsweetened-beverages, diet-sodas, orange-soft-drinks, light-fruit-sodas",france,"plastic, bottle",,France,c,4.0,,"Eau gazéifiée, jus d'orange et autres agrumes à base de concentrés 12% (orange 10%, citron, mandarine, pamplemousse), pulpe 2% (orange, mandarine), arôme naturel d'orange avec autre arôme naturel, conservateur : sorbate de potassium, édulcorants : acésulfame K et sucralose, extrait de zeste d'orange, antioxydants : acide ascorbique et alpha-tocophérol,",,
3124480185082,Orangina zero slim,"Orangina, Orangina Schweppes France","beverages-and-beverages-preparations, plant-based-foods-and-beverages, beverages, plant-based-beverages, carbonated-drinks, fruit-based-beverages, artificially-sweetened-beverages, sodas, diet-beverages, fruit-sodas, unsweetened-beverages, diet-sodas, orange-soft-drinks, light-fruit-sodas, light-orange-soft-drinks, sweetened-beverages","belgium, france","plastic, film","Leclerc, Magasins U, Delhaize, carrefour.fr","Orvault,France",c,4.0,,"Eau gazéifiée, jus d'orange et autres agrumes à base de concentrés 12% (orange 10%, citron, mandarine, pamplemousse), pulpe 2% (orange, mandarine), arôme naturel d'orange et autre arôme naturel, édulcorants : acésulfame K et sucralose, extrait de zeste d'orange.",,
3124480185167,Thé infusé glacé parfum citron,"May Tea, Orangina Schweppes France","plant-based-foods-and-beverages, beverages, plant-based-beverages, tea-based-beverages, iced-teas, lemon-flavored-iced-teas, sweetened-beverages","belgium, france","plastic, bottle, bouteille-et-bouchon-plastique-a-recycler","Cora,Leclerc,Magasins U,Delhaize, carrefour.fr","Courrières,France,Orvault",c,4.0,,"Infusion de thé vert 94 % (eau, infusion intense de thé vert), sucre, jus de citron à base de concentré 0,9 %, acidifiants : acide citrique et acide malique, arôme naturel de citron avec autres arômes naturels, correcteur d'acidité : citrate de sodium, antioxydant : acide ascorbique.",,
3124480185181,Thé noir parfum pèche blanche,"May tea, Orangine Schweppes France, Oscar mayer","plant-based-foods-and-beverages, beverages, plant-based-beverages, non-alcoholic-beverages, tea-based-beverages, iced-teas, peach-flavored-iced-teas, sweetened-beverages","belgium, france","plastic, bottle",,,c,4.0,,"Infusion de thé noir 94% (eau, infusion intense de thé noir), sucre, jus de pêche à base de concentré 1%, arôme naturel de thé, acidifiants : acide malique et acide citrique, arômes naturels, correcteur d'acidité : citrate de sodium, antioxydant : acide ascorbique.",,
3124480185204,Thé infusé glacé a la framboise,"May Tea, Orangina Schweppes","beverages, tea-based-beverages, iced-teas, iced-teas-with-raspberry-flavor, sweetened-beverages","belgium, france","plastic, bottle","Leclerc,Magasins U,Delhaize, carrefour.fr",France,c,4.0,,"Infusion de thé blanc 94% (eau, infusion intense de thé blanc), sucre, jus de framboise à base de concentré 1%, acidifiants : acide malique et acide citrique, arômes naturels, correcteur d'acidité : citrate de sodium, antioxydant : acide ascorbique.",,
3124480185501,Thé infusé glacé Thé noir Pêche Blanche,"May Tea, Orangina Schweppes, Orangina Schweppes France","plant-based-foods-and-beverages, beverages, plant-based-beverages, non-alcoholic-beverages, tea-based-beverages, iced-teas, peach-flavored-iced-teas, sweetened-beverages",france,"plastic, bottle, can, drink-can","Carrefour Market,Leclerc","France,Saint-Nazaire,Poitiers",c,4.0,,"Infusion de thé noir 94% (eau, infusion intense de thé noir), sucre, jus de pêche à base de concentré 1%, arôme naturel de thé, acidifiants : acide malique et acide citrique, arômes naturels, correcteur d'acidité : citrate de sodium, antioxydant : acide ascorbique.",,
3124480185662,Schweppes Agrum' Zero,"Schweppes, Schweppes Agrum'","plant-based-foods-and-beverages, beverages, plant-based-beverages, carbonated-drinks, fruit-based-beverages, artificially-sweetened-beverages, sodas, diet-beverages, fruit-sodas, diet-sodas, orange-soft-drinks, lemon-soft-drinks, light-fruit-sodas, light-lemon-soft-drinks, light-orange-soft-drinks, sweetened-beverages",france,bottle,Intermarché,,c,4.0,,"Eau gazéifiée, extraits naturels d'orange, acidifiant (acide citrique), édulcorants (acésulfame K, sucralose), conservateur (sorbate de potassium, amidon modifié), antioxydant (acide ascorbique), arômes naturels d'agrumes avec autres arômes naturels, stabilisant E445, colorant E142",,
3124480186188,Virgin mojito,Schweppes,"beverages, sweetened-beverages","belgium, france","point-vert, recycle-bottle-in-france, triman",,"Aix-en-Provence,France",e,4.0,,"eau gazéifiée, sucre, jus de citron vert à base de concentré 1.3%, acidifiant (acide citrique), arôme naturel de citron vert, arôme naturel, conservateur (sorbate de potassium), antioxydant (acide ascorbique)",,
3124480186850,INDIAN TONIC,Schweppes,"beverages-and-beverages-preparations, beverages, carbonated-drinks, artificially-sweetened-beverages, non-alcoholic-beverages, sodas, tonic-water, sweetened-beverages","belgium, france","bac-de-tri, metal-recyclable-a-l-infini",,,d,4.0,,"carbonated water, sugar, acidifier: citric acid, natural aromas, aroma: quinine, sweeteners: acesulfame k and sucralose",,
3124480186867,Virgin mojito,Schweppes,"beverages, frozen-foods, carbonated-drinks, sodas, sweetened-beverages","belgium, france, morocco",box,,,unknown,4.0,,"eau gazéifiée, sucre, jus de citron vert à base de concentré 1,5%, acidifiant : acide citrique, arôme naturel de citron vert, arôme naturel, conservateur : sorbate de potassium, antioxydant : acide ascorbique",,
3124480186881,Schweppes pomme,Schweppes,"beverages-and-beverages-preparations, plant-based-foods-and-beverages, beverages, plant-based-beverages, carbonated-drinks, fruit-based-beverages, artificially-sweetened-beverages, sodas, fruit-sodas, sweetened-beverages",france,,,,e,4.0,,"Eau gazéifiée, sucre, acidifiants : acide malique et acide citrique, arômes naturels, conservateur : sorbate de potassium, colorant : E150d, édulcorants : acésulfame K et sucralose",,
3124480186898,"Schweppes agrumes aux saveurs d'orange,🍊de pamplemousse, de citron vert & de mandarine",SchweppesOrangina Schweppes,"beverages-and-beverages-preparations, beverages, carbonated-drinks, sodas",france,"metal, can, drink-can","E.Leclerc,Auchan,Carefour",France,e,4.0,,"Eau gazéifiée, sucre, extraits d'orange, acide citrique, sorbate de potassium, arômes naturels d'agrumes avec autres arômes naturels, acésulfame K et sucralose, amidon modifié, acide ascarbique, E445.",,
3124480186904,Schweppes zéro Indian Tonic,Schweppes,"beverages, carbonated-drinks, artificially-sweetened-beverages, sodas, diet-beverages, diet-sodas, tonic-water, sweetened-beverages","belgium, france",bottle,,,c,4.0,,"Eau gazéifiée, acidifiant : acide citrique, édulcorants : acésulfame K et sucralose, arômes naturels, arôme : quinine.",,
3124480186911,Indian Tonic Zéro,Schweppes,"beverages-and-beverages-preparations, beverages, carbonated-drinks, artificially-sweetened-beverages, sodas, diet-beverages, diet-sodas, tonic-water",france,"metal, plastic, can, drink-can, film",Magasins U,,c,4.0,,"eau gazéifiée, acidifiant : acide citrique, édulcorants : acésulfame K et sucralose, arômes naturels, arôme : quinine.",,
3124480186928,6X33CL SLIM INDIAN SCHWEPPES,Schweppes,"beverages-and-beverages-preparations, beverages, carbonated-drinks, artificially-sweetened-beverages, sodas, tonic-water, sweetened-beverages",france,bac-de-tri,,,e,4.0,,"Eau gazéifiée, sucre, acidifiants: acide citrique, arômes naturels, arôme: quinine, édulcorants : acésulfame K et sucralose.",,
3124480186935,Agrum Zero,Schweppes,"beverages, carbonated-drinks, artificially-sweetened-beverages, sodas",france,,,,c,4.0,,"eau gazéifiée, extraits d'orange, acidifiant : acide citrique, édulcorants (E950, E955), conservateur E202), amidon modifié, antioxydant : acide ascorbique, aromes naturels d'agrumes avec autres arômes naturels, stabilisant E445, colorant E142.",,
3124480187000,Schweppes agrum',"Orangina Schweppes, Schweppes",,france,,,,unknown,,,,,
3124480187437,Virgin Mojito Slim,Schweppes,"beverages, carbonated-drinks, sodas, non-alcoholic-beverages, sweetened-beverages","belgium, france","plastic, metal, can, drink-can, film",Delhaize,,d,4.0,,"Eau gazéifiée, jus de citron vert à base de concentré (1.3 %), acidifiant : acide citrique, arôme naturel de citron vert, arômes naturels, conservateur : sorbate de potassium, édulcorants : acésulfame K et sucralose, antioxydant: acide ascorbique",,
3124480188458,Schweppes lemon,Schweppes,,france,,,,unknown,,,,,
3124480188700,Pulco fines bulles citron & citron vert,"Pulco, Schweppes International","plant-based-foods-and-beverages, beverages, plant-based-beverages, carbonated-drinks, fruit-based-beverages, sodas, sweetened-beverages",france,"plastic, bottle","Leclercq, carrefour.fr",France,c,4.0,,"Eau de source gazéifiée, jus de fruits à base de concentrés 9% (citron 7%, citron vert 2%), sucre, pulpe de citron 0,7%, antioxydant : acide ascorbique, arômes naturels de citron et de citron vert",,
3124480188854,Tropical,"Oasis, Orangina Schweppes",,france,,,,unknown,,,,,
3124480188946,Ginger ale,schweppes,"beverages-and-beverages-preparations, beverages, carbonated-drinks, artificially-sweetened-beverages, sodas, sweetened-beverages",france,"can, drink-can",,,e,4.0,,"eau gazéifiée, Sucre, acidifiant: acide citrique, extrait de gingembre, arôme naturel de gingembre avec autres arômes naturels, correcteur d'acidité : citrate de sodium, conservateur sorbate de potassium, colorant: E150d, édulcorants : acésulfame K et sucralose",,
3124480188953,Ginger Ale,Schweppes,,"belgium, france",,Delhaize,,unknown,,,,,
3124480188960,Schweppes virgin mojito,Schweppes,"beverages, carbonated-drinks, sodas, sweetened-beverages","belgium, france","bouchon-plastique, bouteille-en-plastique",Carrefour,France,e,4.0,,"eau gazéifiée, sucre, jus de citron vert à base de concentré 1,3%, acidifiant : acide citrique, arôme naturel de citron vert, arôme naturel, conservateur : sorbate de potassium, antioxydant : acide ascorbique.",,
3124480188984,virgin mojito,Schweppes,"beverages, sweetened-beverages",france,,,,e,3.0,,"eau gazéifiée, sucre, jus de citron vert à base de concentré 1,3%, acidifiant : acide citrique, arôme naturel de citron vert arôme naturel, conservateur : sorbate de potassium, antioxydant : acide ascorbique.",,
3124480189042,THÉ Vert au Citron,"May Tea, Schweppes International Limited","beverages-and-beverages-preparations, plant-based-foods-and-beverages, beverages, hot-beverages, plant-based-beverages, teas, tea-based-beverages, iced-teas, sweetened-beverages","belgium, france","bouteille-et-bouchon-plastique-a-recycler, pensez-au-tri, point-vert, triman",,"Aix-en-Provence,France",c,4.0,,"infusion de thé vert 94% (eau, infusion intense de thé vert), sucre, jus de citron à base de concentré 0.9%, acidifiants (acide citrique, acide malique), arôme naturel de citron avec autres arômes naturels, correcteur d'acidité (citrate de sodium), antioxydant (acide ascorbique)",,
3124480189387,Ginger ale,Schweppes,,"france, luxembourg",bottle,,,unknown,,,,,
3124480203632,Orange à l'eau de source,"Oasis, Orangina Schweppes France","plant-based-foods-and-beverages, beverages, plant-based-beverages, fruit-based-beverages, beverages-with-orange, sweetened-beverages","belgium, france",bouteille-et-bouchon-plastique-a-recycler,"Banque alimentaire, Delhaize","Villers Bocage 80260,France",e,4.0,,"Eau de source 80 %, jus de fruits à base de concentrés 12 % (orange 10 %, pomme), sucre, acidifiants : acide citrique et acide malique, arômes, antioxydant : acide ascorbique, colorant : extrait de paprika.",,
3124480205537,Oasis Pomme-Cassis-Framboise,"Oasis, Orangina Schweppes","plant-based-foods-and-beverages, beverages, plant-based-foods, plant-based-beverages, fruit-based-beverages, sweetened-beverages",france,"metal, can, drink-can, steel",Leclerc,France,d,4.0,,"Eau de source 80%, jus de fruits à base de concentrés 12% (pomme 7,5%, cassis 2%, sureau, acérola, framboise 0,2%), sucre 6,4%, acidifiants: acide citrique, arômes naturels.",,
3124480235558,Mon Tropical,"Oasis,Oasis tropical,Orangina Schweppes","beverages-and-beverages-preparations, plant-based-foods-and-beverages, beverages, plant-based-beverages, fruit-based-beverages, unsweetened-beverages, still-fruit-soft-drinks, sweetened-beverages","belgium, france, switzerland, world","plastic, bottle","Colruyt,Okay",,d,4.0,,"spring water 80%, fruit juice based on concentrates 12% (orange 6.6%, apple 5.3%, passion fruit 0.1%, mango 0.07%), sugar 7%, acidifiers: citric acid and malic acid, flavors, colors: lutein, carminic acid and paprika extract, antioxidant: ascorbic acid and alpha-tocopherol, stabilizer: acacia gum,",,
3124488182632,,Schweppes,,france,,,,unknown,,,,,
3124488184995,Virgin Mojito,Schweppes,"beverages, carbonated-drinks, sodas, sweetened-beverages, virgin-mojito",france,"plastic, metal, cardboard, steel",,,e,,,,,
3124488189327,Schweppes,Schweppes,,france,,,,unknown,,,,,
3125577232726,Schweppes indian tonic,Schweppes,"beverages, carbonated-drinks, artificially-sweetened-beverages, sodas, diet-beverages, carbonated-soft-drinks-without-fruit-juice, tonic-water, carbonated-soft-drinks-without-fruit-juice-with-reduced-sugar, carbonated-soft-drinks-without-fruit-juice-with-sugar-and-artificial-sweeteners, sweetened-beverages",france,,,,e,4.0,,"Eau gazéifiée, sucre, acidifiant : acide citrique, arômes naturels, arôme : quinine, édulcorants: acésulfame K et sucralose.",,
3174780007157,Brut de pomme - fines bulles,Orangina Schweppes,"plant-based-foods-and-beverages, beverages, plant-based-beverages, carbonated-drinks, fruit-based-beverages, sodas, fruit-sodas, apple-soft-drinks, sweetened-beverages",france,"bouteille-bouchon-plastique, etiquette-papier",Super U,Marseille 5°,c,4.0,,"Jus de pomme à base de concentré (60%), eau gazéfiée, arôme pomme, acidifiants : acide citrique et acide malique, conservateur E242.",,
3249760011148,Orangina et sa pulpe.,"Orangina, Schweppes","beverages-and-beverages-preparations, plant-based-foods-and-beverages, beverages, plant-based-beverages, carbonated-drinks, fruit-based-beverages, sodas, fruit-sodas, orange-soft-drinks, sweetened-beverages",france,"plastic, bottle-or-vial, bottle",,,d,4.0,,"eau gazéifiée, jus d'orange et autres agrumes à base de concentrés 12 % (orange 10 %, citron, mandarine, pamplemousse), sucre, pulpe 2% (orange, mandarine), extrait de zeste d'orange, conservateurs: benzoate de sodium et sorbate de potassium, arômes naturels d'orange.",,
3249760011902,Orangina et sa pulpe,"Orangina, Orangina Schweppes","plant-based-foods-and-beverages, beverages, plant-based-beverages, carbonated-drinks, fruit-based-beverages, sodas, fruit-sodas, orange-soft-drinks, sweetened-beverages",france,bouteille-bouchon-etiquette-plastique,Super U,Marseille 5°,d,4.0,,"eau gazéifiée, jus d’orange et autres agrumes à base de concentrés 12% (orange 10%, citron, mandarine, pamplemousse), sucre, pulpe d orange 2%, extrait de zeste d’orange conservateurs : benzoate de sodium et sorbate de potassium, arômes naturels d’orange.",,
3278730001247,Schweppes original Lemon,Schweppes,"beverages, artificially-sweetened-beverages, sweetened-beverages",france,,,,e,4.0,,"eau gazéifiée, sucre, extraits naturels de citron, acidifiant : acide citrique, arômes naturels de citron et de citron vert avec autres arômes naturels, conservateur : sorbate de potassium, édulcorants : acésulfame K et sucralose, amidon modifié (E1450) stabilisants (E445, E444).",,
3278730001964,ginger ale,schweppes,"beverages, sweetened-beverages",france,,,,d,4.0,,"eau gazeifiée, sucre, acidifiant : acide citrique, arômes naturels de gingembre avec autres arômes naturels, régulateur d'acidité : citrate de sodium, caramel (E160d)",,
3278730002428,Original Indian Tonic,Schweppes,"beverages, carbonated-drinks, artificially-sweetened-beverages, sodas, tonic-water, sweetened-beverages",france,,,,e,4.0,,"eau gazéifiée, sucre, acidifiant : acide citrique, arômes naturels, arôme : quinine, edulcorants : acésulfame K et sucralose.",,
3278730002435,Schweppes virgin mojito,Schweppes,beverages,france,,,,e,,,,,
3278732202192,Agrumes,Schweppes,"plant-based-foods-and-beverages, plant-based-foods, fruits-and-vegetables-based-foods, fruits-based-foods, fruits, citrus","france, reunion",,,,a,,,,,
3278732202772,Soda coco,Schweppes,"beverages, carbonated-drinks, artificially-sweetened-beverages, sodas, sweetened-beverages",france,,,,e,4.0,,"Eau gazéifiée, sucre, arômes, acidifiant: acide citrique, conservateur: sorbate de potassium, amidon modifié, stabilisants (E445, E444), édulcorants: acésulfame K et sucralose, antioxydant: acide ascorbique.",,
3278732204257,"Schweppes Indian Tonic 1,5L",Schweppes,"beverages, carbonated-drinks, sodas, tonic-water, sweetened-beverages","france, reunion",,,,d,,,,,
3278732272904,Schweppes Coco,Schweppes,,france,,,,unknown,,,,,
3278732274328,"Schweppes Agrum' 1, 5l",Schweppes,beverages,france,,,,c,,,,,
3289092000373,"Soda Agrum 0, 50",Schweppes,beverages,france,,,,c,,,,,
3289092001783,Jus aux saveur de noix de Coco,Schweppes,"beverages-and-beverages-preparations, beverages, carbonated-drinks, sodas, sweetened-beverages",france,"bouchon-en-plastique, bouteille-en-plastique, bouteille-plastique",,,e,4.0,,"Eau gazéifiée, sucres, arômes, acidifiant : acide citrique, conservateur : sorbate de potassium, amidon modifié, stabilisants (E445, E444), édulcorants : acésulfame K et sucralose, antioxydant : acide ascorbique.",,
3289092001790,Schweppes Indian Tonic,Schweppes,"beverages, carbonated-drinks, sodas, tonic-water, sweetened-beverages","france, martinique",,,,c,,,,,
3289092001806,"Agrum' 1,5Litre",Schweppes,,france,,,,unknown,,,,,
3289092001943,Schweppes Pomme,Schweppes,,france,,,,unknown,,,,,
3289092002698,Lemon,Schweppes,"plant-based-foods-and-beverages, beverages, plant-based-beverages, fruit-based-beverages",france,,,,c,,,,,
3289094040506,Schweppes pomme,Schweppes,,france,,,,unknown,,,,,
3289094050505,Schweppes Indian Tonic,Schweppes,"beverages, frozen-foods, carbonated-drinks, artificially-sweetened-beverages, sodas, tonic-water, sweetened-beverages","france, martinique",,,,e,4.0,,"Boisson gazeuse rafraichissante à l'extrait d'écorces de quinquina, avec sucre et édulcorants. Ingrédients eau gazéifiée, sucre, acidifiant : acide citrique, arômes naturels, arôme: quinquine, édulcorants: acésulfame K et sucralose.",,
3289094080502,Coco,Schweppes,"beverages-and-beverages-preparations, plant-based-foods-and-beverages, beverages, plant-based-foods, fruits-and-vegetables-based-foods, fruits-based-foods, fruits, artificially-sweetened-beverages, tropical-fruits, coconuts, sweetened-beverages",france,,,,d,4.0,,"eau gazeifiee, sucre, arômes, acidifiant : acide citrique, conservateur : sorbate de potassium, amidon modifié, stabilisants (E445, E444), édulcorants : acesulfame K et sucralose, antioxydant : acide ascorbique.",,
3334803440389,Schweppes Agrum’,Schweppes,"beverages, sweetened-beverages",france,,,,e,4.0,,"EAU GAZEIFIÉE, SUCRE ACIDIFIANT (E330), COLORANTS (E110, E122) EXTRAIT DE PAMPLEMOUSSE, CONSERVATEUR (E211), EXTRAITS DE MANDARINE ET D'ORANGE. FABRIQUE ET MIS EN BOITE AVEC",,
3334803440846,Schweppes agrum',Schweppes,,france,,,,unknown,,,,,
3334803443380,Indian Tonic,Schweppes,"beverages, carbonated-drinks, sodas, tonic-water, sweetened-beverages",france,,,,d,4.0,,"Eau gazéifiée, sucre, acidifiants (E330, E331), arôme naturel, quinine, conservateur (E211)",,
3334803449245,Sport+,Schweppes,"beverages-and-beverages-preparations, beverages, artificially-sweetened-beverages, diet-beverages, dietary-drink-for-sport, sweetened-beverages",france,,,,c,4.0,,"EAU GAZÉIFIÉE, SUCROSE. GLUCOSE. ACIDIFIANTS (830. E331), CHLORURE DE POTASSIUM, CHLORURE DE SODIUM. PHOSPHATE DE CALCIUM CONSERVATEUR (E211), COLORANT (El 02).",,
3595801321081,Schweppes Agrum' Zero,Schweppes,"plant-based-foods-and-beverages, beverages, plant-based-beverages, carbonated-drinks, fruit-based-beverages, artificially-sweetened-beverages, sodas, diet-beverages, fruit-sodas, diet-sodas, light-fruit-sodas","belgium, france","plastic, bottle",,België,c,4.0,,"Eau gazéifiée, extraits naturels d'orange, acidifiant: acide citrique, édulcorants: acésulfame K et sucralose, conservateur : sorbate de potassium, amidon modifié, antioxydant : acide ascorbique, arômes naturels d'agrumes avec autres arômes naturels, stabilisant E445, colorant E142.",,
3595801901184,Ricqles,Schweppes,"beverages, frozen-foods, unsweetened-beverages, sweetened-beverages",france,"metal, can, drink-can",,France,d,4.0,,"Eau gazéifiée, sucre, arôme naturel de menthe avec autres arômes naturels.",,
4000140011498,Bitter Lemon,Schweppes,"beverages-and-beverages-preparations, beverages, carbonated-drinks, sodas, sweetened-beverages",germany,bottle,,,e,4.0,,"Wasser, Zucker, Limonensaft aus Limonensaftkonzentrat 3%, Kohlensäure, Säuerungsmittel Citronensäure, Limonenextrakt, Antioxidationsmittel Ascorbinsäure, natürliches Aroma, Aroma Chinin,",,
4000140011528,Indian Tonic Water,Schweppes,"beverages-and-beverages-preparations, beverages, carbonated-drinks, sodas, tonic-water, sweetened-beverages",germany,"plastic, bottle",Edeka,Deutschland,e,4.0,,"Wasser,  Zucker, Kohlensäure,  Citronensäure, natürliche Aromen, Chinin,",,
4000140011559,Schweppes Ginger Ale,Schweppes,"beverages-and-beverages-preparations, beverages, carbonated-drinks, sodas, sweetened-beverages","france, germany",bottle,,,e,4.0,,"Wasser, Zucker, Kohlensäure, Säuerungsmittel (Citronensäure), natürliches Ingwer-Aroma mit anderen natürlichen Aromen, Farbstoff E 150d",,
4000140011603,Schweppes original bitter orange,Schweppes,,france,,,,unknown,,,,,
4000140011634,Bitter Lemon Light,Schweppes,,germany,,,,unknown,,,,,
4000140012730,schweres,Schweppes,"beverages-and-beverages-preparations, beverages, carbonated-drinks, sodas, sweetened-beverages","austria, france, germany",bottle,,,e,,,58* original eit 1783 1783 Schweppes ORIGINAL BITTER LEMON CHININHALTIG,,
4000140012754,Tonic Water,Schweppes,"beverages-and-beverages-preparations, beverages, carbonated-drinks, sodas, lemonade, tonic-water, sweetened-beverages","austria, germany",plastic,,,e,4.0,,"Wasser, Zucker, Kohlensäure, Säurungsmittel Citronensäure, natürliches Aroma, Aroma Chinin",,
4000140072161,Bitter Lemon,Schweppes,"beverages-and-beverages-preparations, beverages, carbonated-drinks, sodas, lemonade, sweetened-beverages",germany,"glass, bottle",REWE,,e,4.0,,"Wasser, Zucker, Limonensaft aus Limonensaftkonzentrat 3%, Kohlensäure, Säuerungsmittel Citronensäure, Limonenextrakt, Antioxidationsmittel Ascorbinsäure, natürliche Aromen, Aroma Chinin.",,
4000140072178,Tonic Water,Schweppes,"beverages-and-beverages-preparations, beverages, carbonated-drinks, sodas, tonic-water, sweetened-beverages","france, germany, switzerland","bottle, de:flasche-n",,,unknown,,,,,
4000140072185,Schweppes Ginger ale,Schweppes,"beverages-and-beverages-preparations, beverages, carbonated-drinks, sodas, sweetened-beverages","austria, france, germany",bottle,,,e,4.0,,"Wasser, Zucker, Kohlensäure, Säuerungsmittel (Citronensäure), natürliches Ingwer-Aroma mit anderen natürlichen Aromen, Farbstoff E150d",,
4000140700118,Bitter Lemon,Schweppes,"beverages-and-beverages-preparations, beverages, carbonated-drinks, sodas, sweetened-beverages",germany,"plastic, de:einwegpfand",Lidl,,e,4.0,,"Wasser, Zucker, Limonensaft und - extrakt aus Konzentrat 3%, Kohlensäure, Säuerungsmittel Citronensäure, Limonenkonzentrat, Antioxidationsmittel Ascorbinsäure, natürliches Aroma, Aroma Chinin",,
4000140700149,Indian Tonic Water,Schweppes,"beverages-and-beverages-preparations, beverages, carbonated-drinks, sodas, tonic-water, sweetened-beverages, tonic-drink-with-sugar","france, germany","bottle, de:plastikflasche",,,e,4.0,,"Wasser, Zucker, Kohlensäure, Säuerungsmittel Citronensäure, natürliche Aromen, Aroma Chinin.",,
4000140700170,American Ginger Ale,Schweppes,"beverages-and-beverages-preparations, beverages, carbonated-drinks, sodas, sweetened-beverages",germany,"plastic, bottle, de:einwegpfand",,,e,4.0,,"Wasser, Zucker, Kohlensäure, Säuerungsmittel Citronensäure, natürliches Ingwer-Aroma mit anderen natürlichen Aromen, Farbstoff E150d.",,
4000140700583,Russian Wild Berry,Schweppes,"beverages-and-beverages-preparations, beverages, carbonated-drinks, sodas, Getränke  Alkoholfreie Getränke","france, germany",de:mehrwegeplastikflasche,,,e,4.0,,"Wasser, Zucker, Kohlensäure, Säuerungsmittel Citronensäure, Aromen, Konzentrate (Hibiscus, Karotte)",,
4000140704840,Schweppes American Ginger Ale,Schweppes,"beverages-and-beverages-preparations, beverages, carbonated-drinks, sodas, sweetened-beverages",germany,"glass, bottle",Edeka,"München,bayern,Deutschland",e,4.0,,"Wasser, Zucker, Kohlensäure, Säuerungsmittel Citronensäure, natürliches Ingwer-Aroma mit anderen natürlichen Aromen, Farbstoff Zuckercouleur (E150d).",,
4000140705083,American Ginger Ale,Schweppes,"beverages-and-beverages-preparations, beverages, unsweetened-beverages, sweetened-beverages",germany,,,,e,4.0,,"Wasser, Zucker, Kohlensäure, Säuerungsmittel Citronensäure, natürliches Ingwer-Aroma mit anderen natürlichen Aromen, Farbstoff Zuckercouleur (E150d).",,
40822556,Schweppes Indian Tonic,Schweppes,"beverages, carbonated-drinks, sodas, tonic-water, sweetened-beverages",france,,,,e,,,,,
40822747,Schweppes,Coca-Cola,"beverages-and-beverages-preparations, beverages, carbonated-drinks, artificially-sweetened-beverages, sodas, diet-beverages, carbonated-soft-drinks-without-fruit-juice, carbonated-soft-drinks-without-fruit-juice-with-reduced-sugar, sweetened-beverages",morocco,,,,c,4.0,,"seppes Sch 78: 30,0 2 2747 33% 0%* 1%* 2 es المطابق له الموضح أسفله. شويبس، الفاونتين ديزاين المعدل و شويبس 1783 هي علامات تجارية مسجلة و hese ليموناضة بعصير الليمون. المكونات: ماء غازي، سكر، عصير الليمون، مادة حافظة: E202، مستحلب: E414 ، محمض: E300، نكهات، ملون: E104. معبا من طرف (لا) أنظر الرمز على القنينة و عنوان الشركة المعبئة لشركة أتلانتيك إندستريز 2016 ©. تحفظ في مكان نظيف، جاف وبارد. تاريخ الانتاج: (P)، رقم الحصة ويحبذ الاستهلاك قبل نهاية: (E) أنظر أعلى القنينة. : شركة المشروبات الغازوزبسوس ش.م. طریق مراکش، کلم 12، ص ب 135 اكادير، 26.13.14 .AUT.SVONSSA n°: BG : شركة المشروبات الغازية للجنوب ش.م. تجزئة أزلي، المنطقة الصناعية طريق الصويرة، مراكش، 19.7.13 .AUT.SONSSA n: BG. 0: شركة تعبئة أطلس شم. الحي الصناعي، طريق الجزائر، وجدة - 45.01.13 .C .AUT.SONSSA n°: EG كويومي، تكنوبول مطار محمد الخامس م. ص. النواصرالدارالبيضاء، لصالح الشركة المركزية للمشروبات الغازية (الدارالبيضاء)، 1.7.14 ,AUT.SONSSA n°: B2 لكل 250 ملل معلومات الغذائية بالنسبة (100 ملل السكر الدهون - الملح الطاقة: - ,49 كيلوجول/ 203 كيلوكالوري، لغ 59,5 ملغ السكريات، 122 غ، بما فيها السكر: 120غ، دهون: 40، بما فيها أحماض دهنية مشبعة: 0غ، روتينات: 0 غ الملح، 23,4 ملغ. قيمة مرجعية بالنسبة لشخص بالغ (8400 كيلوجول (لم) } بالنسبة للحصص اليومية الموصى بها. 2000 كيلوكانوري (kcal)) کتا",,
42099475,Tonic Water,Schweppes,"beverages, carbonated-drinks, sodas, tonic-water, sweetened-beverages",united-kingdom,bottle-glass,,"Liverpool,United Kingdom",c,4.0,,"Carbonated water, Citric acid, Acidity Regulator (Sodium Citrate), Flavourings including Quinine, Sweetener (Aspartame)",,
42099482,Schweppes Bitter Lemon,Schweppes,"beverages-and-beverages-preparations, beverages, carbonated-drinks, sodas, sweetened-beverages",romania,ro:sticla,,"Bucuresti,Romania",e,4.0,not-applicable,"Apa, zahar, dioxid de carbon, suc de lamaie (1,5%), extract de lamaie, acidifiant acid citric, arome inclusiv chinina, conservant sorbat de potasiu, stabilizatori E1450 si E445.",12.6,
42099505,Soda Water,Schweppes,"beverages, carbonated-drinks, waters, carbonated-waters",united-kingdom,bottle-glass,,"Liverpool,United Kingdom",b,1.0,,"Carbonated Water, Sodium bicarbonate",,
42421733,Schweppes zero,Schweppes,,france,,,,unknown,,,"D12595747MKKOSAb [MK] Состојки: вода, биолошки, хидролизати на растителни протеини (вода, ПЧЕНИЧНИ протеини, сол 8,1%), сол 9,2%, арома (содржи ПЧЕНИЦА!. подобрувач на вкус (мононатриум глутамат 4.1%, динатриум инозинат), екстракт од квасец, шекер, арома на чили (содажи ЦЕЛЕР), згуснувач (ксантан гума). [AL Përbërësit: ujë, proteina bimore biolocilke te hidrolizuara luje, proteina GRURI, kripe 8,1%). kripe 9,2%. arpme (permban GRUR perforcues arome (mono glutaminat natriumi 4,1%, dinatriumi inozinat), ekstrakt maia. sheqer, aromë djegës përmban SELINO. cendësues (gomë ksantan). Нутритивни вредности на 100g/ Vlera ushoyese mesatare per 100g: Енергија Viera energjetike: 182kJ/",,
4270188783903,Scheweppes agrum' aux 4 saveurs de 4 agrumes,Schweppes,"beverages-and-beverages-preparations, beverages, carbonated-drinks, sodas, sweetened-beverages",france,,,,unknown,,,,,
4890008400300,Cream Soda,Schweppes,"beverages-and-beverages-preparations, beverages, carbonated-drinks, sodas, sweetened-beverages","hong-kong, united-kingdom","can, drink-can",Cheerful Links,England,c,4.0,,"Eau, sucre, correcteur d'acidité: E330, crème arôme, conservateur : E211, colorant : E102",,
4890008402304,Soda Water,Schweppes,"beverages, carbonated-drinks",france,,,,b,,,,,
4890008405305,Schweppes Gingembre,Schweppes,"beverages, carbonated-drinks, sodas",hong-kong,,,,e,,not-applicable,,10.89999961853,45.0
4890008452309,Sparkling Water Lime Flavoured,Schweppes,"beverages, carbonated-drinks, waters, unsweetened-beverages, carbonated-waters, flavored-waters",hong-kong,can,,,b,4.0,not-applicable,"Carbonated water, flavourings",0.0,0.0
5000193640989,Schweppes Peppermint Cordial,Schweppes,"beverages, carbonated-drinks, sodas, peppermint-soft-drink",united-kingdom,"plastic, bottle, pet-bottle",,London,d,4.0,,"Water, Sugar, Flavourings. Preservatives (Sodium Benzoate. Potassium Sorbate), Citric Acid, Sweeteners (Sodium Saccharin. Aspartame). Contains a Source of Phenylalanine.",,
5000193730574,Slimline Lemonade,Schweppes,"beverages-and-beverages-preparations, beverages, carbonated-drinks, artificially-sweetened-beverages, sodas, lemonade, lemonade-without-sugar-with-artificial-sweeteners, sweetened-beverages","united-arab-emirates, united-kingdom","bottle, pet-bottle",,,c,4.0,,"Carbonated Water, lemon juice from concentrate (2%), Citric Acid, Flavorings, Acidity Regulator (Sodium Citrate), sweeteners (Aspartame, Sodium Saccharin). Preservative (Potassium Sorbate). Antioxidant (Ascorbic Acid)",,
50112258,Ginger Ale 550 ml,Schweppes,"beverages, carbonated-drinks, sodas, sweetened-beverages",romania,"plastic, pet-polyethylene-terephthalate, bottle",,"Bucuresti,Romania",e,4.0,,"Apă, zahăr, dioxid de carbon, acidifiant: acid citric, colorant E150d, arome.",8.92,36.4
50112265,Schweppes Tonic,Schweppes,"beverages-and-beverages-preparations, beverages, carbonated-drinks, sodas, tonic-water, boissons-avec-sucre-ajoute","france, morocco",,,,c,,,,,
50112845,Bitter Lemon,Schweppes,,france,,,,unknown,,,,,
50193622,Slimline Tonic Water,Schweppes,"beverages, carbonated-drinks, artificially-sweetened-beverages, sodas, diet-beverages, diet-sodas, tonic-water","france, united-kingdom",aluminium-can,,,c,4.0,,"Carbonated Water, Citric Acid, Sodium Citrate, _Quinine_, _Aspartame_",,
5023765003036,abbey well,schweppes,still-water,united-kingdom,"bottle-plastic, pet-bottle",,"london,united kingdom",unknown,,,still scottish water,,
54000803,Schweppes Mandarin,Schweppes,"beverages-and-beverages-preparations, plant-based-foods-and-beverages, beverages, plant-based-beverages, carbonated-drinks, fruit-based-beverages, sodas, fruit-sodas, sweetened-beverages",romania,ro:sticla,,"Bucuresti,Romania",e,4.0,not-applicable,"Apa, zahar, suc de mandarine (min.2%) din concentrat, dioxid de carbon, acidifiant acid citric, arome, antioxidant acid ascorbic, stabilizatori E414 si E445, conservant sorbat de potasiu, colorant caroteni.",10.1,
54004108,Tonic & Matcha,Schweppes,"beverages, carbonated-drinks, sodas, tonic-water, sweetened-beverages",france,,delhaize,Belgique,c,,,,,
54004139,Schweppes Tonic Original Premium Mixers,Schweppes,"beverages, carbonated-drinks, sodas, sweetened-beverages",france,,,,d,,,,,
54004146,Schweppes Prem. Tonic Pink Pepper 20 CL Fles,Schweppes,"beverages-and-beverages-preparations, beverages, carbonated-drinks, sodas, tonic-water, sweetened-beverages","france, germany",bottle,,,d,,,,,
54004153,schweppes premium mixer orange blossom & lavender,Schweppes,"beverages-and-beverages-preparations, beverages, carbonated-drinks, sodas, tonic-water, boissons-avec-sucre-ajoute","france, germany",,,,d,,,,,
54004177,Schweppes Agrum,Schweppes,"beverages, sweetened-beverages, soda-agrumes","belgium, france",glass,,Belgique,c,,,,,
54004306,Ginger Ale,"Canada Dry, Orangina schweppes","beverages, unsweetened-beverages",france,,,,d,,,,,
54004320,Indian tonic,Schweppes,"beverages, carbonated-drinks, sodas, tonic-water, sweetened-beverages","belgium, france",,,,e,4.0,,"Eau gazéifiée, sucre, acidifiant: acide citrique, arômes naturels, arôme: quinine.",,
54004337,Agrumes zéro,Schweppes,"beverages, carbonated-drinks, sodas",france,,,,b,,,,,
54004405,Schweppes Indian Tonic,Schweppes,"beverages, carbonated-drinks, sodas, tonic-water, sweetened-beverages",france,,,,d,,,,,
54004412,,Schweppes,"beverages, carbonated-drinks, sodas, tonic-water, sweetened-beverages","belgium, france, germany",,,,d,4.0,,"n saveur Boisson rafraichissante gazelliée aux ar hibiscus. Ingrédients: eau gazeifiée, sucre, acidifiant: acide citrique, arômes naturels, colorant: anthocyanes, concentrés de pomme, carthame et citron, arôme: quinine. Bruisende frisdrank met natuurlijke aroma's, smaak van hibiscus. Ingredienten: koolzuurhoudend water, suiker, voedingszuur: citroenzuur, natuurlijke aroma's, kleurstoffen: onfocyanen, saffloer, citroen en appel extracten, aroma: kinine A conserver à l'abri du soleil et de la chaleur/Uit de zon en op een koele plaats bewaren. A consommer de préférence avant le: voir capsule/ Ten minste houdbaar tot: zie kroonkurk. Commercialisé par / Gecommercialiseerd door: Orangina Schweppes France, 595 rue Pierre Berthier CS 80491 13593 Aix-en-Provence Cedex 3 - France/s.a. Schweppes Suntory Benelux n.v., Rue du Cerf 127,8-1332 Genval - Belgium. (indiquer la date et le numéro de lot inscrits sur la capsule/met vermelding van referentie op dop). N° Cristal: 09 69 36 32 36. Appel non surtaxe. Service valable uniquement en France Métropolitaine. Produit en Espagne. Importateur Suisse: Feldschlösschen Boissons SA, CH-4310 Rheinfelden. Une marque de/ Een merk van: Schweppes International Limited. Valeurs nutritionnelles / Voedingswaardevermelding: Energie/Energie Matières grasses/Vetten (dont acides gras saturés / waarvan verzadigde vetzuren) 100 ml 145 kJ 34 kcal Og (0 g) 7.99. (7,9 g) 200 ml 290 kJ 68 kcal 0g 0g 0,01 g (0 g) 15,8 g. (15,8 g) Glucides/Koolhydraten (dont sucres/ waarvan suikers) Protéines/Eiwitten Sel/Zout *% de l'apport de référence pour un adulte-type*% van de referentie-inname van een gemiddelde volwassene (8400 kJ/2000 kcal) 200 ml 3 0 (0) 0g 0,02 g (18) 0 0",,
54004436,Schweppes Prem. Tonic Ginger Ale 20 CL Fles,Schweppes,"beverages, non-alcoholic-beverages, sweetened-beverages",france,,,Belgique,e,4.0,,"eau gazéifiée, sucre, arôme naturel de gingembre avec autres arômes naturelq acidifiant : acide Citri ue correcteur d'acidité : citrate de sodium, colorant : carameq (Eh 50d). Bruisende frisdrank met vegetale extracten. Ingrediënten: koolzuurhoudend water, suikerj natuurlijk gember aroma met andere natuurlijke aromals voedinaszuur: citroenzuur, zuurgraad corrector: Natriumcitraat, (El 50d)i",,
54004450,Schweppes Ginger  beer et chili,Schweppes,"beverages, carbonated-drinks, sodas, non-alcoholic-beverages, non-alcoholic-beers, ginger-beer",france,,,,e,,,,,
54007505,Schweppestonic,Schweppes,"beverages, carbonated-drinks, sodas",romania,ro:sticla,,"Bucuresti,Romania",e,4.0,not-applicable,"Apa, zahar, dioxid de carbon, acidifiant acid citric, conservant sorbat de potasiu, arome inclusiv chinina.",8.9,
5410221051555,Orange,Schweppes,"beverages, carbonated-drinks, sodas, sweetened-beverages",belgium,bouteille-en-plastique,Carrefour,Marche en Famenne,e,4.0,,"Eau gazéifiée, acidifiant: acide citrique, extrait d'écorce d'orange, antioxydant acide ascorbique, conservateur : sorbate de potassium, édulcorants: acésulfame-K et sucralose, colorants: acide carminique et caronténoïdes mélangés, amidon modifié, arôme naturel d'orange, stabilisateurs (E445, E444)",,
5410221102172,Bitter lemon,Schweppes,"beverages, carbonated-drinks, sodas, sweetened-beverages",belgium,boite-alu,Carrefour,Marche en Famenne,e,4.0,,"Eau gazéifiée, A : sirop de glucose-fructose, B : sucre (A ou B voir le fond de la boîte), jus à base de concentré et extraits de citron 3%,acidifiant: acide citrique, arômes naturels, conservateur : sorbate de potassium, édulcorants: aspartame, acésulfame K, amidon modifié, antioxydant : acide ascorbique, stabilisants : E445, E444, arôme quinina",,
5410221151118,Indian Tonic,Schweppes,"beverages, carbonated-drinks, sodas, tonic-water, sweetened-beverages","belgium, france",,,,e,4.0,,"eau gazéifiée, sucre, acidifiait,' citrique, arômes naturels, arôme : quininl.l",,
5410221151453,Schweppes druiven (raisins),Schweppes,"plant-based-foods-and-beverages, beverages, plant-based-beverages, carbonated-drinks, fruit-based-beverages, sodas, sweetened-beverages","belgium, france",bouteille-en-plastique,Carrefour,Marche en Famenne,d,,,,,
5410221205170,CAN 6X33CL SCHWEPPES AGRUMES,Schweppes,"beverages-and-beverages-preparations, plant-based-foods-and-beverages, beverages, plant-based-beverages, carbonated-drinks, fruit-based-beverages, artificially-sweetened-beverages, sodas, fruit-sodas, non-alcoholic-beverages, sweetened-beverages","belgium, france","plastic, can, drink-can","Magasins U,Delhaize,Intermarché,carrefour.fr","France,Dolus d'Oléron",e,4.0,,"eau gazéifiée, sucre, extrait d'orange, acidifiant acide citrique, conservateur sorbate de potassium, arômes naturels d'agrumes avec autres arômes naturels, édulcorant acésulfame k et sucralose, amidon modifié, antioxydant acide ascorbique, stabilisant e445.",,
5410221205194,Schweppes Zero agrumes,Schweppes,"beverages-and-beverages-preparations, plant-based-foods-and-beverages, beverages, plant-based-beverages, carbonated-drinks, fruit-based-beverages, artificially-sweetened-beverages, sodas, diet-beverages, fruit-sodas, carbonated-fruit-soft-drink, carbonated-fruit-soft-drinks-with-sugar-with-10-50-of-fruit-juice","belgium, france","metal, plastic, can, drink-can, film","Magasins U,Delhaize,carrefour.fr",,c,4.0,,"Eau gazéifiée, extrait d'orange, acidifiant : acide citrique, édulcorants : acésulfame K et sucralose, conservateur : sorbate de potassium, arômes naturels d'agrumes avec autre arômes naturels, amidon modifié, antioxydant : acide ascorbique, stabilisant : E445.",,
5410221205217,Indian Tonic Sleek Cans 33CL 6-pack,Schweppes,,"belgium, france",,Delhaize,,unknown,,,,,
5410221205255,Lemon aux Saveurs de Citrons,Schweppes,"beverages, artificially-sweetened-beverages, sweetened-beverages","belgium, france",,"Magasins U,Delhaize",,e,4.0,,"eau gazéifiée, sucre, extraits de citron, acidifiant : acide citrique, arômes naturels de citron avec autres arômes naturels, conservateur : E 202, édulcorants : acésulfame K et sucralose, amidon modifié, stabilisants (E445, E444).",,
5410221205323,Schweppes ginger ale,Schweppes,"beverages-and-beverages-preparations, beverages, carbonated-drinks, sodas",france,,,,e,,,,,
5410221258107,Ricqles menthe,Orangina Schweppes,"beverages, sweetened-beverages",france,,,,d,,,"Boisson a avec autres : t&quot; gazéifiée, sucre, arômes notutclso en ondete natuurliike ROOlZUUth0Udend muntarama en A €amammet de préférence voit sot te haut de la bauteitte / ren fies. Commerciati4é paf / Goovau",,
5410221305061,Indian tonic,Schweppes,"beverages, carbonated-drinks, artificially-sweetened-beverages, sodas, diet-beverages, diet-sodas, tonic-water","belgium, france",,,,c,4.0,,"Eau gazéifiée, acidifiant: acide citrique, arômes naturels, édulcorants (E950, E952, E954), arôme : quinine.",,
5410221305078,Schweppes Bitter Lemon,Schweppes,"beverages, artificially-sweetened-beverages",france,,,,e,4.0,,"eau gazéifiée, sucre, jus à base de concentré et extraits de citron (3%), acidifiant : acide citrique, arômes naturels, conservateur : sorbate de potassium, édulcorants : acésulfame K et sucralose, amidon modifié, antioxydant : acide ascorbique, stabilisants (E445, E444)l arôme : quinine.",,
5410221305085,Schweppes Agrum',SCHWEPPES,"beverages-and-beverages-preparations, plant-based-foods-and-beverages, beverages, plant-based-beverages, carbonated-drinks, fruit-based-beverages, artificially-sweetened-beverages, non-alcoholic-beverages, sodas, fruit-sodas, sweetened-beverages","belgium, france, luxembourg, switzerland","can, drink-can",,,e,4.0,,"carbonated water, sugar, orange extracts, acidifier: citric acid, preservative: e 202, sweeteners: acesulfame k and sucralose, modified starch, antioxidant: ascorbic acid, natural citrus flavors with other natural flavors, stabilizer e445, dye e142",,
5410221305108,Agrum'Zero met 4 citrussmaken,Schweppes,"beverages-and-beverages-preparations, plant-based-foods-and-beverages, beverages, plant-based-beverages, carbonated-drinks, fruit-based-beverages, artificially-sweetened-beverages, sodas, diet-beverages, fruit-sodas, diet-sodas, light-fruit-sodas, sweetened-beverages",netherlands,"metal, recyclable-metals, aluminium, can, drink-can, green-dot, recycle-can-in-france",,,c,4.0,,"koolzuurhoudend water, sinaasappelextracten,voedingszuur (citroenzuur), zoetstoffen (E950, E955), bewaarmiddel (E202), gemodificeerd zetmeel, antioxidant (ascorbinezuur), natuurlijke aroma's van citrusvruchten met andere natuurlijke aroma's, stabilisator (E445), kleurstof (E142)",,
5410221305122,Schweppes tonic,Schweppes,"beverages, carbonated-drinks, sodas, sweetened-beverages","belgium, france",,,,e,,,,,
5410221305146,Indian tonic zero,schweppes,"beverages, carbonated-drinks, artificially-sweetened-beverages, sodas, diet-beverages, diet-sodas, tonic-water","belgium, france",,,,c,4.0,,"eau gazéifiée, acidifiant : acide citrique, arômes naturels, édulcorants (E950, E952, E954), arôme: quinine.",,
5410221305160,Schweppes Lemon🍋,SCHWEPPES,"beverages-and-beverages-preparations, plant-based-foods-and-beverages, beverages, fruit-based-foods-and-beverages, non-alcoholic-beverages, plant-based-beverages, carbonated-drinks, fruit-based-beverages, soft-drinks, artificially-sweetened-beverages, sodas, fruit-sodas, sweetened-beverages",france,"metal, can, drink-can, steel",,,e,4.0,,"carbonated water, sugar, acidifying lemon extracts:, citric acid, natural lemon aromas with other natural aromas, preservative 202, sweeteners: acesulfame k and sucralose, modified starch, stabilizers (e445 e444),",,
5410221305177,Schweppes-bitter Lemon-330ml-belgium,Schweppes,beverages,france,,,,c,,,e.' adulte•type (8400 kJ / 200 een geaidde!de volwassene (8400 kJ,,
5410221305306,Schweppes-lemon Soda (diet)-330ml-belgium,Schweppes,"beverages-and-beverages-preparations, plant-based-foods-and-beverages, beverages, plant-based-beverages, carbonated-drinks, fruit-based-beverages, artificially-sweetened-beverages, sodas, fruit-sodas, lemon-soft-drinks, sweetened-beverages",netherlands,"metal, canned",,,b,4.0,,"Eau gazéifiée, extraits de citron acidifiant: acide citrique, arômes naturels de citron avec autres arômes naturels, édulcorants: acésulfame K et sucralose, conservateur: sorbate de potassium, amidon modifié, stabilisants (E445 E444).",,
5410221305436,Orangina,"Orangina, Orangina Schweppes","plant-based-foods-and-beverages, beverages, plant-based-beverages, carbonated-drinks, fruit-based-beverages, sodas, fruit-sodas, orange-soft-drinks, sweetened-beverages","belgium, france","metal, can, drink-can, steel, acier-recyclable",,"Toulouse,France",d,4.0,,"Eau gazéifiée, jus d'orange et autres agrumes à base de concentrés 12 % (orange 10%, citron, mandarine, pamplemousse), sucre, pulpe 2 % (orange, mandarine), extrait de zeste d'orange, arômes naturels d'orange.",,
5410221306150,Thé infusé glacé parfum pêche blanche,"May tea, Orangina Schweppes France","plant-based-foods-and-beverages, beverages, plant-based-beverages, tea-based-beverages, iced-teas, peach-flavored-iced-teas, sweetened-beverages","belgium, france","plastic, bottle",Delhaize,,c,4.0,,"Infusion de thé noir 94 % (eau, infusion intense de thé noir), sucre, jus de pêche à base de concentré 1 %, arôme naturel de thé, acidifiants : acide malique et acide citrique, arômes naturels, correcteur d'acidité : citrate de sodium, antioxydant : acide ascorbique.",,
5410221331121,Schweppes Indian tonic light,Schweppes,"beverages-and-beverages-preparations, beverages, carbonated-drinks, artificially-sweetened-beverages, sodas, diet-beverages, diet-sodas, tonic-water, sweetened-beverages","belgium, france",boite-alu,Carrefour,Marche en Famenne,unknown,4.0,,"Eau gazéifiée, acidifiant : acide citrique, arômes naturels, édulcorants (E950, E952, E954), arôme: quinine",,
5410221381508,Pompelmoes,Schweppes,"beverages, carbonated-drinks, sodas, sweetened-beverages",belgium,boite-alu,,Marche en famenne,e,4.0,,"Eau gazéifiée, sucre, acidifiant:acide citrique, arômes naturels, conservateur E202,antioxydant: acide ascorbique, édulcorants (E950, E951) ,colorant: acide carminique, amidon modifié, stabilisants (E445, E444).",,
5410221501111,Indian tonic,Schweppes,"beverages, carbonated-drinks, sodas, sweetened-beverages",france,,,,unknown,4.0,,"Eau gazéifiée, sucre, acidifiant : acide citrique, arômes naturels, arôme : quinine.",,
5449000044709,Schweppes,Schweppes,"beverages-and-beverages-preparations, plant-based-foods-and-beverages, beverages, plant-based-beverages, carbonated-drinks, fruit-based-beverages, sodas, fruit-sodas, sweetened-beverages","germany, romania, serbia","plastic, pet-polyethylene-terephthalate, bottle",,Serbia,d,4.0,,"water, high fructose syrup, lemon juice (1,5%) concentrated juice, carbon dioxide (min, 2 g/l), lemon extract, acid: citric acid, flavorings (including quinine max, 85 mg/l), preservative: potassium-sorbate, antioxidant: ascorbic acid, stabilizers: e1450 and e445, color: carotene,",,
5449000044730,Schweppes Tangerine,Schweppes,"beverages, carbonated-drinks, sodas, sweetened-beverages","romania, switzerland",,,,d,4.0,,"water, fructose-glucose syrup, juice an average of mandarin from concentrate (2%), carbon acid, citric acid, flavorings, stabilizers: е414 and е445, antioxidant: ascorbic acid, preservative: potassium sorbate, colouring: carotene",,
5449000044808,Tonic water,Schweppes,"beverages-and-beverages-preparations, beverages, carbonated-drinks, artificially-sweetened-beverages, sodas, tonic-water, sweetened-beverages","france, germany, morocco",pet-bottle,,,d,4.0,,"Carbonated Water, Sugar Acid Citric Acid), Natural Flavourings including Quinine, Sweetener (Sodium Saccharin). Contains Natural Quinine.",,
5449000046390,,Schweppes,"beverages-and-beverages-preparations, beverages, carbonated-drinks, artificially-sweetened-beverages, sodas, tonic-water, sweetened-beverages","bulgaria, france, morocco",bg:кен,,,e,,,"EAU GAZEIFIEE, SUCRE, ACIDIFIANT: EX MISE EN BOITE PAR COBOMI, TECHNOPOLE AEROPO NOUACEUR CASABLANCA - MAROC, POUR LE COMP CENTRALE DES BOISSONS GAZEUSES S,A,, BD AHL LOGH TIT MELLIL, CASABLANCA, MAROC, SOUS L'AUTORIT HOLDINGS LIMITED, SCHWEPPES ET SCHWEPPES 173S D'ATLANTIC INDUSTRIES 2015, A CONSERVER DANS UN FRAIS, DATE DE PRODUCTION: (P), NUMERO DU LOT ET PREFERENCE AVANT FIN: (E) VOIR BASE,",,
5449000046413,Schweppes,Schweppes,"beverages-and-beverages-preparations, plant-based-foods-and-beverages, beverages, plant-based-foods, fruits-and-vegetables-based-foods, fruits-based-foods, carbonated-drinks, fruits, citrus, sodas, lemons, sweetened-beverages","morocco, united-states",,,,c,4.0,,"EAU GAZEIFIEE, SUCRE, JUS DE CITRON, CONSERVATEUR: E202, EMULSIFIANT: E414, ACIDIFIANT: E300, MMIES, COLORANT: E104. MISE EN BOÎTE PAR COBOMI, TECHNOPOLE BROPORT MOHAMED V-Z.I. NOUACEUR - CASABLANCA - MAROC, AUT.S/ONSSA 1:86.1.7.14, POUR LE COMPTE DE LA SOCIETE CENTRALE DES BOISSONS GAZEUSES S.A., BD AHL LOGHLAM, EX ROUTE 1015 TIT MELLIL, CASABLANCA, SCHWEPPES 1783 SONT DES MARQUES D'ATLANTIC INDUSTRIES © 2017. MAROC. SOUS L'AUTORITE DE SCHWEPPES HOLDINGS LIMITED. SCHWEPPES ET",,
5449000046437,Schweppes Soda Water 330ml 1Ea 330 ML,Schweppes,,france,,,,unknown,,,,,
5449000060068,Schweppes citron,Coca-Cola,"beverages, carbonated-drinks, sodas, non-alcoholic-beverages, sweetened-beverages","france, morocco",bottle,,Morocco,d,4.0,,"eau gazeuse, sucre, jus de citron, acidifiants: E300, E330: conservateur: E202, émulsifiant: E414, édulcorants: E955, E950, arômes naturels de citron, teintés: E104.",,
5449000060075,Twist,"Citron, Schweppes",,"france, morocco",,,,unknown,,,1.5 litre,,
5449000060297,,Schweppes,,united-arab-emirates,,,,unknown,,,,,
5449000060303,Ginger ale,Schweppes,"beverages-and-beverages-preparations, beverages, carbonated-drinks, sodas, sweetened-beverages",united-arab-emirates,,,,e,4.0,,"Sparkling Water, Sugar, Preservative: Citric Acid, Natural Ginger & Citrus Flavors, Acidity Regulator: Sodium Citrate, Preservative: Sodium Benzoate, Caramel Color.",9.1,36.0
5449000060310,Tonic water,Schweppes,"beverages-and-beverages-preparations, beverages, carbonated-drinks, waters, sodas, tonic-water",united-arab-emirates,,,,unknown,1.0,,,,
5449000061478,boisson ginger ale 330ml Schweppes can,Schweppes,,france,,,,unknown,,,,,
5449000133373,Indian Tonic Water,Schweppes,"beverages-and-beverages-preparations, beverages, carbonated-drinks, sodas, tonic-water, sweetened-beverages","france, united-kingdom","pet-bottle, pet-lid",,,d,4.0,,"Carbonated Water, Sugar, Citric Acid, Quinine, Sodium Saccharin",,
5449000133380,Schweppes Slimline Tonic Water,Schweppes,"beverages-and-beverages-preparations, beverages, non-alcoholic-beverages, carbonated-drinks, soft-drinks, artificially-sweetened-beverages, sodas, diet-beverages, diet-sodas, tonic-water, sweetened-beverages","france, united-kingdom","hdpe-lid, pet-bottle",,,b,,,"carbonated water, citric acid acil contains natural quinine, store cool and dry, sparkling low calorie soft drink with din",,
5449000174031,Schweppes Agrumes,Schweppes,"beverages, carbonated-drinks, sodas, sweetened-beverages","france, senegal",,,,e,4.0,,"BOISSON GAZEUSE AUX AROMES D'AGRUMES. iNGRÉDIENTS: EAU GAZÉIFIÉE, SUCRE, JUS D'AGRUMES, ACIDIFIANTS: E330, E331, E300, CONSERVATEUR: E202, ARÔMES, EMULSIFIANTS: E414, E412, E445.",,
5449000221506,Schweppes mandarine,Schweppes,"plant-based-foods-and-beverages, beverages, plant-based-beverages, carbonated-drinks, fruit-based-beverages, sodas, fruit-sodas, sweetened-beverages",romania,ro:doza-metalica,,"Bucuresti,Romania",e,4.0,not-applicable,"Apă, zahăr, suc de mandarine (min.2%) din concentrat, dioxid de carbon, acidifiant acid citric, arome, antioxidant acid ascorbic, stabilizatori E414 si E445, conservant sorbat de potasiu, colorant caroteni.",10.1,42.0
5449000222299,Schweppes pomegranate,Schweppes,,france,,,,unknown,,,مياه غازية، سكر، لب الموالح نسبة العصير 1.5%، مادة منظمة للحموضة حامض الستريك، مثبت صمغ عربي، مواد حافظة في حدود مسموح بها سوربات البوتاسيوم وبنزوات الصوديوم، مضادة للأكسدة اديتا كالسيوم ثنائي الصوديوم، نكهات الرمان الطبيعية، لون كارموزين,,
5449000227508,Pulpina Orange,Schweppes,"plant-based-foods-and-beverages, beverages, plant-based-beverages, carbonated-drinks, fruit-based-beverages, sodas, fruit-sodas, orange-soft-drinks, sweetened-beverages",france,,,,unknown,4.0,,Eau sucre jus et pulpe d'orange E300 E330 E 160 E202 E445 E414,,
54490130,,Schweppes,"beverages-and-beverages-preparations, beverages, carbonated-drinks, sodas, sweetened-beverages","croatia, france",,,,e,4.0,,"Voda, fruktozno-glukozni sirup, sok od limuna (2 %) od koncentriranoga soka, ugljikov dioksid, kiselina: limunska kiselina, prirodne arome (uključujući kinin), regulator kiselosti: natrijevi citrati, konzervans: kalijev sorbat, stabilizatori: E 1450 i E 445, sladila: acesulfam K i natrijev saharin, antioksidans: askorbinska kiselina, bojilo: karoteni,",,
54493360,Schweppes Soda Water Pet,"Schweppes, Splash",beverages,france,,,,c,,,(TRIQUE : SOOu COHSERYATEUR:BEHIOATEOESOOIUR,,
5601146243518,Joi,"Joi, Schweppes","beverages-and-beverages-preparations, plant-based-foods-and-beverages, beverages, plant-based-beverages, juices-and-nectars, artificially-sweetened-beverages, sweetened-beverages","france, portugal","plastic, pet-polyethylene-terephthalate, bottle",Jumbo,"Almada,Portugal",e,4.0,,"Água, sumo de limão a partir de concentrado (7.7%), açúcar, acidificante: ácido cítrico, aromas, estabilizadores: E414 e E445, edulcorantes: E952 e E954, conservante: E202, vitaminas: C, E e A.",,
56094381,Indian tonic,Schweppes,"beverages, carbonated-drinks, sodas, tonic-water, sweetened-beverages",portugal,bouteille-en-verre,,,unknown,,,"AGUA, AÇUCAR, XAROPE DE GLUCOSE e FRUTOSE DIOXIDO DE CARBONO, ACIDIFICANTE: ACIDO CITRICO, AROMAS NATURAIS, AROMA QUININO.",,
57045863,,Schweppes,"plant-based-foods-and-beverages, beverages, plant-based-beverages, carbonated-drinks, fruit-based-beverages, sodas, fruit-sodas, sweetened-beverages",denmark,,,,d,,,,8.5,
5997264158446,Scheppes original orange,Schweppes,,france,,,,unknown,,,,,
6954767460383,Schweppes-soda Water-330ml-china,Schweppes,"beverages-and-beverages-preparations, beverages",france,,,,b,,,,,
7310401003221,,Schweppes,,sweden,,,,unknown,,,,,
7310401003245,Lemon,Schweppes,"plant-based-foods-and-beverages, beverages, plant-based-beverages, carbonated-drinks, fruit-based-beverages, sodas, fruit-sodas, sweetened-beverages",sweden,,,,d,,,,,
7310401010519,The original ginger ale,Schweppes,,france,,,,unknown,,,,,
7310401013350,Indian Tonic Zero,Schweppes,"beverages, carbonated-drinks, sodas, tonic-water, tonic-drink-without-sugar-with-artificial-sweeteners",norway,,,,b,,not-applicable,,0.0,2.0
7414821305085,agrum',schweppes,,france,,,,unknown,,,,,
7610238000203,The Original Indian Tonic (6 x 10cl),Schweppes,,switzerland,,,,unknown,4.0,,"Wasser, Zucker, Kohlensäure, Säuerungsmittel: Citronensäure, natürliche Aromen, Aroma Chinin.",,
7610238227136,Schweppes Grapefruit fusion,Schweppes,"beverages-and-beverages-preparations, plant-based-foods-and-beverages, beverages, plant-based-beverages, carbonated-drinks, fruit-based-beverages, sodas, fruit-sodas, sweetened-beverages",switzerland,bouteille-en-pet,Le Marché des Corbeaux,"Crans,Suisse",e,4.0,,"eau, jus de pamplemousse à base de concentré 7%, sucre, acide carbonique, arôme naturel, concentrés (saflor, citron, pomme), stabilisant: E445, antioxydant: (acide ascorbique),",,
7610238230617,Schweppes Citrus,Schweppes,"beverages, carbonated-drinks, sodas",switzerland,,,,d,,,,,
7610238272303,The Original Lemon,Schweppes,"plant-based-foods-and-beverages, beverages, plant-based-beverages, carbonated-drinks, fruit-based-beverages, sodas, fruit-sodas, lemon-soft-drinks",switzerland,,,,d,4.0,,"Wasser, Zucker, Zitronensaft aus Konzentrat (1%), Kohlensäure, Säureurungsmittel: Citronensäure, natürliche Aromen, modifizierte Stärke, Stabilisatoren: E445, E444.",,
7610238272310,Schweppes Ginger Ale,SCHWEPPES,"beverages, carbonated-drinks, sodas, sweetened-beverages","france, switzerland",,,,e,4.0,,"Wasser, Zucker, Kohlensäure, Säuerungsmittel: Citronensäure, natürliches Aroma, Farbstoff: Zuckercouleur (E150d).",,
7610238300358,Schweppes,Schweppes,"beverages-and-beverages-preparations, beverages, carbonated-drinks, sodas, tonic-water, sweetened-beverages","france, germany, switzerland","plastic, bottle",,,e,4.0,,"Wasser, Zucker, Kohlensäure, Säuerungsmittel: Citronensäure, natürliches Aroma, Chinin.",,
7610238300921,Bitter Lemon,schweppes,"beverages-and-beverages-preparations, beverages, carbonated-drinks, sodas, lemonade, sweetened-beverages","france, germany, switzerland",,,,e,4.0,,"Wasser, Zucker Zusammensetzung: Zitronensaft aus Konzentrat (6%) und Zitronenfruchtfleisch, Kohlensäure, Säuerungsmittel: Citronensäure, natürliches Aroma, modifizierte Stärke, Antioxidationsmittel: Ascorbinsäure, Stabilisatoren (E445, E444), Aroma, Chinin",,
7610238304486,The original bitter lemon,Schweppes,"beverages, carbonated-drinks, sodas, sweetened-beverages","france, switzerland","plastic, bottle",,,e,4.0,,"Wasser, Zucker, Zitronensaft aus Konzentrat (6%) und Zitronenfruchtfleisch, Kohlensäure, Säuerungsmittel: Citronensäure, natürliches Aroma, modifizierte Stärke, Antioxidationsmittel: Ascorbinsäure, Stabilisatoren: E445, E444, Chinin.",,
7610238304493,Schweppes Indian Tonic,Schweppes,"beverages, carbonated-drinks, sodas, tonic-water, sweetened-beverages","france, switzerland",,,,e,4.0,,"Eau, sucre, dioxyde de carbone, acidifiant: acide citrique, arôme naturel, quinine",,
7610238335169,Schweppes Ginger Ale,Schweppes,"beverages-and-beverages-preparations, beverages, carbonated-drinks, sodas, sweetened-beverages","germany, switzerland",,,,e,4.0,,"Eau, sucre, acide carbonique, acidifiant: acide citrique, arôme naturel, colorant: sucre Couleur (E150d).",,
7610238335732,Indiana tonic,Schweppes,"beverages, carbonated-drinks, sodas, tonic-water",switzerland,,,,c,4.0,,"Wasser, Kohlensäure, Säuerungsmittel: Citronensäure, Süssungsmittel: Acesulfame-K und Sucralose, natürliches Aroma, Chinin.",,
8014396000393,Acqua tonica,Schweppes,"beverages, carbonated-drinks, sodas, tonic-water, sweetened-beverages","france, italy",it:bottiglia-pet,,,e,4.0,,"acqua, zucchero, anidride carbonica,
acidificante: acido citrico, aromi naturali, aroma:cloridrato di chinino.",,
8014396000942,Limone,Schweppes,"plant-based-foods-and-beverages, beverages, plant-based-beverages, carbonated-drinks, fruit-based-beverages, sodas, fruit-sodas, lemon-soft-drinks, sweetened-beverages, it:bibite-analcoliche","italy, switzerland","plastic, pet-polyethylene-terephthalate, it:bottiglia-pet",,Italie,e,4.0,,"Acqua, succhi di frutti da concentrato 12% (limone 11%, pompelmo 1%), zucchero, anidride carbonica, aroma naturale limone con altri aromi naturali, acidificante: acido citrico, correttore di acidità: sodio citrato, conservante: potassio sorbato.",,
8014396001024,,Schweppes,"beverages-and-beverages-preparations, beverages, carbonated-drinks, artificially-sweetened-beverages, sodas","france, germany, italy, switzerland",,,,e,,,701 1783 *8 Schweppes POMPELMO in Rosa,,
8014396001475,Schweppws gusto agrumi,Schweppes,"beverages, carbonated-drinks, sodas, sweetened-beverages","france, italy","plastic, it:bottiglia-pet",,Italia,e,4.0,,"acqua, zucchero, succo d'arancia (2%) da concentrato, anidride carbonica, acidificante: acido citrico, conservante: potassio sorbato, aromi naturali di agrumi (arancia, pompelmo, limetta e mandarino) con altri aromi naturali, stabilizzanti (E1450, E445), antiossidante: acido ascorbico.",,
8014396001697,Tonice,Schweppes,"beverages-and-beverages-preparations, beverages, carbonated-drinks, sodas, boissons, boissons-avec-sucre-ajoute, boissons-gazeuses, eau-tonique","france, switzerland","plastic, bottle",,,e,4.0,,"Wasser, Zucker, Kohlensäure (E 290), Säuerungsmittel: Citronensäure (E 330), natürliches Aroma, Chinine",,
8014396001987,Limone,Schweppes,"beverages-and-beverages-preparations, plant-based-foods-and-beverages, beverages, plant-based-beverages, carbonated-drinks, fruit-based-beverages, sodas, fruit-sodas, sweetened-beverages","france, italy, spain, switzerland",,,,e,4.0,,"Acqua, succhi di frutti da concentrato 12% (limone 11%, pompelmo 1%), zucchero, anidride carbonica, aroma naturale limone con altri aromi naturali, acidificante: acido citrico, correttore di acidità: sodio citrato, conservante: potassio sorbato.",,
8014396002458,Schweppes Limone,Schweppes,"beverages-and-beverages-preparations, beverages, carbonated-drinks, sodas, sweetened-beverages, it:bibite","france, italy","bottle, it:bottiglia-pet",Trieste,Trieste,unknown,4.0,,"Acqua, succhi di frutti da concentrato 12% (limone 11%, pompelmo 1%), zucchero, anidritde carbonica, aroma naturale limone con altri aromi naturali,  acidificante: acido citrico, correttore di acidità: sodio citrato, conservante: potassio sorbato",,
8014396002465,Schweppes Gusto Agrumi,Schweppes,beverages,france,,,,e,4.0,,"Illaconcentrato, anidride carbonica, acidificante: acido citrico, conservante: agrumi (aranciat pompelmo, limetta e mandarino) con altri aromi acido ascorbico. LOTTO Dl PRODUZIONE E DA INDICAZIONI SUL TAPPO O SUL al riparo dalla luce solare e da fonti di calore, Recipiente in 100 ml 330 ml *",,
8014396002618,Schweppes Limone LT 0.25X4,Schweppes,"beverages-and-beverages-preparations, beverages, carbonated-drinks, sodas, sweetened-beverages",france,,,,e,4.0,,"Acqua, succhi di frutti da concentrato 12% (limone 11%, pompelmo 1%), zucchero, anidride carbonica, aroma naturale limone con altri aromi naturali, acidificante: acido citrico, correttore di acidità: sodio citrato, conservante: potassio sorbato.",,
8014396002816,Tonica,Schweppes,"beverages-and-beverages-preparations, beverages, carbonated-drinks, sodas, sweetened-beverages",france,,,,e,,,,,
8014396003080,Cedrata,Schweppes,,france,,,,unknown,,,,,
8014396003134,Schweppes,Schweppes,,france,,,,unknown,,,,,
8014396003165,Schweppes,Schweppes,"beverages, carbonated-drinks, sodas, sweetened-beverages",italy,it:bottiglia-pet,,,e,4.0,,"Acqua, succo di pompelmo (12%) da concentrato, zucchero, anidride carbonica, acidificante: acido citrico, aromi, conservante: potassio sorbato, antiossidante: acido ascorbico, stabilizzante: E1450, colorante: beta carotene",,
8014396003271,Agrumi zero,Schweppes,,france,,,,unknown,4.0,,"acqua, succo d'arancia (2%) da concentrato, anidride carbonica, acidificante: acido citrico, conservante: potassio sorbato, edulcoranti: acesulfame k, sucralosio, aromi naturali di agrumi (arancia, pompelmo, limetta e mandarino) con altri aromi naturali, stabilizzanti (E1450, E445), antiossidante: acido ascorbico. Contiene naturalmente zuccheri.",,
8014396003332,Schweppes Bitter Lemon LT1,Schweppes,beverages,france,,,,e,4.0,,"acqua, S zucchero, succo ed estratto di limone da concentrato (6%), anidride carbonica, acidificante: acido citrico, aromi naturali, conservante: potassio sorbato, stabilizzanti: E1450, E445, E444, antiossidante: acido ascorbico, aroma: cloridrato di chinino. LOTTO Dl PRODUZIONE E DA CONSUMARSI PREFERIBILMENTE ENTRO IL: VEDERE INDICAZIONI TAPPO E/O BOTTIGLIA. Conservare in luogo asciutto e pulito, al riparo dalla luce solare e da fonti di calore. Recipiente in pressione, aprire con cautela.",,
8410283001106,Gaseosa cero calorías,"La Casera,Schweppes","beverages-and-beverages-preparations, beverages, carbonated-drinks, artificially-sweetened-beverages, sodas, sweetened-beverages",spain,botella-de-plastico,"OpenCor,Alcampo","Madrid,España",c,4.0,,"Agua carbonatada, acidulante: ácido cítrico (E-330), edulcorantes: sacarina (E-954) y ciclamato (E-952) y aromas.",,
8410283008006,la casera original,"La Casera, Schweppes","beverages-and-beverages-preparations, beverages, carbonated-drinks, artificially-sweetened-beverages, sodas",spain,"plastic, bottle",,,c,4.0,,"Agua carbonatada, acidulante (ácido cítrico), edulcorantes (E-954, E-952), aromas.",,
8411800318950,TRINA Naranja,"Schweppes,Trina","beverages-and-beverages-preparations, plant-based-foods-and-beverages, beverages, plant-based-beverages, fruit-based-beverages, artificially-sweetened-beverages, beverages-with-orange, sweetened-beverages",spain,can,"Supersol,Mercadona","Madrid,España",d,4.0,,"Agua, zumo de naranja a partir de concentrado (10%), azúcar, acidulante (ácido cítrico), aroma natural de naranja con otros aromas naturales, estabilizante (pectina), vitamina C, edulcorantes (E952, E955), colorante (carotenos).",,
8411800319056,Trina de limón sin gas,"Schweppes,Trina","beverages-and-beverages-preparations, plant-based-foods-and-beverages, beverages, plant-based-beverages, carbonated-drinks, fruit-based-beverages, artificially-sweetened-beverages, sodas, fruit-sodas, lemon-soft-drinks, sweetened-beverages",spain,"can, green-dot","Supersol,Mercadona","Madrid,España",d,4.0,,"Agua, zumo de limón a partr de concentrado 6%, azúcar, acidulante (ácido cítrico), extracto de limón, aromas naturales, estabilizante (goma acacia), vitamina C, aceite vegetal de coco, edulcorantes (E952, E955).",,
8411800376455,Refresco trina laranja,"Schweppes,Trina","beverages-and-beverages-preparations, plant-based-foods-and-beverages, beverages, plant-based-beverages, carbonated-drinks, fruit-based-beverages, artificially-sweetened-beverages, sodas, fruit-sodas, non-alcoholic-beverages, orange-soft-drinks, beverages-with-orange, sweetened-beverages","france, spain",green-dot,"Ahorramás,Mercadona",España,d,4.0,,"Agua, zumo de naranja a partir de concentrado 10%, azúcar, acidulante (ácido cítrico), aroma natural de naranja con otros aromas naturales, estabilizante (pectina), vitamina C, edulcorantes (E952, E955), colorante (carotenos).",,
8414100244059,Tónica original,Schweppes,"beverages, carbonated-drinks, sodas, non-alcoholic-beverages, tonic-water, sweetened-beverages","france, spain","botella-de-cristal, green-dot",Mercadona,,e,4.0,,"Agua, azúcar, jarabe de glucosa y fructosa, anhídrido carbónico, acidulante (ácido cítrico), aromas naturales, aroma quinina.edulcorantes: sucralosa y acesulfamo k E950",,
8414100254645,Ginger ale,Schweppes,,"france, portugal",,,,unknown,,,,,
8414100254744,Schweppes Limon,Schweppes,,france,,,,unknown,4.0,,"agua, xarope de glucose e frutose acicar aartr de concentrado (2,,4%), extraus te limiao (0,5%), diido de carbono, acidificante: ácido dtica, aroma natural de limão com outros aromas naturas establizadores: E-1450, E-445 e E-444, conservante 202 edulcorante: E-955,",,
8414100301042,SCHWEPPES LIMON 1L,Schweppes,"beverages-and-beverages-preparations, beverages, carbonated-drinks, sodas, sweetened-beverages","france, spain",,,,c,,,,,
8414100301141,Tónica original,Schweppes,"beverages-and-beverages-preparations, beverages, carbonated-drinks, sodas, tonic-water, sweetened-beverages","france, portugal, spain",,,,c,,,,,
8414100301240,Tónica zero 1l,Schweppes,"beverages-and-beverages-preparations, beverages, carbonated-drinks, artificially-sweetened-beverages, sodas, tonic-water","france, portugal, spain",,,,c,4.0,,"Eau, dioxyde de carbone, acide citrique, arômes naturels, e952, e950, e954, arômes quinine",,
8414100301349,Ginger ale,Schweppes,,france,,,,unknown,,,,,
8414100301448,Schweppes,Schweppes,"beverages, carbonated-drinks, sodas",france,,,,b,,,,,
8414100301653,LIMÓN ZERO de corteza de limón,Schweppes,"plant-based-foods-and-beverages, beverages, plant-based-beverages, carbonated-drinks, fruit-based-beverages, artificially-sweetened-beverages, sodas, diet-beverages, fruit-sodas, diet-sodas, lemon-soft-drinks, light-fruit-sodas, light-lemon-soft-drinks, sweetened-beverages",spain,can,"Supercor Express,Ahorramas","Madrid,España",c,4.0,,"Agua, extractos de limón, anhídrido carbónico (E-290), acidulante: ácido cítrico (E-330), aroma natural de limón con otros aromas naturales, edulcorantes: ciclamato (E-952) , acesulfamo K (E-950) y sucralosa (E-955); estabilizadores: octenil succinato sódico de almidón (E-1450), éster glicérido de resina de madera (E-445) y acetato isobutirato de sacarosa (E-444); conservante: sorbato de potasio (E-202).",,
8414100301752,Schweppes Limón 33cl,Schweppes,"beverages-and-beverages-preparations, plant-based-foods-and-beverages, beverages, plant-based-beverages, carbonated-drinks, fruit-based-beverages, artificially-sweetened-beverages, sodas, fruit-sodas, lemonade, lemon-soft-drinks, sweetened-beverages",spain,"can, green-dot","Supercor Express,Mercadona","Madrid,España",d,4.0,,"Agua, jarabe de glucosa y fructosa, azúcar, zumo de limón a partir de concentrado 2,4%, extractos de limón 0,5%, anhídrido carbónico, acidulante (ácido cítrico), aroma natural de limón con otros aromas naturales, estabilizadores (almidón modificado, ésteres glicéridos de colofonia de madera, acetato isobutirato de sacarosa), conservador (sorbato potásico), edulcorante (sucralosa).",,
8414100301851,Refresco de naranja Original 33cl,Schweppes,"plant-based-foods-and-beverages, beverages, plant-based-beverages, carbonated-drinks, fruit-based-beverages, sodas, fruit-sodas, orange-soft-drinks, sweetened-beverages",spain,can,Supersol,"Madrid,España",e,4.0,,"Agua, jarabe de glucosa y fructosa, azúcar, extractos de naranja (1,7%), anhídrido carbónico (E-290), acidulante: ácido cítrico (E-330), aromas naturales de naranja, estabilizantes: goma arábiga (E-414) y éster glicérido de resina de madera (E-445), antioxidante: ácido ascórbico (E-300), conservador: sorbato de potasio (E-202), edulcorantes: acesulfamo K (E-950) y sucralosa (E-955); colorante: carotenos (E-160a),",,
8414100302056,Schweppes Limon Dry,Schweppes,"beverages, carbonated-drinks, sodas, tonic-water",spain,can,Supercor Express,"Madrid,España",unknown,4.0,,"Agua, azúcar, zumo de limón procedente de concentrado, extractos de limón, anhídrido carbónico (E-290), acidulante: ácido cítrico (E-330), aromas naturales, estabilizadores: octenil succinato sódico de almidón (E-1450), éster glicérido de resina de madera (E-445), goma guar (E-412) y acetato isobutirato de sacarosa (E-444); conservante: sorbato de potasio (E-202), antioxidante: ácido ascórbico (E-300), aroma quinina.",,
8414100302643,Florida,"Schweppes, Sunny Delight","beverages-and-beverages-preparations, plant-based-foods-and-beverages, beverages, plant-based-beverages, fruit-based-beverages","france, portugal, spain",producto,,,d,4.0,,"Agua, zumos de frutas a partir de concentrados 5% (naranja 4,4%, pomelo rojo 0,5% y lima 0,1%), azúcar, acidulante: ácido cítrico, estabilizantes: goma arábiga, E-452i y goma de celulosa, aroma natural de naranja con otros aromas naturales, vitaminas: A (añadida como betacaroteno), B6, C, D y E, edulcorantes: sucralosa y ciclamato sódico.",,
8414100304753,Tónica Zero,Schweppes,"beverages, carbonated-drinks, sodas, tonic-water, tonic-drink-without-sugar-with-artificial-sweeteners","france, spain","green-dot, par-6, piezas","Mercadona,Alcampo",,c,4.0,,"Agua, anhídrido carbónico, acidulante (ácido cítrico), aromas naturales, edulcorantes (ciclamato sódico, acesulfamo k, sacarina sódica), aroma quinina,",,
8414100305453,Refresco de naranja,Schweppes,,france,,,,unknown,,,,,
8414100306559,Ginger ale,Schweppes,"beverages, carbonated-drinks, sodas, tonic-water, tonic-drink-with-sugar-and-artificial-sweeteners","france, spain",green-dot,Mercadona,,d,4.0,,"Agua, azúcar, anhídrido carbónico, aroma natural de jengibre con otros aromas naturales, acidulante (ácido cítrico), extracto de malta de _cebada_, edulcorante (glucósidos de esteviol).",,
8414100314646,Tonic Water,Schweppes,"beverages-and-beverages-preparations, beverages, carbonated-drinks, sodas, tonic-water, sweetened-beverages",france,,,,unknown,4.0,,"Água, açúcar, xarope de glucose e frutose dióxido de carbono, acidifi cante: ácido cítrico, aromas naturais, aroma quinino",,
8414100314745,Schweppes ginger ale,Schweppes,,france,,,,unknown,,,,,
8414100317357,Tónica Original,Schweppes,"beverages-and-beverages-preparations, beverages, carbonated-drinks, non-alcoholic-beverages, sodas, tonic-water, flavoured-drinks, sweetened-beverages, tonic-drink-with-sugar","bolivia, spain","can, green-dot",,,e,4.0,,"Agua, azúcar, jarabe de glucosa y fructosa, anhídrido carbónico, acidulante (ácido cítrico), aromas naturales, aroma quinina.",,
8414100323044,Tónica & hibiscus,Schweppes,"beverages-and-beverages-preparations, beverages, carbonated-drinks, sodas, tonic-water, sweetened-beverages",france,,,,d,4.0,,"Eau gazéifiée, sucre, acidifiant : acide citrique, arômes naturels, colorants : anthocyanes, concentrés de pomme, carthame et citron, arôme : quinine.",,
8414100331650,Ginger ale,Schweppes,"beverages, carbonated-drinks, sodas, sweetened-beverages",spain,botella-de-plastico,,España,unknown,4.0,,"Agua, azúcar, anhídrido carbónico (E-290), ácido cítrico (E-330) y citrato trisódico (E-331), caramelo de sulfito amónico (E150d), aroma natural de gengibre y otros aromas naturales.",,
8414100333142,Tónica Original,Schweppes,"beverages-and-beverages-preparations, beverages, carbonated-drinks, sodas, non-alcoholic-beverages, tonic-water, flavoured-drinks, sweetened-beverages, tonic-drink-with-sugar","bolivia, france, spain",,,,c,4.0,,"Agua, azúcar, jarabe de glucosa y fructosa, anhídrido carbónico, acidulante (ácido cítrico), aromas naturales, aroma quinina.",,
8414100333241,Tónica Zero,Schweppes,"beverages-and-beverages-preparations, beverages, carbonated-drinks, artificially-sweetened-beverages, sodas, diet-beverages, non-alcoholic-beverages, unsweetened-beverages, diet-sodas, tonic-water, flavoured-drinks, tonic-drink-without-sugar-with-artificial-sweeteners","bolivia, france, spain",,,,c,4.0,,"Agua, anhídrido carbónico, acidulante (ácido cítrico), aromas naturales, edulcorantes (ciclamato sódico, acesulfame K, sacarina sódica), aroma quinina.",,
8414100333340,Ginger ale,Schweppes,"beverages-and-beverages-preparations, beverages, carbonated-drinks, sodas","france, morocco, spain",,,,d,4.0,,"Agua, azúcar, anhídrido carbónico, aroma natural de jengibre con otros aromas naturales, acidulante: ácido cítrico, extracto de malta de CEBADA, edulcorante: glúcosidos de esteviol. 
Sin gluten.",,
8414100357100,Limón original,Schweppes,"beverages, carbonated-drinks, sodas","france, spain",,,,e,4.0,,"eau, sirop de glucose et de fructose, sucre, jus de citron à base de concentré 2,4%, extrait de citron 0,5%, anhydre carbonique, acidifiants: acide citrique, arôme naturel de citron et autres arômes naturels, stabilisants: E1450, E445, E444, conservateur: E202, édulcorant: E955",,
8414100357605,Schweppes limón,Schweppes,"beverages-and-beverages-preparations, plant-based-foods-and-beverages, beverages, plant-based-beverages, carbonated-drinks, fruit-based-beverages, sodas, fruit-sodas, lemon-soft-drinks, sweetened-beverages",spain,can,,España,e,4.0,,"Agua, azúcares, extractos de limón, anhídrido carbónico (E-290), acidulante: ácido cítrico (E-330), aroma natural de limón con otros aromas naturales, estabilizadores: octenil succinato sódico de almidón (E-1450), éster glicérido de resina de madera (E-445) y acetato isobutirato de sacarosa (E-444), conservante: sorbato de potasio (E-202), edulcorante: sucralosa (E-955),",,
8414100360742,Tonic zero,Schweppes,"beverages, carbonated-drinks, artificially-sweetened-beverages, sodas, diet-beverages, diet-sodas, tonic-water",france,,,,b,,,,,
8414100360803,Schweppes naranja spirit,Schweppes,"plant-based-foods-and-beverages, beverages, plant-based-beverages, carbonated-drinks, fruit-based-beverages, artificially-sweetened-beverages, sodas, fruit-sodas, orange-soft-drinks",spain,can,,España,e,4.0,,"Agua, azúcares, extractos de naranja, anhídrido carbónico (E-290), acidulante: ácido cítrico (E-330), aromas naturales de naranja, antioxidante: ácido ascórbico (E-300), estabilizadores: goma arábiga (E-414) y éster glicérido de resina de madera (E-445), conservante: sorbato de potasio (E-202), edulcorantes: acesulfamo K (E-950) y sucralosa (E-955); colorante: betacaroteno (E-160a),",,
8414100363545,Tónica pink,Schweppes,"beverages, carbonated-drinks","france, spain",can,"Mercadona,El Corte Ingles,Carrefour",España,d,4.0,,"Agua, azúcar, anhídrido carbónico, acidulante: ácido cítrico, aromas naturales, edulcorante: acesulfamo K, sucralosa, glucósidos de esteviol, colorante: antocianinas, concentrado de zanahoria y cártamo, aroma quinina",,
84141118,Schweppes Tonic,Schweppes,"beverages-and-beverages-preparations, beverages, carbonated-drinks, sodas, sweetened-beverages",portugal,boite-metallique,,,d,4.0,,"Eau, sucre, anhydride carbonique, sirop de glucose et fructose, acidifiants: acide citrique; arômes naturels, arôme quinine.",,
8435185101112,Orangina et sa Pulpe !,"Orangina, Orangina Schweppes, Schweppes","plant-based-foods-and-beverages, beverages, plant-based-beverages, carbonated-drinks, fruit-based-beverages, sodas, fruit-sodas, orange-soft-drinks, sweetened-beverages","france, morocco","plastic, bottle",,Maroc,d,4.0,,"Eau gazéifiée, jus d'orange et autres jus d'agrumes à base de concentrés 12% (orange 11%, mandarine, pamplemousse), sucre, pulpe d'orange 2%, extraits de zeste d'orange, acidifiant: acide citrique (E330), conservateur sorbate de potassium (E202), arômes naturels d'orange.",,
8435185943989,Schweppes 330ML Lemon Soft Drink,Schweppes,"beverages, sweetened-beverages",france,,,,d,4.0,,"Water, sugar, lemon juice from concentrate (1%) carbon dioxyde, acide, citrique acide. Naturel lemon flavouring with other natural flavourings, preservative : potassium sorbate E445 / E444",,
8435185943996,Schweppes Citrus Mix,Schweppes,"beverages, carbonated-drinks, sweetened-beverages",france,"metal, recyclable-metals, aluminium, can, drink-can",,"Paris,France",e,4.0,,"Eau gazéifiée, sucre, extraits naturels d'orange, acidifiant (acide citrique), conservateur (E202), édulcorants (acésulfame K, sucralose), amidon modifié, antioxydant (acide ascorbique), arômes naturels d'agrumes, autres arômes naturels, stabilisant (E445), colorant (E142)",,
8435185944108,Schweppes,Schweppes,,"france, spain",,,,unknown,,,,,
8435185944153,Citrus mix,Schweppes,"beverages, carbonated-drinks, sodas","france, united-kingdom",,,,unknown,,,,,
8435185945853,Schweppes lemon mint,Schweppes,"plant-based-foods-and-beverages, beverages, plant-based-beverages, carbonated-drinks, fruit-based-beverages, sodas, fruit-sodas","france, spain",,,,d,4.0,,"arôme de citron, arôme de citron vert, arôme de menthe, sucre, dioxyde de carbone (E290), jus de pomme concentré, jus de citron vert concentré, conservateur (sorbate de potassium), eau",,
8594001027453,Schweppes,Schweppes,,france,,,,unknown,,,,,
87126068,Газирана напитка със сок от мандарина,Schweppes,"beverages-and-beverages-preparations, beverages, carbonated-drinks, sodas, carbonated-fruit-soft-drink, carbonated-fruit-soft-drink-with-less-than-10-of-fruit-juice, carbonated-fruit-soft-drink-with-sugar-and-less-than-10-of-fruit-juice, sweetened-beverages","bosnia-and-herzegovina, bulgaria, croatia, france, romania","plastic, hdpe-high-density-polyethylene, pet-polyethylene-terephthalate",,,e,4.0,,"Вода, фруктозо-глюкозен сироп, сок от мандарина от концентрат (2%), въглероден диоксид, киселина: лимонена киселина, ароматизанти, стабилизатори: Е 414 NE 445, антиоксидант: аскорбинова киселина, консервант: калиев сорбат, оцветител: каротини.",,
8723480185129,MayTea Thé vert parfum menthe,"MayTea, Schweppes International Limited","plant-based-foods-and-beverages, beverages, plant-based-beverages, sweetened-beverages, boissons-a-l-infusion-de-the-vert",france,"plastic, bottle",,,c,4.0,,"infusion de the vert 94% (eau, infusion intense de thé vert), sucre, eau, acidifiants : acide malique et acide citrique, correcteur d'acidité : citrate de sodium, arôme naturel, antioxydant : acide ascorbique.",,
87874402,Schweppes zéro lemon,Schweppes,,france,,,,unknown,,,,,
8801094092207,,Schweppes,"plant-based-foods-and-beverages, beverages, plant-based-beverages, carbonated-drinks, fruit-based-beverages, sodas, fruit-sodas, sweetened-beverages",south-korea,,,,e,,not-applicable,,9.71,38.9
8847100563026,Soda Water,Schweppes,,cambodia,,,,unknown,,unknown,,,
8851959132647,Eau gazeifiee,Schweppes,,france,,,,unknown,,,,,
8851959132654,Schweppes Tonic Water,"schweppes,ชเวปส์","beverages, carbonated-drinks, sweetened-beverages",thailand,"can, th:กระป๋อง",,"Bangkok,Thailand",e,1.0,,น้ำตาล 9% สารควบคุมความเป็นกรด (INS 330) แต่งกลิ่นสังเคราะห์ วัตถุกันเสีย (INS 211),26.0,120.0
8851959132661,Dry Ginger Ale,Schweppes,"beverages-and-beverages-preparations, plant-based-foods-and-beverages, beverages, plant-based-beverages, carbonated-drinks, fruit-based-beverages, sodas, fruit-sodas, sodas-with-exotic-fruits, sweetened-beverages",thailand,canned,,,c,4.0,,"Sugar 9%, INS330, ins331, ins150",4.24,18.2
8888002066000,Schweppes Dry Ginger Ale Drink 330ML,"Scheweppes, Schweppes",beverages,france,,,,e,,,"CARBONATED WATER, SUCROSE, HIGH FRUCTOSE CORN SYRUP, CITRIC ACID, FLAVOURING, SODIUM ClTRATE, PRESERVATIVE (SODIUM BENZOATE) AND CARAMEL COLOUR",,
8992761111144,Soda Water,Schweppes,"beverages, carbonated-drinks, waters, carbonated-waters",indonesia,,,,b,1.0,not-applicable,"water, sodium bicarbonate",0.0,0.0
90357916,Schweppes Ginger Ale,Schweppes,beverages,france,,,,d,,,,,
9315596000435,Lemon Lime & bitters,Schweppes,"beverages, carbonated-drinks, sodas, sweetened-beverages",australia,glass-bottle,"Officeworks, Coles","NSW,Australia",e,4.0,,"Carbonated water, sugar, Fruit juices (lemon 2.5%, lime 2.5%) Aromatic bitters (0.2%), preservative 211, natural colours (161b, 163)",,
9315596000633,,Schweppes,"beverages-and-beverages-preparations, beverages, carbonated-drinks, sodas","australia, new-zealand",,"Woolworths,Coles",,unknown,4.0,not-applicable,"carbonated water, sugar, reconstituted fruit juices (lemon 2.5%, lime 2.5%), aromatic bitters (0.2%), natural flavours, preservative (211), natural colours (161b, 163). made in australia from local and imported ingredients. schweppes, devices and schweppervescence are trade marks used under licence in australia by schweppes australia pty ltd. schweppes australia, 2 beverage drive, tullamarine, victoria, 3043, australia. consumer information 1800 244 054.",,
9315596002255,Agrum,Schweppes,beverages,australia,,,,unknown,,unknown,,11.5,48.04015
9315596002439,Tonic Water,Schweppes,"beverages, carbonated-drinks, sodas, tonic-water",australia,,,,unknown,,not-applicable,,,
9315596002477,Schweppes Dry Ginger Ale,"Schweppes Australia,Asahi Breweries, Schweppes","beverages, carbonated-drinks, sodas, sweetened-beverages, mixer",australia,plastic-bottle,Piedemonte's IGA,"Melbourne,Victoria,Australia",d,4.0,not-applicable,"Carbonated water, sugar, natural flavour, food acids (E330, E331), colour (caramel E150d), preservative (E211)",7.6,
9315596002538,Lemon Lime & Bitters,Schweppes,"beverages, carbonated-drinks, sodas",australia,plastic-bottle,,,unknown,,not-applicable,,,
9315596004075,Spring Valley pineapple juice,"Spring Valley,Schweppes Australia","plant-based-foods-and-beverages, beverages, plant-based-beverages, fruit-based-beverages, juices-and-nectars, fruit-juices, pineapple-juices",australia,"glass, bottle, glass-bottle",,,d,,d,,11.6,
9315626006642,The Perfect Traveller Water - Frantelle - 500ML,"Frantelle,Schweppes Australia","beverages, waters",australia,plastic-bottle,"Coles,Woolworths","NSW,Australia",unknown,1.0,,spring water,,
9415087007032,Sparkling Duet Orange & Lemon,Schweppes,"beverages-and-beverages-preparations, beverages, carbonated-drinks, sodas",new-zealand,bottle,,,unknown,,,,,
5410221305184,Lemon,Schweppes,,france,,,,unknown,,,,,
01907353,sunny delight acidulé florida,schweppes,,france,,,France,unknown,4.0,,"BOISSON RAFRAICHISSANTE AUX EXTRAITS DE FRUITS. FLASH-PASTEURISE AU RAYON FR Ingrédients eau, sucre, jus de fruits bas concentres 5% (mandarine, orange, citron vert, pa acidifiant : acde atrique, vitamines (C E, pro-Al, stabisiant gomme d'acacia, épaississant : gomme guar, aromes ao dorange.",,
7610238023066,Schweppes Indian Tonic,Schweppes,,"france, switzerland",,,,unknown,4.0,,"Wasser, Zucker, Kohlensäure, Säurerungsmittel: Citronensäure, natürliches Aroma, Aroma Chinin.",,
7310401003306,Schweppes indian tonic,Schweppes,"beverages, carbonated-drinks, sodas, tonic-water, sweetened-beverages",france,,,,e,,,,,
3278730001216,Schweppes lemon,Schweppes,,france,,,,unknown,,,,,
0521042884477,schweppes Agrum',Schweppes,,france,,,,unknown,4.0,,"eau gazéifiée, sucre, extraits d'orange, acidifiant acide citrique, conservateur: sorbate de potassium edulcorants: acésulfame K et sucralose, amidon modifié, antioxydant: acide ascorbique, arômes naturels d'agrumes avec autres arômes naturels acide ascorbique, aromes stabilisant E445, colorant E142. na",,
5449000250537,"Напій &quot;Швепс Шпріц Аперитиво&quot; безалкогольний, сильногазований, на ароматизаторах, з цукром та підсолоджувачами",Schweppes,"beverages-and-beverages-preparations, beverages, carbonated-drinks, sodas, sweetened-beverages","albania, ukraine",,,,c,4.0,,"Вода питна, цукор, діоксид вуглецю, натуральні ароматизатори, кислоти (лимонна кислота, яблучна кислота, винна кислота), регулятори кислотності (цитрати натрію), консерванти (сорбат калію, бензоат натрію), підсолоджувачі (ацесульфам калію, сахарини), барвники (жовтий &quot;Сонячний захід&quot;, понсо 41).",,
9546391050565,Schweppes agrumes,Schweppes,,france,,,,unknown,,,,,
8414100305354,Schweppes Limón Zero 1L,Schweppes,"beverages-and-beverages-preparations, plant-based-foods-and-beverages, beverages, plant-based-beverages, carbonated-drinks, fruit-based-beverages, artificially-sweetened-beverages, sodas, diet-beverages, fruit-sodas, diet-sodas, lemon-soft-drinks, light-fruit-sodas, light-lemon-soft-drinks",france,,,,c,4.0,,"Bebida refrescante aromatizada. Con edulcorantes. Ingredientes: agua, extractos de limón (0,6%), anhídrido carbónico, acidulante: ácido cítrico, aroma natural de limón con otros aromas naturales, edulcorantes: E-952, E-950 y E-955, estabilizantes: E-1450, E-445 y E-444, conservador: E-202 Sin azúcares añadidos. Contiene azúcares naturalmente presentes. Consumir preferentemente antes del y lote... (ver tapón o botella). Mantener en lugar fresco y seco. Proteger de la luz solar y de olores intensos",,
3278730002831,Virgin Mojito,Schweppes,"beverages-and-beverages-preparations, beverages, carbonated-drinks, sodas",france,,,,e,,,,,
7790895004599,,Schweppes,,argentina,,,,unknown,,unknown,"AGUA CARBONATADA JUGO DE POMELO, AZUCAR O JMAF. ARO, ACI 330, CONS SORBATO DE POTASIO - BENZOATO DE SODIO, COL 150 d.",,
40822341,Schweppes Tonic,Schweppes,"beverages-and-beverages-preparations, beverages, carbonated-drinks, sodas, tonic-water, sweetened-beverages","north-macedonia, spain",,,,e,,,"Нето количина:250 ml,Состојки: вода, шеќер, јаглероден диоксид, регулатор на киселост: Е 330, ароми (вклучувајќи кинин), Употребливо до: датумот е означен на пакувањето, Да се чува на суво и ладно место,",,
5000193900861,Schweppes lemonade,Schweppes,"beverages-and-beverages-preparations, beverages, carbonated-drinks, sodas, lemonade, sweetened-beverages","france, united-kingdom",pet-bottle,,,d,4.0,,"Carbonated Water, Sugar, Lemon Juice From Concentrate (2%), Acid (Citric Acid). Flavourings. Acidity Regulator (Sodium Citrates). Sweeteners (Aspartame, Sodium Saccharin). Preservative (Potassium Sorbate). Antioxidant (Ascorbic Acid)",,
5449000046581,Lemonade Flavoured Drink,Schweppes,"beverages, carbonated-drinks, sodas, sweetened-beverages",south-africa,"metal, can, drink-can","Avion,British Airways",Afrique du Sud,c,4.0,not-applicable,"Carbonated water, sugar, citric acid, flavouring, preservative (sodium bezoate), non-nutritive sweeteners (acesulfame-k, aspartame, sucralose), trisodium citrate.",0.0,49.7
5449000096111,Schweppes Tonic Water 200ml 1Ea 200 ML,Schweppes,"beverages-and-beverages-preparations, beverages, carbonated-drinks, sodas, tonic-water",france,,,,e,,,,,
8414100356141,Tónica & matcha,Schweppes,beverages,france,,,,d,,,,,
5410221306624,Virgin mojito,Schweppes,"beverages-and-beverages-preparations, beverages, carbonated-drinks, artificially-sweetened-beverages",netherlands,"can, drink-can",,,b,,,"eau gazéifiée, jus de citron vert à base de concentré (1,3 %), acidifiant: acide citrique, arôme naturel de citron vert, arômes naturels, conservateur sorbate de potassium, édulcorants: acésulfame K et sucralose, antioxydant: acide ascorbique.",,
8992761111151,Schweppes Ginger Ale,Schweppes,,france,,,,unknown,,,,,
4890008452187,Sparkling Water Lime Flavoured,Schweppes,"beverages, carbonated-drinks, waters, carbonated-waters, flavored-waters, flavored-sparkling-waters",hong-kong,,,,b,4.0,not-applicable,"Carbonated water, flavourings",0.0,0.0
0127710184629,Schweppes,Schweppes,,france,,,,unknown,,,,,
5449000064110,,Schweppes,"beverages, carbonated-drinks, sodas, sweetened-beverages","bulgaria, france",,,,e,,,"Schweppes 330 ml e Bauturi racoritoare carbogazoasă. Ingrediente: apă, zahăr, dioxid de carbon, suc de lămâie (1,5%), extrac de lamaie, acidifiant acid citric, arome inclusiv chinină, conservant sortat de potasiu, stabilizatori E 1450 şi E 445. PENTRU: Valoare energetică: Grasimi: din care acizi graşi saturati: Glucide: din care zaharuri: Proteine: Sare: DECLARAŢIE NUTRITIONALĂ 100 ml 222 kJ/",,
3334803440242,Schweppes agrum,Schweppes,,france,,,,unknown,,,,,
7290016006377,Schweppes fraise banane,Schweppes,,france,,,,unknown,,,,,
5449000143495,Schweppes Tonic (25CL),Schweppes,"beverages, carbonated-drinks, sodas, tonic-water, sweetened-beverages","morocco, senegal",,,,e,4.0,,"EAU GAZÉIFIÉE, SUCRE, ACIDE CITRIQUE, ARÔMES, QUININE (67.4 mg/L).",22.0,93.0
9315596002576,Raspberry Flavoured Premium cordial,Schweppes,"beverages, syrups",australia,glass-bottle,"Woolworths, Coles",Australia,d,4.0,,"SUGAR, WATER, FOOD ACIDS (330, 260), FLAVOUR, PRESERVATIVES (211, 223), COLOUR (123), SULPHITES.",7.72,31.84
5449000133465,Schweppes Canada Dry Ginger Ale,Schweppes,"beverages-and-beverages-preparations, beverages, carbonated-drinks, sodas",france,pet-bottle,,,c,4.0,,"carbonated water, sugar, citric acid acidity regulator (sodium citrate), colour (caramel e150d), sweeteners (acesulfame k, sucralose), natural flavouring",,
3124480182760,Schweppes tonic,Schweppes,"beverages, carbonated-drinks, sodas, tonic-water, sweetened-beverages",france,,,,c,,,,,
12616137,Schweppes,Schweppes,beverages,france,"glass, capsule-meta",,,e,4.0,,"eau gazéifiée, sucre, acidifiant: acide citrique, arômes naturels, arôme: quinine, edulcorants: acésulfame K et SUcralose.",,
9315596002750,Schweppes Lemonade,Schweppes,"beverages, carbonated-drinks, sodas, lemonade, sweetened-beverages",france,,,,d,4.0,,"carbonated water, sugar, food acids (330, 331), natural flavours, preservative (211), made in australia from local and imported ingredients, schweppes, devices and schweppervescence are trade marks used under licence in australia by schweres australia pty ltd, schweppes australia, 2 beverage drive, tullamarine, victoria, 3043, australia store in a cool, dry place, consumer information 1800 244 054",,
4000140709593,grapefruit & acerola,Schweppes,"beverages-and-beverages-preparations, beverages, carbonated-drinks, sodas, sweetened-beverages",germany,plastic,REWE,"Nürnberg,Bayern,Deutschland",d,4.0,,"Wasser, Zucker, Pink Grapefruitsaft aus Pink Grapefruitsaftkonzentrat 3%, Acerolasaft aus Acerolasaftkonzentrat 3%, Kohlensäure, Säuerungsmittel Citronensäure, Orangenextrakt, natürliches Grapefruitaroma mit anderen natürlichen Aromen, Antioxidationsmittel Ascorbinsäure, Farbstoff Carotin, Stabilisatoren (Johannisbrotkernmehl, Pektine)",,
3119780268276,Schweppes lemon,Heineken,"beverages, alcoholic-beverages, beers, 5-beer",france,"glass, bottle, green-glass",carrefour.fr,,not-applicable,3.0,,"eau, malt d'_orge_, extraits de houblon",,
4000140700637,Wild Berry,Schweppes,"beverages-and-beverages-preparations, beverages, carbonated-drinks, sodas, sweetened-beverages",germany,bottle,Lidl,,e,4.0,,"Wasser, Zucker, Kohlensäure, Säuerungsmittel Citronensäure, Aromen, Konzentrate (Hibiscus, Karotte).",,
5902860411208,Schweppes indian tonic,Schweppes,"beverages, carbonated-drinks, sodas, tonic-water",france,,,,b,,,,,
8435185956842,Schweppes Cola,Schweppes,,france,,,,unknown,,,,,
0078000003468,Schweppes Ginger Ale,Schweppes,"beverages, carbonated-drinks, sodas",france,"can, drink-can",U EXPRESS CECILE,,e,4.0,,"Eau gazéifiée, sirop de maïs, acide citrique, benzoate de sodium, colorant : caramel, arômes naturels,",,
4000140700590,russian wild berry,Schweppes,"beverages-and-beverages-preparations, beverages","france, germany",,,,e,,,,,
8594001027538,Schweppes,Schweppes,,france,,,,unknown,,,,,
5449000060617,Schweppes Ananas,Schweppes,,"france, tunisia",,,,unknown,,,,,
8855199132658,Tonic Water,"schweppes, ชเวปส์","beverages-and-beverages-preparations, beverages, carbonated-drinks, sodas, sweetened-beverages","germany, thailand",canned,,,e,,,,,
5449000171535,Schwepps Gold Pineapple,Schweppes,"beverages-and-beverages-preparations, beverages, non-alcoholic-beverages, alcohol-free-cocktails",belgium,,,,e,1.0,,.,,
5449000096098,Schweppes Soda Water,Schweppes,,south-africa,can,,,unknown,,,TYPICAL NUTRTONAL INFORMATION Rer 100 ml Pa - 20T0 ENERGY (KJ) PROTEIN (g) GLYCAEMIC CARBOHYDRATES (g) 0.0 0 0.0 0.00 0.0 0.0 22 00 TOTAL FAT (g) DIETARY FIBRE (g) OF WHICH TOTAL SUGAR (g) OF WHICH SATURATED FAT (g) TOTAL SODIUM (mg) 4 This 200 ml can contains Fat 0.0 g 0% Saturates Sodium 0.0 g 44 mg 0% Energy Sugars 0.0 g 0 kJ 0% 0% 2% 4% of your Guideline Daily Amount (GDA). Based on a 8400 k.J diet,0.0,0.0
4000140700644,Schweppes Wild Berry,Schweppes,"beverages-and-beverages-preparations, beverages","france, germany",bottle,,,e,,,,,
7790895010088,schweppes gaseosa sabor pomelo,schweppes,"beverages-and-beverages-preparations, beverages, carbonated-drinks, artificially-sweetened-beverages, sodas, diet-beverages, diet-sodas",argentina,plastic,,,unknown,3.0,,"agua carbonatada, jugo de pomelo, carbonatada con potasio y sodio sin azucar",,
3124480179746,Schweppes,Schweppes,,france,,,,unknown,,,,,
4000140710667,Schweppes Zero ohne Zucker,Schweppes,"beverages-and-beverages-preparations, beverages, carbonated-drinks, artificially-sweetened-beverages, sodas, diet-beverages, diet-sodas",germany,"plastic, de:plastikflasche-recycelbar",,,c,4.0,,"Wasser, Limonensaft aus Limonensaftkonzentrat 4,5%, Kohlensäure, Säuerungsmittel, Citronensäure, Limonenextrakt, Süßungsmittel (Natriumcyclamat, Sucralose, Acesulfam K, Natriumsaccharin), Antioxidationsmittel Ascorbinsäure, natürliches Zitronenaroma mit anderen natürlichen Aromen, Aroma Chinin",,
4000140700675,Original Wild Berry,Schweppes,"beverages-and-beverages-preparations, beverages, carbonated-drinks, sodas, sweetened-beverages","austria, germany",de:stück,Spar,"Österreich,Tirol",e,4.0,,"Wasser, Zucker, Kohlensäure, Säuerungsmittel Citronensäure, Aromen, färbende Konzentrate (Hibiscus, Karotte).",,
4000140709272,Lemon & Mint,Schweppes,"beverages-and-beverages-preparations, beverages, carbonated-drinks, sodas",germany,,,,e,4.0,,"Wasser, Zucker, Kohlensäure, Zitronensaft aus Zitronensaftkonzentrat 3%, Säuerungsmittel Citronensäure, natürliche Aromen, Stabilisatoren (Gummi arabicum, Glycerinester aus Wurzelharz, Johannisbrotkernmehl), Antioxidationsmittel Ascorbinsäure.",,
3278736217246,Orangina Light,"Orangina, Schweppes","beverages-and-beverages-preparations, plant-based-foods-and-beverages, beverages, plant-based-beverages, carbonated-drinks, fruit-based-beverages, artificially-sweetened-beverages, sodas, diet-beverages, fruit-sodas, diet-sodas, orange-soft-drinks, light-fruit-sodas, light-orange-soft-drinks",france,"bouchon-en-plastique, bouteille-en-plastique",,,c,4.0,,"Eau gazéitiée, jus d'orange et qutres agrumes à base, de concentrés 12% (orange 10%, citron, mandarine, pamplemousse), pulpe 2% [orange, mandarine), arôme naturel d'orange et autre aròme naturel, conservateur : sorbate de polassium, édulcorants : acésulfame K et sucralose, extrait de zeste d'orange, antioxrydants acide ascorbique et alpha-tocophérol. Se boit très frais.",,
9315596006901,Schweppes raspberry zero sugat,Schweppes,,"australia, france",,Woolworths,,unknown,,,,,
5000112581928,Schweppes Lemonade,,,france,pet-bottle,,,unknown,4.0,,"carbonated water. sugar. lemon juice from concentrate (22). citric acid. flavourings. acıdity regulator (sodium citrate). sweeteners (aspartame. sodium saccharin), preservative (potassium sorbate). antioxidant (ascorbic acid.",,
3334803444844,Schweppes passion,Schweppes,,france,,,,unknown,,,,,
9315596006925,Lemonade Zero Sugar,Schweppes,,"australia, france",pet-bottle,Woolworths,,unknown,,,,,
4000140710612,Bitter Lemon Zero,Schweppes,"beverages-and-beverages-preparations, beverages, carbonated-drinks, artificially-sweetened-beverages, sodas, diet-beverages, lemonade",germany,"plastic, bottle, de:einwegpfand",tegut,"Ginsheim,Deutschland",c,4.0,,"Wasser, Limonensaft aus Limonensaftkonzentrat 4%, Kohlensäure, Limonenextrakt, Säuerungsmittel Citronensäure, Süßungsmittel (Natriumcyclamat, Sucralose, Acesulfam K, Natriumsaccharin), Antioxidationsmittel Ascorbinsäure, natürliches Zitronenaroma mit anderen natürlichen Aromen, Aroma Chinin.",,
18701555,Schweppes agrum',Schweppes,,france,,,,unknown,,,,,
9315596200231,Schweppes Lemonade,Schweppes,"beverages, carbonated-drinks, sodas, lemonade",france,,,,e,,,,,
3124480493675,Schweppes agrumes,Schweppes,"beverages, carbonated-drinks, sodas",france,,,,c,,,,,
5449000224392,Scheweppes Citron,Schweppes,"beverages-and-beverages-preparations, beverages, sweetened-beverages",algeria,,,,e,4.0,,"eau,sucre,co2,jus et pulple de citron sin330,sin331,sin300,sin202,sin211,sin414,sin444,sin960,sin104",,
9315596006338,Indian Tonic Water,Schweppes,"beverages-and-beverages-preparations, beverages, non-alcoholic-beverages, carbonated-drinks, soft-drinks, sodas, tonic-water","australia, france",,,,c,4.0,,"carbonated water, food acid (330, 331), flavour (orange & lemon peel extracts, citrus oils, botanical extracts), sweeteners (951, 950), quinine. phenylketonurics: contains phenylalanine. contains quinine. de in australia from local and importedi vices are trade madic",,
4000140070099,Indian Tonic Water,Schweppes,"beverages, sweetened-beverages",france,,,,e,,,,,
3124480186959,Schweppes Agrum,Schweppes,,france,,,,unknown,,,,,
5449000046598,Schweppes ginger ale,Schweppes,,france,,,,unknown,,,,,
4000140709654,Schweppes Fruity,Schweppes,,france,,,,unknown,,,,,
5410221306754,Schweppes Russchian aux saveurs de baies sauvages,Schweppes,"beverages-and-beverages-preparations, plant-based-foods-and-beverages, beverages, plant-based-beverages, carbonated-drinks, fruit-based-beverages, artificially-sweetened-beverages, sodas, fruit-sodas, sweetened-beverages","belgium, france",bottle,,,e,4.0,,"eau gazéifiée,sucre,acidifiant : acide citrique,concentré d'hibiscus et carotte, conservateur : sorbate de potassium, arôme naturel, édulcorants : acesulfame k et sucralose",,
5410221106316,Schweppes Lemon Zero,Schweppes,,france,,,,unknown,,,,,
5997264158378,Schweppes indian tonic,,,france,,,,unknown,,,,,
44417666,,Schweppes,beverages,spain,,,,unknown,,,,,
8847100563897,Soda Water,Schweppes,"beverages, carbonated-drinks, waters, sodas",cambodia,,,,b,,not-applicable,"CARBONATED WATER, SODIUM BICARBONATE",0.0,0.0
8410283346504,Tinto de verano con refresco de limón,"La Casera,Schweppes","beverages-and-beverages-preparations, beverages, alcoholic-beverages, wine-based-drinks, sweetened-beverages, tinto-de-verano","france, spain",plastic,,,not-applicable,4.0,,"Agua carbonatada, Vino tinto (contiene sulfitos), mosto de uva (11%) y zumo de limón (0,8%) procedentes de concentrados, correctores de acidez: ácido cítrico y citrato sódico, aromas, edulcorantes: ciclamato sódico, acesulfamo K y E-954, conservador: sorbato potásico, estabilizantes: E-414; E-445;E-444.",,
5449000001672,Schweppes citron,Schweppes,,tunisia,,,,unknown,4.0,unknown,"EAU GAZEIFIEE, SUCRE, JUS DE CITRON, CONSERVATEUR: E202, EMULSIFIANT: E414, ACIDIFIANT: E300, AROMES, COLORANT: E104.",12.0,49.0
5410221205330,Tonic & hibiscus,Schweppes,"beverages, carbonated-drinks, sodas, tonic-water, sweetened-beverages",belgium,,,,d,,,,,
5000193700515,SCH Lemonade imp,Schweppes,,france,,,,unknown,,,,,
8888002064006,Schweppes Soda Water,Schweppes,beverages,france,,,,b,1.0,,"carbonated water, stabiliser sodium bicarbonate",,
5997264163853,,Schweppes,,hungary,,,,unknown,,,,,
5902860410768,Schweppes bitter lemon,Schweppes,"beverages, carbonated-drinks, artificially-sweetened-beverages, sodas, tonic-water, sweetened-beverages","poland, switzerland","plastic, pet-polyethylene-terephthalate, pp-polypropylene",,,e,4.0,,"woda, cukier, sok z zagęszczonego soku cytrynowego (3,5%), dwutlenek węgla, kwas: kwas cytrynowy, aromaty naturalne, substancje słodzące: aspartam i acesulfam K; skrobia modyfikowana: E1450; substancja konserwująca: sorbinian potasu; przeciwutleniacz kwas askorbinowy, stabilizatory. E445 E444; aromat chinina. Zawiera źródło fenyloalaniny.",,
3124480199331,Thé vert infusé parfum Menthe,"May Tea, Orangina Schweppes","plant-based-foods-and-beverages, beverages, hot-beverages, plant-based-beverages, teas, green-teas, tea-based-beverages, iced-teas, sweetened-beverages, boisson-rafraichissante-a-l-infusion-de-the-vert-parfum-menthe","belgium, france","can, drink-can",,,unknown,4.0,,"infusion de thé vert 94% (eau, infusion intense de thé vert), sucre, acidifiants:acide malique et acide citrique, correcteur d'acidité : citrate de sodium, arôme naturel, antioxydant : acide ascorbique.",,
4000140702648,Schweppes Ginger Beer,Schweppes,"beverages-and-beverages-preparations, beverages, sweetened-beverages",france,,,,e,,,,,
4000140709302,Schweppes Grapefruit Acerola,Schweppes,,germany,,,,unknown,,,,,
5410221306761,Schweppes Russchian,Schweppes,,belgium,,,,unknown,,,,,
7612900340754,schweppes mojito,Schweppes,"beverages, carbonated-drinks, sodas, sweetened-beverages",switzerland,,,,e,,,,,
8414100333449,Schweppes-lemon Soda-250ml-limãn Original Form-spain,Schweppes,"beverages-and-beverages-preparations, beverages, sweetened-beverages, refrescos","france, spain",can,,,d,4.0,,"agua, jarabe de glucosa y fructosa, azucar, zumo de limón a partir de concentrado, extractos de limón (0.5%), dioxido carbonico, acidulante:acido citrico, aroma natural de limon, estabilizantes: E-1450, E-445 y E-444, conservador E-202, edulcorante: E-955.",,
5902860411345,Schweppes mojito,Schweppes,,france,,,,unknown,4.0,,"woda, cukier, sok limonkowy z koncentratu 1,5%, dwutlenek węgla , kwas: kwas cytrynowy, naturalny aromat limonkowy, aromat miętowy, substancja konserwująca: sorbinian potasu.",,
0078000209402,Schweppes limon lime,Schweppes,,united-states,,,,unknown,,,,0.0,0.0
05977611,Schweppes lemon,Schweppes,,france,,,,unknown,,,,,
4000140935060,Schweppes Original Bitter Lemon,Schweppes,,france,,,,unknown,,,,,
3124480191106,Schweppes Zero Agrumes,Schweppes,"beverages-and-beverages-preparations, plant-based-foods-and-beverages, beverages, plant-based-beverages, carbonated-drinks, fruit-based-beverages, artificially-sweetened-beverages, sodas, fruit-sodas",france,,,,c,4.0,,"Eau gazéifiée, extraits d'orange, acidifiant : acide citrique, édulcorants : acésulfame K et sucralose, conservateur : sorbate de potassium, arômes naturels d'agrumes avec autres arômes naturels, amidon modifié, antioxydant: acide ascorbique, stabilisant : E445,",,
8851959132678,Schweppes Sparkling Manao Soda,"schweppes,ชเวปส์","beverages-and-beverages-preparations, beverages, carbonated-drinks, sodas",thailand,canned,,,c,,not-applicable,"Sugar 12%, concentrated lime juice 6%",4.55,18.2
3124480191182,PET 2L OASIS TROPICAL,"Oasis, Orangina Schweppes France","beverages-and-beverages-preparations, plant-based-foods-and-beverages, beverages, plant-based-beverages, fruit-based-beverages, sweetened-beverages, Aliments-et-boissons-a-base-de-vegetaux, Boissons-a-base-de-vegetaux, Boissons-avec-sucre-ajoute, Aromatisé, Boisson-rafraichissante-aux-fruits-et-à-l'eau-de-source","belgium, france, switzerland, La Réunion","bouchon-plastique, bouteille-plastique",,,d,4.0,,"BOISSON RAFRAÎCHISSANTE AUX FRUITS. SAVEUR TROPICAL INGRÉDIENTS : EAU, JUS DE FRUITS À BASE DE CONCENTRÉS 12% ORANGE 6%, POMME, MANGUE 0,08%, FRUIT DE LA PASSION 0.08%). SUCRE, SIROP DE FRUCTOSE, ACIDIFIANTS: ACIDE CITRIQUE ET ACIDE MALIQUE, ARÔMES NATURELS, CORRECTEUR D'ACIDITE: CITRATE DE SODIUM, ANTIOXYDANT: ACIDE ASCORBIQUE, COLORANT: EXTRAIT DE PAPRIKA, ARÔME NATUREL D'ORANGE.",,
3124480190536,Bouteille Orangina 25cl,"Orangina, Orangina Schweppes",,france,,,,unknown,4.0,,"eau gazéifiée, jus d'orange et autres agrumes à base de concentrés 12% (orange 10%, citron, mandarine, pamplemousse), sucre, pulpe 2% (orange, mandarine), extrait de zeste d'orange, arôme naturel d'orange.",,
3661163800585,Schweppes,,,france,,,,unknown,,,,,
3278730002268,SChweppes Tonic,Schweppes,,reunion,,,,unknown,,unknown,,5.8,25.0
8435185943972,Schweppes Orange,Schweppes,"beverages-and-beverages-preparations, beverages, carbonated-drinks, sodas, sweetened-beverages",poland,pl:puszka,,Polska,unknown,,,,,
4902102030038,DrPepper,Schweppes Holdings,"beverages, carbonated-drinks, sodas",japan,,,,unknown,,,,,
8410656001153,Tonica Schweppes Lata,Schweppes,"beverages, sweetened-beverages","france, spain",,,,d,4.0,,"Agua, azúcar, anhídrido carbónico, acidulante: ácido cítrico, aromas naturales, aroma quinina.",,
0078000202403,Scheppes Black cherry,"Schweppes, Dr Pepper",,united-states,,,,unknown,,unknown,,0.0,0.0
4000140070105,,Schweppes,"beverages, carbonated-drinks, sodas",france,,,,e,,,,,
8410600002380,Tónica Zero,schweppes,,spain,,,,unknown,,,,,
16074392,,"Orangina Schweppes, Pulco",,france,,,,unknown,,,,,
5449000272256,Schweppes lemonade,Schweppes,"beverages-and-beverages-preparations, beverages, carbonated-drinks, sodas, lemonade, sweetened-beverages","france, greece",,,,c,4.0,,"Water,Lemon juice from concentrate 3%,Carbon Dioxide, Acids : (Citric acid, Malic acid), Sweeteners : (Sodium Cyclamate, Acesulfame K,Sucralose, Steviol glycosides from Stevia and Neohesperidine DC,Acidity regulator: Sodium Citrate,Natural flavourings, Preservative: Potassium sorbate, Stabilizers: Acacia gum and E445, Antioxidant : Ascorbic acid, Colour: Carotenes",,
3124480186980,Schweppes Agrumes,Schweppes,,france,,,,unknown,,,,,
0078000206463,GINGER ALE,Schweppes,"beverages, carbonated-drinks, sodas",united-states,,,,e,4.0,,"carbonated water, high fructose corn syrup, citric acid, sodium benzoate (preservative), caramel color, natural flavors,",9.01,34.0
54001824,,Schweppes,,,,,,unknown,,unknown,,,
8410283312141,"Tinto de verano limón 0,0","La Casera,Schweppes","beverages-and-beverages-preparations, plant-based-foods-and-beverages, beverages, alcoholic-beverages, plant-based-beverages, carbonated-drinks, fruit-based-beverages, artificially-sweetened-beverages, sodas, fruit-sodas, wine-based-drinks",spain,,,,not-applicable,4.0,,"Agua carbonatada, mosto de uva (24%) (contiene sulfitos) y zumo de limón (0,7%) a partir de concentrados, reguladores de acidez ácido cítrico y citrato sódico, extracto de piel de uva, aromas, edulcorantes: ciclamato sódico y E-954, conservador: sorbato potásico, estabilizantes: E-414, E-445 y E-444.",,
3124480190413,Orangina rouge,"Suntory, Orangina Schweppes France","beverages-and-beverages-preparations, plant-based-foods-and-beverages, beverages, plant-based-beverages, carbonated-drinks, fruit-based-beverages, artificially-sweetened-beverages, sodas, fruit-sodas, orange-soft-drinks, sweetened-beverages",france,,E-Leclerc,,e,4.0,,"Eau gazéifiée, jus d'orange et autres agrumes à base de concentrés 10% (orange 8%, orange sanguine, mandarine, pamplemousse), sucre, pulpe 2% (orange, mandarine), arômes, acidifiant: acide citrique, régulateur d'acidité : citrate de sodium, colorants: anthocyanes et carmins, extrait de zeste d'orange, édulcorants: acésulfame K et sucralose.",,
5449000112217,,Schweppes,,egypt,,,,unknown,,unknown,,,
9315596006390,Orange & Mango,Schweppes,"plant-based-foods-and-beverages, beverages, plant-based-beverages, fruit-based-beverages, waters",australia,,"Woolworths, Coles",,c,4.0,not-applicable,"carbonated wae blwater 80%, purified water 11%), reconstituted juices (orane sugar, natural flavours, food acids (citric acid, ascorbcat banes(21, 02, 23), natural colours (carmine, lutein). cóntaisume enaustralia from local and imported ingredients. schwepes frices are trade marks used under licence in australia byashh remges asahi beverages, 2 beverage drive, tullamarine, vicir 3043, australia. consumer information: 1800 244 054. a tion informatio 28",3.7,16.7
7501073825208,Agua tónica,Schweppes,"beverages, carbonated-drinks, sodas, tonic-water",spain,,,,e,,,,,
5410221205514,Schweppes russchian,Schweppes,,luxembourg,,,,unknown,,unknown,,5.9,25.0
5902860412991,Schweppes Russchian,Schweppes,,belgium,,,,unknown,,,,,
8414100363149,Bebida Refrescante De Extractos. Con Azúcar Y Edulcorante.,Schweppes,"beverages, carbonated-drinks, sodas, tonic-water",spain,,,,c,,,,,
8414100383444,Schweppes Tónica,Schweppes,"beverages, carbonated-drinks","france, spain",,,,d,,,,,
8414100342656,Pack 4ux25cl Tonica Schweppes Ampolla Vidre,Schweppes,,france,,,,unknown,,,,,
5449000273352,Schweppes,Schweppes,"beverages-and-beverages-preparations, beverages, carbonated-drinks, sodas, sweetened-beverages, refresco","bulgaria, spain",,,,e,4.0,,"вода, фруктозо-глюкозен сироп, сок от мандарина от концентрат (2%), въглероден диоксид, киселина: лимонена киселина, ароматизанти, стабилизатори: Е 414 и Е 445, антиоксидант: аскорбинова киселина, консервант: калиев сорбат, оцветител: каротини",,
8414100354147,Naranja original,Schweppes,"beverages-and-beverages-preparations, beverages, carbonated-drinks, sodas",spain,,,,c,,,,,
8414100254942,Tonica zero,Schweppes,,spain,,,,unknown,,,,,
2017143601313,Limon,Schweppes,,spain,,,,unknown,,,,,
54493926,Soda water,Schweppes,"beverages, carbonated-drinks, waters, sodas","belgium, bulgaria",,,,b,1.0,,,,
61110217,Schweppes Agrumes,Schweppes,,france,,,,unknown,,,,,
8888002065003,Tonic Water,Schweppes,"beverages, carbonated-drinks, artificially-sweetened-beverages, sodas, tonic-water, sweetened-beverages, tonic-drink-with-sugar-and-artificial-sweeteners","france, singapore",1-can-aluminium-to-recycle,,Singapore,d,4.0,,"CARBONATED WATER, SUCROSE, ACIDITY REGULATOR (CITRIC ACID), FLAVOURING, PRESERVATIVE (SODIUM BENZOATE, QUININE (0.0068%), SWEETENERS (SUCRALOSE, ACESULFAME K)",,
3124480188991,Schweppes Agrum,Schweppes,,france,,,,unknown,,,,,
42104896,Schweppes Mandarin,Schweppes,,turkey,,,,unknown,,unknown,,6.1,26.0
01661034,Mini Ginger Ale,Schweppes,"beverages, carbonated-drinks, sodas",canada,,Dollarama,"Calgary,Alberta,Canada",e,4.0,,"Carbonated water, Sugars (sugar/glucose-fructose), Citric acid, Sodium benzoate, Caramel colour, Natural flavour.",,
8414100310341,Laranja,Schweppes,,france,,,,unknown,,,,,
7612900340792,Schweppes Mojito Virgin,Schweppes,,switzerland,,,,unknown,,,,,
5210221705706,Schweppes lemon zero,Schweppes,"beverages-and-beverages-preparations, beverages, carbonated-drinks, sodas",belgium,,,,unknown,,,,,
8014396003257,Zero limone,Schweppes,"plant-based-foods-and-beverages, beverages, plant-based-beverages, carbonated-drinks, fruit-based-beverages, artificially-sweetened-beverages, sodas, diet-beverages, fruit-sodas, diet-sodas, lemon-soft-drinks, light-fruit-sodas, light-lemon-soft-drinks",italy,"plastic, hdpe-high-density-polyethylene, bottle, it:bottiglia-pet",,,c,4.0,,"Acqua, succhi di frutti da concentrato 12% (limone 11%, pompelmo 1%), anidride carbonica, aroma naturale limone con altri aromi naturali, acidificante (acido citrico), correttore di acidità (sodio citrato), conservante (potassio sorbato), edulcoranti (acesulfame k, sucralosio, ciclamato di sodio)",,
07785870,,Schweppes,,switzerland,,,,unknown,,unknown,,,
3124480184832,schweppes virgin cosmo cranberry,Schweppes,,france,,,,unknown,,,,,
01664138,Schweppes Tonique,Schweppes,,france,,,,unknown,4.0,,"carbonated water, glucose-fructose, citric acid, sodium benzoate, natural flavors, sodium citrate, caffeine, color",,
0078000030365,Schweppes strawberry mango,Schweppes,,united-states,,,,unknown,,unknown,,0.0,0.0
8901764241253,Schweppes Tonic Water,,,france,,,,unknown,,,,,
5449000270382,Schweppes cu ananas și busuioc,Schweppes,"beverages, carbonated-drinks, sodas",romania,"plastic, pet-polyethylene-terephthalate",,Romania,e,4.0,not-applicable,"apă, zahăr, dioxid de carbon, suc de fructe din concentrat: suc de lămâie verde (2,8%) și suc de ananas (0,2%), acidifianți: acid citric, acid malic; corector de aciditate: citrați de sodiu; stabilizatori: gumă arabică, esterii glicerici ai răşinilor din lemn și E444; conservant: sorbat de potasiu; extract de busuioc (0,02%), antioxidant: acid ascorbic; arome naturale, extract de mentă (0,01%), îndulcitori: acesulfam-K, sucraloză; colorant: caroteni",5.7,
8410656003348,Schweppes lemon,Schweppes,,spain,,,,unknown,,,,,
8014396001574,Energade Arancia Rossa,"San Benedetto, Schweppes","beverages, energy-drinks",italy,it:bottiglia-pet,,,c,4.0,,"acqua minerale naturale (80%), zucchero, acidificante: ado citrico, aromi, destrosio, sali minerali 0,1% (sodio cloruro, tassin fostato monobasico, magnesio solfato), correttore di at sodio citrato, stabilizzanti (E1450, E414), antiossidante, acido accorbico, colorante naturale cocciniglia",,
5690824023122,Schweppes ginger ale,Canada Dry,,france,,,,unknown,4.0,,"500ml Drekkist kalt 50 KOLSÝRÐUR GOSDRYKKUR INNIHALD: KOLSÝRT VATN, SYKUR, SÝRUSTILLAR (E330, E331), ROTVARNAREFNI (E202), LITAREFNI (E150D), BRAGĐEFNI, SALI, NERINCADCILDI",,
8414100334743,Schweppes sabor limao,Schweppes,"beverages, sweetened-beverages",france,,,,c,,,,,
3334803444240,Schweppes passion,Schweppes,,new-caledonia,,,,unknown,,unknown,,11.0,45.0
5902860411307,Citrus Mix,Schweppes,"beverages, carbonated-drinks, sodas, sweetened-beverages",belgium,,,,e,4.0,,"Woda, cukier, dwutlenek węgla, ekstrakty z pomarańczy, kwas: kwas cytrynowy; substancja konserwująca: sorbinian potasu; substancje słodzące (acesulfam K, sukraloza); aromaty naturalne cytrusów, inne aromaty naturalne, skrobia modyfikowana: E1450; przeciwutleniacz: kwas askorbinowy; stabilizator: E445.",,
8014396002830,Schweppes Limone,Schweppes,,switzerland,,,,unknown,,,,,
8414100386940,Schweppes orange lychee,Schweppes,,belgium,,,,unknown,,,,,
8414100329558,Schweppes Limón&Quinq,Schweppes,,spain,,,,unknown,,,,,
8414100383246,Schweppes Tonica,Schweppes,,spain,,,,unknown,,,,,
4000140709333,Schweppes agrumes,Schweppes,"beverages, carbonated-drinks, sodas, sweetened-beverages",france,,,,e,,,,,
4000140708008,Dry Tonic Water,Schweppes,"beverages-and-beverages-preparations, beverages, carbonated-drinks, sodas, lemonade, tonic-water, sweetened-beverages",germany,plastic,,,d,4.0,,"Wasser, Zucker, Kohlensäure, Säuerungs - 25 mittel Citronensäure, natürliches Citrusaroma mit anderen natürlichen Aromen, Aroma Chinin",,
8414100319856,Schweppes-tonic-250ml-(can For Spain & Por-spain,Schweppes,,france,,,,unknown,,,,,
45402548,Soda,Schweppes,,spain,,,,unknown,,,,,
0078000204469,Schweppes Dry Grape Ginger Ale,Schweppes,,united-states,,,,unknown,,unknown,caffeine free s weppe singe 1783 dry grape ginger ale naturally flavored with other natural flavors 24t,0.0,3.3333333333333
5449000148445,Tonic water,"Coca-Cola, Schweppes","beverages-and-beverages-preparations, beverages, carbonated-drinks, sodas, tonic-water, sweetened-beverages","france, romania",,,,e,4.0,,"water, zahār, carbon dioxide, acidifier citric acid, preservative potassium sorbate, flavourings including quinine, to be consumed preferably before: view the package (the first time), store in a cool, dry place, keep away from sunshine package from a single folasintă, with the approval schweppes holdings ltd,, the 2018 european refreshments are declared for you: valare energeticie fat:  of which, here, fat, saturated carbohydrates, of which the hold of the protein, a salt, c,coca-cola hbc romania, s,r,l, and the sauce, bucharest,, no,, 10, building of the () consumption, 023, 1st floor, voluntari, county, california, bisnut 0800-080-800 teleacces free,",,
8414100385240,Bebida Refrescante De Extractos. Con Azúcar Y Edulcorante.,Schweppes,,france,,,,unknown,,,,,
8410656001177,Tónica,schweppes,"beverages, carbonated-drinks",spain,,,,d,,,,,
7790895010101,Schweppes pomelo,schweppes,"beverages, unsweetened-beverages",argentina,,,,b,,unknown,,0.0,0.0
8410600002359,Schweppes tónica zero,Schweppes,,spain,,,,unknown,,,,,
50193479,Schweppes bitter lemon,Schweppes,,france,,,,unknown,,,,,
50193295,Canada Dry Ginger Ale Mini Can,Schweppes,"beverages, carbonated-drinks",france,aluminium-can,,,d,4.0,,"Carbonated Water, Sugar, Ciric kil, Acidity Regulator (Sodium Citrate), Colour (Carameal E150d), Sweeteners (Acesulfame K, Sucralosel Matural Flavouring",,
8414100312949,Bebida Refrescante De Extractos. Con Azúcar Y Edulcorante.,Schweppes,,france,,,,unknown,,,,,
8414100389538,Citrus,Schweppes,"beverages, non-alcoholic-beverages",spain,"metal, recyclable-metals, aluminium",,,d,4.0,,"Água, açúcar, dióxido de carbono, extratos de laranja, acidificante: ácido cítrico, conservante: sorbato de potássio, estabilizadores: E-1450 e E-445, edulcorantes: acesulfame K e sucralose, aromas naturais de cítricos com outros aromas naturais, antioxidante: E-300",,
4000140710582,Tonic - Zero Indian Tonic Water,Schweppes,"beverages-and-beverages-preparations, beverages, carbonated-drinks, sodas, unsweetened-beverages, tonic-water",germany,"plastic, pet-polyethylene-terephthalate","Kaufland,Combi,Rewe,Famila",Deutschland,c,4.0,,"Wasser, Kohlensäure, Säuerungsmittel Citronensäure, natürliche Aromen, Süßungsmittel (Acesulfam-K, Sucralose), Aroma Chinin.",,
36334643,Schweppes lemon zero,Schweppes,"beverages, carbonated-drinks",france,,,,b,,,,,
8414100356806,Schweppes Naranja,Schweppes,,spain,,,,unknown,,,,,
7894900300017,Schweppes tonic,Schweppes,"beverages-and-beverages-preparations, beverages, carbonated-drinks, sodas, tonic-water, sweetened-beverages",brazil,,,,e,,,,,
8414100389545,Schweppes Citrus,Schweppes,"beverages, carbonated-drinks",spain,,,,c,,,,,
5902860410027,Schweppes lemon,Schweppes,,switzerland,,,,unknown,,,,,
54004313,Soda water,Schweppes,,belgium,,,,unknown,,,,,
9315596006406,Lemon lime & bitters,Schweppes,,australia,,,,unknown,,,,,
90331688,Schweppes Kinley Apa Tonica Bautura Carbogazoasa,Schweppes,"beverages-and-beverages-preparations, beverages, sweetened-beverages",romania,,,,e,,unknown,,8.9,37.0
8414100306856,Schweppes Indian tonic,Schweppes,,france,,,,unknown,,,,,
8410585090013,Coca cola,Schweppes,,spain,,,,unknown,,,,,
54004214,Bitter lemon,Schweppes,beverages,belgium,,,,unknown,4.0,,"Boisson gazeuse rafraîchissante aux extraits de citron, avec sucre et édulcorants, Ingrédients: eau gazeifiée, sucre, jus de citron à base de concentré et extraits de citron (3,6%), acidifiant : acide citrique, arômes naturels, amidon modifié, édulcorants: acésulfame K et sucralose, conservateur: sorbate de potassium, antioxydant: acide ascorbique, stabilisants (E445, E444), arôme naturel d'orange, arôme : quinine. Contient de la quinine. A consommer de préférence avant le: voir le haut de la bouteille. A conserver à l'abri du soleil et de la chaleur. Bruisende frisdrank met citroenextracten, suiker en zoetstoffen. Ingrediënten: koolzuurhoudend water, suiker, opensop op basis van concentraten en citroenextracten (3,6%), itroenzuur, natuurlijke aroma's, gemodificeerd resulfam K en sucralose, conserveermiddel: antioxidant: ascorbinezuur, stabilisatoren tuurlijk sinaasappelaroma, aroma: Ten minste houdbaar tot: Uit de zon en op een plaats bewaren.",,
42358404,Tonic water,Schweppes,"beverages, carbonated-drinks, sodas, tonic-water",spain,,,,d,,,,,
7501073833722,Schweppes Ginger Ale,"Schweppes,Orangina","plant-based-foods-and-beverages, beverages, plant-based-foods, alcoholic-beverages, beers, condiments, ales, spices, ginger",mexico,glass,Mexico,Mexique,not-applicable,4.0,,"Agua Carbonatada, Fructosa, Ácido Cítrico, Concentrado Schweppes Ginger Ale, Benzoato de Sodio, Color Caramelo Clase IV (Colorante Natural). HECHO EN MÉXICO. PEÑAFIEL BEBIDAS, S.A. DE C.V., BLVD. MANUEL ÁVILA CAMACHO 32, 1er PISO, COL. LOMAS DE CHAPULTEPEC, DELEGACIÓN MIGUEL HIDALGO, C.P. 11000, CIUDAD DE MÉXICO, BAJO LICENCIA. SCHWEPPES ES UNA MARCA REGISTRADA. VE AOSHELL Sodia Fibra Dietética Azúcares Proteinas Contenido Energético Cantidad por porción Grasas (Lipidos) Grasa saturada Carbohidratos (Hidratos de Carbono) 20 g Tamaño por Porción: Parpones por envase: Información Nutrimental 200 ml DEPOSITA ESTE ENVASE VACÍO EN LA BASURA PROTEGE EL MEDIO AMBIENTE. COMPACTA Y desechable 340 kJ (80 Cal) 20 mg 19 g 09 09 A DR PEPPER SNAPPLE GROUP COMPANY PEÑAFIEL",,
3289092002865,Boisson gazeuse,Schweppes,,martinique,"bouchon-en-plastique, bouteille-en-plastique",,,unknown,,unknown,,5.9,25.0
5449000227492,Schweppes Pulpina,,"beverages, carbonated-drinks, sodas",morocco,,,,e,,not-applicable,,9.0,43.0
8414100355748,Bebida Refrescante De Extractos,Schweppes,,france,,,,unknown,,,,,
8414100641612,Schweppes Limón Zero,Schweppes,,spain,,,,unknown,,,,,
8414100355649,Tónica Pimienta Rosa,Schweppes,"beverages-and-beverages-preparations, beverages, carbonated-drinks, sodas, tonic-water",spain,,,,d,,,,,
4000140711947,Ginger Ale Zero,Schweppes,"beverages-and-beverages-preparations, beverages, carbonated-drinks, artificially-sweetened-beverages, sodas, lemonade, sweetened-beverages",germany,"plastic, de:einwegpfand",,Deutschland,c,4.0,,"Wasser, Kohlensäure, Säuerungsmittel Citronensäure, Süßungsmittel (Natriumcyclamat, Sucralose, Acesulfam-K, Natriumsaccharin), natürliches Ingwer-Aroma mit anderen natürlichen Aromen, Farbstoff E 150d.",,
8414100387046,Premium mixers Orange lychee,Schweppes,,belgium,,,,unknown,,,,,
9315596006840,Lemonade,Schweppes,"beverages-and-beverages-preparations, plant-based-foods-and-beverages, beverages, fruit-based-foods-and-beverages, non-alcoholic-beverages, plant-based-beverages, carbonated-drinks, fruit-based-beverages, soft-drinks, sodas, fruit-soft-drinks, lemonades, sweetened-beverages",australia,,,,d,4.0,,"CARBONATED WATER, SUGAR, FOOD ACIDS(330, 331), NATURAL FLAVOUR (LIME & LEMON OILS).",,
3124480184030,Lemon Schweppes,Schweppes,"beverages, sweetened-beverages",france,,,,c,,,,,
4000140706202,Ginger Beer,Schweppes,"beverages-and-beverages-preparations, beverages, carbonated-drinks, non-alcoholic-beverages, sodas, non-alcoholic-beers, ginger-beer, sweetened-beverages",germany,,,,e,4.0,,"Wasser, Zucker, Kohlensäure, Säuerungsmittel (Weinsäure, Äpfelsäure und Citronensäure), Ingwerextrakt (0,12%), natürliches Ingweraroma mit anderen natürlichen Aromen, Stabilisatoren (Gummi arabicum, Glycerinester aus Wurzelharz). Hinweis: mit der natürlichen Schärfe von Ingwer. 0% Alkohol.",,
4000140707971,Dry Tonic Water,Schweppes,"beverages-and-beverages-preparations, beverages, carbonated-drinks, sodas, tonic-water",germany,plastic,,,d,4.0,,"Wasser, Zucker, Kohlensäure, Säuerungsmittel Citronensäure, natürliche Aromen, Aroma Chinin.",,
01668435,scheppes pamplemousse zero sugar,Schweppes,,canada,,,,unknown,,,,,
8414100363156,Schweppes ( Pink),Schweppes,,spain,,,,unknown,,,,,
5449000046444,Schweppes Orange,Schweppes,beverages,bulgaria,,Carrefour,,e,,,"Schweppes 330 mle Безалкохолна газирана напита ropean Refreshments с портокалов сок от концентрат и с вкус ме от концентрат 3%, въглероден диоксид, киселине ХРАНИТЕЛНА СТОЙНОСТ Астбилизатор: гума гуар. мрокалов цвят. С подсладители. Съставки: вод, си неохесперидин киселина и ябълчена киселина, регулатор м ста: натриеви Цитрати, подсладители: цикләмәти о, концентрат от морков, консервант: кӑлиев сорбт неохесперидин DC, стевиол глиз ароматизанти, ackopouNO билизатор: гума гуар. раn Retreshments антиоксидант: РАНИТЕЛНА СТОЙНОСТ ACTORMOCT: 100 ml 330ml 1%",7.5,30.0
5449000174284,Schweppes Agrumes,Schweppes,"beverages-and-beverages-preparations, plant-based-foods-and-beverages, beverages, plant-based-beverages, carbonated-drinks, fruit-based-beverages, sodas, fruit-sodas, sweetened-beverages",cote-d-ivoire,plastic,,,e,4.0,,"EAU GAZEIFIÉE, SUCRE, JUS D'AGRUMES À BASE DE CONCENTRẺ (ORANGE, MANDARINE, PAMPLEMOUSSE, CITRON ET CITRON VERT), ACIDIFIANTS (ACIDE CITRIQUE, CITRATE DE SODIUM), CONSERVATEUR (SORBATE DE POTASSIUM), ARÔME, EMULSIFIANTS (E414, E412, E445), ANTIOXYDANT (ACIDE ASCORBIQUE).",,
4000140709531,Schweppes Fruit Lemon&Mint,Schweppes,"beverages, carbonated-drinks, sodas, lemonade",france,,,,e,4.0,,"Wasser, Zucker, Zitronensaft aus Zitronensaftkonzentrat 3%, Kohlensäure, Säuerungsmittel Citronensäure, natürliche Aromen, Stabilisatoren (Gummi arabicum, Glycerinester aus Wurzelharz, Johannisbrotkernmehl), Antioxidationsmittel Ascorbinsäure.",,
5410221205149,Tonic & Pink pepper,Schweppes,,france,,,,unknown,,,,,
5410221205446,Tonic & Matcha,Schweppes,,france,,,,unknown,,,,,
0016600010240,Ginger Ale,Schweppes,"beverages, carbonated-drinks, sodas, sweetened-beverages","canada, france","plastic, bottle","Dollarama,Shopper's Drug Mart","Calgary,Alberta,Canada",e,4.0,,"Carbonated water, Sugars (sugar/glucose-fructose), Citric acid, Sodium benzoate, Caramel colour, Natural flavour",,
3124480192103,Ginger beer & chili,Schweppes,"beverages, non-alcoholic-beverages, non-alcoholic-beers, ginger-beer",france,,,,e,,,,,
8410656005571,Soda,schweppes,"beverages, sweetened-beverages",spain,,,,unknown,,,,,
5449000204899,Slimline Tonic Water with Elderflower,Schweppes,"beverages-and-beverages-preparations, beverages, carbonated-drinks, sodas, tonic-water",united-kingdom,,,,b,3.0,,"Carbonated Water, Acid (Ciric ER Acid), Acidity Regulator (Sodium Cred ER 250ml Energy",,
5902860413035,The Original Russchian,Schweppes,,france,,,,unknown,,,,,
0078000209464,Sparkling seltzer water,Schweppes,,united-states,bottle,,,unknown,,unknown,,0.0,0.0
5902860410829,Napój gazowany o smaku cytrusowym.,Schweppes,"beverages, carbonated-drinks",poland,"plastic, pet-polyethylene-terephthalate, pp-polypropylene",Żabka,,e,4.0,,"woda, cukier, sok z zagęszczonego soku pomarańczowego (2%), dwutlenek węgla, kwas: kwas cytrynowy; substancja konserwująca: sorbinian potasu; substancje słodzące: aspartam i acesulfam K; skrobia modyfikowana: E1450; przeciwutleniacz: kwas askorbinowy; aromaty naturalne cytrusów (pomarańczowy, grejpfrutowy, limonkowy, mandarynkowy) i inne aromaty naturalne, stabilizator: E445; barwnik: E142. 
Zawiera źródło fenyloalaniny.",,
5410221307447,PINK Tonic,Schweppes,"beverages, carbonated-drinks, artificially-sweetened-beverages, sodas, tonic-water, sweetened-beverages","belgium, france","boite-de-conserve-ou-canette, canette",,,d,4.0,,"Eau gazéifiée, sucre, arôme naturel de cassis, arômes naturels, acidifiant : acide citrique, colorant : anthocyanes, concentrés de carotte et de carthame, édulcorants : acésulfame K et sucralose, arôme : quinine.",,
5410221205309,Schweppes zéro lemon,Schweppes,,belgium,,,,unknown,4.0,,"Koolzuurhoudend water, citroenextracten, voedingszuur: citroenzuur, natuurlijke aroma's van limoen en citroen met andere natuurlijke aroma's, zoetstoffen: acesulfaam K en sucralose, bewaarmiddel: kaliumsorbaat, gemodificeerd zetmeel, stabilisatoren (E445, E444)",,
8435185946430,Schweppes 330ML Bitter Lemon Soft Drink Can,Schweppes,"beverages-and-beverages-preparations, beverages, carbonated-drinks, sodas, sweetened-beverages","france, morocco",,,,c,,,,,
56094398,Soda water,Schweppes,,spain,,,,unknown,,,,,
9315596000336,Schweppes Orange & Mango,Schweppes,"plant-based-foods-and-beverages, beverages, plant-based-beverages, carbonated-drinks, fruit-based-beverages, juices-and-nectars, artificially-sweetened-beverages, sodas, diet-beverages, fruit-sodas, diet-sodas, light-fruit-sodas",australia,,,,c,,,,3.7,
59916772,,Schweppes,,hungary,,,,unknown,,,,,
5410221761478,Schweppes zero,Schweppes,,"belgium, france",bouteille-plastique,,,unknown,,,,,
54004160,Schweppes Premium Mixer Tonic Ginger & Cardamom,Schweppes,,"france, germany",bottle,,,unknown,,,,,
5449000040336,Shweppes Mandarine,Schweppes,"beverages, carbonated-drinks",algeria,,,,unknown,,unknown,,,
5449000174291,Schweppes,Schweppes,"beverages, carbonated-drinks, sodas, sweetened-beverages",cameroon,plastic,super U Bali,Cameroun,c,,not-applicable,,4.6,20.0
0016600000111,,Schweppes,,france,,,,unknown,,,,,
3124480192615,O verger,"Orangina Schweppes, Schweppes, oasis","beverages, waters, flavored-waters, unsweetened-flavored-waters",france,"bouchon-en-plastique, bouteille-en-plastique",,,b,4.0,,"Eau de source 53%, jus de fruits à base de concentrés 46% (pomme 39%, ananas 5%, fruit de la passion 1%, citron, acérola), arômes naturels, concentrés (pomme, fleur de carthame, citron). ina Schweppes Erance. Fabriqué avec l'autorisation du propriétaire de la marque. Service consommateurs:Orangina Schweppes France, CS 80491, 13593 Aix-en-Provence la date et le numéro du lot inscrits sur le haut de la bouteille). Á consommer",,
3124480192455,Schweppes  ginger ale,Schweppes,"beverages-and-beverages-preparations, beverages, carbonated-drinks, sodas",france,,,,unknown,,,,,
5410221307362,Aqua fruit fruitig water,Schweppes,"plant-based-foods-and-beverages, beverages, plant-based-beverages, fruit-based-beverages",belgium,,,,c,,,,,
0016600001033,Club Soda,Schweppes,"beverages, alcoholic-beverages",united-states,"bottle-cap, pet-bottle",,,not-applicable,4.0,unknown,"Water, high fructose corn syrup, lime juice concentrate, sodium metabisulfite (preservative), natural flavors, blue 1.",40.0,200.0
0078000019629,"Schweppes, sparkling seltzer water, orange",,"beverages, waters",united-states,,,,b,4.0,not-applicable,"carbonated water, natural flavors,",,0.0
0078000002133,Ginger ale,Schweppes,"beverages, carbonated-drinks, sodas",united-states,,,,e,4.0,not-applicable,"carbonated water, high fructose corn syrup, citric acid, sodium benzoate (preservative), caramel color, natural flavors,",9.05,36.0
0078000018578,"Schweppes, soda, dark ginger ale",,"beverages, carbonated-drinks, sodas",united-states,,,,e,4.0,not-applicable,"Carbonated water, high fructose corn syrup, citric acid, caramel color, sodium benzoate (preservative), natural and artificial flavors.",11.27,42.0
0078000026399,Soda,Schweppes,"beverages, carbonated-drinks, sodas",united-states,,,,e,4.0,not-applicable,"Carbonated water, high fructose corn syrup, citric acid, sodium benzoate(preservative), caramel color, natural flavors.",9.01,34.0
0078000024531,"Schweppes, sparkling seltzer water, cranberry lime",,"beverages, waters",united-states,,,,b,4.0,not-applicable,"Carbonated water, natural flavors.",,0.0
0078000000481,"Schweppes, sparkling seltzer water, orange",,"beverages, waters",united-states,,,,b,4.0,not-applicable,"Carbonated water, natural flavors.",,0.0
0078000019889,"Schweppes, ginger ale",Schweppes,"beverages, carbonated-drinks, sodas",united-states,,,,e,4.0,not-applicable,"Carbonated water, high fructose corn syrup, citric acid, sodium benzoate (preservative), caramel color, natural flavors.",9.09,35.9
0078000003574,"Schweppes, tonic water",,"beverages, waters",united-states,,,,e,4.0,not-applicable,"Carbonated water, high fructose corn syrup, citric acid, sodium benzoate (preservative), quinine natural flavors.",9.12,37.0
0078000207460,"Schweppes, diet ginger ale",,"beverages, carbonated-drinks, sodas",united-states,,,,c,4.0,not-applicable,"Carbonated water, malic acid, sodium citrate, sodium benzoate (preservative), aspartame, natural flavors, acesulfame potassium, caramel color.",,0.0
0078000012477,Schweppes cola,Schweppes,"beverages, carbonated-drinks, sodas",united-states,,,,e,4.0,not-applicable,"Carbonated water, high fructose corn syrup, citric acid, sodium benzoate (preservative), caramel color, natural and artificial flavors, malic acid, red 40, blue 1.",9.8591549295775,39.43661971831
0078000206166,Schweppes Ginger Ale,Schweppes,"beverages-and-beverages-preparations, beverages, carbonated-drinks, sodas",united-states,,,,e,4.0,,"Carbonated water, high-fructose corn syrup, citric acid, sodium benzoate (preservative), caramel color, natural flavors.",,
0078000216462,"Schweppes, diet ginger ale, raspberry, raspberry",,"beverages, carbonated-drinks, sodas",united-states,,,,c,4.0,not-applicable,"Carbonated water, malic acid, sodium citrate, sodium benzoate (preservative), aspartame, natural flavors, red 40.",,0.0
0078000215465,Ginger ale raspberry bottle naturally flavored one bottle,Schweppes,"beverages, carbonated-drinks, sodas",united-states,,,,e,4.0,not-applicable,"Carbonated water, high fructose corn syrup, citric acid, natural flavors, sodium benzoate (preservative), red 40.",10.704225352113,39.43661971831
0078000203455,Club soda,Schweppes,"beverages, waters",united-states,,,,b,1.0,not-applicable,"Carbonated water, sodium bicarbonate, sodium chloride, potassium sulfate.",0.0,0.0
0078000030358,Schweppes,Schweppes,"beverages, waters",united-states,,,,b,4.0,not-applicable,"Carbonated water, natural flavors.",0.0,0.0
07835704,Tonic Water,Schweppes,"beverages, carbonated-drinks, waters, sodas, tonic-water",united-states,,,,unknown,4.0,not-applicable,"Carbonated water, high fructose corn syrup, citric acid, sodium benzoate (preservative), quinine, natural flavors.",9.1216216216216,37.162162162162
07834307,Ginger ale,Schweppes,"beverages, carbonated-drinks, sodas",united-states,,,,unknown,4.0,,"Carbonated water, high fructose corn syrup, citric acid, sodium benzoate (preservative), caramel color, natural flavors.",9.5238095238095,35.273368606702
07836101,Club Soda,Schweppes,"beverages, waters",united-states,,,,b,1.0,,"Carbonated water, sodium bicarbonate, sodium chloride, potassium sulfate.",0.0,0.0
0078000209457,Sparkling Seltzer water,Schweppes,"beverages, waters",united-states,,,,b,4.0,not-applicable,"Carbonated water, natural flavors.",0.0,0.0
4890008452224,Sparkling water Lime,Schweppes,"beverages, carbonated-drinks, waters, carbonated-waters",hong-kong,plastic-bottle,,,b,,not-applicable,"CARBONATED WATER, FLAVOURINGS. 
碳酸水、調味劑",0.0,0.0
8414100389606,Tónica Pink Baja en Calorias,Schweppes,"beverages, carbonated-drinks, sodas, tonic-water, tonic-drink-with-sugar-and-artificial-sweeteners",spain,green-dot,Mercadona,,d,4.0,,"Agua, azúcar, anhídrido carbónico, aromas naturales, acidulante (ácido cítrico), colorante (antocianinas), concentrado de zanahoria y cártamo, edulcorante (glucósidos de esteviol), aroma quinina.",,
5000112581935,Schweppes Slimline,Schweppes,,united-kingdom,,,,unknown,4.0,,"Carbonated Water, Lemon Juice from Concentrate (2%). Citric Acid. Flavourings. Acidity Regulator (Sodium Citratel. Sweeteners (Aspartame. Sodium Saccharin), Preservative (Polassium Sorbate). Antioxidant (Ascorbic Acid",,
5902860410782,Schweppes ginger ale,Schweppes,"beverages-and-beverages-preparations, beverages, carbonated-drinks, sodas, sweetened-beverages","poland, switzerland","plastic, pet-polyethylene-terephthalate",,,e,4.0,,"woda, cukier, dwutlenek węgla, kwas: kwas cytrynowy; regulator kwasowości: cytrynian sodu; naturalne aromaty imbirowe i inne aromaty naturalne, barwnik: karmel E150d.",,
5449000163622,Schweppes citron,Schweppes,,senegal,,,,unknown,,,,,
8414100345046,Tónica,Schweppes,,spain,,,,unknown,,,,,
8594001027514,The original Indian tonic,"Karlovarské minerální vody,Schweppes","beverages-and-beverages-preparations, beverages, carbonated-drinks, sodas, tonic-water, sweetened-beverages",czech-republic,,,,e,4.0,,"voda, cukr, oxid uhličitý, kyselina: kyselina citronová, přírodní aroma, aroma: chinin, sladidla: sukralosa a acesulfam K.",8.6,36.0
5449000272218,Portokali me geusi anthos portokaliou,Schweppes,"plant-based-foods-and-beverages, beverages, plant-based-beverages, carbonated-drinks, fruit-based-beverages, sodas, fruit-sodas, sweetened-beverages, el:refreshments","greece, serbia","metal, recyclable-metals, aluminium, can, food-can",Idea,"Ελλάδα,Serbia",c,4.0,,"weppe 330 aepioûxo avayuktikó pe xupó noprokalu he ψμυκωμένο χυμό και γεύση ανθός πορτοκαλιού, μεγιοτ fange flavoured soft drink with orange juice from concentrate and r αν meeeners,1 συστατίκό: νερό, χυμός πρτικαλον εd αμξλο rιθρακα, μέσα οξίνισης: κτρικό 0ξ κα mtid(g aηya ετριο, γλυκοντικά: κυκλαμικό νiτρια ακεουρ ,gδάτα και γλυκοςίες στεβιόλης συμπίκνυμα α ατοα,  ουσκές αρωματικές ύλες, αντιοξειδωτικά α tkoudp, / ingredients: water, c kapinou 080 tels: citric acid and malic acid, acidity regulator: sodium cirae orange e juice from concentrate 3% ic aoid, stabilizer: guar gum, avákwon kará nporiunan npw ani bgena om bóon tou koutloú, best before: see bottom of can tpookh ahadeh i nutrition declaration concentrate, preservative: potassium sorbate,  natural flaris cpclamate, acesulfame-k, neohesperidine - dc, steviol gjcaside 330ml 100 ml 12kj/ 3 kcal mieldwhich saturates: 40kj 10kcal wich sugars lake f an axerage nd aw",0.4,3.0
8414100387510,Schweppes Zero Citrus,Schweppes,"beverages-and-beverages-preparations, beverages, carbonated-drinks, artificially-sweetened-beverages, sodas, sweetened-beverages",spain,,,,b,4.0,,"Agua, dióxido de carbono, extractos de naranja, acidulante ácido citrico, edulcorantes Pacesulfamo Ky sucralose, conservador: sorbato potásico, aromas maturales de citricos con otros aromas naturales, estabilitzantes: octenilsuccinato sódico de almidón y ésteres glicéridos de colofonia de madera, antioxidante: ácido ascórbico. 4 14 100 Ingredientes: água, dióxido de carbono, extratos de laranja, acidificante ácido citrico, edulcorantes acesulfame Ke sucralose, conservante: sorbato de potássio, aromas maturais de citricos com outros aromas naturals, estabilizadores: octenilsuccinato de amido sódico e ésteres de glicerol de colofónia, antioxidante: ácido ascórbico.",,
3025480167064,Schweppes agrume,,,france,,,,unknown,,,,,
5449000066534,Schweppes ananas,Schweppes,,tunisia,,,,unknown,,,,,
8414100956143,Tonic et Matcha Schweppes,Schweppes,,france,,,,unknown,,,,,
8410283387194,Gaseosa y un toque a hierbabuena,"La Casera, Schweppes",,spain,,,,unknown,,,,,
3124480186638,Pulco citron a diluer,"Pulco, Schweppes","beverages, syrups, flavoured-syrups, lemon-base-for-beverage-without-sugar-to-be-diluted",france,bouteille-en-verre,,,unknown,,,,,
3289092002841,Schweppes Ginger Ale,Schweppes,,martinique,,,,unknown,,unknown,,5.9000000953674,25.0
5449000273338,Schweppes Soda Water,Schweppes,"beverages, carbonated-drinks, sodas",bulgaria,"plastic, pet-polyethylene-terephthalate",,,b,,not-applicable,,0.0,0.0
5449000225139,Schweppes zero zahăr cu portocale și gust de floare de portocal,"Schweppes, Coca-Cola","beverages, carbonated-drinks, artificially-sweetened-beverages, sodas",romania,"plastic, pet-polyethylene-terephthalate",,România,c,4.0,not-applicable,"Apă, suc de portocale din concentrat 3%, dioxid de carbon, acidifianți (acid citric și acid malic), corector de aciditate (citrați de sodiu), îndulcitori (ciclamați, acesulfam-K, neohesperidină DC, glicozide derivate din steviol, sucraloză), colorant (concentrat de morcovi), conservant (sorbat de potasiu), arome naturale, antioxidant (acid ascorbic), stabilizator (gumă de guar).",0.4,3.0
5449000137128,Lemonade Schweppes PART OF THE PERFECT MIX 17:83,,,france,,,,unknown,4.0,,"Carbonated Water, Sugar, Lemon Juice from Concentrate (2%), Citric Acid, Flavourings, Acidity Regulator (Sodium Citrate), Sweeteners (Aspartame, Sodium Saccharin). Preservative (Potassium Sorbate). Antioxidant (Ascorbic Acid). Contains a Source of Phenylalanine. Store cool and dry. This pack is intended for sale as one complete unit. This multipack contains 12x150ml cans. P En Fa of Ca of Pra Sal Ref (840",,
3124480192639,May tea,"May Tea, Schweppes","beverages, tea-based-beverages, still-soft-drink-with-tea-extract, still-soft-drink-with-tea-extract-flavoured-with-sugar",france,plastic,"Carrefour, carrefour.fr",France,c,,,,,
3124488186883,Schweppes pomme,Schweppes,,france,,,,unknown,,,,,
5410221307881,Schweppes Cola,Schweppes,,belgium,,,,unknown,,,,,
5410221307379,Schweppes zero,Schweppes,plant-based-foods-and-beverages,belgium,bouteille-en-plastique,Carrefour,Belgique,a,4.0,,"eau gazéifiée, acidifiant (acide citrique), arômes naturels, édulcorants (E950, E952, E954), arôme : quinine.",,
0078000022308,Raspberry lime sparkling seltzer water,Schweppes,,united-states,,,,unknown,,unknown,,0.0,0.0
5449000064219,Slimline Tonic Water,Schweppes,"beverages, carbonated-drinks, sodas, tonic-water, sweetened-beverages",united-kingdom,,,,unknown,,,,,
0016600000296,schweppes Ginger Ale,Schweppes,"beverages, carbonated-drinks, sodas",canada,"plastic, bottle-or-vial, bottle",Safeway,"Calgary,Alberta,Canada",e,4.0,,"Carbonated water, Sugars (sugar/glucose-fructose), Citric acid, Sodium benzoate, Caramel colour, Natural flavour",,
0078000214468,Schweppes original,Schweppes,,united-states,,,,unknown,,unknown,,,
01661238,Tonic Water - mini,Schweppes,"beverages-and-beverages-preparations, beverages, carbonated-drinks, waters, sodas, carbonated-waters, tonic-water, tonic-drink","canada, france",,,,e,4.0,,"Carbonated water, Sugars (sugar / glucose-fructose), Citric acid, Sodium benzoate, Quinine, Natural flavour.",,
4000140704802,,Schweppes,,france,,,,unknown,,,,,
01661733,Boisson gazeuse orange sanguine,Schweppes,,canada,,,,unknown,,,,,
8014396002649,tonia,Schweppes,,germany,,,,unknown,,,,,
8414100306955,Tónica Zero,Schweppes,,spain,,,,unknown,,,,,
50112227,Tangerine,Schweppes,"beverages, carbonated-drinks, carbonated-fruit-soft-drink",france,,,,d,4.0,,"Voda, fruktozno-glukozni sirup, sok od mandarin Fugljikov dioksid, kiselina: limunska kiselina, arome, stabilizatori E ska kiselina, konzervans: kalijev sorbat, sladila: acesulfam Ki sukraloza, bo to datuma otisnuta na pakiranju",,
0078000219456,Tonic diet water,Schweppes,,united-states,,,,unknown,4.0,,"carbonated water, citric acid, sodium citrate, sodium benzoate, sodium saccharin, quinine, natural flavors",,
5410221205156,tonic orange blossom & lavender,Schweppes,,belgium,,,,unknown,,,,,
5449000164049,Schweppes citron,Schweppes,,senegal,,,,unknown,,unknown,,12.0,49.0
8414100389163,Tónica,Schweppes,,spain,,,,unknown,,,,,
5449000280152,schweppes Биттер Лемон,Schweppes,,russia,,,,unknown,,unknown,,,
5449000255600,,Schweppes,"beverages, sweetened-beverages",algeria,,,,e,,unknown,,10.0,41.0
3124480151483,PET 4X50CL SCHWEPPES AGRUM,Schweppes,frozen-foods,france,,carrefour.fr,,b,4.0,,"Eau gazéifiée, sucre, extraits d'orange, acidifiant : acide citrique, conservateur : sorbate de potassium, édulcorants : acésulfame K et sucralose, amidon modifié, antioxydant : acide ascorbique, arômes naturels d'agrumes avec autres arômes naturels, stabilisant E445, colorant E142.",,
8435185946416,IndianTonic,Schweppes,,france,,,,unknown,,,,,
0016600102617,Club soda,Schweppes,,trinidad-and-tobago,,,,unknown,,unknown,,0.0,0.0
0078000003543,Schweppes Indian tonic,Schweppes,,united-states,,,,unknown,,,,5.8,25.0
8414100308850,Schweppes limón original,Schweppes,,spain,,,,unknown,,,,,
5903111335533,Schweppes mojito,Schweppes,"beverages-and-beverages-preparations, beverages, carbonated-drinks, sodas, sweetened-beverages","france, morocco",,,,d,,,,,
5449000272300,Schweppes Agrumes,Schweppes,,gabon,,,,unknown,,,,11.0,45.0
0078000206647,Ginger ale,Schweppes,,,,,,unknown,,unknown,,9.0909090909091,35.940803382664
40822549,,Schweppes,beverages,france,,,,e,4.0,,"udujući kinin, Tegulator, kiselosti, natrijevi citrati, konzervers inaiijev saharin, antioKsidans, askorbinska kiselina, bojilo, karote er sorbat, stabilizatori: E 1450 i E 445, sladila: acesula azrio-glikozni sirUD, sok od limuna (2 % od koncentirane Su uglikov dioksid, kiselina, Uimunska kiselia, priodne: aro Osyjezavajuče bezalkonelno oilo-pice scokusom limuna, Sa om i sladilima, Sastajei: voda, Schwepp LAriev saharin, antioKSidans: askor binska kiselina, boilo: e potrijebiti de datuma otisnuta na pakiranju, Skladištiti achim i suhim uvjetima Zaštititi od smizavanja i Sunceva sviete Teimetjem odobrenja Sehweppes Holdings Limited Cocal HBC Hrvatska d:o,0, M Sachsa 1, Zagreb, Hrvatska Besplatna infolinija 0800 - 0455 SCAweppes,com,hr Fareuook: Schweppes ar the Experienced 2018 European Refreshme",,
8414100364443,Pink tónica rosa,Schweppes,"beverages-and-beverages-preparations, beverages, carbonated-drinks, sodas",france,,,,unknown,,,,,
3877000209040,Orangina,"Orangina sunstory france,Schweppes,Orangina","plant-based-foods-and-beverages, beverages, plant-based-beverages, carbonated-drinks, fruit-based-beverages, sodas, fruit-sodas, orange-soft-drinks, sweetened-beverages",croatia,"glass, staklo",,"Serbia,Hrvatska",e,4.0,not-applicable,"voda, vočni sok iz koncentrata 12% (naranča 10%, limun, mandarina, grejp), šećer, pulpa naranče 2%, co2 min. 4g/l. ekstrakt kore naranče, prirodna aroma naranče, suha tvar min. 8%",8.9,39.0
54004443,Schweppes Soda Water,Schweppes,,belgium,,,,unknown,,,,,
5449000133410,Schweppes Soda Water,Schweppes,"beverages-and-beverages-preparations, beverages, carbonated-drinks, waters, sodas, carbonated-waters","france, united-kingdom",pet-bottle,,,b,3.0,,"Carbonated Water, Sodium Bicarbonate",,
9315596006468,Infused natural mineral water lime,Schweppes,"beverages, waters",australia,,"Woolworths, Coles",,unknown,1.0,not-applicable,,0.0,0.48000001907348
5410221205231,Indian Tonic Zero Sleek Cans 33CL 6-pack,Schweppes,,france,,,,unknown,,,,,
5449000044839,Bitter Lemon,Schweppes,"beverages-and-beverages-preparations, beverages, carbonated-drinks, sodas, sweetened-beverages",united-kingdom,,,,e,4.0,,"carbonated water
sugar
lemon fruit from concentrate (2 %)
citric acid
antioxidant (ascorbic acid)
preservative (potassium sorbate)
Natutal flavorings 
quinine
stabilizers (modified starch, glycerol esters of wood rosin)
sweetener (sodium saccharin, acesulfam k)
colors (copper chlorophyllin, carotenes)",,
12208223,les Eaux de thé BIO,"May Tea,Orangina Schweppes,Schweppes,Suntory","beverages-and-beverages-preparations, beverages, tea-based-beverages",france,plastic,,,c,4.0,,"boisson rafraichissante à l'infusion de thé noir avec arômes naturels de poire et d'hibiscus. Ingrédients: infusion de thé noir 72% (eau, infusion intense de thé noir*, eau, sucre*, arôme naturel de poire, aróme naturel d'hibiscus, antioxydant : acide ascorbique, arôme naturel de thé, acidifiant: acide citrique. *Issus de l'agriculture biologique.",,
8014396002601,tonic water,Schweppes,"beverages-and-beverages-preparations, beverages, carbonated-drinks, sodas, tonic-water, sweetened-beverages","germany, italy",,,,e,,,,,
01668736,Ginger Ale,Schweppes,"beverages, carbonated-drinks, sodas",canada,"can, drink-can",Dollarama,"Calgary,Alberta,Canada",e,4.0,,"Carbonated water, Sugars (sugar/glucose-fructose), Citric acid, Sodium benzoate, Caramel colour, Natural flavour",,
4000140070136,Schewppes,Schweppes,,france,,,,unknown,,,,,
9315596006864,Schweppes Creaming Soda,Schweppes,,australia,,"Woolworths, Coles",,unknown,,,1783 schweppes - traditionals - brown cream sodo,,
8014396000676,energade,schweppes,it:bevande-energetica,italy,"plastic, it:bottiglia-pet",,,b,4.0,,"Acqua minerale naturale (80%). zucchero, acidificante: acido citrico, destrosio, aroma naturale arancia con altri aromi naturali, sali minerali 0,1% (sodio cloruro, potassio fosfato monobasico, magnesio solfato), correttore di acidità: sodio citrato, antiossidante: acido ascorbico, stabilizzanti (E1450, E414), colorante:betacarotene",,
50193424,Schweppes Original Soda Water,Schweppes,,france,,,,unknown,,,,,
8014396003141,Schweppes LIMONE,Schweppes,,italy,it:bottiglia-pet,,,unknown,,,,,
9315596006369,Dry Ginger Ale,Schweppes,,australia,,,,unknown,,,,,
42358695,Agrumes schweppes,Schweppes,"beverages-and-beverages-preparations, plant-based-foods-and-beverages, beverages, plant-based-foods, legumes-and-their-products, dairy-substitutes, milk-substitutes, plant-based-beverages, carbonated-drinks, fruit-based-beverages, plant-based-milk-alternatives, sodas, fruit-sodas, legume-based-drinks, carbonated-fruit-soft-drink, soy-based-drinks, plain-soy-drink-fortified-with-calcium, sweetened-beverages",senegal,,,,e,,,,,
8414100303442,Schweppes Naranja&Lichi,,,spain,,,,unknown,,,,,
9315596006321,Schweppes Agrum Zero Sugar,Schweppes,,australia,,"Woolworths, Coles",,unknown,,,,0.0,0.478
5449000155337,Schweppes soda water,Schweppes,,cote-d-ivoire,,,,unknown,,,,,
8014396003363,Tonica zero,Schweppes,,france,,,,unknown,,,,,
5449000255617,Schweppes MANDARINE,coca cola,"beverages-and-beverages-preparations, beverages, non-alcoholic-beverages, carbonated-drinks, soft-drinks, sodas",algeria,,,,unknown,,,,,
5902860411260,The original orange,Schweppes,,france,,,,unknown,,,,,
9315596000459,lemonade,Schweppes,,australia,glass-bottle,,,unknown,,unknown,,10.8,44.694069999999996
5902860413868,Schweppes The Original Russchian,Schweppes,"beverages, carbonated-drinks, sodas",france,,,,e,4.0,,"Woda, cukier, dwutlenek węgia, kwas: kwas cytrynowy; aromaty, substancja konserwująca: sorbinian potasu; barwnik koncentraty (hibiskus, marchew). Ewentualny osad jest rezultatem wytrącania się naturalnego soku owocowego w napoju. Przechowywać w suchym, radenionym miejscu, z dala od źródła ciepła.",,
0078000032420,Club soda,Schweppes,,united-states,"unknown, aluminium-tin",,,unknown,,unknown,,0.0,0.45248868778281
9315596000404,Indian tonic water,Schweppes,,australia,,,,unknown,,unknown,,25.8,111.1
9315596006413,Schweppes Tonic,Schweppes,,"australia, france",,,,unknown,,,,,
9300624015444,Sparkling Duet Lemonade,Schweppes,"beverages-and-beverages-preparations, plant-based-foods-and-beverages, beverages, plant-based-beverages, carbonated-drinks, fruit-based-beverages, sodas, fruit-sodas, lemon-soft-drinks",new-zealand,,,,unknown,4.0,,"carbonated water, sugar, food acids (330, 331), flavour, preservative (211)",,
4000140713170,Bitter Lemon,Schweppes,"beverages-and-beverages-preparations, plant-based-foods-and-beverages, beverages, plant-based-beverages, carbonated-drinks, fruit-based-beverages, sodas, fruit-sodas, lemon-soft-drinks, sweetened-beverages",germany,bottle,,,e,4.0,,"Original Bitter Lemon von Schweppes Erfrischend. Fein-herb. Limonig. aus Limonensaftkonzentrat, chininhaltig Lutaten: Wasser, Zucker, Limonensaft aus Limon saftkonzentrat 3%, Kohlensäure, Säuerungsmite Citronensäure, Limonenextrakt, Antioxidationsmite Ascorbinsäure, natürliche Aromen, Aroma Chinin Erfrischungsgetränk mit 3% Limonensaft CESTELLT IN LIZENZ CHWEPPES CNAL UMITED. PES VEGAN GLAND GMBH, STRASSE 261, REUZTAL",,
07835102,GINGER ALE,Schweppes,,united-states,,,,unknown,,,,0.0,0.0
9315596000510,Dry ginger ale,Schweppes,"beverages, carbonated-drinks, sodas",australia,,,,unknown,,not-applicable,,0.0,1.7
10001404,Schweppes Indian Tonic Water,Schweppes,"beverages-and-beverages-preparations, beverages, carbonated-drinks, sodas, tonic-water, sweetened-beverages","austria, germany",,,,d,4.0,,"Wasser, Zucker, Kohlensäure, Säuerungsmittel Citronensäure, natürliches Citrusaroma mit anderen natürlichen Aromen, Aroma Chinin.",,
8014396003172,Schweppes Cedrata,,,italy,,,,unknown,,,,,
8014396003509,Gusto lime & mint pet,Schweppes,,france,,,,unknown,,,,,
5902860411284,The original Lemon,Schweppes,,france,,,,unknown,,,,,
5902860410744,Indian Tonic,Schweppes,"beverages-and-beverages-preparations, beverages, carbonated-drinks, sodas, tonic-water, sweetened-beverages","belgium, germany, poland",,,,d,,,fhgttttff34555,,
3124488188214,Jus de pomme,Schweppes,"plant-based-foods-and-beverages, beverages, plant-based-beverages, fruit-based-beverages, juices-and-nectars, fruit-juices, unsweetened-beverages, apple-juices",france,bocal-en-verre,,,unknown,,,,,
9415087012036,Soda Water - with a twist of lemon,Schweppes,"beverages-and-beverages-preparations, beverages, carbonated-drinks, sodas",new-zealand,,PAK’nSAVE,,c,4.0,,"Carbonated Water, Sugar, Lemon Juice from Concentrate (4.5%). Flavour, Preservative (202). Colour (Carthamus Extract).",5.0,21.6
0016600001293,Schweppes Cranberry Raspberry Ginger Ale,,"beverages, carbonated-drinks",canada,,,,unknown,4.0,,"Carbonated Water, High Fructose Corn Syrup, Citric Acid, Sodium Benzoate (Preservative), Natural and Artificial Flavors, Red 40",,
9300675051040,Indian Tonic Water,Schweppes,"beverages-and-beverages-preparations, beverages, carbonated-drinks, sodas, tonic-water",new-zealand,,,,unknown,,not-applicable,,22.0,93.0
9315596006475,Infused Natural Mineral Water with Raspberry No Sugar,Schweppes,"beverages, waters",australia,,"Woolworths, Coles",,unknown,1.0,not-applicable,,0.0,0.478
7501073833739,Schweppes Ginger Ale,Schweppes,"beverages, carbonated-drinks, sodas",mexico,,,,unknown,,,,,
3124480163622,Schweppes agrumes,Schweppes,"plant-based-foods-and-beverages, beverages, plant-based-beverages, carbonated-drinks, fruit-based-beverages, sodas, fruit-sodas",belgium,,,,unknown,,,,,
17885058,Schweppes virgin mojito,Schweppes,,belgium,,,,unknown,,,,,
5449000060600,Shweppes Ananas,"Coca-Cola, Schweppes","beverages-and-beverages-preparations, beverages, carbonated-drinks, artificially-sweetened-beverages","france, tunisia",,,,e,4.0,,"EAU GAZÉIFIÉE, SUCRE, ACIDIFIANTS: E330, E331; JUS D'ORANGE, ARÔMES IDENTIQUES AUX NATURELS, CONSERVATEUR: E202, EMULSIFIANTS: E1450, E445; ÉDULCORANTS: E950, E955: COLORANTS: E150d, E104.",,
8935049501596,Schweppes soda water,,"beverages-and-beverages-preparations, beverages, waters",vietnam,,,,unknown,1.0,,,,
4000140712692,"Schweppes, Fruity",Schweppes,"beverages-and-beverages-preparations, beverages",germany,bottle,,,d,,,,,
5902860413103,Schweppes the original Russchian,Schweppes,,switzerland,,,,unknown,,,,,
11932026,Schweppes zéro agrumes sans sucre sans aspartame,Schweppes,"plant-based-foods-and-beverages, beverages, plant-based-beverages, carbonated-drinks, fruit-based-beverages, artificially-sweetened-beverages, sodas, diet-beverages, fruit-sodas, diet-sodas, lemonade, lemonade-without-sugar-with-artificial-sweeteners, sweetened-beverages",belgium,plastic,,Belgique,c,4.0,,"Eau gazéifiée, extraits d'orange, acidifiant: acide citrique, édulcorants : acésulfame K et sucralose, conservateur : sorbate de potassium, arômes daturels d'agrumes avec autres arômes naturels, amidon modifié, antioxydant : acide ascorbique, stabilisant E445.",,
4000140071911,Roses Lemon Squash,Schweppes,syrups,germany,glass,,Deutschland,d,3.0,,"Wasser, Zucker, Limonensaft aus Limonen - saftkonzentrat (28%). Säuerungsmittel Citronen - säure, Konservierungsstoff Natriumbenzoat, natürliches Zitronenaroma mit anderen natürlichen Aromen.",,
5449000226259,Schweppes,Coca-Cola,,italy,it:bottiglia-pet,,,unknown,,,,,
4000140712319,Indian Tonic Water Zero,Schweppes,"beverages-and-beverages-preparations, beverages, carbonated-drinks, artificially-sweetened-beverages, sodas, diet-beverages, diet-sodas",germany,de:mehrwegflasche,,,c,4.0,,"Wasser, Kohlensäure, Säuerungsmittel Citronensäure, natürliche Aromen, Süßungsmittel (Acesulfam-K, Sucralose), Aroma Chinin",,
4000140710070,dry tonic water,Schweppes,,germany,,,,unknown,,,,,
3124480163639,Shweppes Agrum Light Pet 6 x 50 cl,Schweppes,"beverages-and-beverages-preparations, beverages, carbonated-drinks, artificially-sweetened-beverages, sodas, diet-beverages, diet-sodas",france,,,,b,,,,,
5410221205538,Indian tonic,Schweppes,,belgium,,,,unknown,,,,,
9315596002590,Schweppes Lemon Lime with Natural Mineral Water,Schweppes,,australia,,,,unknown,,,"carbonated water (mineral water 80, purified water 11). reconstituted juices (lemon 4.5%, lime 0.5%), sugar, hatural flavours, food acids (citric acid, sodium citrate), presertives (211 202) 1natural colour (saffloer extract) de in austrail from (ocal and imported ingredientis. schweppes, devices and scheppervescence are trade marks s used under licence in australia by asahi beverages. asahi beverages, 2 beverage drive, tullamarine, victoria, 3043, australiá. www.schweppes.com.au nts ii purchase",,
4000140713392,Schweppes Zero,Schweppes,"beverages-and-beverages-preparations, beverages, carbonated-drinks, artificially-sweetened-beverages, sodas, diet-beverages",germany,,,,c,4.0,,"Wasser, Kohlensäure, färbende Konzentrate 0,25 (Apfel, Hibiskus, Karotte), Säuerungsmittel Citronen - säure, Süßungsmittel (Acesulfam K, Sucralose), Aromen Original Wild Berry Zero yon Schweppes: Erfrischend Ohne Zucker",,
8414100942658,Tónica original,Schweppes,,spain,,,,unknown,,,,,
9315596007298,schweppes raspberry,Schweppes,,australia,,,,unknown,4.0,unknown,"carbonated water, sugar, food acids (citric acid, sodium citrate), natural flavours (with brazilian orange oils), natural colour (anthocyanin), preservative (sodium benzoate).",,
0078000005271,Schweppes Seltzer,Schweppes,,france,,,,unknown,,,,,
5449000238856,Tonic Water,Schweppes,,united-kingdom,,,,unknown,,,,,
4000140712487,Ginger Beer,Schweppes,,germany,,,,unknown,,,,,
8014396002694,Ginger ale,Schweppes,,france,,,,unknown,,,,,
8414100387626,Ginger beer and chili,Schweppes,"beverages, non-alcoholic-beverages, non-alcoholic-beers, ginger-beer",france,,,,unknown,,,"es Secante de extracts edenés aquarica ape de quase huose antendo cartónico do de carbono aroma natural de notre con otros aromas naturales/aroma natural de gengibre com Outros aromas naturais (02% acidulante / acidificante ácido tartanico antioxidante: acido ascórbico conser vador conservante: E-202 y/e aroma natural de pimiento / pimento (0.003% Mantener en lugar fresco y seca Proteger de la luz solar y de olores intensos Manter em lugar fresco, seco e a / 20cl abrigo da luz solare de cheiros intensos 2",,
8014396002656,Scheppes Limone,Schweppes,,france,,,,unknown,,,,,
4000140704734,Dry Tonic Water,Schweppes,"beverages-and-beverages-preparations, beverages","france, germany",,,,d,,,,,
4000140712661,Fruity mango & passionsfrucht,Schweppes,"beverages-and-beverages-preparations, plant-based-foods-and-beverages, beverages, plant-based-beverages, carbonated-drinks, fruit-based-beverages, sodas, fruit-sodas, lemonade, lemonade-with-sugar, sweetened-beverages",germany,plastic,,,d,4.0,,"Wasser, Zucker, Passionsfruchtsaff - konzentrat, Kohlensäure, Mangosaftkonzentrat, Mangomark, Orangensaftkonzentrat, Zitronensaftkonzentrat, Säueru asmitte Citronensäure, natürliches Aroma, Antiox dationsmittel Ascorbin - säure, Stabilisator Johannisbrotkernmehl, Farbstoff Carotin. Die natürlichen Zutaten können sich am Flaschenboden absetzen.",,
8014396003301,Soda water,Schweppes,,france,,,,unknown,,,,,
4000140712135,American Ginger Ale,Schweppes,"beverages-and-beverages-preparations, beverages, carbonated-drinks, sodas",germany,,REWE,,c,4.0,,"Wasser, Kohlensäure, natürliches Aroma, Säuerungsmittel, Citronensäure, natürliches Ingwer-Aroma, Süßungsmittel (Natriumcyclamat, Acesulfam-K, Natriumsaccharin und Sucralose), Säureregulator Trinatriumcitrat, Farbstoff E 150d",,
5902860412656,Indian tonic,Schweppes,"beverages-and-beverages-preparations, beverages","germany, switzerland",,,,unknown,,,,,
8014396003073,Tonica zero pet,Schweppes,"beverages-and-beverages-preparations, beverages, carbonated-drinks, artificially-sweetened-beverages, sodas, diet-beverages, diet-sodas","france, italy",,,,unknown,4.0,,"Bibita analcolica gassata con edulcoranti senza zucchero. Ingredienti: acqua, anidride carbonica acidificante: acido citrico, aromi naturali, edulcoranti: acesulfame-K, ciclamato di sodio, sodio saccarinato, aroma: cloridrato di chinino.",,
9315596006345,SCHW AGRUM BLD ORANGE 1.1L,Schweppes,,australia,plastic,"Woolworths,Coles",Australia,unknown,4.0,,"CARBONATED MIER, SUGAR, FOOD ACID (330), FLAVOURS, PRESERVATIVE (1), COLOURS (150d, 102, 122, 110)",28.8,120.2
8014396003387,Schweppes agrumi,,,italy,,,,unknown,,,,,
3124480194480,Schweppes framboos,Schweppes,beverages,"belgium, france",plastic,carrefour.fr,,c,,,,,
0187015000055,Schweppes agrum,Schweppes,,france,,,,unknown,,,,,
5902860410492,Shweppes Citrus Mix,Schweppes,,france,,,,unknown,,,,,
3124480194497,Schweppes pamplemousse touche de romarin,"Orangina Schweppes, Schweppes","beverages, carbonated-drinks, artificially-sweetened-beverages, sodas, diet-beverages, diet-sodas, sweetened-beverages","belgium, france",plastic,,,d,4.0,,"Eau gazéifiée, jus de pamplemousse rose à base de concentré (5%), Sucre, arôme naturel de pamplemousse, acidifiant : acide citrique, extrait de romarin, colorant : acide carminique, édulcorant : glycosides de stéviol, jus concentré de carotte pourpre,",,
3124480193643,Schweppes pink tonic,Schweppes,"beverages-and-beverages-preparations, beverages, carbonated-drinks, sodas, tonic-water, sweetened-beverages","france, germany",,carrefour.fr,,c,,,,,
5000193940966,Blackcurrant cordial,Schweppes,cordial,united-kingdom,,,,a,4.0,,"Water, Sugar, Citric Acid, Colours (Caramel E150d, Anthocyanins), Acidity Regulator (Sodium Citrate), Flavourings, Preservatives (Sodium Benzoate, Potassium Sorbate), Sweeteners (Aspartame, Sodium Saccharin)",,
5902860411895,Schweppes THE ORIGINAL LEMON,,,france,,,,unknown,,,,,
3124480193698,Ginger Beer,Schweppes,"beverages, carbonated-drinks, artificially-sweetened-beverages, sodas, non-alcoholic-beverages, non-alcoholic-beers, ginger-beer, sweetened-beverages",france,plastic,"carrefour.fr,Super U",,d,4.0,,"Eau gazéifiée, sucre, correcteurs d'acidité: acide tartrique et citrate de sodium, stabilisant : gomme d'acacia, arome naturel de gingembre avec autres arômes naturels, antioxydant : acide ascorbique, conservateur : sorbate de potassium, édulcorants : acesulfame K et sucralose, extrait de gingembre,",,
5449000062970,Lemonade,Schweppes,,united-kingdom,,,,unknown,,,,,
8014396003356,Schweppes ginger beer,Schweppes,,italy,glass,,,unknown,,,,,
5449000294623,Schweppes Light Tonic Water,Schweppes,,united-kingdom,,,,unknown,,,,,
0078000024517,Cranberry lime,Schweppes,,united-states,,,,unknown,,unknown,,0.0,0.0
42105190,Pomegranate,Schweppes,,tunisia,,,,unknown,,unknown,,14.5,57.99999999999999
0016600000227,Ginger Ale,Schweppes,"beverages, carbonated-drinks, sodas",canada,"plastic, bottle",Dollarama,"Calgary,Alberta,Canada",e,4.0,,"Carbonated water, Sugars (sugar/glucose-fructose), Citric acid, Sodium benzoate, Caramel colour, Natural flavour",,
5902860414872,Schweppes Spritz,Schweppes,"beverages-and-beverages-preparations, beverages, carbonated-drinks, sodas, sweetened-beverages",switzerland,,,,unknown,4.0,,"Wasser, Zucker, Kohlensäure, natürliche Aromen, Säuerungsmittel: Citronensäure, schwarzes Karottensaftkonzentrat, Konservierungsmittel: Kaliumsorbat, Süssstoffe, Acesulfarn K, Sucralose,, Aroma; Chinin, Farbstoff; Carotine",,
8014396003950,Tonica Pink,Schweppes,,italy,,,,unknown,,,,,
9315596006260,Soda Water,Schweppes,"beverages-and-beverages-preparations, beverages, carbonated-drinks, waters, sodas",australia,,,,b,3.0,,"Carbonated Water, mineral salt (potassium bicarbonate)",,
4890008411306,Schweppes +c,Schweppes,,united-kingdom,,,,unknown,,,,,
8414100388630,Tónica pink zero,Schweppes,"beverages-and-beverages-preparations, beverages, carbonated-drinks, artificially-sweetened-beverages, sodas, diet-beverages, diet-sodas, tonic-water, sweetened-beverages, tonic-drink-without-sugar-with-artificial-sweeteners",spain,green-dot,Carrefour,Spain,c,4.0,,"Agua, anhídrido carbónico, acidulante (ácido cítrico), aromas naturales, edulcorantes (acesulfamo K, sucralosa), colorante (antocianinas, concentrado de zanahoria y cártamo), aroma quinina.",,
5449000271174,Pink Grapefruit,Schweppes,uk:слабо-газований-напій,cyprus,,,,b,4.0,,"Water So juices from concentrate (Orange 2,5%, Pink grapefruit 0,1%), Cartie Acids (Citric acid, Malic Acid), Natural flavourings, Preservative Pre sorbate), Antioxidant (Ascorbic acid), Stabilizers (Acacia gum, 64451, 5 Steviol glycosides from Stevia), Color (Carotenes). ΔΙΑΤΡΟΦΙΚΗ ΔΗΛΩΣΗ / Nutritional value for ANA/Per: 100ml 330ml Ενέργεια / Energy: 99 kJ/",,
0078000032413,TONIC WATER,Schweppes,,united-states,,,,unknown,4.0,,"CARBONATED WATER, HIGH FRUCTOSE CORN SYRUP, CITRIC ACID, SODIUM BENZOATE, QUININE, NATURAL FLAVORS",9.0497737556561,36.199095022624
06961398,Schweppes Lemon Zero,Schweppes,,united-states,,,,unknown,,unknown,,,2.0
4000140713835,Orangina Orginal,"Orangina, Schweppes","beverages-and-beverages-preparations, plant-based-foods-and-beverages, beverages, plant-based-beverages, carbonated-drinks, fruit-based-beverages, juices-and-nectars, sodas, fruit-juices, fruit-sodas, orange-soft-drinks, sweetened-beverages",germany,,,,e,4.0,,"Wasser, Mehrfruchtsaft aus Fruchtsaftkonzentraten (Orange 10%, Zitrone, Mandarine, Grapefruit), Zucker, 2% Fruchtfleisch (Orange, Mandarine), Kohlensäure, Orangenschalenextrakt, natürliches Orangenaroma.",,
8014396442735,Tonica,Schweppes,,italy,,,,unknown,,,,,
5410221205729,Pink Tonic,Schweppes,,france,,,,unknown,,,,,
14633096,,schweppes,"beverages-and-beverages-preparations, beverages, carbonated-drinks, carbonated-soft-drinks-without-fruit-juice",algeria,bottle,,,unknown,,,,,
0127790122146,Scweppes,Schweppes,,united-states,,,,unknown,,unknown,,5.8,25.0
0016600100026,Tonic,Schweppes,"beverages, carbonated-drinks, sodas, tonic-water, tonic-drink-with-sugar",canada,,,,d,,,,,
8414100329657,Ginger ale & jenjibre intenso,Schweppes,sodas-au-gingembre,spain,,,,unknown,,,,,
50193356,Classic Lemonade,Schweppes,"beverages-and-beverages-preparations, beverages, carbonated-drinks, artificially-sweetened-beverages, sodas, lemonade, lemonade-with-sugar-and-artificial-sweeteners, sweetened-beverages",united-kingdom,aluminium-can,,,d,4.0,,"Carbonated Water, Sugar, Lemon Juice From Concentrate (2%), Acid (Citric Acid), Flavourings, Acidity Regulator (Sodium Citrates), Sweeteners (Aspartame, Sodium Saccharin Preservative (Potassium Sorbate), Antioxidant (Ascorbic Acid Contains a Source of Phenylalanine.",,
5449000044679,schweppes,coca-cola,"beverages, carbonated-drinks, artificially-sweetened-beverages, sodas, sweetened-beverages","croatia, slovenia",,,,unknown,4.0,,"Voda, fruktozno-glukozni sirup, ugljikov dioksid (min, 2 g/l), kiselina: limunska kiselina, prirodne arome (uključujući kinin), sladilo: natrijev saharin.",5.4,23.4225621378
5449000233431,Schweppes Mojito Flavor,Schweppes,"beverages-and-beverages-preparations, beverages, sweetened-beverages",greece,,,,e,4.0,,"Νερό, Ζάχαρη, Διοξείδιο Άνθρακα, Μέσο Οξίνισης: Κιτρικό Οξύ, Ρυθμιστής Οξύτητας: Κιτρικό Νάτριο, Φυσικές Αρωματικές Ύλες Ρούμι, Λεμονιού - Γλυκολέμονου και Μέντας με άλλες φυσικές αρωματικές ύλες, Σταθεροποιητές: E414 και E445.",9.8,41.0
5449000226242,Schweppes Pomegranate,Schweppes,"beverages-and-beverages-preparations, beverages, carbonated-drinks, sodas, sweetened-beverages","croatia, romania",,,,e,,not-applicable,,10.0,41.0
9315596006437,Dry ginger ale,Schweppes,,australia,,"Woolworths, Coles",,unknown,,,,,1.600000023841858
0070847022404,Monster Energy,Schweppes,"beverages, energy-drinks",saint-martin,,,,b,,,"(VIT. B6). CYANOCOBALAMIN (VIT. B12). CAFFENE FROM ALL SOURCES: 140mg PER CAN BEST BEFORE END-SEE BASE OF CAN FOR DATE 1 MONSTER WAY, CORONA, CA 92879 U.S.A. for general nutrition advice. calclum, Iron and potassium. WOMEN OR WOMB WHO ARE MURSING. LECARN:ITINE MET SMA Nutrition Facts SALAAK Serving size 1 can Amount per servig Calories 10 Schwe % Daily Valor Total Fat 0g Sodlum 370mg Total Carbohydrate 6g Total Sugars 0g Inclu des Og Added Sugars Erythritol 2g Protein 0g 0% 16% 2% S00 0% Niacin (Vit. B3) Vitamin B6 Vitamin B12 Pantothenic Acid (Vit. B5) 250% 240% 490% 400% Our general nutrition advice. GAR CAFFEME, INOSITOL all aper 另兰言 2 S HEECAN",0.0,2.82
5449000036254,Spritz Aperitivo,Schweppes,beverages,netherlands,,,,unknown,,,,5.6,26.0
9315596007687,Brown Creaming Soda Zero Sugar,Schweppes,,australia,,,,unknown,,unknown,utrition information serving serving per 100 ml aug oty per di per .3. 1783 schweppes traditionals - brown cream soda per package: 4.a re 150 ml avg qty 10kj 0g 0g 0g 1.0g 0g 0g 6 mg 25k 0.3% 0% 0% 0% 0.8% 0% 0% 0.7% ted rate 0g fere 2.5g 15 ంంటం,0.0,2.39005736
5449000220950,Schweppes Bitter Lemon,Schweppes,"beverages-and-beverages-preparations, beverages, carbonated-drinks, sodas, sweetened-beverages",greece,,,,unknown,,,,,
5410221205583,Schweppes Indian tonic,Schweppes,,belgium,,,,unknown,,,,,
9315596007199,Lemonade,Schweppes,"beverages, carbonated-drinks, sodas, lemonade, sweetened-beverages",australia,,"Officeworks, Coles",,e,,,,10.8,44.6940725
5449000290380,Schweppes Taste of PINA COLADA,Schweppes,,moldova,,,,unknown,,unknown,,7.9,33.0
07834608,Ginger Ale,Schweppes,,united-states,,,,unknown,4.0,,"carbonated water, high fructose corn syrup, citric acid, sodium benzoate (preservative), caramel color, natural flavors.",9.7058823529412,35.294117647059
2217840684477,Schweppes zéro.,Schweppes,,cote-d-ivoire,bouteille-plastique-recyclable,,,unknown,,unknown,,,
9315596007663,Lemon Lime & Bitters Flavour,Schweppes,"beverages-and-beverages-preparations, beverages, carbonated-drinks, sodas, drink-no-sugar",australia,,,,unknown,,,,0.0,2.3900573333333
5902860410867,Mojito,Schweppes,,switzerland,,,,unknown,,,,,
6130003015405,lemon mint,Schweppes,"beverages-and-beverages-preparations, beverages, carbonated-drinks, sodas, sweetened-beverages",algeria,,,,unknown,4.0,,المكونات: ماء،سكر،غازCO2،معدلات الحموضة: 330 SIN (1) 331 SIN، نكهات طبيعية و مطابقة للطبيعية مستحلبات: 414 SIN 444 ،SIN؛ مواد حافظة: 211 SN 385 SIN؛ ملونات: 110 SIN 133 ،SIN. المواد المضافة غذائية,,
01662431,ginger ale sero sugar,Schweppes,,canada,,,,unknown,4.0,,"Carbonated water, Malic acid, Sodium citrate, Sodium benzoate, Aspartame (65 mg/355 mL; Contains Phenylalanine), Natural flavour, Caramel colour, Acesulfame potassium (29 mg/355 mL)",,
3450885305085,Schweppes agrumes,Schweppes,,france,,,,unknown,,,,,
5449000289209,Schweppes GOLD,Schweppes,"beverages-and-beverages-preparations, beverages, sweetened-beverages",united-arab-emirates,can,,,e,,unknown,,13.4,54.0
3124480195005,Schweppes agrumes zero,Schweppes,"beverages-and-beverages-preparations, beverages, carbonated-drinks, artificially-sweetened-beverages, sodas",france,,,,b,,,,,
9315596002316,Lemonade 2L,Schweppes,,australia,,,,unknown,,unknown,,10.8,44.76
8414100332657,Tónica & toque de lima,Schweppes,,france,,,,unknown,,,,,
5449000275813,Schweppes mojito,Schweppes,,moldova,,,,unknown,,,,,
0078000214406,Schwepped original,Schweppes,,united-states,,,,unknown,,unknown,,0.0,0.0
8014396002564,Limone,Schweppes,,france,,,,unknown,,,,,
2498317301367,Schweppes,,,ireland,,,,unknown,,,,,
9315596200651,rasberry,Schweppes,,australia,,"Woolworths,OTR",,unknown,4.0,unknown,"carbonated water, sugar, food acids (330, 260), raspberry flavoured drink flavour, preservative (211), colour (123). made in australia. tionals are trade schweppes and mad",10.7,4.15
4000140710193,Ginger Ale,Schweppes,,germany,,,,unknown,,,,,
9315596007656,sugar free lemon lime & bitters,Schweppes,,australia,,"Woolworths, Coles",,unknown,,,,,2.68
0078000206746,Caffeine free ginger ale,"Schweppes, Dr Pepper",beverages,united-states,,,,unknown,4.0,,"carbonated water, high fructose corn syrup, citric acid, sodium benzoate, caramel color, natural flavors",9.8507462686567,35.820895522388
8014396002687,Soda,Schweppes,,france,,,,unknown,,,,,
6130003015429,Schweppes,Schweppes,"plant-based-foods-and-beverages, beverages, plant-based-foods, legumes-and-their-products, dairy-substitutes, milk-substitutes, plant-based-beverages, plant-based-milk-alternatives, legume-based-drinks, soy-based-drinks, plain-soy-drink-fortified-with-calcium",algeria,,,,e,4.0,,"WATER, SUGAR, CO2, ACIDIFIERS: INS ?, ?; NATURAL AND NATURE IDENTITICAL FLAVORS, EMULSERS: ? ?; PRESERVATIVES: INS 211, INS 385; COLORS: INS 114, INS 139.",12.2,49.7
5449000289216,Schweppes,Schweppes,,egypt,,,,unknown,,,,14.0,56.0
5449000065940,Schweppes Orange,Schweppes,,morocco,,,,unknown,,,,7.5,30.0
84846181,Schweppes punk tonic,,,france,,,,unknown,,,,,
58505731,Schweppes,Schweppes,,belgium,,,,unknown,,,,,
3124480187086,Schweppes,Schweppes,,france,,,,unknown,,,,,
5449000029263,Schweppes orange,,,morocco,,,,unknown,,unknown,,,
0016600000395,Schweppes club soda,Schweppes,,canada,,,,unknown,,,,,
42357544,Schweppes Pink Grapefruit,,,italy,it:bottiglia-pet,,,unknown,,,,,
3124480172624,Schweppes Agrum' 5 + 1,Schweppes,,france,,,,unknown,,,,,
14447710,Schweppes agrumes zéro,Schweppes,,ireland,,,,unknown,,,,,
7290016006025,Schweppes Original,Schweppes,"beverages, carbonated-drinks, sodas",israel,plastic,,Israel,unknown,4.0,,"Water, Carbon Dioxide, Baking Soda",0.0,
5902860415442,schweppes the original mojito,Schweppes,"beverages, carbonated-drinks, sweetened-beverages",poland,plastic,rzabka,Polska,unknown,,,,,
8014396003523,Ginge bee,Schweppes,,france,,,,unknown,,,,,
8014396002441,Bibita analcolica gassata all’arancia con zucchero,Schweppes,,italy,it:bottiglia-pet,,,unknown,,,,,
5449000233417,Soda water,Schweppes,"beverages-and-beverages-preparations, beverages, carbonated-drinks, waters, sodas","greece, switzerland",,,,b,4.0,,"Water, Carbon Dioxide, Sodium Bicarbonate.",,
0078000214161,Schweppes Original Sparkling Seltzer Water,"Dr Pepper,Schweppes","beverages-and-beverages-preparations, beverages, carbonated-drinks, waters, carbonated-waters",united-states,,ShopRite,,b,1.0,,,0.0,0.0
5902860414896,,Schweppes,"beverages, carbonated-drinks, sodas",poland,,,,unknown,,,,,
8435185973146,Schweppes selection Hibiscus,schweppes,"beverages-and-beverages-preparations, beverages, carbonated-drinks, sodas, tonic-water, sweetened-beverages","france, switzerland",glass,Coop,Suisse,d,4.0,,"eau gazéifiée, sucre, acidifiant : acide citrique, arômes naturels, colorants : anthocyanes, concentré de pomme, carthane et citron, arômes, quinine",,
8014396003325,Bitter Lemon,Schweppes,beverages,switzerland,,,,unknown,,,,,
4000140713927,Schweppes Tonic Water,Schweppes,"beverages-and-beverages-preparations, beverages, carbonated-drinks, sodas, tonic-water",germany,,,,d,,,,,
5902860411062,Eau tonique,schweppes,beverages,"germany, poland",plastic,,,e,,,,,
17418294,Schweppes pink tonic,Schweppes,,ireland,,,,unknown,,,,,
5449000164032,Schweppes  tonic,Coca-Cola,"beverages-and-beverages-preparations, beverages, carbonated-drinks, sodas, tonic-water, sweetened-beverages",algeria,"metal, recyclable-metals, aluminium",,,e,4.0,,"EAU GAZEIFIEE, SUCRE, ACIDIFIANT: E330, AROME, QUININE",8.9,37.2
6133166000615,Schweppes grenadine,Coca-Cola,"beverages-and-beverages-preparations, beverages, beverage-preparations, carbonated-drinks, syrups, flavoured-syrups",algeria,plastic,,,unknown,4.0,a,المكونات: ماء، سکر، غاز CO2، معدل الحموضة: 330 SIN. algs :SIN 444 .SIN 445 (i) .SIN 414 GL حافظة: 202 SIN21 1؛ ،SINمحلى: 960 SIN، نكهات طبيعية و مطابقة ل لطبيعية، ملون: 2 12 SIN. المواد المضافة غذائية.,10.0,41.0
9315596006871,schweppe sasparilla,Schweppes,,australia,,"Woolworths, Coles",,unknown,,unknown,750 72 tullamarine ein austraim 8mg 10.1 g 0g 93 60 10.2 g 176 kj 8% 0% %0% 0% ave qty 28% 5% augars 14ucygiet of 8t00 k). %di* 0g 0g www.schweppes.com.au saturated cambohyorate made in australia. 440 kj ave qty entergy proteim fat-total 1783 - traditionals,,
8014396003516,Tonica zero,Schweppes,,italy,,,,unknown,,,,,
7702535006856,Shweppes soda,Schweppes,"beverages, carbonated-drinks, sodas",colombia,,,,b,,not-applicable,,0.0,0.0
42357353,Schweppes,Schweppes,"beverages-and-beverages-preparations, beverages, carbonated-drinks, sodas",greece,,,,unknown,,,,,
8414100333555,Tónica & pimienta rosa,Schweppes,,france,,,,unknown,,,,,
9315596007885,Low sugar tonic,Schweppes,,australia,,,,unknown,,unknown,,7.199999809265137,31.399999618530273
57045450,,Schweppes,,denmark,,,,unknown,4.0,,"Vand, sukker, citronsaft fra koncentrat (1%), kuldioxid, syre: citronsyre, konserveringsmiddel: kaliumsorbat, naturlig citronaroma med andre naturlige aromaer, modificeret stivelse: (E1450), stabilisatorer: (E445, E444),",8.5,35.0
8435185972958,schweppes bitter lemon,Schweppes,"beverages, carbonated-drinks, sodas",belgium,,,,unknown,,,,,
90418440,Gold malt peach,Schweppes,,tunisia,,,,unknown,,unknown,,13.4,54.0
6186024901333,Schweppes Lemon-Mint,Schweppes,"beverages, carbonated-drinks, sodas",algeria,plastic,,,e,4.0,not-applicable,"Eau,Sucre,CO2,SIN330,SIN331 (iii), Arômes naturelles,émulsions :SIN414,SIN444, conservateur :SIN211,SIN385, Colorants:SIN110,SIN133, Additifs alimentaires.",30.5,200.0
5000193240974,Scheppes,Schweppes,"beverages-and-beverages-preparations, beverages, beverage-preparations, syrups, non-alcoholic-beverages, flavoured-syrups, cordials",united-kingdom,,,,unknown,4.0,,"Concentrated Lime Juice Soft Drink with Sugar and Sweeteners. Ingredients (as Diluted): Water, Sugar, Lime Juice From Concentrate (3%). Acid (Citric Acid), Acidity Regulator (Sodium Citrates), Preservatives (Potassium Sorbate. Sodium METABISULPHITE), Sweeteners (Aspartame, Saccharins), Flavourings. Colours (Carotenes, Green S). Contains a Source of Phenylalanine",,
8435185973238,Gingeer Beer & Chili,Schweppes,"beverages-and-beverages-preparations, beverages, carbonated-drinks, carbonated-fruit-soft-drink",france,,,,unknown,,,,,
8414100313243,Tonica,Schweppes,,italy,,,,unknown,,,,,
7730197003630,Schweppes,,,uruguay,,,,unknown,,unknown,,20.0,80.0
5449000133700,Lemon Tonic Water,Schweppes,,united-kingdom,"hdpe-cap, pet-bottle",,,unknown,,,,,
8414100355847,Tónica & Toque de Lima,Schweppes,,spain,,,,unknown,,,,,
7896093735317,Schweppes Citrus leve em açúcares,,"beverages-and-beverages-preparations, beverages, artificially-sweetened-beverages",brazil,,,,unknown,,,,,
01661539,Schweppes,,,canada,,,,unknown,,,,,
6133166000684,Schweppes,,,algeria,,,,unknown,,unknown,,,
07821303,GINGER ALE,Schweppes,,united-states,,,,unknown,,,08 calories per cam p.s. caffeine free,,
8435185974310,Botanical Brew,Schweppes,,belgium,,,,unknown,,,,,
4000140704871,Indian Tonic Water,Schweppes,"beverages-and-beverages-preparations, beverages",germany,,,,unknown,,,,,
8435185974037,Schweppes Virgin Spritz,Schweppes,beverages,belgium,,,,unknown,,,,,
5410221308284,Schweppes,Schweppes,,belgium,,,,unknown,,,,,
5902860413806,Indian Tonic Zero,Schweppes,,switzerland,,,,unknown,,,,,
5315590200651,schweppes raspberry,,,australia,,,,unknown,,unknown,"upberry flavoured drink maris used under licence in australia by asahi beverages, h beiernges, 2 beverage drive, tullamarine, victoria, 3043, australija, store wa cool,dry place, osimer nformation 1800 244 054, best before: see shoulder of bottle, energy odat colecion depots/ points in partiopatig sate terrtory of purchase, recycle 1104kj 13% dia www,schweppes,com,au per pack nutritionr pack:  servings information ave qty per serve per serve per 100ml 1104 kj 184 kj energy protein fat-total saturated carbohydrate - sugars sodium 60 60 64,2 g 64,2 g 60 do 60 10,7 g 10,7 g % ll 60 *percentage daily intakes are based on an average adult diet of 8700 kj, 9 315596 200651&quot;",,
4000140713118,Dry Tonic Water,Schweppes,"beverages-and-beverages-preparations, beverages",germany,,,,unknown,,,,,
5410221205873,Sélection,Schweppes,,belgium,,,,unknown,,,,,
2000292314340,,Schweppes,,latvia,,,,unknown,,unknown,,,
4000140705113,Tonic Water,Schweppes,,germany,,,,unknown,,,,,
9415087005038,Sparkling Duet Lemon,Schweppes,"beverages-and-beverages-preparations, plant-based-foods-and-beverages, beverages, plant-based-beverages, carbonated-drinks, fruit-based-beverages, sodas, fruit-sodas, lemon-soft-drinks",new-zealand,,,,c,,,,4.0,16.8
9300675080637,Diet Tonic Water Can,Schweppes,"beverages-and-beverages-preparations, beverages, carbonated-drinks, sodas, tonic-water","australia, new-zealand",,,,c,4.0,not-applicable,"Carbonated water, food acids (330, 331), flavour, sweeteners (951, 950), preservative (202), quinine. CONTAINS PHENYLALANINE. CONTAINS QUININE (from natural sources).",0.0,
14428007,,Schweppes,,morocco,,,,unknown,,,,,
5449000171351,Schweppes Virgin Mojito,Schweppes,"beverages-and-beverages-preparations, beverages, carbonated-drinks, sodas, sweetened-beverages",nigeria,"can, food-can",,,d,,,,8.4,35.0
7610238335893,Schweppes Ginger Beer,Schweppes,,france,,,,unknown,,,,,
0078000030617,Raspberry gingerale,Schweppes,"beverages, carbonated-drinks, sodas",united-states,,,,e,,not-applicable,,26.25,100.0
9315596000428,bitter lemon,Schweppes,"beverages, carbonated-drinks, sodas",australia,,,,unknown,,,,12.7,53.3
9315596003931,Raspberry flavour,Schweppes,,australia,,,,unknown,4.0,,"carbonated water, sugar, food acids (330,260, 331), flavour, preservative (211), colour (123). made in australia, schweppes, devices eddervescence are trade marks ccd under licence in australia abe beverages",10.666666666667,43.973333333333
93554503,Schweppes Raspberry Signature Soft drink,Schweppes,,australia,,,,unknown,,unknown,,9.2,38.0
01669337,ginger ale,Schweppes,,canada,,,,unknown,,,,,
9315596006512,pineapple And lemon mineral water,Schweppes,"beverages, waters",australia,,Woolworths,,unknown,1.0,not-applicable,,3.7199999999999998,16.52
9315596000442,ginger ale,Schweppes,,australia,,,,unknown,,unknown,,7.6,32.266666666667
8435185974006,Virgin Mojito,Schweppes,,luxembourg,,,,unknown,,,,7.6,32.0
5449000291202,Schweppes Agrumes,Schweppes,"beverages-and-beverages-preparations, beverages, carbonated-drinks, sodas",france,,,,e,,,,,
4002809085130,Schweppes,,,france,,,,unknown,,,,,
9315596007861,Pink Lemonade,Schweppes,,australia,,,,unknown,,,,,1.72
5449000045515,Ginger ale Schweppes,Schweppes,"beverages-and-beverages-preparations, beverages, carbonated-drinks, artificially-sweetened-beverages, sodas, sweetened-beverages",south-africa,bottle,,,unknown,4.0,,"carbonated water, sugar, flavouring, acidulants (citric cio, trisodiuh citrate), non-nutritive sweeteners (sodium cyclamate, acesulfam aspartame&quot;, colourants (caramel), preservative (potassium sorbate), sodium chloride *contains phenylalanine bottled under authority of schweppes holdings limited, © 2020, all rights reserved, schweppes, the jacob schweppes bust design and the schweppes 196 graphics wih the mooified fountain design are trademarks of european refreshments,  typical",,
5449000289223,Schweppes,Schweppes,,france,,,,unknown,,,,,
8435185974327,botanical brew,Schweppes,,belgium,,,,unknown,,,,,
8435185974112,Schweppes blue,Schweppes,,luxembourg,,,,unknown,,unknown,,0.0,20.0
9740001407126920000804,Fruity mango&Passion fruit,Schweppes,,germany,,,,unknown,,,,,
8435185974068,Mocktails Collection,Schweppes,,belgium,,,,unknown,,,,,
7310401003276,Russchian,Schweppes,,sweden,,,,unknown,,,,,
9315596008004,Infused Natural Mineral Water with a hint of LIME,Schweppes,"beverages, waters",australia,,,,unknown,1.0,not-applicable,,0.0,0.50666666666667
4000140713576,Wild Berry zero,Schweppes,"beverages-and-beverages-preparations, beverages, carbonated-drinks, artificially-sweetened-beverages, sodas",germany,,REWE,,c,4.0,,"Wasser, Kohlensäure, Aromen, Säuerungsmittel (Citronensäure, Apfelsäure), färbende Konzentrate (Karotte, Hibiskus), Süßungsmittel (Acesulfam-K, Sucralose).",,
0051202008660,Postobon,Schweppes,"beverages-and-beverages-preparations, beverages",united-states,,,,unknown,,,,,
5449000306821,Schwepes,Schweppes,"beverages, carbonated-drinks, sodas, ro:apa-tonica",romania,,,,e,4.0,not-applicable,"Apă, zahär, dioxid de carbon, acidifiant acid citric, conservant sorbat de potasiu, arome PENTR inclusiv chinină, Valare energes rintă înainte de: vezi pe Grasim",8.9,37.0
4000140700231,Ginger Ale Schweppes,"Ginger Ale Schweppes, Schweppes, Schweppes Ginger Ale","beverages-and-beverages-preparations, beverages",germany,,,,e,,,,,
9315596008028,Infused mineral water with a hint of raspberry,Schweppes,beverages,australia,,,,unknown,,unknown,,0.0,0.5
5449000305114,Pink Tonic Style,Schweppes,"beverages-and-beverages-preparations, beverages, carbonated-drinks, sodas, tonic-water, răcoritoare-carbogazoasă",romania,plastic,,,c,,not-applicable,,4.4,48.0
8414100355540,Ginger Ale & Jengibre intenso,Schweppes,beverages,spain,,,,unknown,,,,,
3665676001255,Schweppes,,beverages,french-polynesia,,,,unknown,,unknown,,13.6,56.0
7290019056027,תפוחים מוגז,Schweppes,beverages,israel,,,,unknown,,unknown,,,
4000140714023,Cocktail limo,Schweppes,"beverages-and-beverages-preparations, beverages",germany,,,,d,,,,,
4890008411238,Schweppes +C,Schweppes,beverages,hong-kong,,,,unknown,,unknown,,7.0,
0078000030204,Schweppes Zero Sugar Ale,Schweppes,beverages,united-states,,,,unknown,,unknown,,,
0078000030341,Strawberry mango sparkling seltzer water,Schweppes,"beverages, waters",united-states,,,,c,1.0,not-applicable,,0.0,0.0
5449000289193,POMEGRANATE,Schweppes,"beverages, carbonated-drinks, sodas","tunisia, united-states","can, drink-can",,,e,,,,14.5,58.0
0078000024791,Pomegranate,Schweppes,,united-states,,,,unknown,,unknown,,0.0,0.0
5410221205453,Virgin Mojito,Schweppes,,france,,,,unknown,4.0,,"gasvormig water, limoensap op basis van concentraat (1,3%), zuurteregelaar: citroenzuur, natuurlijke limoensmaak, natuurlijke smaakstoffen, conserveermiddel: kaliumsorbaat, zoetstoffen: acesulfaam K en sucralose, antioxidant: zuur ascorbinezuur",,
0078000024838,Pomegranate seltzer,Schweppes,"beverages-and-beverages-preparations, beverages, carbonated-drinks, artificially-sweetened-beverages, unsweetened-beverages",united-states,,,,b,,,,0.0,0.0
5000112656565,Schweppes slimline lemonade,,beverages,united-kingdom,,,,unknown,,,,,
4890008400355,Schweppes cream soda,Schweppes,"beverages, carbonated-drinks, sodas",hong-kong,aluminium-can,,Hong Kong,d,4.0,not-applicable,"Carbonated Water, Sugar, Flavourings, Acidity Regulators (330,338), Preservatives (202,221) , Stabiliver (452(i)), Sweeteners (955, 950), Colour (102)",4.6,19.0
5410221308642,Pink zero,Schweppes,,belgium,,,,unknown,,,,,
8435185973184,Tonic & Pink Pepper,Schweppes,"beverages, carbonated-drinks, sodas, tonic-water",france,,,,d,,,,,
3665676001248,indian tonic,Schweppes,"beverages-and-beverages-preparations, beverages, carbonated-drinks, sodas, tonic-water, sweetened-beverages",french-polynesia,"metal, recyclable-metals, aluminium",,,e,,,,8.9,37.0
01217720,Schweppes Argum zero sugar,Schweppes,,australia,plastic,,,unknown,,unknown,,,
0078000853704,Schweppes,Dr Pepper,,united-states,,,,unknown,,unknown,,0.0,0.0
9315596007441,Lemonade,Schweppes,,australia,,,,unknown,,unknown,,0.0,1.35
5449000225160,Schweppes Zero Zahăr Portocale și Gust de Floare de Portocal,"Coca Cola,Schweppes","beverages-and-beverages-preparations, beverages, carbonated-drinks, artificially-sweetened-beverages, sodas, diet-beverages, diet-sodas",romania,plastic,Carrefour,România,c,4.0,,"Apă, suc 1,5Le carbogazoasă cu suc de portocale si qust indulcitori. Ingrediente: apă, suc DECLA tacal, cu corector de aciditate: citrati de sodiu, Valoare mati, acesulfam-K, neohesperidină DC, glicozide SUcraloză, colorant: concentrat din morcovi. energetica: Grås at de potasiu, arome naturale, antioxidant: acid sablizator: quma de guar. A se consuma de preferinta a la loc racoros din care aciti grasi saturati: ip ambalaj (primul ránd),",0.4,3.0
8435185974129,Schweppes sélection,,,qatar,,,,unknown,,,,8.8,37.0
5410221308581,Schweppes PINK,Schweppes,"beverages, carbonated-drinks, carbonated-fruit-soft-drink, schweppes",belgium,,,,unknown,,,,,
0078000034356,White Peach Ginger Ale,Schweppes,,united-states,,,,unknown,,unknown,,9.2957746478873,36.619718309859
8435185974303,Botanical Brew Floral Lime,Schweppes,,belgium,,,,unknown,,,,,
32738919,Indian tonic zero,Schweppes,,belgium,,,,unknown,,,,,
9315596006383,Schweppes lemon  lime,Schweppes,,australia,,,,unknown,4.0,,"carbonated water (mineral water 80%, purified water reconstituted juices (lemon 4.5%, lime 0.5%), sugar, natural flavours, food acids (citric acid, sodium crate preservatives (211, 202, 223 (sulphites)), plant extract (carthamus), antioxidant (385)",3.52,17.5
5449000038739,schweppes aperativo,,,turkey,,,,unknown,,unknown,,,
8594001027545,citrus mix,Schweppes,,austria,,,,unknown,,,,,
9315596006482,Infused Natural Mineral Water with Grapefruit,Schweppes,,australia,,,,unknown,,unknown,,0.0,0.48
9315596007564,Natural Mineral Water with Blood Orange and Mango,Schweppes,,australia,,,,unknown,4.0,,"CARBONATED MINERAL WATER,
 (CITRIC ACID), NATURAL FLAVOURS",0.0,0.28
5410221308611,Hibiscus,Schweppes,"beverages-and-beverages-preparations, beverages, carbonated-drinks, carbonated-fruit-soft-drink",belgium,,,,unknown,,,,,
5000112549737,Schweppes lemonade,Coca-Cola,"beverages, carbonated-drinks, sodas, lemonade, lemonade-with-sugar",united-kingdom,pet-bottle,,,unknown,4.0,,"Carbonated Water, Sugar, Lemon Juice From Concentrate (2%), Acid (Citric Acid), Flavourings, Acidity Regulator (Sodium Citrates), Sweeteners (Aspartame, Sodium Saccharin), Preservative (Potassium Sorbate), Antioxidant (Ascorbic Acid)",,
0078000207408,Ginger Ale,Schweppes,,united-states,,,,unknown,,,,,
4000140710100,Indian Tonic Water,Schweppes,,germany,,,,unknown,,,,,
07818211,Schwepprq Framboise et touche de verveine,Schweppes,,france,,,,unknown,4.0,,"Eau gazéifiée, jus de framboise à base de concentré (5%), sucre, acidifiant : acide citrique, arômes naturels, extrait de verveine, jus concentré de carotte pourpre, édulcorant: glycosides de stéviol",,
0078000030600,Black Cherry Ginger Ale,Schweppes,,united-states,,,,unknown,,unknown,,10.405643738977,40.564373897707
31859561,Schweppes agrumes zéro,Schweppes,,france,,,,unknown,,,,,
3278730004958,Schweppes pink tonic,Schweppes,,france,,,,unknown,,,,,
0078000022223,Schweppes Raspberry lime,Schweppes,,united-states,,,,unknown,,unknown,,0.0,0.0
9315596006352,Lime Soda Water,Schweppes,,australia,,,,unknown,,,"1783 Schweppes 4. Schwrapp LIME SODA WATER PREMIUM MIXERS WITH LIME JUICE CONTAINS SULPHITES. EWINGREDIENTS: CARBONATED WATER, RECONSTITUTED LIME JUICE SUGAR M WITH LINE IS PRESERVATIVES (211, 223 (SULPHITES), PLANT EXTRACTS DE CARTANS NAUSTRALIA BY ASAHI BEVERAGES. ASAHI BEVERAGES, 2 BEVERAGE DRIVE TULLAMARINE NCTAJAL MADE AUSTRALIA SCHWEPPES AND DEVICES ARE REGISTERED TRADEMARKS USED UNDER LICENTE AUSTRALIA. CONSUMER ENQUIRIES: 1800 244 054 (USE ONLY) NUTRITION INFORMATION SERVINGS PER PACKAGE: 4.4 SERVING SIZE: 250 mL ENERGY PROTEIN FAT, TOTAL PLASTIC CARBOHYDRATE Please Recyde AVG QTY AVG QTY PER SERVING PER 100 mL 87 kJ 217kJ 0g SATURATED 12.7 g - SUGARS 11.5 g 4.6 g 13 mg 5 mg SODIUM BEST BEFORE: SEE SHOULDER OF BOTTLE www.schweppes.com.au STORE IN A COOL, DRY PLACE. 9315596 006352&gt; STATE TER COLLE 30018238 BASE",11.8,49.7
5449000136961,Schweppes Tangerine,Schweppes,,united-states,,,,unknown,,unknown,,12.0,300.0
8435185974334,Botanical,Schweppes,,france,,,,unknown,,,,,
0078000031478,Ginger ale,Schweppes,,united-states,,,,unknown,,unknown,,90.497737556561,361.99095022624
4000140714931,White Peach,Schweppes,"beverages-and-beverages-preparations, beverages",germany,,,,d,,,,,
8414100362326,Tonica limón,Schweppes,"beverages-and-beverages-preparations, beverages, carbonated-drinks, sodas, tonic-water",spain,,,,b,,,,,
4000140713996,virgin mojito,Schweppes,,germany,,,,unknown,,,,,
5449000014917,Soda Water,Schweppes,"beverages-and-beverages-preparations, beverages, carbonated-drinks, waters, carbonated-waters",ireland,,,,unknown,,,"carbonated water and buffer salt, bottled under authority of schweppes holdings limited, © 2019, all rights reserved, schweppes, the jacob schweppes bust design and the schweppes 196 graphics with the modified fountain design are trademarks of european refreshments,",,
0078000213409,Seltzer with Orange Flavor,Schweppes,,united-states,,,,unknown,4.0,,"carbonated water, natural flavors",,
4000140714900,Virgin Mojito,Schweppes,"beverages-and-beverages-preparations, beverages, non-alcoholic-beverages, carbonated-drinks, soft-drinks, sodas, sweetened-beverages",germany,"bottle, de:einwegpfand",,,d,4.0,,"Wasser, Zucker, Limettensaft aus Limettensaftkonzentrat (1,5%), Kohlensäure, Säuerungsmittel Citronensäure, natürliches Limettenaroma, Minzaroma.",,
3124480195050,Schweppes Indian Tonic,,,france,,,,unknown,,,,,
8414100362333,Schweppes Tónica Limón,Schweppes,,spain,,,,unknown,,,,,
5902860413783,Schweppes Indian Tonic Zero,Schweppes,"beverages-and-beverages-preparations, beverages","france, germany",,,,d,,,,,
0078000214451,Original Selzter,Schweppes,,united-states,,,,unknown,,unknown,,0.0,0.0
5902860415022,Schweppes citrus mix,Schweppes,,france,,,,unknown,,,,,
9315596006376,Natural mineral water,Schweppes,,australia,,,,unknown,,unknown,,0.0,0.0
0016600101238,Schweppes Tonic Water,Schweppes,"beverages-and-beverages-preparations, beverages",turks-and-caicos-islands,,,,e,,,,32.0,130.0
5410221205132,Schweppes,Schweppes,,france,,,,unknown,,,,,
8851959002711,Schweppes manao soda zero sugar,"schweppes,ชเวปส์",de:zero-sugar,thailand,de:alu-can,,,a,4.0,,"น้ำมะนาว (จาก มะนาวเข้มข้น) 2% สารให้ทาซคาร์บอนได ออกไซด์ (INS290) สารควบคุมความเป็นกรด (INS 330. IS 331), IMS 300) วัตถุกันเสีย (MS 202) สารให้ความหวาน (แอซีซัลเฟมโพแทสเซียมและซูคราโลส), แต่งกลิ่นธรรมชาติ",0.0,0.0
3124480195166,Indian tonic,Schweppes,"beverages-and-beverages-preparations, beverages, non-alcoholic-beverages, carbonated-drinks, soft-drinks, artificially-sweetened-beverages, sodas, tonic-water, sweetened-beverages",france,,,,e,4.0,,"Eau gazéifiée, sucre, acidifiant : acide citrique, arômes naturels, arôme : quinine, édulcorants : acésulfame K et sucralose.",,
5410221308598,Pink,Schweppes,,belgium,,,,unknown,,,,,
8014396444531,Limone,Schweppes,,italy,,,,unknown,,,,,
5449000095572,Mazoe Blackberry,Schweppes,,united-kingdom,,,,unknown,,,,,
7044610874227,Schweppes,RINGNES AS,nb:bitter-lemon,norway,flaske,,,b,4.0,,"Kullsyreholdig vann, sukker, sitronjuice og ekstrakt fra konsentrat (3%), syre (sitronsyre), naturlige aromaer, konserveringsmiddel (alumsorbat), modifisert stivelse (E1450), antioksidant (askorbinsyre sabilisatorer (E445, E444), aroma (kinin Ringnes AS, Pb 7152 Maj., 0307 Oslo. Forbe kerkontakt: 22069500, med tillatelse av Schwepes Inmational Ltd. www.schweppes.no glig tart, unngå sollys. 0,5L 2 atse flasken PANT O O O O O 666 GO 7 21",9.5,40.0
7032069711323,Schweppes The original Lemon,"Schweppes,Ringnes","beverages-and-beverages-preparations, plant-based-foods-and-beverages, beverages, plant-based-beverages, carbonated-drinks, fruit-based-beverages, sodas, fruit-sodas, lemon-soft-drinks, sweetened-beverages",norway,plastic-bottle,,Norway,d,4.0,,"Kullsyreholdig vann, sukker, sitronjuice fra konsentrat (1%), syre (sitronsyre), konserveringsmiddel (kaliumsorbat), naturlig sitronaroma med andre naturlige aromaer, modifisert stivelse (E1450), stabilisatorer (E445, E444)",8.0,33.0
54008014,Tonic water,Schweppes,,south-africa,,,,unknown,,,"carbonated water, citric acid, trisodium crate non-nutritive sweeteners (aspartame acesulfame-quinine *contains phenylalanine coca-cola beverages south africa (pty) ltd,, 15 axle drive clayville ga south africa, 2019, all rights reserved, schweppes, the jacob schne design and the schweppes 196 graphics with the modified fountain des trademarks of european refreshments, consumer information call or manufactured in south africa best before date:   see base of can typical",,2.15
3124480195180,Schweppes agrumes,Schweppes,,france,,,,unknown,,,,,
8414100961772,Tónica,Schweppes,,spain,,,,unknown,,,,,
3124480196705,Shweppes agrumes zero,Schweppes,,france,,,,unknown,,,,,
8414100962908,Shweppew suntory naranja,Schweppes,,spain,,,,unknown,,,,,
5000193300968,Lemonade,Schweppes,,united-kingdom,,,,unknown,,,,,
8414100360766,Tónica Zero,Schweppes,,spain,,Mercadona El Viso,,unknown,,,,,
8414100339007,Tónica Schweppes Pack x6,Schweppes,"beverages-and-beverages-preparations, beverages, carbonated-drinks, sodas, tonic-water",spain,,,,c,,,RECICLAME Información/Informação nutricional Valores medios / médios por 100 ml. Energía / Valor energético 48 kJ (,,
4000140714085,Russian Wild Berry,Schweppes,,germany,,,,unknown,4.0,,"Wasser, Zucker, Kohlensäure, Citronensäure, Hibiskuskonzentat, Karottenkonzentrat",,
8851959003114,Citrus Raspberry Soda,"schweppes,ชเวปส์","beverages, carbonated-drinks",thailand,canned,,,unknown,4.0,unknown,"สารให้คาร์บอนไดออกไซด์ (INS290) สารควบคุมความเป็นกรด (INS 330, INS296, INS331, INS452 วัตถุกันเสีย INS202 สารให้ความหวาน (แอชีซัลเฟมโพแทสเซีย และ ซูคราโลส) สีสังเคราะห์ (INS129, INS110) แต่งกลิ่นสังเคราะห์",0.0,0.0
6191525200267,Orangina et sa pulpe,"Orangina,Schweppes","beverages-and-beverages-preparations, plant-based-foods-and-beverages, beverages, plant-based-beverages, carbonated-drinks, fruit-based-beverages, sodas, fruit-sodas, carbonated-fruit-soft-drink, orange-soft-drinks, carbonated-fruit-soft-drink-with-sugar, sweetened-beverages",tunisia,,,,e,4.0,,"Eau gazéifiée, jus d'orange et autre jus d'agrumes à base de concentrés 12% (orange 11%, mandarine, pamplemousse), sucre, pulpe (2%) (orange, mandarine). Acidifiant: acide citrique(E330), extrait de zeste d'orange, conservateur: sorbate de potassium(E202), arôme naturel d'orange. Les additifs utilisés sont alimentaires.",10.2,43.0
7840058001443,Schweppes,,,paraguay,,,,unknown,,unknown,,17.0,71.0
5449000222282,Schweppes,Schweppes,"beverages-and-beverages-preparations, beverages, carbonated-drinks, sodas, sweetened-beverages",morocco,,,,c,,,,6.1,44.0
7790895006715,Schweppes tonica,coca cola,"beverages-and-beverages-preparations, beverages, sweetened-beverages","argentina, spain",,Jumbo,,unknown,,,"Agua carbonatada
Ácido cítrico",,
5902860416340,Schweppes,Schweppes,,switzerland,,,,unknown,,,,,
4000140714382,Herbal tonic water,Schweppes,,france,,,,unknown,,,,,
5449000306814,Schweppes,Schweppes,"beverages-and-beverages-preparations, beverages, carbonated-drinks, sodas, sweetened-beverages",romania,,,,c,,not-applicable,,0.0,37.0
9315596007984,Blood Orange & Mango Flavour Infused Natural Mineral Water,Schweppes,,australia,,,,unknown,,,,,0.255
7894900180503,schweppes,"Schweppes,Coca-Cola Brasil,Coca-Cola","beverages, carbonated-drinks, sodas",brazil,"metal, recyclable-metals, aluminium",,,unknown,,,,,
3124480195173,Schweppes Agrumes,Schweppes,,france,,,,unknown,4.0,,"Eau gazéifiée, sucre, extraits d'orange, acidifiant : acide citrique, conservateur : sorbate de potassium, édulcorants : acésulfame K et sucralose, arômes naturels d'agrumes avec autres arômes naturels, amidon modifié, antioxydant : acide ascorbique, stabilisant : E445;",,
5449000062994,Mazoe Orange Crush,Schweppes,"beverages-and-beverages-preparations, beverages, carbonated-drinks, sodas",italy,,,,e,,,,,
5449000958488,zero sugar lemonade,Schweppes,,united-kingdom,,,,unknown,,,,,
5449000306203,Pomegranate,Schweppes,,greece,,,,unknown,,,,5.8,24.0
5410221205880,Selection Pomelo & Nepalese Berry,Schweppes,,belgium,case,,,unknown,,,,,
8014396444623,Schweppes,Schweppes,"beverages, carbonated-drinks, sodas",italy,,,,unknown,,,,,
07835500,Raspberry Ginger Ale,Schweppes,,united-states,,,,unknown,,unknown,,8.0236486486486,29.560810810811
8414100362807,Limón,Schweppes,,spain,,,,unknown,,,,,
07836208,Diet tonic water,Schweppes,,united-states,,,,unknown,,unknown,,0.0,0.0
9315596007960,Blood Organge Tonic Water,Schweppes,,australia,,,,unknown,,unknown,,0.0,1.4
6133166000677,Schweppes mojito,,"beverages-and-beverages-preparations, plant-based-foods-and-beverages, beverages, plant-based-beverages, carbonated-drinks, fruit-based-beverages, sodas, fruit-sodas, lemon-soft-drinks, soda-schweppes",algeria,,,,e,,,,,
8414100362319,Ginger Ale,Schweppes,"beverages-and-beverages-preparations, beverages, carbonated-drinks, sodas","morocco, spain",,,,c,4.0,,"agua, azúcar, anhídrido carbónico, aroma natural de jengibre con otros aromas naturales, acidulante: ácido cítrico, extracto de malta de cebada, edulcorantes: acesulfamo K y sucralosa",,
5410221309007,Pomelo & Nepalese Berry,Schweppes,"beverages, carbonated-drinks, sodas, tonic-water","belgium, germany",,,,d,,,,,
9315596991023,Pink Lemonade,Schweppes,"beverages, carbonated-drinks, sodas",australia,,,,unknown,,,,,
5410221205859,Schweppes Pink Zero,Schweppes,"beverages, carbonated-drinks, artificially-sweetened-beverages, sodas, diet-beverages, diet-sodas",belgium,,,,unknown,,,,,
6130003014385,Schweppes grenadine,,"beverages-and-beverages-preparations, beverages, beverage-preparations, carbonated-drinks, syrups, sodas, flavoured-syrups, grenadine, sweetened-beverages, ar:مشروب-غازي",algeria,,,,unknown,,,,,
5902860411956,Schweppes mojito,Schweppes,"beverages-and-beverages-preparations, beverages, sweetened-beverages",kazakhstan,,,,unknown,,,,,
8414100313540,Tónica Pepe rosa,Schweppes,,spain,,,,unknown,,,,,
4000140712883,Pink tonic water,Schweppes,,germany,,,,unknown,,,,,
8414100362227,Tónica Schweppes Original Pack x6,Schweppes,,spain,,,,unknown,,,,,
8014396003530,Zero limone,Schweppes,,italy,,,,unknown,,,,,
0078000020014,Lemon lime sparkling seltzer water,Schweppes,,united-states,,,,unknown,,unknown,,0.0,0.0
5902860413998,,Schweppes,,poland,,,,unknown,,,,,
07828330,Refresco ligero hierbabuena,Schweppes,,spain,,,,unknown,,,,,
8414100306245,Tónica Original Zero Açúcares,Schweppes,"beverages-and-beverages-preparations, beverages, carbonated-drinks",portugal,,,,b,4.0,,"agua, anhídrico carbónico, acidulante: ácido cítrico, aromas, naturales, edulcorantes: ciclamato sódico, acesulfamo K y sacarina sódica, aroma quinina",,
5449000089380,Schweppes 1 lt mandalina,Schweppes,"beverages-and-beverages-preparations, plant-based-foods-and-beverages, beverages, plant-based-beverages, carbonated-drinks, fruit-based-beverages, sodas, fruit-sodas, sodas-with-exotic-fruits, sweetened-beverages",turkey,,,,c,,,,,
0078000029017,Lemon lime sparkling water beverage,Schweppes,,united-states,,,,unknown,,unknown,,0.0,0.0
5004056002501,Schweppes agrumes,,,united-kingdom,,,,unknown,,,,,
4000140713088,Indian Tonic Water,Schweppes,"beverages-and-beverages-preparations, beverages",germany,,,,e,,,,,
8414100363606,,Schweppes,,spain,,,,unknown,,,,,
8414100366003,,Schweppes,,spain,,,,unknown,,,,,
5410221309021,Virgin mojito,Schweppes,beverages,france,,,,e,4.0,,"koolzuurhoudend water, suiker, limoensap uit concentraat (1,5%), zuurteregelaar: citroenzuur, natuurlijk limoenaroma, natuurlijk aroma, conserveermiddel: kaliumsorbaat, zoetstoffen: acesulfaam-K en sucralose",,
7610238335749,Schweppes zero,Schweppes,,switzerland,,,,unknown,,,,,
6130003015801,Gold,"schweppes,coca cola,Coca-Cola",,algeria,,,,unknown,,,,12.2,5.0
7290013702425,Schweppes Berries,Schweppes,"beverages-and-beverages-preparations, beverages, carbonated-drinks, sodas, sweetened-beverages",israel,,,,unknown,,,,,20.0
5410221309038,Pink tonic,Schweppes,,france,,,,unknown,,,,,
83674402,schweppes,schweppes,,france,,,,unknown,,,,,
9315596008172,Zero sugar pink lemonade,Schweppes,,australia,,,,unknown,,unknown,,0.0,
9315596008196,Brown cream soda,Schweppes,,australia,,,,unknown,,,,10.693333333333,44.486933333333
8414100360667,Limón,Schweppes,,spain,,,,unknown,,,,,
8414100362302,Tonic water,Schweppes,,spain,,,,unknown,,,,,
9315596000572,Soda Water,Schweppes,,australia,,,,unknown,,unknown,,0.0,0.0
6133166000585,Schweppes,null,"beverages-and-beverages-preparations, beverages, carbonated-drinks, sodas, carbonated-fruit-soft-drink, sweetened-beverages",algeria,,,,e,4.0,,"EAU, SUCRE, GAZ CO2, RÉGULATEUR DE L'ACIDITÉ: SIN 330, EMULSIFIANTS: SIN 414, SIN 445, SIN 444; CONSERVATEURS: SIN 202, SIN 211;ÉDULCORANT: SIN 960, ARÔMES NATURELS ET IDENTIQUES AUX NATURELS, COLORANT: SIN 122. LES ADDITIFS UTILISÉS SONT ALIMENTAIRES DECONSEILLÉ AUX ENFANTS. A CONSERVER DANS UN LIEU PROPRE, SEC ET FRAIS. DATE DE PRODUCTION: (F) ET",,
5449000044815,Тоник,Schweppes,"beverages-and-beverages-preparations, beverages, carbonated-drinks, sodas",bulgaria,bg:1-бутилка-pet-за-рециклиране,,,c,4.0,,"Вода, фруктозо-глюкозен сироп, въглероден диоксид, киселина: лимонена киселина, естествени ароматизанти (включително: хинин), подсладител: захарини.",5.4,23.0
9315596991047,Schweppes,Schweppes,,australia,,,,unknown,,unknown,,0.0,0.7
8414100363040,tónica pink,Schweppes,,spain,,,,unknown,,,,,
6130003014767,Schweppes رمان,"Coca Cola,Coca-Cola","beverages-and-beverages-preparations, beverages, carbonated-drinks, sodas",algeria,,,,unknown,,,,,
7484408493757,Schweppes,Denzel SMAAK,bioson,france,,,,unknown,,,,,
01661335,Cranberry Raspberry Ginger Ale,Schweppes,,canada,,,,unknown,,,,,
0078000207163,Zero Sugar Ginger Ale,Schweppes,"beverages-and-beverages-preparations, beverages, carbonated-drinks, sodas",united-states,,,,e,4.0,,"CARBONATED WATER, MALIC ACID, SODIUM CITRATE, SODIUM BENZOATE (PRESERVATIVE), ASPARTAME, NATURAL FLAVORS, CARAMEL COLOR, ACESULFAME POTASSIUM",0.0,0.0
93554466,Bright Tonic with extract of Javanese cinchona,Schweppes,,australia,,,,unknown,,unknown,,18.0,76.7
9315596007991,Natural mineral water,Schweppes,,australia,,,,unknown,4.0,,"CARBONATED MINERAL WATER, FOOD ACID (CITRIC ACID), NATURAL FLAVOURS.",,
5902860416302,Wild Berry,Schweppes,"plant-based-foods-and-beverages, beverages, carbonated-drinks, sodas, tonic-water",france,,,,unknown,,,,,
0016600105489,Schweppes,,,jamaica,,,,unknown,,unknown,,42.0,170.0
7591127904409,aguakina lata 355ml,Schweppes,,venezuela,,,,unknown,,,,8.7,36.6
4000140712128,Schweppes Zero,,,germany,,,,unknown,,,,,
9315596007182,Solo,Schweppes,,australia,,,,unknown,,,,23.0,95.602295
5449000297785,,Schweppes,,romania,,,,unknown,,unknown,,,
9315596200675,browbn creaming soda,Schweppes,,australia,,,,unknown,,unknown,,54.0,267.7
0078000022322,Schweppes,Schweppes,"beverages, carbonated-drinks, sodas",united-states,,,,e,,not-applicable,,0.0,0.0
5000112578508,Bitter lemon,Schweppes,"beverages, carbonated-drinks, sodas, carbonated-fruit-soft-drink",north-macedonia,,,,e,4.0,not-applicable,"Состојки: вода, шеќер, сок од лимон (мин. 2 %), јаглероден диоксид, регулатор на киселост: 330, ароми (вклучувајќ кинин), конзерванс: Е 202, стабилизатори Е 1450, Е 445, антиоксиданс: Е 300, боја Е 160а.",12.6,52.0
7044610874265,Tonic Water 1l flaske Schweppes,Ringnes as,,germany,,,,unknown,4.0,,"Kullsyret vann, sukker, syre (sitronsyre), naturlig aroma, aroma (kinin).",,
3292091000060,Orangina,Schweppes,,guadeloupe,,,,unknown,,,,9.5,41.0
9555589212876,Tonic Water,Schweppes,"beverages, carbonated-drinks, sodas, tonic-water","malaysia, singapore",1-aluminium-can,,Singapore,e,4.0,not-applicable,"CARBONATED WATER, SUCROSE, CITRIC ACID, FLAVOURING, SODIUM BENZOATE, QUININE",8.89,37.2
40822334,Schweppes ananas,"Schweppes,Coca cola","beverages-and-beverages-preparations, beverages, carbonated-drinks, carbonated-fruit-soft-drink, carbonated-fruit-soft-drink-with-less-than-10-of-fruit-juice",tunisia,,,Tunisie,d,,,,7.9,32.6
7501073844063,Ginger Ale,Schweppes,,france,,,,unknown,,,,,
16767037,Schweppes Ginger ale,,,united-states,,,,unknown,,unknown,,9.4063895628959,37.625558251584
5449000317087,Schweppes Pink Soda,Schweppes,,ireland,,,,unknown,,,,,
33119663,Orange sparkling seltzer water,Schweppes,,united-states,,,,unknown,,,,0.0,0.0
7501073845022,Schweppes,,,mexico,,,,unknown,,,,,
0078000030594,Schweppes Dry Grape,,,united-states,,,,unknown,,unknown,,26.25,100.0
00490467,Lemon lime seltzer,Schweppes,,united-states,,,,unknown,,unknown,,0.0,0.0
9315596005669,Lemonate,Schweppes,,australia,,,,unknown,4.0,,"Carbonated Water, Sugar, Food Acids (330, 331), Natural Flavours (With Lime & Lemon Oils).",,
5740700994654,The Original Ginger Ale,Schweppes,,denmark,,,,unknown,,,,9.1000003814697,37.0
5410221105265,Schweppes pink zero,Schweppes,,belgium,,,,unknown,,,,,
3838999351226,Schweppes Pompelmo,,,switzerland,,,,unknown,,,,,
5449000297792,Schweppes Tonic (Zero),Schweppes,"beverages, carbonated-drinks, artificially-sweetened-beverages, sodas, diet-beverages, diet-sodas, tonic-water, tonic-drink-without-sugar-with-artificial-sweeteners",romania,,,,c,4.0,not-applicable,"apă, dioxid de carbon, acidifiant: acid citric, corector de aciditate: citrați de sodiu, arome inclusiv chinină, îndulcitori: aspartam, acesulfam-K",0.0,2.0
6133166000608,Schweppes mandarine,,,algeria,,,,unknown,,unknown,,,
40107707,Dry tonic water,schweppes,,germany,,,,unknown,,,,,
8414100363392,Schweppes naranja zero,Schweppes,,spain,,,,unknown,,,,,
3124480197344,CANADA DRY,Orangina - Schweppes,"beverages-and-beverages-preparations, beverages, non-alcoholic-beverages, carbonated-drinks, soft-drinks, artificially-sweetened-beverages, sodas, sweetened-beverages","belgium, france",aluminium-can,,,d,4.0,,"carbonated water, sugar, natural ginger flavor with other natural flavors, acidifiers: citric acid and malic acid, color: e150d, acesulfame k sweeteners and sucralose,",,
9315596003962,Lemonade,Schweppes,,australia,,,,unknown,,unknown,,11.0,45.888888888889
0016600103492,Ginger ale,Schweppes,,united-states,,,,unknown,4.0,,"Carbonated Water, Sugar, Citric Acid as acidulant, Natural Flavors, Sodium Benzoate as preservative, Caramel Colour, Sucralose and Acesulfame K as sweeteners",,
5449000044846,Битер лимон,Schweppes,"beverages-and-beverages-preparations, plant-based-foods-and-beverages, beverages, plant-based-beverages, carbonated-drinks, fruit-based-beverages, sodas, fruit-sodas, non-alcoholic-beverages",bulgaria,,,,e,4.0,,"Вода, фруктозо-глюкозен сиром лимонов сок от концентрат (1,5%), въглероден диоксид киселина: лимонена киселина, ароматизанти (включително хинин), консервант: калиев сорбат, стабилизатори: Е1450 и Е445, антиоксидант: аскорбинова киселина, оцветител: каротини.",13.3,55.0
4000140935022,Schweppes Bitter Lemon,,"beverages-and-beverages-preparations, beverages",germany,,,,unknown,,,,,
88545431,Schweppes zero,,,france,,,,unknown,,,,,
4000140714818,Schweppes white peach,Schweppes,"beverages-and-beverages-preparations, beverages",france,,,,d,4.0,,"Wasser, Zucker, Kohlensäure, Säuerungsmittel Citronen - säure, natürliche Aromen, färbende Konzentrate (Apfel, Hibiskus), Antioxidationsmittel Ascorbinsäure.",,
8414100389590,citrus,Schweppes,,france,,,,unknown,,,,,
4801981025930,SCHWEPPES SPARKLING TONIC WATER,,,philippines,,,,unknown,,unknown,,,
1848981110986,Schweppes,,,philippines,,,,unknown,,unknown,,,
4801981110933,Schweppes,Schweppes,,philippines,,,,unknown,,,,,
0004504311204,,Schweppes,,canada,,,,unknown,,unknown,,,
5410221309014,Schweppes agrumes,Schweppes,"beverages, carbonated-drinks, sodas",belgium,,,,unknown,,,,,
9315596000589,Indian Tonic Water,Schweppes,"beverages, carbonated-drinks, sodas, tonic-water",australia,,,,unknown,4.0,not-applicable,"CARBONATED WATER, SUGAR, FOOD ACID (330), FLAVOUR, QUININE.",8.6,37.033333333333
0004312106092,Schweppes,,,panama,,,,unknown,,,,18.0,70.0
4374832551358,Schweppes indian tonic,,,switzerland,,,,unknown,,,,,
8851959003152,Pineapple Mojito Soda,"schweppes,ชเวปส์","beverages-and-beverages-preparations, plant-based-foods-and-beverages, beverages, plant-based-beverages, carbonated-drinks, fruit-based-beverages, sodas, fruit-sodas, sodas-with-exotic-fruits",thailand,,,,b,,not-applicable,"ส่วนประกอบที่สำคัญ สารให้กับคาร์บอนไดออกไซด์ (INS230) สารควบคุมความเป็นกรด (INS330, INS331 (1) วัตถุกันเสีย (INS202) สารให้ความหวาน (แอ ซัลเฟมโพแทสเซียม และของโล ) แข่งกลิ่นธรรมชา",0.0,0.0
4801981025947,Schweppes,,,philippines,,,,unknown,,unknown,,,
3124480197351,Canada Dry GingerAle,"Canada Dry, Orangina Schweppes","beverages-and-beverages-preparations, beverages, carbonated-drinks, sodas, sweetened-beverages","belgium, france",,E.Leclerc,France,e,4.0,,"carbonated water, sugar, natural ginger flavour with other natural flavours, acidifiers (citric acid, malic acid), colour e150d, sweeteners (acesulfame k, sucralose)",,
7894900320015,Schweppes citrus  leve açúcares 350ml LT,Schweppes,,brazil,,,,unknown,,,,,
5449000312136,"Швепс Біттер Лемон&quot; безалкогольний, сильногазований, соковмісний, на ароматизаторах, з цукром та підсолоджувачем",Schweppes,"beverages-and-beverages-preparations, beverages, carbonated-drinks, sodas, uk:напої-безалкогольні",ukraine,,,,e,4.0,,"Вода питна, цукор, сік лимонний з концентрованого соку 1,5%, діоксид вуглецю, лимонна кислота, натуральні ароматизатори (хінін), консервант (сорбат калію), стабілізатори (крохмалю натрійоктеніл сукцинат, гліцеринові ефіри з деревної смоли),  антиоксидант (аскорбінова кислота), підсолоджувач (сахарини).",9.1,38.0
3124480196248,"SCHWEPPES AGRUMES ZERO 1,5L",s.a schweppes international,"beverages-and-beverages-preparations, plant-based-foods-and-beverages, beverages, plant-based-beverages, carbonated-drinks, fruit-based-beverages, artificially-sweetened-beverages, sodas, diet-beverages, fruit-sodas, diet-sodas, light-fruit-sodas","belgium, france",,,,c,4.0,,"Eau gazeifiée, extraits d'orange, acidifiant : acide citrique, édulcorants: acesulfame K et sucralose, conservateur: sorbate de potassium, arômes naturels d'agrumes avec autres arômes naturels, amidon modifié, antioxydant: acide ascorbique, stabilisant : E445.",,
8435185974105,schweppes irgin spritz,Schweppes,,france,,,,unknown,,,,,
3124480196361,"1,5L SCHWEPPES INDIAN TONIC PE",Schweppes,"beverages-and-beverages-preparations, beverages, carbonated-drinks, artificially-sweetened-beverages, sodas, diet-beverages, carbonated-soft-drinks-without-fruit-juice, tonic-water, carbonated-soft-drinks-without-fruit-juice-with-reduced-sugar, carbonated-soft-drinks-without-fruit-juice-with-sugar, carbonated-soft-drinks-without-fruit-juice-with-sugar-and-artificial-sweeteners, sweetened-beverages","belgium, france",,,,d,4.0,,"Eau gazéifiée, sucre, acide citrique, arômes naturels,  arôme : quinine, édulcorants : sucralose et acésulfame  K.",,
8414100364214,Wild Berry,Schweppes,"beverages-and-beverages-preparations, beverages, carbonated-drinks, artificially-sweetened-beverages, sodas, carbonated-fruit-soft-drink",spain,,,,unknown,4.0,,"Agua, azúcar, anhidrido carbónico, acidulante: ácido citrico, aromas, edulcorantes: acesulfamo K y sucralosa.",,
5449000058102,Schweppes lemon and bergamot,Schweppes,,serbia,,,,unknown,,,,0.1,2.0
5449000307941,Slimline Elderflower Tonic Water,Schweppes,schweppes-slimline-tonic-water,united-kingdom,,,,a,4.0,,"Carbonated Water, Acid (Citric Acid), Acidity Regulator (Sodium Citrate), Natural Flavourings Including Quinine, Sweeteners (Aspartame, Acesulfame K), Preservative (Potassium Sorbate).",,
9315596008035,Raspberry Mineral Water,Schweppes,,australia,,,,unknown,,,,0.0,0.50666666666667
5449000095374,schweppes клюква 1л,Schweppes,"beverages-and-beverages-preparations, beverages, carbonated-drinks, sodas",belarus,,,,unknown,,,,,
4000140713422,Indian Tonic Water Zero,Schweppes,"beverages-and-beverages-preparations, beverages, carbonated-drinks, artificially-sweetened-beverages, sodas, tonic-water, de:tonic-wat","austria, germany, switzerland",,,,c,4.0,,"Wasser, Kohlensäure, Säuerungsmittel Citronensäure, natürliche Aromen, Süßungsmittel (Acesulfam-K, Sucralose), Aroma Chinin.",,
4000140716157,Original Wild Berry Zero,Schweppes,"beverages, carbonated-drinks, artificially-sweetened-beverages, sodas","austria, switzerland",,,,unknown,4.0,not-applicable,"Wasser, Kohlensäure, färbende Konzentrate (Apfel, Hibiskus, Karotte), Säuerungsmittel Citronensäure, Süßungsmittel (Acesulfam K, Sucralose), Aromen.",,
8414100362357,Tonic,Schweppes,,france,,,,unknown,,,,,
5902860416265,Wild Berry,Schweppes,,poland,,,,unknown,,,,,
7290019056324,שוופס טוניק,Schweppes,"beverages-and-beverages-preparations, beverages, carbonated-drinks, waters, sodas, tonic-water",israel,,,,e,4.0,,"water, sugar, carbon dioxide, lemon acid, food flavor and colors, quinine",,
3124480196149,Spritz,Schweppes,"beverages-and-beverages-preparations, plant-based-foods-and-beverages, beverages, plant-based-beverages, carbonated-drinks, fruit-based-beverages, artificially-sweetened-beverages, sodas, fruit-sodas",france,,Carrefour,"Claye-Souilly,France",e,4.0,,"Eau Boisson gazeuse gazéifiée, sucre, arômes naturels, acidifiant: acide citrique, concentré de carotte noire, colorant bêta-carotène, conservateur sorbate de potassium, édulcorants: acésulfame K et sucralose, arôme conserver à l'abri du soleil et de la chaleur. Serv quinine. Contient de la quinine.",,
5449000315021,,Schweppes,,romania,,,,unknown,,unknown,,,
8414100364078,Sunny florida 330 ml,"Schweppes, Sunny Delight",Zumo de naranja concentrado,"morocco, spain",,,,a,4.0,,"Agua, zumos de frutas a partir de concentrados 5% (naranja 4,4%, pomelo rojo 0,5% y lima 0,1%), azúcar, acidulante: ácido ciítrico, estabilizantes: goma arábiga, E-452i y goma de celulosa, aroma natural de naranja con otros aromas naturales, vitaminas: A (añadida como betacaroteno), B6, C, D y E, edulcorantes: sucralosa y ciclamato sódico.",,
5902860411918,Scheppes cirrus mix butelka,Schweppes,,poland,,,,unknown,,,,,
8414100363835,Zero laranja,Schweppes,,france,,,,unknown,,,,,
9315596008530,Infused Natural Mineral Water,Schweppes,,australia,,,,unknown,,,,,0.701
7290014791466,Schweppes Apple,,,palestinian-territories,,,,unknown,,unknown,,,
7290014791435,Schweppes Pink Lemonade,,,palestinian-territories,,,,unknown,,unknown,,,
7290014791459,Schweppes Orange,,,palestinian-territories,,,,unknown,,unknown,,,
7290014791442,Schweppes Grape,,,palestinian-territories,,,,unknown,,unknown,,,
83145971,Schweppes agrumes,Schweppes,,france,,,,unknown,,,,,
8014396003295,Schweppes zer0 tonica,Schweppes,,italy,,,,unknown,,,,,
5449000247933,Schweppes tonic water,Schweppes,,cyprus,,,,unknown,,,"Νερό, Ζάχαρη, Διοξείδιο Άνθρακα",,
42358022,Schweppes tonic water glass bottle,,,cyprus,,,,unknown,,unknown,,,
54490543,Schweppes soda water glass bottle,Schweppes,,cyprus,,,,unknown,,unknown,,,
4851481025947,Schweppes,,,philippines,,,,unknown,,unknown,,,
5449000312198,,Schweppes,,russia,,,,unknown,,unknown,,,
5000193641276,Schweppes soda water,,,cyprus,,,,unknown,,unknown,,,
5000193440053,Schweppes tonic water,Schweppes,,cyprus,,,,unknown,,unknown,,,
8847100566560,Tonic water,Schweppes,"beverages, carbonated-drinks, waters, sodas, carbonated-waters, tonic-water, sweetened-beverages",cambodia,,,,unknown,4.0,not-applicable,"INGREDIENTS៖ - CARBONATED WATER, SUGAR, CITRIC ACID, FLAVORINGS, PRESERVATIVE AND QUININE.",,
3980796093141,Schweppes al Limone,,,italy,,,,unknown,,,,,
8414100363422,Scwhepps naranja zero,Schweppes,,france,,,,unknown,,,,,
54492677,Água Tónica,Schweppes,"beverages-and-beverages-preparations, beverages, carbonated-drinks, sodas, tonic-water",kenya,,,,unknown,4.0,,"Carbonated water, Sugar, Acidulant (Citric acid), Quinine (69.9 mg/l), Flavour.",,
4801981093939,Schweppes,,,philippines,,,,unknown,,unknown,,,
5000112547634,zero sugar lemonade,Schweppes,"beverages-and-beverages-preparations, beverages, carbonated-drinks, artificially-sweetened-beverages, diet-beverages, carbonated-soft-drinks-without-fruit-juice, carbonated-soft-drink-without-fruit-juice-without-sugar-and-with-artificial-sweeteners",united-kingdom,,,,c,4.0,,"30-11-25 6 142FM202:16 Spark ow Calorie Lemon Flavour it Drink with Sweeteners 2Le Ingredights: Carbonated Water, Lemon Juice From Concentrate 2) Acid (Citric Acid) Flavourings, Acidity Regulator (Sodium Citratest. Sweeteners (Aspartame, Sodium Saccharin Preservative (Potassium Sorbatel, Antioxidant (Ascorbic Acidi Contains a Source of Phenylalanine.",,
4801981193936,Schweppes,,,philippines,,,,unknown,,unknown,,,
7702535010280,Bebida gaseosa Club Soda,Schweppes,,united-states,,,,unknown,,,,,
5449000305046,Schweppes Indian Tonic Water,Schweppes,"beverages, carbonated-drinks, sodas, carbonated-soft-drinks-without-fruit-juice, tonic-water",united-kingdom,,,,d,4.0,,"Carbonated Water, Sugar. Quinine, Sweetener (Sodium Saccharin). Contains Natural Quinine.",,
91015648,Tónica original,Schweppes,,spain,,,,unknown,,,,,
5449000312211,"Schweppes Pomegranate 0,75",Schweppes,"beverages, carbonated-drinks, sodas",,"plastic, bottle-or-vial, bottle",,"Ukraine,Poland",e,4.0,,"Drinking water, sugar, carbon dioxide, acid: citric acid, carrot and safflower extract, colorant: sugar color IV, preservatives: potassium sorbate and sodium benzoate, natural flavors, stabilizers: gum arabic, glycerol esters of wood resin and sucrose isobutyrate acetate, sweetener: steviol glycosides",10.1,41.0
3124480196262,"PET 1,5L SCHWEPPES AGRUMES",Schweppes,"beverages-and-beverages-preparations, plant-based-foods-and-beverages, beverages, plant-based-beverages, carbonated-drinks, fruit-based-beverages, artificially-sweetened-beverages, sodas, fruit-sodas, sweetened-beverages","belgium, france",,,,d,4.0,,"Eau gazéifiée, sucre, extraits d’orange, acidifiant : acide citrique, conservateur : Sorbate de Potassium, édulcorant : acésulfame K et sucralose, arômes naturels d’agrumes avec autres arômes naturels, amidon modifié, antioxydant : acide ascorbique, stabilisant E445,",,
0432092318181,Schweppes Mojito,Schweppes,uk:газовані-напої,ukraine,,,,c,,unknown,,10.6,44.0
8435185972965,Bitter lemon,Schweppes,,france,,,,unknown,,,,,
0005353530983,Agrumes zéro,Schweppes,,united-states,,,,unknown,,unknown,,0.30000001192092896,2.299999952316284
0004504311174,Schweppes plain soda,,,panama,,,,unknown,,unknown,,0.0,0.0
8847100566966,,Schweppes,"beverages, carbonated-drinks, sodas, sweetened-beverages",cambodia,,,,e,4.0,not-applicable,"CARBONATED WATER, SUGAR, CITRIC ACID, FLAVORINGS, SODIUM CITRATE, PRESERVATIVE AND COLOR.",9.0,37.0
5000112651805,Schweppes,,"beverages-and-beverages-preparations, beverages, carbonated-drinks, sodas",lithuania,,,,unknown,,,,,
5449000221933,Schweppes Taste of Tangerine,"Coca-Cola Beverages Ukraine Limited, Schweppes","beverages-and-beverages-preparations, beverages, carbonated-drinks, sodas, sweetened-beverages",ukraine,,,,d,4.0,,"Вода питна, цукор, сік мандариновий з концентрованого соку (2%), діоксид вуглецю, кислота: лимонна кислота, ароматизатори, стабілізатори: гуміарабік та гліцеринові ефіри з деревної смоли, антиоксидант: аскорбинова кислота та сукралоза, барвник: каротини.",,
51506315,Scheppes zero indian tonic,Schweppes,,france,,,,unknown,,,,,
5449000319081,Schweppes Tonic Grapefruit,Schweppes,,luxembourg,,,,unknown,,,,,2.0
5449000303615,,Schweppes,,bulgaria,,,,unknown,,,,,19.0
8014396004018,Zero Limone,Schweppes,"beverages-and-beverages-preparations, plant-based-foods-and-beverages, beverages, fruit-based-foods-and-beverages, non-alcoholic-beverages, plant-based-beverages, carbonated-drinks, fruit-based-beverages, soft-drinks, sodas, fruit-soft-drinks, lemonades",italy,it:ricicla-con-noi-bottiglia-tappo-plastica-pet-1-plastica-hdpe-2-plastica-pp-5-etichetta-senza-glutine-involucro-plastica-ldpe4,,,c,4.0,,"Acqua, succhi di frutti da concentrato 12% (limone 11%, pompelmo 1%), anidride carbonica, aroma naturale limone con altri aromi naturali, acidificante: acido citrico, correttore di acidità: sodio citrato, conservante: potassio sorbato, edulcoranti: acesulfame k, sucralosio, ciclamato di sodio.",,
59543640,Schweppes indian tonic,Schweppes,,france,,,,unknown,,,,,
5902860415404,Schweppes butter lemon,Schweppes,"beverages, carbonated-drinks, sodas",poland,,,,unknown,,,,,
6191525200281,Orangina,"Orangina,Schweppes","plant-based-foods-and-beverages, beverages, plant-based-beverages, carbonated-drinks, fruit-based-beverages, sodas, fruit-sodas, orange-soft-drinks, sweetened-beverages",tunisia,,,Tunisie,e,4.0,,"Eau gazéifiée, jus d'orange et autre jus d'agrumes à base de concentrés 12% (orange 11%, mandarine, pamplemousse), sucre, pulpe (2%) (orange, mandarine). Acidifiant: acide citrique(E330), extrait de zeste d'orange, conservateur: sorbate de potassium(E202), arôme naturel d'orange. Les additifs utilisés sont alimentaires.",10.2,43.0
3948764082764,Packaged Drinking Water,Schweppes,"beverages, waters, drinking-water",india,,,,b,1.0,not-applicable,"TREATED WATER, SALTS OF SODIUM, MAGNESIUM AND CALCIUM",0.0,0.0
5000112651782,Schweppes Russchian,Schweppes,"beverages, carbonated-drinks, sodas",lithuania,,,,unknown,,,,,
7790895010095,Schweppes Pomelo,Schweppes,,spain,,,,unknown,4.0,,"Agua carbonatada, jugo de limón, aromatizante, acidificante (INS 330), acreg (INS 331 III), conservante (sorbato de potasio, benzoato de sodio), edu (aspartamo 23mg/100ml, acesulfame k 16mg/100ml), colorante (INS 150 d)",,
54017399,,"Coca-Cola, Schweppes",,lithuania,,,,unknown,,unknown,,,
1147981111093,Schweppes,,,philippines,,,,unknown,,unknown,,,
5449000099082,Better Lemon,Schweppes,ro:better-lemon,romania,,,,a,4.0,,"SHULE Schweppes Acces Dratuit 1Le www.schweppes.com DECLARATE Bautrà racoritoare carbogazoasă cu inculcitori. Grasimi reciente apa, suc de lamaie din concentrat (2%), din care acizi grasi s Sed de carbon, acidifiant: acid citric corector de acate citrati de sodiu, indulcitori: asparam, Jaharinat Glucide din care zaharur Proteine: Sare: sucraloza, antioxidant: acid ascorbic, Devant surbat de potasiu, arome natrale inclusiv Conte o sursă de fenilalanină. A se consuma de Com stabilizatori E 1450, E 445, colorant: caroteni inainte de vezi pe ambalaj ferimul rand) (8420 tra la loc racoros, ferit de soare. Ambalaj de unica Produs cu autorizarea Schweppes Holdings Ltd. AC COCA-COLA HBC ROMÁNIA S.R.L., Sos Bucurest Nord. Nr.10, Cladirea 23, Etaj 1, PENTRU Valoare energetick 0",0.1,2.0
3124480196323,Schweppes Agrumes,,,france,,,,unknown,,,,,
7964040860068,Schweppes,,,ireland,,,,unknown,,,,,
3124488159092,,Schweppes,,belgium,,,,unknown,,,,,
5449000317100,Schweppes pink soda 12pk,,,ireland,,,,unknown,,unknown,,,
7772993984799,Agua Tónica,"Schweppes,Coca-Cola","beverages-and-beverages-preparations, beverages, carbonated-drinks, sodas, non-alcoholic-beverages, tonic-water, flavoured-drinks, sweetened-beverages",bolivia,,"MegaLicor,Amarket",,e,3.0,not-applicable,"Agua carbonatada, azúcar, regulador de acidez (SIN 330), saborizante natural a agua tónica, sustancia conservadora (SIN 211), quinina.",8.35,36.5
5000193020712,Schweppes Tonic Water,Schweppes,"beverages, carbonated-drinks, sodas, tonic-water",united-kingdom,,,,c,4.0,,"Carbonated Water, Sugar, Citric Acid, Natural Flavourings Including Quinine, Sweetener (Sodium Saccharine)",,
6130003016082,,Schweppes,,algeria,,,,unknown,,,,,
4902102112390,Dr.Pepper Diet,"Schweppes, Coca-Cola Bottlers","beverages, carbonated-drinks",japan,,,,b,,unknown,,,0.0
8414100363460,Schweppes Naranja Zero,Schweppes,"beverages-and-beverages-preparations, beverages, carbonated-drinks, artificially-sweetened-beverages, sodas, sweetened-beverages",spain,,,,b,,,,,
5449000307644,Schweppes laim and mango can,,,cyprus,,,,unknown,,unknown,,,
5449000271310,Schweppes pink grapefruit can,,,cyprus,,,,unknown,,unknown,,,
0075789355030,Schweppes Lemon Tonic,Schweppes,,united-states,,,,unknown,,unknown,,4.400000095367432,19.0
7771609004388,Ginger Ale,"Schweppes,Coca-Cola","beverages-and-beverages-preparations, beverages, carbonated-drinks, artificially-sweetened-beverages, sodas, non-alcoholic-beverages, flavoured-drinks, sweetened-beverages",bolivia,,"Mega Licor,Licor House","Cochabamba,Bolivia",d,4.0,,"Agua carbonatada, azúcar, regulador de acidez (SIN 330), extracto de jengibre, saborizante natural a limón, sustancias conservadoras (SIN 211, SIN 202), cloruro de sodio, regulador de la acidez (SIN 331(iii)), edulcorantes [SIN 950 Acesulfame K (0.01%), SIN 955 Sucralosa (0.004%)], colorante (SIN 150 d).",3.7,16.0
3124480196484,Schweppes,Schweppes,,france,,,,unknown,,,,,
4000140716966,Virgin Mojito,Schweppes,"beverages-and-beverages-preparations, beverages, carbonated-drinks, sodas, non-alcoholic-beverages, sweetened-beverages",germany,,,,d,4.0,,"Wasser, Zucker, Limettensaft aus Limettensaftkonzentrat (1,5%), Kohlensäure, Säuerungsmittel Citronensäure, natürliches Limettenaroma, Minzaroma.",,
5449000064165,Lemonade flavoured drink,Schweppes,"beverages, carbonated-drinks, sodas",south-africa,,,,unknown,3.0,,"energy,sugar,fat,saturates,sodium",,
8594001027941,Schweppes Orange,Schweppes,"beverages-and-beverages-preparations, beverages",germany,,,,unknown,,,,,
0882202841366,BEB.MISTA SCHWEPPES GIN TONIC PINK,,,brazil,,,,unknown,,unknown,,,
7894900184334,BEB.MISTA SCHWEPPES SPRITZ LT,,,brazil,,,,unknown,,unknown,,,
7894900360394,água Tônica Zero Açúcar Schweppes Lata 220ml,SCHWEPPES,,brazil,,,,unknown,,,,,
7894900180022,Refrigerante Ginger Ale Schweppes Lata 220ml,SCHWEPPES,"beverages-and-beverages-preparations, beverages, carbonated-drinks, sodas",brazil,,,,unknown,,,,,
7894900321753,"Refrigerante Citrus Schweppes Garrafa 1,5l",SCHWEPPES,"beverages-and-beverages-preparations, plant-based-foods-and-beverages, beverages, plant-based-beverages, carbonated-drinks, fruit-based-beverages, sodas, fruit-sodas, pt:refrigerantes-gaseificados",brazil,,,,b,4.0,,"ÁGUA GASEIFICADA, SUCO CONCENTRADO DE MAÇÃ (2,35%). SUCO CONCENTRADO DE LARANJA-(2,19%), SUCO CONCENTRADO DE GRAPEFRUIT (0,560 %), REGULADORES DE ACIDEZ ÁCIDO CÍTRICO E CITRATO TRISSÓDICO, AROMATIZANTE, EDULCORANTES CICLAMATO DE SÓDIO (70 mg) E SACARINA DE SÓDIO (12 mg) POR 100 ml, CONSERVADOR SORBATO DE POTÁSSIO E CORANTE TARTRAZINA.",,
7894900301755,"água Tônica Schweppes Garrafa 1,5l",SCHWEPPES,,brazil,,,,unknown,,,,,
6001133000138,Soda Water,Schweppes,"beverages, carbonated-drinks, waters, sodas",south-africa,,,,unknown,,not-applicable,"CARBONATED WATER AND BUFFER SALT. BOTTLED UNDER AUTHORITY OF SCHWEPPES HOLDINGS LIMITED. © 2019. ALL RIGHTS RESERVED. SCHWEPPES, THE JACOB SCHWEPPES BUST DESIGN AND THE SCHWEPPES 196 GRAPHICS WITH THE MODIFIED FOUNTAIN DESIGN ARE TRADEMARKS OF EUROPEAN REFRESHMENTS. TYPICAL",,
5902860416470,Schewppes citrus mix,Schweppes,,poland,,,,unknown,,,,,
34154700,schweppes cream soda,Belbake,,australia,,,,unknown,4.0,unknown,"carbonated water, sugar, flavours, food acid (330), colour (150d), preservative (211), couwerdes made in australia, modig uged under licence naustralia",,
5449000315298,Schweppes peach,Schweppes,,argentina,,,,unknown,,unknown,,,
90494567,Schweppes gold pineapple glass,Schweppes,,argentina,,,,unknown,,unknown,,,
5449000284303,Dry Lemon Schweppes 1 litre,Schweppes,"beverages-and-beverages-preparations, beverages, carbonated-drinks, sodas",south-africa,,,,unknown,,,,,
7702535010273,Schweppes 400ml,,,spain,,,,unknown,,,,,
4000140072192,Soda Water,Schweppes,"beverages-and-beverages-preparations, beverages",germany,,,,unknown,,,,,
7894900303407,água Tônica Schweppes Garrafa 250ml,SCHWEPPES,,brazil,,,,unknown,,,,,
8851959003701,Schweppes blueberry lemon soda,"schweppes,ชเวปส์","beverages-and-beverages-preparations, beverages, carbonated-drinks, sodas, th:น้ำโซดา",thailand,,,,b,4.0,,"สารให้ก๊าซบอนไดออกไซด์ (INS290), สารควบคุม ความเป็นกรด (INS 330, INS296, INS331), วัตถุกันเสีย (INS202 INS211), สารให้ความหวาน (แอชีชัลเฟมโพแทสเซียมและซูคราโลส) แต่งกลิ่นสังเคระห์",0.0,0.0
01102093,Sparkling Tonic Water,Schweppes,,united-states,,,,unknown,,,,2.4000000953674316,42.0
5000112651775,Schweppes Tonic Water,Coca Cola,,united-kingdom,,,,unknown,,,,,
5000112557336,Indian tonic water,Schweppes,"beverages, carbonated-drinks, sodas, tonic-water, tonic-drink-with-sugar-and-artificial-sweeteners",united-kingdom,,,,unknown,4.0,,"Carbonated Water, Sugar, Acid (Citric Acid), Natural Flavourings Including Quinine, Sweetener (Sodium Saccharin). AL VALUES",,
1417581193936,Schweppes 180ml Red,,,,,,,unknown,,unknown,,,
9315596005201,raspberry soda,schweppes,"beverages, carbonated-drinks, sodas",,,,,unknown,4.0,not-applicable,"CARBONATED WATER, SUGAR, FOOD ACIDS (350, 260, 331), FLAVOUR, PRESERVATIVE (211), COLOUR (123). O MADE IN AUSTRALIA, SCHWEPPES, DEVICES AND ESEMBERVERVESCENCE ARE TRADEMARKS USED UNDER LICENCE IN AUSTRALIA BY ASAHI BEVERAGE",,
4000140717239,White Peach,Schweppes,,germany,,,,unknown,,,,,
9315596007168,Schweppes soda water,Schweppes,"food-additives, anticaking-agents, bicarbonates-of-soda",,,,,not-applicable,3.0,,"CARBONATED WATER, MINERAL SALT (POTASSIUM BICARBONATE). MADE IN AUSTRALIA. BASED ON AN AVERAGE AILY INTAKES MAY BE ON YOUR ENERGY NEEDS. ON 1300 244 054 4 14 O O",0.0,0.0
2901671064415,Schweppes spritz,Schweppes,,,,,,unknown,,unknown,,4.199999809265137,82.0
5449000318947,Schweppes citron 45cl,Schweppes,"beverages-and-beverages-preparations, beverages, carbonated-drinks, sodas","france, morocco",,,,e,4.0,,"carbonated water, sugar, lemon juice from concentrate, acidity regulator E330, preservative E211, sweeteners E950, E951, stabilizer E414, natural lemon flavoring with other natural flavorings",,
5902860415381,Schweppes Indian Tonic,Schweppes,"beverages, carbonated-drinks, sodas, tonic-water, non-alcholic-beverages",,,,,c,,not-applicable,,4.4,19.0
6130003016068,Schweppes,,"beverages-and-beverages-preparations, beverages, carbonated-drinks, sodas",algeria,,,,unknown,,,,,
7000734710582,Indian Tonic Water - Zero,Schweppes,"beverages, carbonated-drinks, sodas, tonic-water",,,,,unknown,,not-applicable,4 000140710582 VEGAN NÄHRWERTANGABEN 100 ml 1 Glas (200 ml) % * (200 ml) 6 kJ (,0.0,1.0
8594001027651,Schweppes bitter lemon,Schweppes,,france,,,,unknown,,,,,
0084596006530,Schweppes Limone,,,italy,,,,unknown,,,,,
8851959632642,Soda Water,Schweppes,"beverages-and-beverages-preparations, beverages",germany,,,,unknown,,,,,
7617500199139,Schweppes,,"beverages-and-beverages-preparations, beverages","france, germany",,,,unknown,,,,,
5449000255310,Schweppes tonic water zero sugar,Shweppes,"beverages, carbonated-drinks, sodas",morocco,,,,unknown,,,,,
8014396004193,Schweppes zero,,,italy,,,,unknown,,,,,
5017726332792,Peach Coconut Tiaré,Schweppes,,united-states,,,,unknown,,unknown,,3.799999952316284,16.0
5087726332792,Peach Coconut Tiaré,Schweppes,,united-states,,,,unknown,,unknown,,3.799999952316284,200.0
3124488187439,Schweppes mojito,Schweppes,"beverages, carbonated-drinks, sodas",belgium,,,,unknown,,,,,
3124488184339,Orangina slim,Schweppes,"beverages, carbonated-drinks, sodas",belgium,,,,unknown,,,,,
3124488187033,Schweppes lemon,Schweppes,"beverages, sweetened-beverages",belgium,,,,unknown,,,,,
5410221205842,Schweppes Pink,Schweppes,,france,,,,unknown,,,,,
5449000259622,Shwipes tonic zéro BTE 33cl,Schweppes,,france,,,,unknown,,,,,
8514100388590,Refrigerante Citrus Schweppes 1L,,,portugal,,,,unknown,,unknown,,,
59492634,Schweppes biter 0.5,Coca-Cola,"beverages-and-beverages-preparations, beverages, carbonated-drinks, sodas, sweetened-beverages, ro:Sucuri",romania,,,,e,4.0,,"Apă, zahăr, dioxid de carbon, suc de lămâie (1,5%), extract chinina, conservant sorbat de potasiu, stabilizatori: grasi satura de lămâle, acidifiant acid citric, arome inclusiv din care ad E 1450 şi E 445. A se consuma de preferinţă înainte de: Glucide vezi pe ambalaj (primul rând).",,
3124488186944,schweppes appel,Schweppes,"beverages, carbonated-drinks, sodas",belgium,,,,unknown,,,,,
54022263,cola,Schweppes,"beverages-and-beverages-preparations, plant-based-foods-and-beverages, beverages, plant-based-beverages, carbonated-drinks, fruit-based-beverages, sodas, fruit-sodas, blackcurrant-soft-drinks","france, morocco",,,,c,,,,,
5000112664638,Schweppes,Schweppes,"beverages-and-beverages-preparations, beverages, carbonated-drinks, sodas",russia,,,,c,,,,4.4,19.0
3124480196309,Schweppes,Schweppes,"beverages-and-beverages-preparations, plant-based-foods-and-beverages, beverages, plant-based-beverages, carbonated-drinks, fruit-based-beverages, artificially-sweetened-beverages, sodas, diet-beverages, fruit-sodas, diet-sodas, light-fruit-sodas, sweetened-beverages",france,,,,unknown,,,,,
91542533,Schweppes,Schweppes,,france,,,,unknown,,,,,
59492603,Schweppes 0.5,Coca-Cola,"beverages-and-beverages-preparations, beverages, sweetened-beverages",romania,,,,e,4.0,,"apa, zahar, suc de mandarine (min. 2% din concentrat, dioxid de carbon, acidifiant acid citric, din creati arome, antioxidant acid ascorbic stabilizatori: E 414 si grasi satura E 445, conservant sorbat de potasiu, colorant caroteni.",,
6130003016129,Shweppes Gold pêche,Schweppes,"beverages-and-beverages-preparations, beverages",algeria,,,,e,,,ماء ،سكر، غاز ،CO2 معدلات الحموضة 296 SIN 330 ، SIN مستخلص الشعير نكهات الخوخ الإصطناعية مواد حافظة : 202 SIN 211 ،SIN :مستحلب 999 SIN محليات: 951 SIN 950 SIN. المواد المضافة غذائية. يحتوي على مصدر الفنيلالانين.,10.0,41.5
3124480103062,,Schweppes,,france,,,,unknown,,,,,
5902860416982,Schweppes Cirus Mix,Schweppes,"beverages-and-beverages-preparations, beverages",germany,,,,unknown,,,,,
7617500199108,Ginger Ale,Schweppes Ginger Ale,,germany,,,,unknown,,,,,
7617500199184,Bitter Lemon,Schweppes,,germany,,,,unknown,,,,,
50112975,Сода,Schweppes,"beverages-and-beverages-preparations, beverages, carbonated-drinks, sodas",bulgaria,,,,b,4.0,,"Вода, въглероден диоксид, натриев хидрогенкарбонат, натриев хлорид",0.0,0.0
5942321000336,bitter lemon 1.5,Schweppes,"beverages-and-beverages-preparations, beverages, carbonated-drinks, sodas, ro:băutură  carbogazoasa",romania,,,,e,4.0,,"Apă, zahăr, dioxid de carbon, suc.de lămâie (1,5%), extract de lămâie, acidifiant acid citric, arome inclusiv chinină, conservant sorbat de potasiu, stabilizatori E 1450 şi E 445. A se consuma de preferinţă înainte de: vezi pe ambalaj (primul rând). 222 ku 52 kcal din care acizi graşi saturati: Glucide: C 126 din care zaharuri: 12.6 Proteine: Sare: 0 O Consumul de refer",,
7790895648342,Agua tónica Schweppes,,,spain,,,,unknown,,,,,
7790895004667,Schweppes tónica,,,spain,,,,unknown,,,,,
5449000312105,Schweppe INDIAN TONIC,Schweppes,"beverages-and-beverages-preparations, beverages, carbonated-drinks, waters, sodas, carbonated-waters, tonic-water",russia,,,,unknown,1.0,,,,
59492740,Tonic Water,Schweppes,"beverages-and-beverages-preparations, beverages, carbonated-drinks, sodas, tonic-water, sweetened-beverages, ro:Schweppes, ro:apă tonică",romania,,,,unknown,3.0,,"Apa, zahar, Schweppes dioxid de carbon, acidifiant acid citric, conservant sorbat de potasiu, arome inclusiv chinin A se consuma de preferinta înainte de: vezi pe ambalaj (primul ränd).",,
5449000324153,Aperotivo spritz,Schweppes,,luxembourg,,,,unknown,,,,4.2,20.0
8901764211256,Original Ginger Ale,Schweppes,"beverages-and-beverages-preparations, beverages, carbonated-drinks, artificially-sweetened-beverages, sodas, sweetened-beverages, ginger-ale",india,,,India,e,4.0,,"CARBONATED WATER, SUGAR, ACIDITY REGULATOR (330), PRESERVATIVE (211) COLOUR (150d), FLAVOURS (NATURAL FLAVOURING SUBSTANCES).",9.0,36.0
5000112557350,Slimline Tonic Water,Schweppes,,united-kingdom,,,,unknown,,,,,
9315596008578,Infused natural mineral water,Schweppes,"beverages-and-beverages-preparations, beverages, waters, spring-waters, mineral-waters, natural-mineral-waters",australia,,,,a,4.0,,"CARBONATED MINERAL WATER FOOD ACID (CITRIC ACID), NATURAL FLAVOURS",0.0,0.51
5902860411239,Schweppes Bitter Lemon,Schweppes,"beverages-and-beverages-preparations, beverages",germany,,,,unknown,,,,,
5902860416920,Schweppes Indian Tonic,Schweppes,"beverages-and-beverages-preparations, beverages",germany,,,,c,,,,,
0300010013343,indian tonic xero,schweppes,nb:tonic-light,norway,,,,unknown,,unknown,,,
7290019056331,שוופס טוניק ללא סוכר,Schweppes,"beverages-and-beverages-preparations, beverages, carbonated-drinks, sodas, tonic-water",israel,,,,unknown,,,,,
5942321002798,Blueberry Mojito,Schweppes,,romania,,,,unknown,,,,,
3124480198068,Vir'gin tonic,Schweppes,,france,,,,unknown,,,,,
5942321000329,Mandarine Schweppes 1.5,,"beverages-and-beverages-preparations, plant-based-foods-and-beverages, beverages, plant-based-beverages, carbonated-drinks, fruit-based-beverages, sodas, fruit-sodas, sweetened-beverages",romania,,,,e,4.0,,"Apă, zahăr, suc de mandarine (min. 2%) din concentrat, dioxid de carbon, acidifiant acid citric, arome, antioxidant acid ascorbic, stabilizatori E 414 şi E 445, conservant sorbat de potasiu, colorant beta-caroten  .",,
1002371000336,Bitter Lemon. Schweppes,,,romania,,,,unknown,,unknown,,,
7617500199238,Schweppes Indian Tonic,Schweppes,"beverages-and-beverages-preparations, beverages, carbonated-drinks, sodas, tonic-water, sweetened-beverages, tonic-drink-with-sugar-and-artificial-sweeteners",switzerland,,,,d,4.0,,"INDIAN TONIC Kohlensäurehaltiges Erfrischungsgetränk mit natürlichen Aromen, mit Zucker und Süssungsmitteln. Enthält Chinin. Zutaten: Wasser, Zucker, Kohlensäure, Säuerungsmittel: Citronensäure, natürliche Aromen, Aroma Chinin, Süssungsmittel: Sucralose und Acesulfam K.",,
5449000320285,SCHWEPPES DRY LEMON,6% lemon juice drink,"beverages-and-beverages-preparations, beverages, carbonated-drinks, sodas",south-africa,,,,unknown,,,,,
5902860415428,Schweppes Bitter Lemon,Schweppes,"beverages-and-beverages-preparations, beverages, carbonated-drinks, sodas",poland,,,,unknown,,,,,
4014400259452,,"schweppes,ชเวปส์","beverages-and-beverages-preparations, beverages, unsweetened-beverages",thailand,,,,b,4.0,unknown,"สารให้ก๊าซคาร์บอนไดออกไซด์ (N2O), สารควบคุมความเป็นกรด (INS 330, INS 296, INS 331(iii), INS452(i), วัตถุกันเสีย (INS202), สารให้ความหวาน(เเอซีซัลเฟมโพแทสเซียมและซูคราโลส),  สีสังเคราะห์ (INS129. INS110), แต่งกลิ่นสังเคราะห์",0.0,0.0
7610238067442,Indian Tonic,Schweppes,"beverages-and-beverages-preparations, beverages","germany, united-states",,,,unknown,,,,,
8935049501602,Tonic Water Schweppes imp,Schweppes,,singapore,,,,unknown,,,,,
9555589215112,Lemon Lime Soda,Schweppes,"beverages-and-beverages-preparations, beverages",singapore,,,,unknown,,,,,
5410221205651,Schweppes tonic zero,,,france,,,,unknown,,,,,
7044610874258,Schweppes Lemon 1l,RINGNES AS,,norway,,,,unknown,4.0,unknown,"kullsyret vann, sukker, sitronjuice fra konsentrat (1%), syre (sitronsyre), konserveringsmiddel (kaliumsorbat), naturlig sitronaroma med andre naturlige aromaer, modifisert stivelse, stabilisator (E445, E444).",4.0,16.5
7617500199177,Bitter Lemon,Schweppes,"beverages-and-beverages-preparations, beverages, carbonated-drinks, sodas, tonic-water, sweetened-beverages, tonic-drink-with-sugar",switzerland,,,,d,4.0,,"Wasser, Zucker, Zitronensaft aus Konzentrat, 
Zitronenextrakt aus Konzentrat (3,6%), Kohlensäure, Säuerungsmittel: Citronensäure, natürliche Aromen, natürliches Orangenaroma, modifizierte Stärke, Süssungsmittel: Acesulfam K und Sucralose, Antioxidationsmittel: Ascorbinsäure, Stabilisatoren: E445 und E444, Aroma: Chinin",,
7617500199276,Schweppes Tonic Zero,Schweppes,"beverages-and-beverages-preparations, beverages, carbonated-drinks, sodas","germany, switzerland",,,,unknown,,,,,
5449000324146,Blueberry Mojito Cocktail,Schweppes,"beverages-and-beverages-preparations, beverages",united-kingdom,,,,c,,,,,
9315596006888,Schweppes Raspberry,Schweppes,,australia,,,,unknown,4.0,,"CARBONATED WATER, SUGAR, ADOS (330, 260, 331), FLAVOUR, PRESERVATIVE (211), COLOUR (123). LA SCHWEPPES AND DEVICES ARE REGISTERED TRADE MARKS USED UNDER LICENCE ASAM BEVERAGES ASAHI BEVERAGES, 2 BEVERAGE DRIVE, TULLAMARINE, VICTORIA, ALL AUSTRALIA. CONSUMER ENQUIRIES: 1800 244 054 (AUST. ONLY)",,
5312520006840,Schweppes Lemonade,,,australia,,,,unknown,,unknown,,,
4000140719028,Pomegranate,"Schweppes, schwepps","beverages-and-beverages-preparations, beverages",germany,,,,c,,,,,
5902860416289,Wild berry,Schweppes,,poland,,,,unknown,,,,,
8435185980069,Pink Grapefruit,Schweppes,"beverages-and-beverages-preparations, beverages, carbonated-drinks, carbonated-fruit-soft-drink, carbonated-fruit-soft-drink-with-less-than-10-of-fruit-juice, carbonated-fruit-soft-drink-with-sugar-and-artificial-sweeteners-and-with-less-than-10-of-fruit-juice",belgium,,Delhaize,,d,4.0,,"eau gazéifiée, sucre, jus de pamplemousse à base de concentrés 3%, acidifiant: acide citrique, conservateur: sorbate de potassium, amidon modifié, colorant: acide carminique et anthocyanes, arôme naturel d'orange, arôme naturel de pamplemousse, arôme, stabilisants: E445 et E444, édulcorant sucralose, concentrés de carotte et de carthame,",,
4000140714917,White Peach,Schweppes,"beverages-and-beverages-preparations, beverages",germany,,,,d,,,,,
7555556300027,Tónica,Schweppes,,spain,,,,unknown,,,,,
5449000284297,Dry Lemon,Schweppes,,luxembourg,,,,unknown,,unknown,,9.399999618530273,40.0
7894900321159,Schweppes citrus,Schweppes,,brazil,,,,unknown,,,,,
8414100364054,Schweppes lemon tonic,Schweppes,,france,,,,unknown,,,,,
8594001025220,Schweppes pink tonic,,,france,,,,unknown,,,,,
7894900360011,Tônica,Schweppes,,brazil,,,,unknown,,,,,
4890008402366,Soda Water,Schweppes,,hong-kong,,,,unknown,,unknown,,0.0,0.0
8014396004025,zero gusto agrumi,Schweppes,"beverages-and-beverages-preparations, plant-based-foods-and-beverages, beverages, plant-based-beverages, carbonated-drinks, fruit-based-beverages, artificially-sweetened-beverages, sodas, fruit-sodas, lemon-soft-drinks",italy,,Tigros,,c,4.0,,"Acqua, succo d'arancia (2%) da concentrato, anidride carbonica, acidificante: acido citrico, edulcoranti: acesulfame k, sucralosio, conservante: potassio sorbato, aromi naturali di agrumi (arancia, pompelmo, limetta e mandarino) con altri aromi naturali, stabilizzanti (E1450, E445), antiossidante: acido ascorbico",,
4890008407309,grapefruit flavoured soda,Schweppes,,hong-kong,,,,unknown,,unknown,,10.9,44.0
7894900361155,Schweppes tônica,,,brazil,,,,unknown,,unknown,,,
5942321000343,Schweppes bitter lemon,Schweppes,"beverages-and-beverages-preparations, beverages, carbonated-drinks, sodas, tonic-water, sweetened-beverages, Soft Drinks",romania,,,,e,4.0,,"water, carbon dioxide, acidifiers, potassium sorbate,",,
3850322016626,Schweppes Tonica,Cedevita,,france,,,,unknown,,,,,
5902860417002,Mojito,Schweppes,"beverages-and-beverages-preparations, beverages, non-alcoholic-beverages",poland,,,,unknown,,,,,
5000112665703,Slimline Elderflower Tonic,Schweppes,,ireland,,,,unknown,,,,,
4000140708060,Dry Tonic Water,Schweppes,"beverages-and-beverages-preparations, beverages",germany,,,,unknown,,,,,
5449000323132,Schweppes pink grapefruit,Schweppes,,saudi-arabia,,,,unknown,,,"MADE تشوبيس TM جريب فروت الوردي حقائق غذائية لكل وحدة تقديم ١٠٠مل Nutrition Facts per 100ml Serving النسبة الاحتياج اليومي % طاقة (كيلو كالوري) كربوهيدرات كلية سكريات كلية منها سكر مضاف Daily Value buergy (kcal) 19 Total Carbohydrates 4.6g (2%) Tal Sugars 4.6g which Added Sugars 4.6g (9%) يحتوي على كميات ضئيلة جدا (.غ) من الدهون الكلية والتحريا والمشبعة منها البروتين والألياف والصوديوم والكوليسترول ندل نسبة الاحتياج اليومي على نظام غذائي محتوي على ا سعرة حرارية شروب غازي بنكهة الجريب فروت الوردي قليل السعرات الحرارية محل باسا وبدائل السكر. المكونات مياه غازية، سكر، مادة حمضية حامض الستريك وحامل الاليك، نكهات الجريب فروت الوردي والحمضيات الطبيعية، منظم حموضا سزا الصوديوم الثلاثية، مواد حافظة: سوربات البوتاسيوم وبنزوات الصوديوم، محل سيسلفيم البوتاسيوم ( ١٣٥ مغ / لتر) والسكرلوز (٥٣) مغ / لتر)، مادة مستحبة الجلسرين من خشب الصنوبري، ألوان: أصفر غروب الشمس *&quot; وكارموزون صنعت بترخيص من شركة شويبس هو لدنغ لمتد شركة يوروبيان رفرشة الرياض ١١٥٨٥ ، المملكة العربية السعودية. تاريخ الإنتاج وتاريخ إنتهاء السلام كوكاكولا السعودية لتعبئة المرطبات مدينة سدير للصناعة والأعمال، ص اقلیمبند کومبانی هی مالكة العلامة التجارية المسجلة شويبس بر الاطفال تحفظ في مكان نظيف جاف وبارد tarin a clean, dry and cool place انظر أسفل العلبة. قد يكون لهذه المادة تاثير سلبي على النشاط والتركيز بواسطة شرك خدمة المستهلك: ۹۲۰۰۰۷۷۹۹ Customer Service: 92 000 7799 RECYCLE ME European Refreshments Unlimited Company 5 449000 323132 &gt; 180521080 Ball 25-KSA-404198954",,
7044610877075,Indian Tonic,Schweppes,"beverages-and-beverages-preparations, beverages, carbonated-drinks, sodas, tonic-water",norway,,,,d,4.0,not-applicable,"Kullsyreholdig vann, sukker, syre: sitronsyre, naturlige aromaer, aroma: kinin, søtstoffer: sukralose, acesulfam K.",4.4,19.5
7617500199252,Wild Berry,Schweppes,"beverages-and-beverages-preparations, beverages","germany, switzerland",,,,c,,,,,
7750182002684,Schweppes Citrus x 1.5lt,Coca cola,,spain,,,,unknown,,,,,
5000112557329,Schweppes,,,united-kingdom,,,,unknown,,,,,
7750182002691,Schweeppes Citrus Ginger x 500Ml,Schweppes,,spain,,,,unknown,,,,,
8411800380223,"Trina Té, sabor limón",Schweppes International Limited,bebida-de-te-sin-gas,spain,,,,a,4.0,,"Agua, regulador de acidez, ácido cítrico y citrato sódico, aromas naturales, extrecto de té negro (0,09%),edulcorante E952, E950 y E955, Antioxidante E300.
Sin gas.",,
8414100380146,Wild berry - Schweppes,,,spain,,,,unknown,,,,,
7750182002196,Schweppes Ginger Ale x 1.5lt,Coca-Cola,,spain,,,,unknown,,,,,
5000112665727,Ginger Ale,Schweppes,,ireland,,,,unknown,,,,,
5449000040329,Schweppes Tangerine,Schweppes,,egypt,,,,unknown,,unknown,,12.0,48.0
4000140718991,Schweppes Pomegranate,Schweppes,"beverages-and-beverages-preparations, beverages, carbonated-drinks, sodas, lemonade",germany,,,,d,4.0,,"Wasser, Zucker, Kohlensäure, Säuerungsmittel (Äpfelsäure, Gluconsäure und Citronensäure), natürliche Aromen, färbende Konzentrate (Karotte, Heidelbeere).",,
9315596009360,Bitter Lemon,Schweppes,,australia,,,,unknown,,unknown,,12.4,52.9
0444440304753,,Schweppes,,morocco,,,,unknown,,,,,
3278730005016,Schweppes,Schweppes,,reunion,,,,unknown,,,,,
8435185979377,Schweppes Pomelo,Schweppes,,spain,,,,unknown,,,,,
5942321000367,Schweppes Bitter Lemon o.33,Schweppes,"beverages-and-beverages-preparations, beverages, carbonated-drinks, sodas, sweetened-beverages, ro:Schweppes Bitter Lemon",romania,,,,e,4.0,,"Apă, zahăr, dioxid de carbon, suc de lind PAL de lămâie, acidifiant acid citric, arome inclusiv chini, conser de potasiu, stabilizatori E 1450 şi E 445. DECLARAȚIE NUTRITIONALA PENTRU: 100 ml 330ml 15 Valoare energetică: 222 kJ/ 733 kJ/ 52 kcal 172 kcal Gräsimi: Og Glucide: din care acizi graşi saturați: Og 12,6 g din care zaharuri: 12,6 g Proteine: Og Sare: A se consuma de preferinţă înainte de: vezi pe baza cutiel (primul r Consumul de referinţă al unui adult obişnuit (8400 kJ/2000 kcal",,
7790895003202,Schweppes tonica,Schweppes,,argentina,,,,unknown,,,,,
5449000324160,classic monitor Schweppes,,,united-kingdom,,,,unknown,4.0,,"Carbonated Water, Fructose, Lime Juice From Concentrate (2.5%), Sugar, Natural Mint And Lime Flavouring Wi Other Natural Flavourings, Acids (Citric Acid, Malic Acid). Preservatives (Potassium Sorbate, Sodium Benzoate), Acidity Regulator (Sodium Citrates), Stabilisers (Acacia Gum, Glycerd Esters Of Wood Rosins, Sucrose Acetate Isobutyrate), Sweetener Steviol Glycosides From Stevia). Antioxidant (Alpha-Tocopherol",,
5000112665581,Indian Tonic Water,Schweppes,,ireland,,,,unknown,,,,,
8851959003985,Schweppes Mandarin Yuzu Flavored Soda,"Schweppes, ชเวปส์","beverages-and-beverages-preparations, beverages, carbonated-drinks, sodas",thailand,,,,unknown,4.0,,"สารประกอบที่สำคัญ: สารให้ความขม (INS290), สารควบคุมความเป็นกรด (INS330, INS296, INS331(iii)), สารให้ความหวาน (แอซีซัลเฟมโพแทสเซียมและซูคราโลส) (INS202, INS211) แต่งกลิ่นเลียนธรรมชาติ",,
7790895643903,Schweppes,,,spain,,,,unknown,,,,,
6890904320915,Citrus leve em açúcar,Schweppes,,ireland,,,,unknown,,,,,
7750182002707,Schweppes Ginger Ale x 500Ml,Schweppes,,spain,,,,unknown,,,,,
6801906320025,Schweppes citrus,,,ireland,,,,unknown,,,,,
5000112651799,Bitter Lemon,Schweppes,,lithuania,,,,unknown,,,,9.1,38.0
5997264103651,Schweppes narancs,Schweppes,,hungary,,,,unknown,,,,,
9315596009254,Passionfruit Lemonade,Schweppes,,australia,,,,unknown,,,,9.52,40.9
5902860416456,Schweppes Zero Lemon,Schweppes,"beverages-and-beverages-preparations, beverages",germany,,,,unknown,,,,,
0001002726392,Sshweppes pink,Schweppes,,france,,,,unknown,,,,,
0124480164193,Tonic,Schweppes,"beverages, carbonated-drinks, sodas, tonic-water, tonic-drink-with-sugar",france,,,,unknown,,,,,
00820302,"Schweppes 0,85",Schweppes,"beverages, carbonated-drinks, sodas",poland,,,,unknown,,,,,
00952144,Schweppes,Coca-Cola,"beverages, carbonated-drinks, sodas, tonic-water, tonic-drink-with-sugar-and-artificial-sweeteners",romania,plastic,,,unknown,,not-applicable,"1,5 Le DECLARAȚIE NUTRIȚIONALĂ 100 ml PENTRU: 250ml (%&quot;) 178kJ/ 445 kJ/ Valoare energetică: Grăsimi: din care acizi grași saturați: Glucide: din care zaharuri: 10,1g Proteine: Sare:",,
9315596000503,Indian Tonic Water,Schweppes,"beverages-and-beverages-preparations, beverages, carbonated-drinks, sodas, tonic-water",australia,,,,c,4.0,,"CARBONATED WATER, FOOD ACIDS (330, 331), NATURAL FLAVOURS (WITH ORANGE PEEL EXTRACT, CITRUS OILS, BOTANICAL EXTRACTS, LEMON PEEL EXTRACT), SWEETENERS (951, 950), QUININE.",0.0,5.0
4890008404360,Dry Ginger Ale Soda,Schweppes,,hong-kong,,,,unknown,,unknown,,8.5,35.0
4890008403363,Tonic water,Schweppes,,hong-kong,,,,unknown,,unknown,,9.8,74.0
3278730004989,Schweppes,Tonic,,france,,,,unknown,,,,,
2860900180527,Schweppes,,,ireland,,,,unknown,,,,,
5449000301017,Schweppes Pink Tonic Style,Schweppes,"beverages-and-beverages-preparations, beverages, carbonated-drinks, sodas, tonic-water, sweetened-beverages, fizzy-beverages",bulgaria,,,,unknown,,,"Schweppes Безалкохолна газирана напитка с плодов вкус. Със захар и подсладители. Съставки: вода, захар, въглероден диоксид, киселина: лимонена киселина, ароматизанти, подсладители: цикламати, ацесулфам К, захарини, плодов и зеленчуков концентрат (морков, касис и боровинка). Най-добър до: виж капачката или гърлото на 1,25 Le HA: XPAHMTENHACT 100г Енергийна стойност: 300 Мазнини: от които наситени мастни киселини: Въглехидрати: от които захари: Белтъци: бутилката. Да се съхранява на сухо и хладно, защитено от (*) Референтни количества пряка слънчева светлина място. Продуктът не съдържа хинин. средностатистически възрастен ©2022 European Refreshments UC. Schweppes is a registered 1,25 L = 5 x 250m trademark of European Refreshments UC. Кока-Кола Хеленик Ботълинг Къмпани България АД, ул. Рачо П. Казанджията 8, София 1766. С пълномощията на Schweppes Holdings Ltd. 0800-12345 Безплатна линия www.coca-cola.bg SEVILION PET",4.4,19.0
7617500199092,Ginger Ale,Schweppes,"beverages-and-beverages-preparations, beverages, carbonated-drinks, sodas","germany, switzerland",,,,c,,,,,
0393000968907,Schweppes bitter lemon,,,malaysia,,,,unknown,,unknown,,,
9315596008356,Lemonade,Schweppes,,australia,,,,unknown,,,,,93.9
7790895010064,Schweppes 500 pomelo s/a,Coca cola,,spain,,,,unknown,,,,,
57089539,Indian Tonic,Schweppes,"beverages-and-beverages-preparations, beverages, carbonated-drinks, sodas, tonic-water",denmark,,,,unknown,,,,,
9315596009193,Passionfruit Lemonade,Schweppes X Messina,,australia,,,,unknown,,unknown,,9.5,40.9
5410221105456,,Schweppes,,france,,,,unknown,,,,,
4000140717468,Orangina Zero,Schweppes,de:orangenlimonade,germany,,,,a,4.0,,"Wasser, Mehrfruchtsaft aus Fruchtsaftkonzentraten 4,8% (Orange 3,3%, Zitrone, Mandarine, Grapefruit), 1,4% Fruchtfleisch (Orange, Mandarine), Kohlensäure, Stabilisatoren (Gummi arabicum, Glycerinester aus Wurzelharz), natürliche Aromen, natürliches Orangenaroma, Säuerungsmittel Citronensäure, Süßungsmittel (Acesulfam-K, Sucralose), Orangenschalenextrakt, Antioxidationsmittel Ascorbinsäure. Farbstoff Carotin.",,
8935049505235,Schweppes soda water imp,,,saudi-arabia,,,,unknown,,unknown,,,
5740700994647,Schweppes Lemon,Schweppes,,denmark,,,,unknown,,,,8.5,35.0
0016600103225,Ginger Ale,Schweppes,,jamaica,,,,unknown,4.0,unknown,"carbonated water, sugar, citric acid, natural flavors, sodium benzoate, caramel color, sucralose, acesulfame K",7.04,28.2
4000140719561,Schweppes Virgin Mojito Alkoholfrei,Schweppes,"beverages-and-beverages-preparations, beverages, carbonated-drinks, sodas, non-alcoholic-beverages",austria,,,,d,4.0,,"Wasser, Zucker, Limettensaft aus  limettensaftkonzentrat (1,9%), Köhlensäure, Säuerungsmittel Citronensäure, natürliches Limettenaroma, Minzaroma. emational Sorse Kühl und dunkel lagern.",,
7894900184600,schweppes,Schweppes,,brazil,,,,unknown,,,,,
0444440301141,Schweppes tonica 1L,Schweppes,,spain,,,,unknown,,,,,
0720217500130,Grapefruit,Schweppes,,barbados,,,,unknown,,unknown,,7.0,28.0
8414100380160,Zero Citrus,Schweppes,,spain,,,,unknown,,,,,
00844903,Citrus Zero Açucar Adicionado,Schweppes,,brazil,,,,unknown,,,,,
7801610310915,Pink Tonic,Schweppes,"bebidas, bebidas-carbonatadas, tonicas",chile,,,,unknown,4.0,,"Agua carbonatada, azúcar, ácido cítrico, ácido tartárico, saborizantes naturales, benzoato de sodio, sucralosa, quinina, acesulfamo de potasio, rojo allura.",,
9315596000602,Bitter Lemon Classic Mixers,Schweppes,,australia,,,,unknown,,unknown,,12.7,53.3
7044610874234,Schweppes Tonic Water,RINGNES AS,"beverages-and-beverages-preparations, beverages, carbonated-drinks, sodas, tonic-water, tonic-drink-with-sugar",norway,,,,unknown,4.0,,"Kullsyret vann, sukker, syre (sitronsyre), naturlig aroma, aroma (kinin).",,
7044610874241,"Tonic Water Zero 0,5l flaske Schweppes",Ringnes as,,norway,,,,unknown,4.0,unknown,"Kullsyret vann, syre (sitronsyre), naturlige aromaer, søtstoffer (acesulfam k, natriumcyklamate, natriumsakkarin), aroma (kinin).",,
7044610873954,"Soda Water 0,5l flaske Schweppes",Ringnes as,,norway,,,,unknown,,unknown,"Kullsyret vann, natriumbikarbonat.",,
7044610877068,Schweppes tonic,Schweppes,"beverages-and-beverages-preparations, beverages, carbonated-drinks, sodas, tonic-water, tonic-drink-with-sugar",france,,,,b,,,,,
5449000334886,,Schweppes,"beverages-and-beverages-preparations, beverages, carbonated-drinks, sodas",morocco,,,,unknown,,,,,
8414100346944,"Schweppes Ginger Beer 0,2l",RINGNES AS,,norway,,,,unknown,4.0,unknown,"WATER, SUGAR, GLUCOSE-FRUCTOSE SYRUP, CARBON DIOXIDE (E290), GINGER NATURAL FLAVOUR WITH OTHER NATURAL FLAVOURINGS (0.2%), ACID: TARTARIC ACID (E334), ANTIOXIDANT: ASCORBIC ACID (E300), PRESERVATIVE: POTASSIUM SORBATE (E202), CAPSICUM EXTRACT (0.003%)",,
7044617874893,"Tonic Water 0,5lx4 flaske Schweppes",Ringnes as,,norway,,,,unknown,4.0,unknown,"Kullsyret vann, sukker, syre (sitronsyre), naturlig aroma, aroma (kinin).",,
9002000687510,Schweppes  Citrus Zero,Schweppes,,spain,,,,unknown,,,,,
8414100361848,"Schweppes Pink Pepper 0,2l",RINGNES AS,,norway,,,,unknown,,unknown,,,
7044617874909,"Schweppes Tonic Zero 4stk x 0,5l, 2l",RINGNES AS,,norway,,,,unknown,,unknown,,,
8851959004272,Schweppes blood orange tubtim,,,thailand,,,,unknown,,,,,0.0
5449000006653,Malt Gold Peach Beverage,Schweppes,,egypt,,,,unknown,,,,,
5942311000353,Schweppes,,soft-drinks,romania,,,,b,4.0,,"Water, sugar, carbon dioxide, citric acid (acidifier), potassium sorbate (preservative), flavors including quinine",8.9,
6130003016150,Schweppes 33cl,,,"algeria, france",,,,unknown,,,,,
6130003016143,schweppes lemon-mint,,"beverages-and-beverages-preparations, beverages, carbonated-drinks, sodas",france,,,,unknown,,,,,
6130003016136,schweppes ananas 33cl,,,france,,,,unknown,,,,,
8586007690342,Schweppes,,,slovakia,,,,unknown,,,,,
9315596008547,Zero sugar lime and lemon drink,Schweppes That’s alrightl,,australia,,,,unknown,4.0,,"Carbonated Mineral Water, Food Acid (Citric Acid), Natural Flavours.",,
0016600101436,Tonic Water,Schweppes,,united-kingdom,,,,unknown,,,,,
0016600103232,Ginger Ale,Schweppes,,the-bahamas,,,,unknown,,,,9.01,36.6
8414100364016,Schweppes white peach elderflower,,,germany,,,,unknown,,,,,
5449000320537,Schweppes Tonic PLC,,,sierra-leone,,,,unknown,,,,,
9315596009278,Gelato Messina Peach And Mango Flavour,Schweppes,,australia,,,,unknown,,,,8.0,33.5
5449000334343,Schweppes citron 1l,Schweppes,"beverages-and-beverages-preparations, plant-based-foods-and-beverages, beverages, plant-based-beverages, carbonated-drinks, fruit-based-beverages, sodas, fruit-sodas, Boissons gazeuses","france, morocco",,,,d,4.0,,"sugar, concentrated lemon juice, sweeteners: E955 ,E950",,
5449000280206,,Schweppes,"beverages-and-beverages-preparations, beverages, carbonated-drinks, sodas",morocco,,,,e,4.0,,ماء غازي، سكر، محمض E330، نكهة، محليات E950، E955، كافيين,,
4000140715228,Schweppes Tonic Water,,,germany,,,,unknown,,,,,
8435185980052,Schweppes Pink grappefruit cans,Schweppes,,france,,,,unknown,,,,,
4935449501602,Schweppes tonic water,,,saudi-arabia,,,,unknown,,,,,
8414100380139,TÓNICA SCHWEPPES PINK ZERO LATA,Schweppes,,spain,,,,unknown,,,,,
5519000318947,schweppes,,,morocco,,,,unknown,,,,,
5997264104290,Pink Tonic,Schweppes,,czech-republic,,,,unknown,,,,4.3,19.3594646271511
5942321000350,Schweppes doza 0.33,,"beverages-and-beverages-preparations, beverages, carbonated-drinks, sodas",romania,,,,e,4.0,,"Apa, zahăr, suc de mandarine (min.2%) din concentrat, dioxid de carbon, acidifiant acid citric, arome, antioxidant acid ascorbic stabilizatori E414 şi E 445, conservant sorbat de potasiu, colorant caroten",,
5449000099068,Bitter Lemon Zero Sugar,Schweppes,,serbia,,,,unknown,,,,0.1,2.0
3278730005023,Schweppes 6x50cl,,,france,,,,unknown,,,,,
30471308841382217310325,"Papa John's, Schweppes Ginger Ale Raspberry, 2 Liter",Papa John's,"beverages-and-beverages-preparations, beverages",united-states,,,,e,,,undefined,209.0,856.0
18564808757831816,"Papa John's, Schweppes Ginger Ale Raspberry, 20 Oz",Papa John's,"beverages-and-beverages-preparations, beverages",united-states,,,,b,,,undefined,1.86,7.44
5961244844349894122304,"Papa John's, Schweppes Ginger Ale, 1.25 Liter",Papa John's,"beverages-and-beverages-preparations, beverages",united-states,,,,e,,,undefined,114.0,464.0
442915573347328558595,"Papa John's, Schweppes Ginger Ale, 12 Oz",Papa John's,"beverages-and-beverages-preparations, beverages",united-states,,,,c,,,undefined,2.82,11.3
6550033469819513926,"Papa John's, Schweppes Ginger Ale, 2 Liter",Papa John's,"beverages-and-beverages-preparations, beverages",united-states,,,,e,,,undefined,186.0,744.0
4206219665246613044163,"Papa John's, Schweppes Ginger Ale, 20 Oz",Papa John's,"beverages-and-beverages-preparations, beverages",united-states,,,,b,,,undefined,1.69,6.76
5902860417309,Citrus mix zero,Schweppes,,poland,,,Polan,unknown,4.0,,"Woda, dwutlenek węgla, ekstrakty z pomarańczy, kwas: kwas cytrynowy; substancje słodzące: acesulfam K, sukraloza; substancja konserwująca: sorbinian potasu; aromaty naturalne cytrusów i inne aromaty naturalne, skrobia modyfikowana: E1450; przeciwutleniacz: kwas askorbinowy; stabilizator: E445.",,
5449000312099,"Напій &quot;Швепс Шпріц Аперитиво&quot; безалкогольний, сильногазований, на ароматизаторах, з цукром та підсолоджувачами",Schweppes,"beverages-and-beverages-preparations, beverages, carbonated-drinks, sodas, sweetened-beverages","moldova, ukraine",,,,c,4.0,,"Вода питна, цукор, діоксид вуглецю, натуральні ароматизатори, кислоти (лимонна кислота, яблучна кислота, винна кислота), регулятори кислотності (цитрати натрію), консерванти (сорбат калію, бензоат натрію), підсолоджувачі (ацесульфам калію, сахарини), барвники (жовтий &quot;Сонячний захід&quot;, понсо 4R).",,
2119805384099567096728,"Papa John's, Schweppes Ginger Ale Raspberry, 2 Liter",Papa John's,"beverages-and-beverages-preparations, beverages",united-states,,,,e,,,undefined,209.0,856.0
659108244682665086251,"Papa John's, Schweppes Ginger Ale Raspberry, 20 Oz",Papa John's,"beverages-and-beverages-preparations, beverages",united-states,,,,b,,,undefined,1.86,7.44
477894148038269875,"Papa John's, Schweppes Ginger Ale, 1.25 Liter",Papa John's,"beverages-and-beverages-preparations, beverages",united-states,,,,e,,,undefined,114.0,464.0
0023316421968,"Papa John's, Schweppes Ginger Ale, 12 Oz",Papa John's,"beverages-and-beverages-preparations, beverages",united-states,,,,c,,,undefined,2.82,11.3
315327489712444739,"Papa John's, Schweppes Ginger Ale, 2 Liter",Papa John's,"beverages-and-beverages-preparations, beverages",united-states,,,,e,,,undefined,186.0,744.0
742067424541887965446,"Papa John's, Schweppes Ginger Ale, 20 Oz",Papa John's,"beverages-and-beverages-preparations, beverages",united-states,,,,b,,,undefined,1.69,6.76
7310070006974,Indian Tonic,Schweppes,,sweden,,,,unknown,,,,,
9315596008431,Low Sugar Tonic,Schweppes,,australia,,,,unknown,,,,2.4,11.5
5942321000428,schweppes mandarine Schweppes,,,romania,,,,unknown,,,,,
4000140721373,Orange Spritz,Schweppes,"beverages-and-beverages-preparations, beverages",germany,,,,d,4.0,,"Wasser, Zucker, Orangensaft aus 0,25 Orangensaftkonzentrat (3%), Kohlensäure, er al Säuerungsmittel Citronensäure, natürliches Kräuteraroma mit anderen natürlichen Aromen, eutsch - färbende Konzentrate (Süßkartoffel, Saflor). tr.261, Kühl und dunkel lagern.",,
57089522,Schweppes Lemon,Schweppes,"beverages-and-beverages-preparations, beverages, carbonated-drinks, sodas, sweetened-beverages",denmark,,,,d,,,,8.5,35.0
9315596009209,Schweppes Gelato Messina Pineapple & Lime,Schweppes,,australia,,,,unknown,,,,8.0,33.7
7801610382028,Schweppes Tonic Water,Schweppes,,chile,,,,unknown,,,,,
5410221309823,Schweppes Orange Passion,Schweppes,"beverages-and-beverages-preparations, plant-based-foods-and-beverages, beverages, plant-based-beverages, carbonated-drinks, fruit-based-beverages, artificially-sweetened-beverages, sodas, fruit-sodas, orange-soft-drinks, sodas-with-exotic-fruits, sweetened-beverages",netherlands,,,,d,4.0,,"Eau gazeifiée, sucre, extraits d'orange 0,9%, acidifiant: acide citrique, arôme naturel de citron vert, arôme naturel, arômes naturels d'orange, conservateur: sorbate de potassium, antioxydant: acide ascorbique, stabilisants: E445 et E444, amidon modifié, édulcorants: acesulfame K et sucralose, colorants: carotènes et acide carminique.",,
7310070006936,Scweppes Lemon Zero,Schweppes,,sweden,,,,unknown,,,,,
9315596008554,Passion Fruit & Pineapple Mineral Water,Schweppes,,australia,,,,unknown,,,,0.0,0.956
59492764,Pink tonic style 0.5,schweppes,,romania,,,,unknown,,,,,
5942321000381,schweppes tonic 0.33,schweppes,,romania,,,,unknown,,,,,
3124480200488,Orangina Orange,"Suntory, Orangina Schweppes France","beverages-and-beverages-preparations, plant-based-foods-and-beverages, beverages, plant-based-beverages, carbonated-drinks, fruit-based-beverages, sodas, fruit-sodas, orange-soft-drinks, sweetened-beverages",france,,,,d,4.0,,"Eau gazeifiée, jus d’orange et autres agrumes à base de concentré 10% (orange 9% dont pulpe 1%, pamplemousse, mandarine), sucre, concentré d’écorce d’orange et de mandarine, acidifiant: acide citrique, arômes naturels d'orange.",,
6415600587884,Zero Citrus Fruits,Schweppes,,finland,,,,unknown,,,,0.1,2.0
5942321000435,schweppes,,"beverages-and-beverages-preparations, beverages, carbonated-drinks, sodas",romania,,,,unknown,,,,,
6415600502948,Indian Tonic,Schweppes,,finland,,,,unknown,,,,8.9,37.0
8414100387534,Soda lata 25cl,Schweppes,,spain,,,,unknown,,,,,
5410221309786,Pink Grapefruit,Schweppes,"beverages-and-beverages-preparations, plant-based-foods-and-beverages, beverages, plant-based-beverages, carbonated-drinks, fruit-based-beverages, sodas, fruit-sodas, sweetened-beverages",netherlands,,,,d,4.0,,"water, suiker, grapefruitsap uit concentraat 3%, voedingszuur: citroenzuur, conserveermiddel: kaliumsorbaat, gemodificeerd zetmeel, kleurstoffen: karmijnzuur en anthocyanen, natuurlijk sinaasappelaroma, natuurlijk grapefruitaroma, aroma, stabilisatoren: E445 en E444, zoetstof: sucralose , wortel - en saffloerconcentraten",,
5449000339553,VIRGIN MOJITO Schweppes,Schweppes,"beverages-and-beverages-preparations, beverages, artificially-sweetened-beverages, carbonated-waters-sodas","france, morocco",,,,d,4.0,,مشروب بنكهة الليمون والنعناع يحتوي على السكر و المحليات المكونات ماء غازي، سكر مخفضات 330 E331 : مستحلبات E471 E414 - مواد حافظة : E211 ، E202 نكهات طبيعية ومطابقة للطبيعية محليات E950 E955 ملونات: E133 E104 . تمت التعبئة بواسطة كوبومي تكنوبول مطار محمد الخامس .مص النواصر الدار البيضاء الترخيص الصحي 7.7.14 AUT.S MA n: BG بموافقة شركة شويبس هولدنز ليمتد. تحفظ في مكان نظيف جاف وبارد تاريخ الانتاج: (P)، رقم الحصة ويستحسن الاستهلاك قبل نهاية (E) أنظر الغطاء. كوكاكولا كتجاوب على coca-colarepondmaroc@coca-cola.com رقم إقتصادي 0801003334,,
6415600503006,Indian tonic,Schweppes,"beverages-and-beverages-preparations, beverages, carbonated-drinks, sodas, tonic-water",finland,,,,e,,,,8.9,37.0
5449000336989,Schweppes tropika frouta,Schweppes,"beverages-and-beverages-preparations, beverages, carbonated-drinks, sodas",greece,,,,unknown,,,,,
7771609004265,SCHGA990OW,schweppes,,spain,,,,unknown,,,,,
7771609004258,Agua Tónica,"Schweppes,Coca-Cola","beverages-and-beverages-preparations, beverages, carbonated-drinks, non-alcoholic-beverages, sodas, tonic-water, flavoured-drinks, sweetened-beverages, tonic-drink-with-sugar",bolivia,,"Amarket,DeLicor,Hipermaxi","Cochabamba,Bolivia",e,3.0,,"Agua carbonatada, azúcar, regulador de acidez (SIN 330), saborizante natural a agua tónica, sustancia conservadora (SIN 211), quinina.",,
9315596008950,Schweppes Ginger Beer 300ml,Schweppes,,australia,,,,unknown,,,,9.7,40.6
4000140721540,,Schweppes,"beverages-and-beverages-preparations, beverages","france, germany",,,,d,4.0,,"Wasser, Zucker, Orangensaft aus Orangen - saftkonzentrat (3%), Kohlensäure, Säuerungsmittel Citronensäure, natürliches Kräuteraroma mit anderen natürlichen Aromen, färbende Konzentrate (Süßkartoffel, Saflor). Sch",,
3124480200297,Schweppes,Schweppes,"beverages-and-beverages-preparations, plant-based-foods-and-beverages, beverages, plant-based-beverages, carbonated-drinks, fruit-based-beverages, artificially-sweetened-beverages, sodas, fruit-sodas, sweetened-beverages, boisson-gazeuse-orange-passion",france,,,,d,4.0,,"eau gazeifiée, sucre, extraits d'orange 0,9%, acidifiant: acide citrique, arôme naturel de citron vert, arôme naturel, arômes naturels d'orange, conservateur: Sorbate de potassium, antioxydant: acide ascorbique, stabilisants E445 et E444, amidon modifié, édulcorants: acesulfame K et sucralose, colorants: carotènes et acide carminique.",,
7290013702036,Fun Water,Schweppes,,israel,,,,unknown,,,,3.8,15.0
4000140721632,Virgin Mojito,Schweppes,"beverages-and-beverages-preparations, beverages",germany,,,,d,4.0,,"Wasser, Zucker, Limettensaft auf Limettensaftkonzentrat, Kohlensäure, Säurungsmittel Cotronensäure, natürliches Limettenaroma, Minzaroma",,
3278730005078,Schweppes agrumes,,,france,,,,unknown,,,,,
3225354000521,pulco,orangina schweppes France,,france,,,,unknown,,,,,
7310070007063,Schweppes Indian Tonic,Schweppes International Limited,,sweden,,,,unknown,,,,,
7310070007049,Schweppes,Schweppes,,"germany, sweden",,,,unknown,,,,,
7290013702388,משקה בטעם תפוח על בסיס מים,Schweppes,,israel,,,,unknown,,,,3.8,15.0
5410191305108,agrumes,Schweppes,,belgium,,,,unknown,,,,,
5942321003658,Schweppes zero tonic,Schweppes,,romania,,,,unknown,,,,,
4000140721106,Schweppes American Ginger Ale,Schweppes,,austria,,,,unknown,,,,,
7894900184006,beb mista Schweppes mixed 250 ML,,,brazil,,,,unknown,,,,,
1943044064487,Schweppes agrumes,Schweppes,,france,,,,unknown,,,,,
5000112665642,Soda water,Schweppes,,ireland,,,,unknown,,,,,
7310070007087,Lemon,Schweppes,"beverages-and-beverages-preparations, beverages, carbonated-drinks, sodas",sweden,,,,c,,,,,
3124480200273,,Schweppes,"beverages-and-beverages-preparations, beverages, non-alcoholic-beverages, non-alcoholic-beers, ginger-beer",france,,,,unknown,,,,,
4000140721137,Wild Berry,Schweppes,"beverages-and-beverages-preparations, beverages","germany, united-states",,,,e,,,,,
0120300235558,Oasis Mini,Orangina Schweppes,,france,,,,unknown,,,,,
8014396004001,Limone Fresco,Schweppes,,united-states,,,,unknown,,,,,49.5
5449000307347,Pink Tonic,Schweppes,"beverages-and-beverages-preparations, beverages, carbonated-drinks, sodas, tonic-water, sweetened-beverages, tonic-drink-with-sugar-and-artificial-sweeteners","croatia, ukraine",,,,c,4.0,,"Вода питна, цукор, діоксид вуглецю, кислота (лимонна кислота), ароматизатори, підсолоджувачі (цикламати, ацесульфам К, сахарини), фруктові та овочеві концентрати (морква, чорна смородина, чорниця).",,
7310070007070,Indian Tonic,Schweppes,,sweden,,,,unknown,,,,,
5940597930203,schweppes zero tonica,,,romania,,,,unknown,,,,,
0402000247933,Tonic water,Schweppes,,greece,,,,unknown,,,,,
5902860411222,Bitter Lemon,"Schweppeses, Schweppes","beverages-and-beverages-preparations, beverages","germany, united-states",,,,unknown,,,,,
0540054560032,Schweppes,Schweppes,,france,,,,unknown,,,,,
5942321003856,Schweppes Purple Tonic Style,Coca Cola,"beverages-and-beverages-preparations, plant-based-foods-and-beverages, beverages, plant-based-beverages, carbonated-drinks, fruit-based-beverages, sodas, fruit-sodas",romania,plastic,,,d,4.0,,"Apă, zahăr, dioxid de carbon, acidifiant (acid citric), arome naturale, concentrate din fructe si legume (cartofi dulci, mere, ridiche, cirese), conservant (sorbat de potasiul indulcitori (zaharine, aspartam), colorant (albastru strălucitor FCF Contine o sursă de fenilalanină. A se consuma de preferinţă inainte de: vezi pe ambalaj (primul rând).",,
3124480200495,Orangina,"Orangina, Orangina Schweppes France","beverages-and-beverages-preparations, plant-based-foods-and-beverages, beverages, plant-based-beverages, carbonated-drinks, fruit-based-beverages, sodas, fruit-sodas, orange-soft-drinks, sweetened-beverages",france,,,,e,4.0,,"Eau gazeifiée, jus d'orange et autres agrumes à base de concentrés 12% (orange 11% dont pulpe 1%, pamplemousse, mandarine), sucre, concentré d'écorces d'orange et de mandarine, acidifiant: acide citrique, arôme naturel d'orange.",,
7310070006929,Schweppes Zero Indian Tonic,Schweppes,,sweden,,,,unknown,,,,,
7290019153078,Bitter Lemon Light,Schweppes,,israel,,,,unknown,,,,1.6,8.0
7894900184303,Bebida Mista Schweppes Spritz 250ml,,,brazil,,,,unknown,,,,,
4000140721250,White Preach,Schweppes,"beverages-and-beverages-preparations, beverages",germany,,,,unknown,,,,,
8414100380924,Schweppes Pomelo,Schweppes,"beverages-and-beverages-preparations, beverages",spain,,,,unknown,,,,,
4000140721403,Virgin Orange Spritze,Schweppes,,germany,,,,unknown,,,,,
8414100380801,Tónica Schweppes bot. 29cl,,,spain,,,,unknown,,,,,
8014396004513,Zero Pompelmo,Schweppes,,italy,,,,unknown,,,,,
5449000325884,Tonic Water,Schweppes,,kazakhstan,,,,unknown,,,,8.9,37.0
5902860417064,Schweppes wild berry,Schweppes,"beverages-and-beverages-preparations, beverages, carbonated-drinks, sodas, sweetened-beverages",united-kingdom,,,,c,,,,,
6415600590167,Zero Citrus Fruits,Schweppes,,finland,,,,unknown,,,,,1.82
6415600590136,Zero Lemon,Schweppes,,finland,,,,unknown,,,,,1.82
7310070006851,Citrus Fruits Zero,Schweppes,,sweden,,,,unknown,,,,,
0016600105236,Grapefruit Soda,Schweppes,,the-bahamas,,,,unknown,,,,9.58,39.4
0016600105496,Schweppes,,,trinidad-and-tobago,,,,unknown,,,,,
5942321001128,schweppes,,,romania,,,,unknown,,,,,
6130003016549,Schweppes,,"beverages-and-beverages-preparations, beverages, carbonated-drinks, sodas",united-kingdom,,,,e,4.0,,"ماء، غاز co2 ،سكر ،عصير التفاح ، معدلات الحموضة(sin330, sin331,sin294) ,محليات (sin950,sin955) مواد حافظة (sin211,sin202)",,
54017733,Pink Tonic style,Schweppes,,france,,,,unknown,,,,,
5997264104252,Schweppes Indian Tonic,Schweppes,"beverages-and-beverages-preparations, beverages, carbonated-drinks, sodas",france,,,,c,,,,,
5410221309946,Virgin Spritz,Schweppes,,netherlands,,,,unknown,,,,4.2,19.0
5449000338419,Schweppes Purple Tonic Style,Schweppes,,france,,,,unknown,,,,,
8414100001386,Tónica,Schweppes,,spain,,,,unknown,,,,,
54422056,Schweppes  soda mixer melon watermelon,,,united-kingdom,,,,unknown,,,"Carbonated Water, Sugar, Acids (Citric Acid, Malic Acid), Natural Watermelon And Melon Flavourings With Other Natural Flavourings, Preservative (Potassium Sorbate). Acidity Regulator (Sodium Citrates). Vegetable And Plant Concentrates (Carrot, Safflower).",,
5942321001104,Schweppes pachet,,,romania,,,,unknown,,,,,
7290011051433,משקה מוגז בטעם אפרסק,Schweppes,,united-states,,,,unknown,,,,,
5942321003610,Tonic Water PINK 🩷,Schweppes,"beverages-and-beverages-preparations, beverages, non-alcoholic-beverages, carbonated-drinks, soft-drinks, sodas, tonic-water, sweetened-beverages",romania,,,,unknown,,,,,
5449000342928,Schweppes,Schweppes,,united-states,,,,unknown,,,,4.6,19.0
4890008249398,Soda Water,Schweppes,,united-states,,,,unknown,,,,,
0780634202444,Grapefruit Schweppes,Schweppes,,united-states,,,,unknown,,,,,
6130003016488,,Schweppes,,"algeria, france",,,,unknown,,,,,
5942321004280,Schweppes Lămâie și Zmeură,Coca Cola,"beverages-and-beverages-preparations, beverages, carbonated-drinks, sodas",romania,plastic,,,d,4.0,,"Apa, zahär, suc de fructe din lamaie 2%, zmeură 0,1%), dioxid de carbon, acidifiant facio ciuic), aromă naturală de zmeură cu alte arome naturale, corectori de aciditate (citrați de sodiu, clorurà de magneziu). arome, concentrate din fructe si legume (morcovi, coacaze negrel, conservant (sorbat de potasiu), indulcitori (aspartam, zaharine). Contine o sursă de fenilalanină. Sedimente si schimbarea de culoare pot aparea in mod natural. Acestea nu vor afecta calitatea produsului A se consuma de preferinţă înainte de: vezi pe ambalaj (primul rand).",,
8414100381068,Tonic basil and Sicilian lemon,Schweppes,,united-states,,,,unknown,,,,,
5449000316073,schweppes,,,bulgaria,,,,unknown,,,,,
5449000337917,Raspberry Lemonade,Schweppes,"beverages-and-beverages-preparations, beverages, carbonated-drinks, non-alcoholic-beverages, sodas, lemonade",united-kingdom,,,,d,4.0,,"Carbonated Water, Sugar, Fruit Juice From Concentrate 2.1% (Lemon 2%, Raspberry 0.12), Acid (Citric Acid), Natural Raspberry Flavouring With Other Natural Flavourings, Acidity Regulators (Sodium Citrates, Magnesium Chloride). Flavourings, Fruit And Vegetable Concentrates (Carrot, Black Currant), Preservative (Potassium Sorbate). Sweeteners (Aspartame, Saccharins).",,
5701872100687,Schweppes Lemon,Carlsberg,,denmark,,,,unknown,,,,8.5,35.0
9315596008936,Lime & Lemon Flavour Infused Natural Mineral Water,Schweppes,,united-states,,,,unknown,,,"0 00 SINCE 1783 Schweppes O. LIME & LEMON FLAVOUR INFUSED NATURAL MINERAL WATER ZERO SUGAR LIME LEMON FLAVOURED MINERAL WATER INGREDIENTS: CARBONATED MINERAL WATER, FOOD ACID (CITRIC ACID), NATURAL FLAVOURS IN AUSTRALIA BY ASAHI BEVERAGES. ASAHI BEVERAGES, 2 BEVERAGE DRIVE, TULLAMARINE, VICTOR MADE IN AUSTRALIA. SCHWEPPES AND DEVICES ARE REGISTERED TRADE MARKS USED UNDER LICE 3043, AUSTRALIA. CONSUMER ENQUIRIES: 1800 244 054 (AUST. ONLY) 111 27 NUTRITION INFORMATION SERVINGS PER PACKAGE: 4.4 SERVING SIZE: 250 mL BIC CAP AND LABEL ENERGY PROTEIN FAT, TOTAL - SATURATED TLE MADE FROM RECYCLED PLASTIC Please Recycle CARBOHYDRATE SUGARS DIETARY FIBRE SODIUM AVG QTY PER SERVING 8 kJ Og 5 mg AVG QTY PER 100 mL 3 kJ Og Og Og Og Og 2 mg BEST BEFORE: SEE SHOULDER OF BOTTLE www.schweppes.com.au STORE IN A COOL, DRY PLACE. 9315596 008936 &gt; 30018491 2 MAR 26 13:2 3212 N T",,
5711941042152,Orangina,Schweppes,,norway,,,,unknown,,,,8.9,38.0
7501073844056,Agua Tonics,Schweppes,"beverages-and-beverages-preparations, beverages, carbonated-drinks, sodas, tonic-water",mexico,,,,e,,,"Aqua Carbonatada, Azúcares Añadidos (Jarabe de Maíz de Alta Fructosa), Acido Cítrico, 7 Concentrado Schweppes Tonic (CONTIENE QUININA), Benzoato de Sodio.",,
0523314197698,Schweppes,Schweppes,non-open-products-facts,france,,,,,,,,,
9315596008851,STRAWBERRY & WATERMELON FLAVOUR,Schweppes,,australia,,,,unknown,,,,0.0,0.255
6901939621738,Schweppes Soda Water (Sugar-Free),Schweppes,"beverages-and-beverages-preparations, beverages, carbonated-drinks, sodas",china,,,,b,4.0,,"Water, carbon dioxide, sodium bicarbonate.",0.0,0.0
7790895648571,Schweppes Zero agua tónica,,,argentina,,,,unknown,,,,,
5449000017000,Mazoe Raspberry,Schweppes,,zimbabwe,,,,unknown,,,,39.5,165.0
4000140721076,Indian Tonic Water,Schweppes,"beverages-and-beverages-preparations, beverages, carbonated-drinks, sodas, tonic-water, sweetened-beverages",austria,,,,unknown,,,,,
59407959,,Schweppes,"beverages-and-beverages-preparations, beverages, carbonated-drinks, sodas",united-kingdom,,,,e,4.0,,"Apă, zahăr, suc de fructe din concentrat (lămâie 2%, zmeură 0,1%), dioxid de carbon, acidifiant (acid citric Grasim aroma naturală de zmeură cu alte arome naturale, corectori de aciditate citrat din care de sodiu, clorură de magneziu), arome, concentrate din fructe si legume morcovi, coacăze negre), conservant (sorbat de potasiu), indulcitori Glute laspartam, zaharine). Conține o sursă de fenilalanină. Sedimente si schimbarea de culoare pot apărea în mod natural. Acestea nu vor afecta calitatea produsului. A se consuma de preferintă înainte de: vezi pe ambalaj Proteine (primul rând).",,
5449000330833,Lemon Flavor Drink,Schweppes,,zimbabwe,,,,unknown,,,,8.6,36.0
7617500199269,Wild Berry,Schweppes,"beverages-and-beverages-preparations, beverages",germany,,,,unknown,,,,,
8414100381266,Schweppes Limão,Schweppes,"beverages-and-beverages-preparations, beverages, carbonated-drinks, artificially-sweetened-beverages, sodas",portugal,,,,c,,,,,
7290017023182,מוגז בטעם תפוחים,Schweppes,,israel,,,,unknown,,,,4.7,20.0
9501101331525,Bitter Lemon,Schweppes,,maldives,,,,unknown,,,,,48.0
0120300196248,Agrumes,Schweppes,,france,,,,unknown,,,,,
9315596009261,Gelato Messina Sorbet Inspired Pineapple & Lime,Schweppes,,australia,,,,unknown,4.0,,"carbonated water, sugar, food acids (citric acid, malic acid), flavours, pineapple juice concentrate, lime juice concentrate, antioxidant (ascorbic acid), colour (beta-carotene)",8.0,85.2
5449000342898,Schweppes Zesty Lemon,Schweppes,,bahrain,,,,unknown,,,,6.3,25.0
8901764231254,Soda Water,Schweppes,,india,,,,unknown,,,,0.0,0.0
9501101331747,Bitter Lemon,Schweppes,,maldives,,,,unknown,,,,,48.0
9501101331860,Bitter Lemon,Schweppes,,maldives,,,,unknown,,,,,48.0
7801610310489,Ginger Ale - SIN AZÚCAR,Schweppes,"bebidas, bebidas-alcoholicas, bebidas-carbonatadas, cervezas, refrescos, refrescos-de-jengibre, refrescos-sin-azucar",brazil,,,,a,4.0,,"INGREDIENTS CHILE: AGUA CARBONATADA, ACIDO CITRICO, SABORIZANTES, ACESULFAMO DE POTASIO, CITRATO DE SODIO, COLORANTES PARAGUAY: AGUA CARBONATADA, ACIDULANTE: ACESULFAME K (1 mg/100 ml) - BENZOATO DE SODIO, REGULADOR DE ACIDEZ: CITRATO DE SODIO",,
5449000263377,Ginger Ale Refrigerante,Schweppes,,united-states,,,,unknown,,,,,
2860900300017,Schweppes lata,,,brazil,,,,unknown,,,,,
8594001027521,Ginger Ale,Schweppes,,hungary,,,,unknown,,,,4.6,19.0
7290017888439,Drinks Schweppes Soda Water,Sainsbury's,,palestinian-territories,,,,unknown,,,,,0.0
7790895006722,schweppes citrus,schweppes,,spain,,,,unknown,,,,,
7617500199221,Ginger Ale,Schweppes,"beverages-and-beverages-preparations, beverages",germany,,,,unknown,,,,,
9315596205021,Natural Mineral Water Lemon Orange & Lime,Schweppes,,czech-republic,,,,unknown,,,,4.9,20.0
5997264103613,Indian Tonic,Schweppes,,hungary,,,,unknown,,,,4.4,19.0
7401006408563,Tonic Watter,Schweppes,,guatemala,,,,unknown,,,,8.79,34.8
7790895644832,schweppes agua tonica lata,,,spain,,,,unknown,,,,,
0720127644818,schweppes pomelo lata,,,spain,,,,unknown,,,,,
10111055,Schweppes indian tonic,,,france,,,,unknown,,,,,
5449000136947,Schweppes Apple Blend,Schweppes,,egypt,,,,unknown,,,,6.2,28.0
4000140001192,American Ginger Ale,Schweppes,"beverages-and-beverages-preparations, beverages",germany,,,,unknown,,,,,
5902860416791,Schweppes zero Mojito,,pl:picie,poland,,,,unknown,4.0,,"Woda,sok kominkowy z koncentratu, dwutlenek węgla,kwas cytrynowy, naturalny aromat limonkowy, aromaty naturalne, substancje słodzące: acesulfam K,sukraloza;substancja konserwująca:sorbinian",,
7730197008826,Agua Tonica,schweppes,,uruguay,,,,unknown,,,,,
5449000337313,Purple Tonic,Schweppes,"beverages-and-beverages-preparations, beverages, carbonated-drinks, sodas, tonic-water, tonic-drink-with-sugar-and-artificial-sweeteners",ukraine,,,,d,4.0,,"Вода питна, цукор, діоксид вуглецю, кислота (лимонна кислота), натуральні ароматизатори, овочеве та фруктові концентрати (батат, яблуко, редис, вишня),  консервант (сорбат калію), підсолоджувачі (сахарини, аспартам), барвник (діамантовий синій FCF).",4.5,20.0
00660110,Schweppes lemon zero,,,france,,,,unknown,,,,,
7894900184174,Gin Tonica Schweppes Pink Lt 269ml,,,portugal,,,,unknown,,,,,
5942321003832,Schweppes,,,romania,,,,unknown,,,,,
9315596009476,Classic Lemonade,Schweppes,,australia,,,,unknown,,,,8.2,34.2
9315596000596,Natural Mineral Water,Schweppes,"beverages-and-beverages-preparations, beverages, carbonated-drinks, waters, spring-waters, carbonated-waters, mineral-waters, natural-mineral-waters, carbonated-natural-mineral-waters",australia,,,,a,1.0,,,0.0,0.0
5410221205958,Schweppes Orange Passion 6 x 330ML,Schweppes,,netherlands,,,,unknown,4.0,,"Koolzuurhoudend water, suiker, sinaasappelextract 0,9%, voedingszuur: citroenzuur, natuurlijk aroma van limoen, natuurlijk aroma, natuurlijke aroma's van sinaasappel, conserveermiddel: kaliumsorbaat, antioxidant: ascorbinezuur, stabilisatoren: E445 en E444, gemodificeerd zetmeel, zoetstoffen: acesulfaam K en sucralose, kleurstoffen: carotenen en karmijnzuur",,
5410221205910,Schweppes Pink Grapefruit 6 x 330ML,Schweppes,,netherlands,,,,unknown,4.0,,"water, suiker, grapefruitsap uit concentraat 3%, voedingszuur: citroenzuur, conserveermiddel: kaliumsorbaat, gemodificeerd zetmeel, kleurstoffen: karmijnzuur en anthocyanen, natuurlijk sinaasappelaroma, natuurlijk grapefruitaroma, aroma, stabilisatoren: E445 en E444, zoetstof: sucralose , wortel - en saffloerconcentraten",,
8435185982773,Schweppes Indian Tonic Zero 4 x 250ML,Schweppes,,netherlands,,,,unknown,4.0,,"koolzuurhoudend water, voedingszuur: citroenzuur, zoetstoffen: acesulfaam K en sucralose, natuurlijke aroma's, aroma: kinine.",,
8435185982735,Schweppes Indian Tonic 4 x 250ML,Schweppes,,netherlands,,,,unknown,4.0,,"koolzuurhoudend water, suiker, voedingszuur: citroenzuur, natuurlijke aroma's, aroma: kinine, zoetstoffen: sucralose en acesulfaam K.",,
7501073845817,Orange Spritz 0%,Schweppes,,mexico,,,,unknown,,,,,
4710018331305,Ginger Ele,Schweppes,,taiwan,,,,unknown,,,,4.61,18.5
5449000289179,Pineapple Drink,Schweppes,,israel,,,,unknown,,,,4.9,20.0
5902860417248,soda water,schweppes,"beverages-and-beverages-preparations, beverages",germany,,,,unknown,,,,,
5942321003849,schweppes,,,romania,,,,unknown,,,,,
5017726189617,Lemonade,Schweppes,"beverages-and-beverages-preparations, beverages, carbonated-drinks, artificially-sweetened-beverages, sodas, lemonade, sweetened-beverages",united-kingdom,,Tesco,United Kingdom,d,4.0,,"Carbonated Water, Sugar, Lemon Juice from Concentrate (2%), Citric Acid, Flavourings, Acidity Regulator (Sodium Citrates), Sweeteners (Aspartame, Sodium Saccharin), Preservative (Potassium Sorbate), Antioxidant (Ascorbic Acid).",,
9902804410836,schweppes,,,poland,,,,unknown,,,,,
7702535011829,Soda,Schweppes,,united-states,,,,unknown,,,"AGUA CARBONATADA, SALES MINERALES DE SODIO Y POTASIO",0.0,0.0
4193384596262,Schweppes,,,france,,,,unknown,,,,,
5942321003795,Schweppes 4x,,,romania,,,,unknown,,,,,
5940597860098,Schweppes mojito,,,romania,,,,unknown,,,,,
5940597860111,Schweppes lemon,,,romania,,,,unknown,,,,,
5940597860128,Schweppes citrus mix,,,romania,,,,unknown,,,,,
7941421000343,Schweppes tonic water,,,romania,,,,unknown,,,,,
5942321002835,Schweppes pink doza,,,romania,,,,unknown,,,,,
0780634202161,Schweppes Ginger Ale,,,united-states,,,,unknown,,,,,36.0
8414100381303,"schweppes naranja 1,5l",,,spain,,,,unknown,,,,,
5000112665482,Schweppes Slimline,Schweppes,,united-states,,,,unknown,,,,,
5000112680485,Pink Grapefruit Soda,Schweppes,,ireland,,,,unknown,,,,,
0442221279566,Schweppes tonic 1l,,,morocco,,,,unknown,,,,,
5940597860104,Schweppes 🍊,,,romania,,,,unknown,,,,,
4000140721045,Bitterlemon,Schweppes,"beverages-and-beverages-preparations, beverages, carbonated-drinks, sodas",austria,,,,unknown,,,11 Schweppes ORIGINAL BITTER LEMON ABSOLUT Zutaten: LEMON 5cl Absolut Vodka 15 cl Schweppes Original Bitter Lemon Zitronenspalte Basilikumblätter Schweppes ORIGINAL BITTER LEMON e12 Weitere Rezept - ideen unter schweppes.at Let's enjoy responsibly. EINWEG P Hergestalt in Schweppes Limited Wir Schop Osterreich Gi gasse 12/14 - schweppest,,
5449000343604,Schweppes Purple Tonic style,Schweppes,"beverages-and-beverages-preparations, beverages, carbonated-drinks, artificially-sweetened-beverages, carbonated-fruit-soft-drink, carbonated-fruit-soft-drink-with-less-than-10-of-fruit-juice, carbonated-fruit-soft-drink-with-sugar-and-artificial-sweeteners-and-with-less-than-10-of-fruit-juice, sweetened-beverages",bulgaria,,,"Sofia,Bulgaria",d,4.0,,"Вода, захар, въглероден диоксид, киселина (лимонена киселина), естествени ароматизанти, сокове от зеленчуков и плодов концентрат (сладък картоф, ябълка, репичка, череша), консервант (калиев, сорбат), подсладители (захарин, аспартам), оцветител (брилянтно синьо FCF). Не съдържа хинин. Съдържа източник на фенилаланин.",,
5449000343611,св,Schweppes,,bulgaria,,,,unknown,,,,,
5000112651836,schweppes skarda,,,lithuania,,,,unknown,,,,,
7617500199214,Ginger Ale,Schweppes,,germany,,,,unknown,,,,,
7941421003856,Schweppes tonic style 1l,,,romania,,,,unknown,,,,,
9315596008875,Strawberry & Watermrlon Min Water,Schweppes,,australia,,,,unknown,,,,,0.0
5449000291523,Schweppes pineapple 1l,,,south-africa,,,,unknown,,,,,
9315596000053,Agrum Sugar Free Citrus Blend,Schweppes,,australia,,,,unknown,,,,,1.24
3292091000336,Schweppes pomme,,,france,,,,unknown,,,,,
1124374596361,schweppes,,,france,,,,unknown,,,,,
5449000339126,,Schweppes,"beverages-and-beverages-preparations, plant-based-foods-and-beverages, beverages, plant-based-beverages, carbonated-drinks, fruit-based-beverages, sodas, fruit-sodas, lemon-soft-drinks",belarus,,,,e,4.0,,"Очищенная вода, сахар, регулятор кислотности лимонная кислота, ароматизаторы, ароматизатор хинин, консерванты (бензоат натрия, сорбат калия).",9.0,37.0
5940597862108,Schweppes wild,,,romania,,,,unknown,,,,,
9010496000393,Schweppes,,,italy,,,,unknown,,,,,
7801610310083,Schweppes Agua Tónica SIN AZÚCAR,Schweppes,"aguas, aguas-tonicas, aguas-tonicas-sin-azucar, bebidas",brazil,,,,unknown,,,,,
5000112666410,Schweppes Indian Tonic Water,,,united-states,,,,unknown,,,,8.9,37.0
3292091000299,Schweppes,,,france,,,,unknown,,,,,
3292091000374,Schweppes Coco,,,france,,,,unknown,,,,,
4000140722257,Virgin Mojito Alkoholfreier Cocktail,Schweppes,,austria,,,,unknown,,,,,
5449000339546,Virgin Mojito,Schweppes,"beverages-and-beverages-preparations, beverages, carbonated-drinks, sodas","egypt, morocco",,,,e,4.0,,"carbonated water, sugar, acidity regulators (E331, E330), flavorings, preservatives (E211), sweeteners (E950, E951), color (E150d)",,
7310070010681,Zero Pink Grapefruit,Schweppes,,united-states,,,,unknown,,,,,
5449000238832,Tonic Water with Lemon Zest,Schweppes,,united-states,,,,unknown,,,,,
5352205057071,SCHWEPPES BITTER LEMON,,,malta,,,,unknown,,,,,
6415600502887,Schweppes,Russchian,,finland,,,,unknown,,,,,
7310070010469,ZERO PINK TONIC,Schweppes,,united-states,,,,unknown,,,,,
57089515,Ginger Ale,Schweppes,,denmark,,,,unknown,,,,,
9315596007144,Natural Mineral Water,Schweppes,,australia,,,,unknown,,,,,
7310070010476,Indian Tonic Zero,Schweppes,,sweden,,,,unknown,,,,,
5942321000442,schweppes,,,romania,,,,unknown,,,,,
0559453260603,"Schweppes 0,5 mandarin",,,romania,,,,unknown,,,,,
9315596008882,Passionfruit Flavoured Soft Drink,Schweppes,,australia,,,,unknown,,,,,
5449000340672,Schweppes tangerine 3ml,,,south-africa,,,,unknown,,,,,
5902860418443,Schweppes,Shweppes,,poland,,,,unknown,,,,,
4000140722653,Zero Virgin Mojito,Schweppes,"beverages-and-beverages-preparations, beverages, artificially-sweetened-beverages",germany,,,,unknown,,,,,
5000112666427,Mandarin Aromalı Gazlı İçecek,Schweppes,,united-states,,,,unknown,,,,,
70922042,Tonic Water,Schweppes,,united-states,,,,unknown,,,,,
5449000342454,Raspberry lemonade,Schweppes,,united-kingdom,,,,unknown,,,,,
5942321004716,Schweppes Vișine și Piper Negru,Coca Cola,"beverages-and-beverages-preparations, beverages, artificially-sweetened-beverages",romania,plastic,,,d,4.0,,"Apă, zahăr, suc de visine din concentrat (1,3% acidifiant (acid malic), dioxid de carbon, concentrate din fructe si legume (morcovi, coacăze negre), aromă naturală de piper negru cu alte arome naturale, conservant (sorbat de potasiul indulcitori (acesulfam-K, sucraloză). A se consuma de preferinţă înainte de: vezi pe ambalaj (primul rând). A se pastra la loc răcoros, ferit de soare. Schimbarea culorii poate aparea in mod natural, insă calitatea produsului nu va fi afectată Ambalaj de unica folosintä. Produs cu autorizarea Schweppes Holdings Ltd. 2026 European Refreshments UC",,
9315596008943,PASSIONFRUIT & PINEAPPLE FLAVOUR INFUSED NATURAL MINERAL WATER,Schweppes,,united-states,,,,unknown,,,,,
3124480202338,Schweppes pamplemousse rose,Schweppes,,france,,,,unknown,,,,,
4779051661091,MOJITO,Schweppes,,united-states,,,,unknown,,,,,
19406275,Schweppes Orange dz,,,romania,,,,unknown,,,,,
8935049501619,Dry Ginger Ale,Schweppes,,united-states,,,,unknown,,,,,
9315596009926,Hyperspace Fizz Lime Flavour,Schweppes,,australia,,,,unknown,,,,,
9315596009766,Ginger Beer,Schweppes,,australia,,,,unknown,,,,,
5997264105877,Citrus Mix,Schweppes,,hungary,,,,unknown,,,,,
9315596009674,Agrum Blood Orange Flavour,Schweppes,,australia,,,,unknown,,,,,
5942321003801,schweppes,,,romania,,,,unknown,,,,,
5000112665697,Slimline Tonic Water,Schweppes,,ireland,,,,unknown,,,,,
5902860419099,Schweppes mohito,,,poland,,,,unknown,,,,,
5449000342881,Schweppes Mojito Premium Sparkling 253 ml,,,qatar,,,,unknown,,,,,
9315596009216,Messina Peach & Mango Flavour Soft Drink,Schweppes,,australia,,,,unknown,,,,,
8414100361947,Hibiscus Tonic,Schweppes,,sweden,,,,unknown,,,,,
5740700974779,Schweppes Zero Pink Grapefruit,Schweppes,,denmark,,,,unknown,,,,,
5449000252357,schweppes pink,,,germany,,,,unknown,,,,,
9315596010014,GALACTIC LEMONADE MYSTERY FLAVOUR,Schweppes,,united-states,,,,unknown,,,,,
5740700978357,Schweppes Zero Lemon,Schweppes,,denmark,,,,unknown,,,,,
7044610877549,Schweppes Indian Tonic,Schweppes,,norway,,,,unknown,,,,,
5997264104276,Bitter Lemon,Schweppes,,hungary,,,,unknown,,,,,
5740700978340,Schweppes Zero Citrus Fruits,Schweppes,,denmark,,,,unknown,,,,,
5902860418757,Schweppes,,,poland,,,,unknown,,,,,
7894900301151,Água tônica Schweppes,,,brazil,,,,unknown,,,,,
8014396004070,Pompelno Schweppes,,,italy,plastic,,,unknown,,,"acqua, succo di pompelmo da concentrato (12%), zucchero, anidride carbonica, acidificante: acido citrico, aromi, conservante: potassio sorbato, antiossidante: acido ascorbico, stabilizzante: gomma d'acacia, colorante: bela carotene, amido modificato: ottenilsuccinato di amido e sodio.",,
5449000331915,Schweppes,,,united-arab-emirates,,,,unknown,,,,,
9315596009933,Galactic Lemonade,Schweppes,,united-states,,,,unknown,,,,,
59409526,Schweppes cu vișine si gust de piper,"Schweppes, Coca-Cola","beverages-and-beverages-preparations, beverages, carbonated-drinks, sodas",romania,,,,d,4.0,,"Apă, zahăr, suc de visine din concentrat (1,3%), acidifiant (acid malic), energ dioxid de carbon, concentrate din fructe si legume (morcovi, coacăze negre), aromă naturală de piper negru cu alte arome naturale, conservant (sorbat de potasiu), îndulcitori (acesulfam-K, sucraloză).",,
9315596009681,LEMON LIME & BITTERS,Schweppes,,united-states,,,,unknown,,,,,
3424384861234,Schweppes Lemonsodavand,Schweppes,dagligvarer,denmark,,,,unknown,4.0,,"Vand, sukker, citronsaft fra koncentrat (1%), kuldioxid, syre: Citronsyre, konserveringsmiddel: kaliumsorbat, naturlig citronaroma med andre naturlige aromaer, modificeret stivelse: (E1450), stabilisatorer: (E445, E444).",,
1124374565183,Schweppes Pomme,,,france,,,,unknown,,,,,
7790895011511,Schweppes,,,spain,,,,unknown,,,,,
5449000349651,Schweppes grenadine,,,france,,,,unknown,,,,,
5449000346308,Apple Blend,Schweppes,,egypt,,,,unknown,,,,,
5997264103675,Schweppes bitter lemon,,,france,,,,unknown,,,,,
8414100381662,Tónica Original,Schweppes,,portugal,,,,unknown,,,,,
0312448019626,,SCHWEPPES,"beverages-and-beverages-preparations, plant-based-foods-and-beverages, beverages, plant-based-beverages, carbonated-drinks, fruit-based-beverages, artificially-sweetened-beverages, sodas, diet-beverages, fruit-sodas, diet-sodas, light-fruit-sodas, sweetened-beverages",france,,,,unknown,,,,,
0541022120517,,SCHWEPPES,"beverages-and-beverages-preparations, plant-based-foods-and-beverages, beverages, plant-based-beverages, carbonated-drinks, fruit-based-beverages, artificially-sweetened-beverages, sodas, diet-beverages, fruit-sodas, diet-sodas, light-fruit-sodas, sweetened-beverages",france,,,,unknown,,,,,
9315596005676,Schweppes Traditional Raspberry Soft Drink Cans 375mL x 10 pack,Schweppes,,australia,,,,unknown,4.0,,"Carbonated Water, Sugar, Food Acids (330, 260, 331), Flavour, Preservative (211), Colour (123).",,
9315596008561,Schweppes Zero Sugar Sparkling Mineral Water Passionfruit Pineapple 375mL x 10 pack,Schweppes,,australia,,,,unknown,4.0,,"Carbonated Mineral Water, Natural Flavours, Food Acid (Citric Acid).",,
9315596008868,Schweppes Zero Sugar Sparkling Mineral Water Strawberry & Watermelon 375mL x 10 pack,Schweppes,,australia,,,,unknown,4.0,,"CARBONATED MINERAL WATER, NATURAL FLAVOURS, FOOD ACID (CITRIC ACID)",,
9315596009889,Schweppes Agrum Soft Drink Blood Orange Mixers 375ml 10 Pack,Schweppes,,australia,,,,unknown,4.0,,"Carbonated Water, Sugar, Food Acid (330), Flavours, Preservative (211), Colours (150d, 102, 122, 110).",,
9315596009841,Schweppes Soft Drink Lemon Lime Bitters Mixers 375ml 10 Pack,Schweppes,,australia,,,,unknown,4.0,,"Carbonated Water, Sugar, Reconstituted Fruit Juices (Lime 2.5%, Lemon 2.5%), Natural Flavours (With Lemon Peel Extract, Citrus Oils, Aromatic Botanicals), Preservative (211), Food Acid (330), Natural Colour (161b), Black Carrot Concentrate.",,
9315596009865,Schweppes Mixers Soda Water Soft Drink 10x375ml 10 Pack,Schweppes,,australia,,,,unknown,,,"Carbonated Water, Mineral Salt (Potassium Bicarbonate)",,
9315596009582,Schweppes Sparkling Natural Water 375ml 10 Pack,Schweppes,,australia,,,,unknown,,,,,
9315596008585,Schweppes Zero Sugar Raspberry & Blueberry Infused Natural Mineral Sparkling Water 375mL x 10 Pack,Schweppes,,australia,,,,unknown,4.0,,"Carbonated Mineral Water, Food Acid (Citric Acid), Natural Flavours.",,
9315596008073,Schweppes Zero Sugar Lemon Lime Bitters Soda Syrup Sugar Free Cordial 300mL,Schweppes,,"australia, germany",,,,unknown,4.0,,"Water, Natural Flavours, Food Acids (330, 331), Sweeteners (950, 952, 955), Preservative (211), Colours (102, 122).",,
9315596007939,Schweppes Zero Sugar Lemonade Soda Syrup Sugar Free Cordial 300mL,Schweppes,,"australia, germany",,,,unknown,4.0,,"Water, Natural Flavours, Food Acids (330, 331), Sweeteners (950, 952, 955), Preservative (211).",,
57123196,Lemon,Schweppes,,denmark,,,,unknown,,,,,
8014396004179,Schweppes zero agrum,,,italy,,,,unknown,,,,,
9315596009834,Lemon Lime And Bitters Can,Schweppes,,australia,,,,unknown,,,,,
3696101455930,Schweppes Ginger ale,Schweppes,Dagligvarer,denmark,,,,unknown,4.0,,"Vand, sukker, kuldioxid, syre: citronsyre, naturlig ingefær aroma med andre naturlige aromaer, surhedsregulerende middel: natriumcitrat, farvestof: karamel (E150d).",,
0541022120519,Soda aux Agrumes Zéro Sucres,SCHWEPPES,"beverages-and-beverages-preparations, plant-based-foods-and-beverages, beverages, plant-based-beverages, carbonated-drinks, fruit-based-beverages, artificially-sweetened-beverages, sodas, diet-beverages, fruit-sodas, diet-sodas, light-fruit-sodas",france,,,,unknown,,,,,
8435185982766,,Schweppes,"beverages-and-beverages-preparations, beverages, carbonated-drinks, artificially-sweetened-beverages, sodas, diet-beverages, diet-sodas",belgium,,,,unknown,4.0,,"koolzuurhoudend water, voedingszuur: citroenzuur, zoetstoffen: acesulfaam K en sucralose, natuurlijke aroma's, aroma: kinine",,
9315596010359,Hyperspace Fizz Lime Flavour 250mL,Schweppes,,australia,,,,unknown,,,,,
4260078621811,Schweppes Zero Agrumes,Schweppes,,united-states,,,,unknown,,,,,
4074205098442,Schweppes Lemonsodavand,Schweppes,Dagligvarer,denmark,,,,unknown,4.0,,"Vand, sukker, citronsaft fra koncentrat (1%), kuldioxid, syre: Citronsyre, konserveringsmiddel: kaliumsorbat, naturlig citronaroma med andre naturlige aromaer, modificeret stivelse: (E1450), stabilisatorer: (E445, E444).",,
5449000342935,Ginger Ale,Schweppes,,singapore,,,,unknown,,,,,
9315596010373,Galactic Lemonade 250mL,Schweppes,,australia,,,,unknown,,,,,
54023727,Bitter Lemon Limon Aromalı Gazlı İçecek,Schweppes,,united-states,,,,unknown,,,,,
5997264103040,Schweppes Bitter Lemon citromízű szénsavas üdítőital citromlével...,"Magyarüdítő Forgalmazó Kft, Schweppes International Limited, schweppes.eu","beverages-and-beverages-preparations, beverages, carbonated-drinks, sodas, carbonated-fruit-soft-drink",hungary,,,,d,4.0,,"Víz, cukor, sűrítményből előállított citromlé - és kivonat (3,6%), szén-dioxid, étkezési sav (citromsav), természetes aromák, módosított keményítő (E1450), édesítőszerek (aceszulfám K, szukralóz), tartósítószer (kálium-szorbát), antioxidáns (aszkorbinsav), stabilizátorok (E445, E444), természetes narancs aroma, aroma (kinin). Az esetleges kiválás természetes eredetű és nem befolyásolja a termék minőségét. Minőségét megőrzi a palack nyakán feltüntetett időpontig (nap, hónap, év). Naptól és fagytól védett, száraz, hűvös, szagmentes helyen tárolandó. Felbontás után a lehető leghamarabb fogyassza e!",,
5997264103033,Schweppes Bitter Lemon,,,hungary,,,,unknown,,,,,
5902860417903,Orange Passion,Schweppes,"beverages-and-beverages-preparations, beverages, carbonated-drinks, sodas",bulgaria,,,,c,4.0,,"ORANGE PASSION ^ NAPOJ GAZOWANY O SMAKU POMARAŃCZY | MARAKUI. ZAWIERA CUKIER | SUBSTANCJE 5 902860 417903 SŁODZĄCE. Składniki: woda, cukier, ekstrakty : pomarańczy (0.9%), dwutlenek węgla, kwas: kwas cytrynowy, naturalny aromat limonki naturalny aromat, naturalne aromaty pomarańczy, substancja konserwująca: sorbinian potasu; przeciwutleniacz: kwas askorbinowy. skrobia modyfikowana, stabilizatory: E445, E444: 00 substancje słodzące: acesulfam K, sukraloza: barwniki: karoteny, kwas karminowy. Ewentualny osad jest zjawiskiem występującym naturalnia. Najlepiej spożyć przed koncem: data na spodzie puszki. Przechowywać w suchym, zacienionym miejscu, z dala od źródła ciepła. Infolinia 0 800 800 802. Opłata według taryfy lokalnej. Wyprodukowane za zgodą zgodą Schweppes International Limited. Orangina Schweppes Polska Sp. z o.o., AL Wyścigowa 6, 02-681 alu Warszawa, Polska. www.schweppes.pl Wartość odżywcza na: 170 100 ml 330 ml %* (330ml) 74 KJ 243 kJ",,
8414100381990,Schweppes Zero Naranja,Schweppes,,spain,,,,unknown,,,,,
5449000280169,schweppes Grenabine,,,france,,,,unknown,,,,,
5902860419310,Indian Tonic Zero,Schweppes,,poland,,,,unknown,,,,,
3647927506100,Schweppes Tonic,Schweppes,Dagligvarer,denmark,,,,unknown,4.0,,"Vand, sukker, kuldioxid, syre: Citronsyre, naturlige aromaer, aroma: Kinin.",,
9315596009957,"Thr mandalorian bounty blast, raspberry and orange flavour",Schweppes,,australia,,,,unknown,,,,,
8901764242014,Schweppes Zero Calorie Carbonated Water,,,india,,,,unknown,4.0,,"CARBONATED WATER, ACIDITY REGULATOR (330), FLAVOURS (NATURAL FLAVOURING SUBSTANCES), SWEETENERS (950, 955), PRESERVATIVE (202)",,
5449000347220,Sour Cherry Pepper,Schweppes,,croatia,,,,unknown,,,,,
8111435362600,Schweppes Ginger ale,Schweppes,Dagligvarer,denmark,,,,unknown,4.0,,"Vand, sukker, kuldioxid, syre: citronsyre, naturlig ingefær aroma med andre naturlige aromaer, surhedsregulerende middel: natriumcitrat, farvestof: karamel (E150d).",,
7617500199191,Schweppes Citrus,"Schweppes, Schweppes International Limited","beverages-and-beverages-preparations, beverages",switzerland,,,,c,,,,,
5940628344061,Mojito,Schweppes,,united-states,,,,unknown,,,,,
9315596003580,Classic Lemonade,Schweppes,,australia,,,,unknown,,,,,
00075281,Schweppes Agrumes,Schweppes,,netherlands,,,,unknown,,,,,
00075282,Schweppes Indian tonic,Schweppes,,netherlands,,,,unknown,,,,,
00079992,Schweppes Mojito virgin,Schweppes,,netherlands,,,,unknown,,,,,
87303438,schweppes,,,france,,,,unknown,,,,,
0016600103812,Ginger Ale,Schweppes,,trinidad-and-tobago,,,,unknown,,,,,
8414100381822,schweppes pero limón,,,spain,,,,unknown,,,,,
8435232838447,Schweppes Ginger ale,Schweppes,Dagligvarer,denmark,,,,unknown,4.0,,"Vand, sukker, kuldioxid, syre: citronsyre, naturlig ingefær aroma med andre naturlige aromaer, surhedsregulerende middel: natriumcitrat, farvestof: karamel (E150d).",,
9315596010403,PASSIONFRUIT FLAVOURED SOFT DRINK,Schweppes,,united-states,,,,unknown,,,,,
9315596009858,Soda Water,Schweppes,,united-states,,,,unknown,,,,,
8414100381808,Ginger Ale,Schweppes,,portugal,,,,unknown,,,,,
8414100381761,Tónica Limón,Schweppes,,spain,,,,unknown,,,,,
5410221645716,Schweppes pamplemousse rose,,,france,,,,unknown,,,,,
9315596009919,Bounty Blast Raspberry & Orange Flavour Zero Sugar,Schweppes,,australia,,,,unknown,,,,,
5697434709873,Schweppes saveur pomme,,,france,,,,unknown,,,,,
7617500199207,Schweppes Citrus,Schweppes,"beverages-and-beverages-preparations, beverages",germany,,,,unknown,,,,,
7617500199160,Wild Berry,Schweppes,"beverages-and-beverages-preparations, beverages",germany,,,,unknown,,,,,
